Index,x[m],Actual,order-10,order-50
0,0.0,6.162241487537459,,
1,0.005,6.707918006579212,,
2,0.01,7.181342073056449,,
3,0.015,7.575659690297782,,
4,0.02,7.8892766077979,,
5,0.025,8.123547701753907,,
6,0.03,8.28150747806966,,
7,0.035,8.367239756267349,,
8,0.04,8.385630566657957,,
9,0.045,8.342350155217064,,
10,0.05,8.243967804494002,8.21388441694041,
11,0.055,8.09812786100969,8.091275102481347,
12,0.06,7.913716040115486,7.9269148286802364,
13,0.065,7.700929466629674,7.729910111721665,
14,0.07,7.471142784846091,7.510871604657352,
15,0.075,7.236454999351657,7.281580754413162,
16,0.08,7.008835461289369,7.0543035609150735,
17,0.085,6.798888130533412,6.8406792063415445,
18,0.09,6.61441623189702,6.650254663357773,
19,0.095,6.459131654463341,6.488938367322776,
20,0.1,6.331906015256809,6.357809391727132,
21,0.105,6.226826160725778,6.252708193558113,
22,0.11,6.134039158151285,6.1647923353335585,
23,0.115,6.041106345077923,6.081877898874016,
24,0.12,5.934479918355535,5.990125465018572,
25,0.125,5.800795738867569,5.8756121339820355,
26,0.13,5.627858103489434,5.725518120821553,
27,0.135,5.405373916887281,5.528901269066821,
28,0.14,5.12562571718869,5.277222678031336,
29,0.145,4.784363024489821,4.964900428363074,
30,0.15,4.382267157569188,4.590241914624758,
31,0.155,3.92740224526017,4.157172382429989,
32,0.16,3.438988199805113,3.6782142505675837,
33,0.165,2.952246286698566,3.1790022378735365,
34,0.17,2.522255525155041,2.703730544654483,
35,0.175,2.2213969407489365,2.3184103850444466,
36,0.18,2.1230763637005703,2.1045814552552606,
37,0.185,2.272273969318714,2.135115610255339,
38,0.19,2.661621103241524,2.4372258800665643,
39,0.195,3.2352525119595965,2.9717969877222252,
40,0.2,3.916486771578328,3.653252268375641,
41,0.205,4.634924489360576,4.391099783286773,
42,0.21,5.338709934971451,5.117235486914435,
43,0.215,5.99465713725245,5.790337502791241,
44,0.22,6.583618239001201,6.389376477238619,
45,0.225,7.095612661084404,6.90631220239257,
46,0.23,7.526186892105263,7.340764850737598,
47,0.235,7.874055747129366,7.695934320679855,
48,0.24,8.139695472534905,7.975296566036764,
49,0.245,8.324568593903898,8.180907634250346,
50,0.25,8.430758414834651,8.313616103656395,8.356572510048004
51,0.255,8.460881979628745,8.374103194202043,8.389755543427
52,0.26,8.418216450272064,8.363728241377299,8.348975674788305
53,0.265,8.30701840819584,8.285018109386199,8.239026152279447
54,0.27,8.133042564686143,8.142055078949063,8.066141381773702
55,0.275,7.90427329098776,7.940990732498534,7.838569728311864
56,0.28,7.631855831165653,7.690789128197438,7.567325165472533
57,0.285,7.331126534084071,7.404189253952776,7.267062310088827
58,0.29,7.022457727311826,7.098731011448837,6.9568268385439165
59,0.295,6.731348056239964,6.797446386739309,6.660255573883017
60,0.3,6.486924183949366,6.5284774641105034,6.404737992011449
61,0.305,6.318130075929837,6.32263429384715,6.218943422888213
62,0.31,6.247828509796552,6.208236728262422,6.12813801766192
63,0.315,6.2867291497534925,6.204017605804664,6.14776956011373
64,0.32,6.430157352088158,6.3129795081907485,6.277969801184913
65,0.325,6.659576659116997,6.520855598755362,6.502595134868155
66,0.33,6.947948156952388,6.8004606757657875,6.79392003502624
67,0.335,7.266033346797052,7.119394941569094,7.120123699453492
68,0.34,7.587133331867131,7.447054836625756,7.451637928629162
69,0.345,7.889441062396773,7.758613734094583,7.764540515984921
70,0.35,8.156487408905523,8.036052876285318,8.0413340852182
71,0.355,8.376547595916131,8.26742573895352,8.270196485699918
72,0.36,8.541698255749402,8.445427631878648,8.443664129056787
73,0.365,8.646914044354816,8.56590343384557,8.557363891703517
74,0.37,8.689368400633725,8.626638334667629,8.609084459217053
75,0.375,8.667983750033567,8.626616984718531,8.59821300333287
76,0.38,8.583230224116047,8.565775539352439,8.525461012327305
77,0.385,8.437163859061368,8.445134726877884,8.392870840751591
78,0.39,8.233700865030213,8.267176147995812,8.204110230631201
79,0.395,7.979126377159787,8.036388295136144,7.964949977012033
80,0.4,7.682815870950116,7.759971803488818,7.683804994222526
81,0.405,7.358080186421904,7.4486916913528685,7.372353271093827
82,0.41,7.022901249463382,7.117772929148972,7.046228880142735
83,0.415,6.7000964919012285,6.787540131294084,6.725535329475626
84,0.42,6.416216942250488,6.483217073841588,6.434672564819402
85,0.425,6.198506915397642,6.233063417464596,6.20070591977875
86,0.43,6.069914743647148,6.064196429957845,6.049465968470567
87,0.435,6.0434964748154325,5.9964752048058525,5.999606333476137
88,0.44,6.1187118139189725,6.036573678141038,6.056797644283926
89,0.445,6.2816634989651865,6.175411404869696,6.2112597813148165
90,0.45,6.509148354889098,6.390740142894628,6.440366042211224
91,0.455,6.7743251972932805,6.653504224524578,6.714924011207268
92,0.46,7.051569334203794,6.934584090048516,7.005793428153073
93,0.465,7.319330756387233,7.209317805314259,7.288272728782866
94,0.47,7.56111604588296,7.459277597621445,7.543755070043167
95,0.475,7.765294522300197,7.672123104965315,7.759523090641562
96,0.48,7.924406980911876,7.840544299492311,7.927752673822485
97,0.485,8.03441291408786,7.960985645277109,8.044426049413229
98,0.49,8.094087482282083,8.03254517868713,8.108466959024577
99,0.495,8.104638479625896,8.056264156718175,8.121182442369415
100,0.5,8.069540488043627,8.034867233473435,8.085994734904672
101,0.505,7.994545369104275,7.972863296916609,8.008407546459244
102,0.51,7.887798187955583,7.876838697770026,7.8961323548138385
103,0.515,7.759949028576115,7.755774305195734,7.759276508080639
104,0.52,7.624100202858416,7.621230326916857,7.610450053870453
105,0.525,7.495381169594625,7.48722180386563,7.464589649379969
106,0.53,7.389944444665202,7.369572864583466,7.338261870331396
107,0.535,7.323290543061631,7.284562798755862,7.248252049771155
108,0.54,7.308097253381756,7.24685079841176,7.209435146373854
109,0.545,7.352074688622704,7.2670162104894125,7.2322833485559626
110,0.55,7.456572113139596,7.349439301656876,7.320752521967343
111,0.555,7.616496919215452,7.491368186556361,7.4713944700777635
112,0.56,7.821587110284707,7.683636714651531,7.674141356277198
113,0.5650000000000001,8.05853134103888,7.912772387951,7.9144852848620815
114,0.5700000000000001,8.313206328937278,8.163663923164439,8.17622620506362
115,0.5750000000000001,8.572464152576272,8.421912712395438,8.443918028499688
116,0.58,8.825242181268578,8.675374356398477,8.704503007533358
117,0.585,9.063051365927144,8.914843145808344,8.948061412192867
118,0.59,9.280029217155452,9.134095059722249,9.167888968249798
119,0.595,9.472750118452392,9.32956633116359,9.360199658297155
120,0.6,9.639933514070668,9.499897291558042,9.523694299096002
121,0.605,9.782129029021377,9.645490884860859,9.659128153882264
122,0.61,9.90140878732232,9.768153631161463,9.768923689549112
123,0.615,10.001065797113162,9.870818323603897,9.8568270441286
124,0.62,10.0853013034185,9.957305483628968,9.927585744345809
125,0.625,10.15888076236742,10.03206984074149,9.986617092248483
126,0.63,10.2267457637619,10.099891754038316,10.039639305933473
127,0.635,10.293586055254414,10.165499762606299,10.092251109414779
128,0.64,10.363398227431134,10.233140691200092,10.149465562202897
129,0.645,10.439078976294445,10.306142279947,10.215227789914405
130,0.65,10.52211237377578,10.386533646592232,10.291974068142306
131,0.655,10.612404885657282,10.4747930048054,10.380312366660881
132,0.66,10.708297737805951,10.569774583685177,10.478902984318973
133,0.665,10.806750823479526,10.66883035473916,10.584582843972301
134,0.67,10.903658544635384,10.768099118095424,10.692719135665106
135,0.675,10.994237774819393,10.862901949779255,10.79771953252844
136,0.68,11.073426658521148,10.948170533464118,10.893592661784508
137,0.685,11.136247143229014,11.018844770416088,10.974460782436232
138,0.6900000000000001,11.178105975604955,11.070200426744517,11.034966601488648
139,0.6950000000000001,11.195030265790791,11.098095343469327,11.07055962461504
140,0.7000000000000001,11.183849552113216,11.099145253173589,11.07767772929987
141,0.705,11.14234503371869,11.070853655542177,11.053856532531972
142,0.71,11.069388998941898,11.01172463969673,10.997804822639285
143,0.715,10.965094759767933,10.921385065947335,10.9094804032713
144,0.72,10.830990209575964,10.800735210915635,10.790190771543262
145,0.725,10.67021574223007,10.652135673092047,10.642730085524576
146,0.73,10.487727781203214,10.479622063530059,10.471547093426462
147,0.735,10.29046053759136,10.289115309615273,10.28291480047373
148,0.74,10.087361515266986,10.088562046619996,10.08503911641548
149,0.745,9.889179141358545,9.887898514512603,9.88800261409095
150,0.75,9.707865797577863,9.698695274031806,9.703403315148451
151,0.755,9.555502364425818,9.533338673704183,9.543546481723702
152,0.76,9.442783413281216,9.403682055496166,9.420122860390617
153,0.765,9.37731330558657,9.319285138736799,9.342488629580833
154,0.77,9.362158767209497,9.28561606894409,9.315912486857302
155,0.775,9.395134836474046,9.302776157464924,9.340335779684034
156,0.78,9.46908503305899,9.365243000269036,9.410128067699151
157,0.785,9.573045765745045,9.462767119743663,9.51496852846362
158,0.79,9.693881227578638,9.582093917632882,9.641532062977046
159,0.795,9.817903009913096,9.708912930085159,9.775397333253371
160,0.8,9.932132886105007,9.829493946208121,9.902653065381385
161,0.805,10.025089307536405,9.931738351015838,10.010944299197188
162,0.81,10.087152160471549,10.005646869209968,10.08996687438403
163,0.8150000000000001,10.110642082762652,10.04336231278863,10.131566951103997
164,0.8200000000000001,10.08975985534784,10.038987681998453,10.129632673412903
165,0.8250000000000001,10.020506427631306,9.988356392742835,10.07993195605572
166,0.8300000000000001,9.900673913534932,9.88888490106743,9.980003403734102
167,0.835,9.729975521496206,9.739591123740801,9.829171422222675
168,0.84,9.51036853158707,9.541326724633706,9.628736692951405
169,0.845,9.246610542414604,9.297251425711561,9.382383243666256
170,0.85,8.94705685820934,9.013563157575312,9.096829639582651
171,0.855,8.624624638074378,8.700461376795138,8.782710731328464
172,0.86,8.297675416698185,8.37321750194877,8.455570139343873
173,0.865,7.990279758480749,8.053005034832713,8.136625966771396
174,0.87,7.731014160515772,7.766791846638027,7.852632880582467
175,0.875,7.549430259268565,7.545271141355958,7.633848826140229
176,0.88,7.470150556453382,7.417974769161809,7.509275956746025
177,0.885,7.506279240019835,7.406002198987754,7.499591521172811
178,0.89,7.65527092925142,7.515059962567367,7.610373718126948
179,0.895,7.8996834815239,7.732795730818436,7.829484169257779
180,0.9,8.212342773294187,8.03244756049093,8.130580563945784
181,0.905,8.562996468405045,8.380678891666697,8.480713833930047
182,0.91,8.923586258580947,8.745257547095264,8.847798279863325
183,0.915,9.271007415444144,9.099689468199351,9.205128569282595
184,0.92,9.58774657340643,9.424607564010966,9.53273750214808
185,0.925,9.861314660418826,9.707127978886906,9.816804745734068
186,0.93,10.083242489704968,9.939368075249806,10.048343321411016
187,0.935,10.24807961547964,10.11683824439056,10.221882102745086
188,0.94,10.352581906873189,10.237082595629172,10.334423856602506
189,0.945,10.395133091147796,10.298772945895493,10.384724367275588
190,0.95,10.375387514081222,10.30129596588192,10.372851061470175
191,0.955,10.294107173322896,10.244714511217634,10.299964506924047
192,0.96,10.153170307849733,10.129933947732784,10.168277183263193
193,0.965,9.955737352335415,9.958965030819707,9.98115958922958
194,0.97,9.70656431700027,9.735256826887621,9.743375463232756
195,0.975,9.41244578364696,9.464113401316016,9.461430527870666
196,0.98,9.08273965260478,9.153198592995672,9.144005468918394
197,0.985,8.729861667830383,8.813082154045228,8.802404270382633
198,0.99,8.369533914783647,8.457688000033501,8.450877416707337
199,0.995,8.020450157765094,8.104373305432812,8.106579735215835
200,1.0,7.702965367553243,7.773233862686006,7.78882030190843
201,1.005,7.436579986758365,7.485213768418632,7.517243123908996
202,1.01,7.236496325370743,7.258887718205082,7.308820175635264
203,1.015,7.11023996442418,7.106489469270005,7.17417948889794
204,1.02,7.055739046422361,7.030594998852798,7.114585661782699
205,1.025,7.061802652824689,7.023086166723543,7.12110427829833
206,1.03,7.110786353707207,7.067077896384536,7.1765697692464485
207,1.035,7.182251553327564,7.140931382085498,7.259477800447802
208,1.04,7.256304791826005,7.222581994393201,7.348098038075781
209,1.045,7.315893599549698,7.292770559867468,7.423490722267227
210,1.05,7.348025373734241,7.3367595599696145,7.471076794421117
211,1.055,7.344264871480965,7.344871220227847,7.4811251753426635
212,1.06,7.300935065042362,7.312422156051291,7.448731795054437
213,1.065,7.219341168346235,7.239547657227508,7.373759745962277
214,1.07,7.106171042453538,7.131238091357552,7.261007961376039
215,1.075,6.974022770546693,6.997714547519226,7.1206679509968875
216,1.08,6.84174605094669,6.855009626432494,6.968902133347979
217,1.085,6.733959741861865,6.725263772824718,6.828082991088226
218,1.09,6.6788753092704765,6.635860109512757,6.72588007003095
219,1.095,6.703809234252043,6.616352597496501,6.692202726432045
220,1.1,6.828916925663561,6.69270469690583,6.753526861095224
221,1.105,7.061392328917537,6.880042695300607,6.92576104584689
222,1.11,7.393106230554728,7.177168881708058,7.208794390143495
223,1.115,7.803055103209299,7.566241324278863,7.586043773678869
224,1.12,8.26312191422182,8.018086025423997,8.029483731426323
225,1.125,8.744149057505432,8.500000474081412,8.507138430622355
226,1.13,9.22013258669338,8.982163932297608,8.989267015687037
227,1.135,9.67005680533621,9.440871936361225,9.451504117998354
228,1.14,10.077995354728271,9.859034746959038,9.875400829017092
229,1.145,10.4323285114217,10.225160486498387,10.247601746452638
230,1.15,10.72469381340358,10.53179406143705,10.55863916066887
231,1.155,10.94899155766536,10.77395694534368,10.801827144478217
232,1.16,11.100562544120269,10.947881631656678,10.972388840510195
233,1.165,11.175550361236116,11.050177756022919,11.066793169617034
234,1.17,11.170419732858212,11.077398850123183,11.08224258991698
235,1.175,11.0815948570515,11.025855783278725,11.016267398059814
236,1.18,10.90518942373368,10.89151869692564,10.866399121387587
237,1.185,10.636816325595198,10.669925632461728,10.629905906511947
238,1.19,10.271491520988471,10.35609546686373,10.303586508727149
239,1.195,9.803693285385815,9.94449881041955,9.883647829226502
240,1.2,9.227729434790293,9.429197969440146,9.365746465239866
241,1.205,8.538752356839405,8.804375037269251,8.745389047172843
242,1.21,7.73514569487992,8.065701179873074,8.019131611875551
243,1.215,6.823747689887387,7.213491047301243,7.187521956467032
244,1.22,5.830532087561581,6.2595269162133444,6.261660483831042
245,1.225,4.8198462547808125,5.240823240326231,5.276590376243169
246,1.23,3.919259335405716,4.243678095018743,4.3147803965146485
247,1.235,3.321492907850914,3.431546042519659,3.5334679405828107
248,1.24,3.205363969224968,3.033498985147565,3.154044548530778
249,1.245,3.59656188644333,3.2184778966555614,3.3408959449311033
250,1.25,4.342870016813602,3.921959201000176,4.033376413362417
251,1.255,5.242051942474415,4.887102844021209,4.984168493770714
252,1.26,6.146097133400241,5.879021512920214,5.965815959658327
253,1.265,6.974939788488318,6.776284319254172,6.860177112928335
254,1.27,7.693184426065743,7.535875197119676,7.625511753718516
255,1.275,8.288469544419936,8.14922610217712,8.253791714708155
256,1.28,8.758721964535887,8.621019055067078,8.748489871139299
257,1.285,9.105716043260069,8.963154026634445,9.115659851877231
258,1.29,9.332010365978787,9.191827798231891,9.360740826603406
259,1.295,9.439518027420776,9.319164894498229,9.487540558597061
260,1.3,9.428824904196016,9.346715460376267,9.498036747886506
261,1.305,9.29883061625038,9.26886728214015,9.392415153746198
262,1.31,9.046516945179064,9.07832841388495,9.169108691684873
263,1.315,8.66677306302297,8.76779346022531,8.824803997050163
264,1.32,8.15230643760204,8.329395864533536,8.354433000824825
265,1.325,7.493820446179834,7.753973957194532,7.751214764138961
266,1.33,6.680982716954778,7.030948345186026,7.0069711669549255
267,1.335,5.705566895874271,6.14950732205789,6.113464188731969
268,1.34,4.570283186648921,5.102879309826004,5.066832410207283
269,1.345,3.311477584573747,3.900360456236868,3.8794832452297943
270,1.35,2.04930221741073,2.5978963565243745,2.608775130776206
271,1.355,1.0579282281580893,1.3638436368235403,1.4186391754113576
272,1.36,0.7249576370982218,0.5602184573029803,0.6575782215940196
273,1.365,1.222207723655173,0.6376362540183731,0.7593037913200655
274,1.37,2.2921829045210345,1.6407234558400137,1.766252244464511
275,1.375,3.554793947995574,3.063803171597603,3.187102612811424
276,1.38,4.775879283873597,4.452550938546569,4.57619300583778
277,1.385,5.861072122064299,5.647064323090121,5.773663064844223
278,1.39,6.785323878579924,6.628246071847564,6.761138126738849
279,1.395,7.550176143167445,7.412159401698756,7.557837303671907
280,1.4,8.165351941116532,8.018167564911764,8.186453793315577
281,1.405,8.641773302381248,8.467494060953918,8.665849581071384
282,1.41,8.989171618870513,8.791687792649768,9.010729978026404
283,1.415,9.215447092160144,9.021659063927963,9.232183629241803
284,1.42,9.326674840793288,9.164931398064681,9.338175300999595
285,1.425,9.327351401676674,9.21401105892459,9.334282434366028
286,1.43,9.220757350829288,9.162634179678125,9.224595892641911
287,1.435,9.009441617511047,9.008729203551276,9.012298962052016
288,1.44,8.695918491975362,8.752695218859813,8.700164642047667
289,1.445,8.283759247835038,8.39653193793477,8.291883154021129
290,1.45,7.779381948804223,7.944383146699613,7.794141169076571
291,1.455,7.194987085554222,7.404411220278279,7.218373780224551
292,1.46,6.5531375211891945,6.7922576984169805,6.583454895951614
293,1.465,5.893017892981538,6.136495606877593,5.922046039651268
294,1.47,5.276443294563162,5.4857887899741975,5.287346268352945
295,1.475,4.787247895235765,4.914674172848214,4.753936236815203
296,1.48,4.513741547489111,4.51904612828489,4.410348291780255
297,1.485,4.512303727223632,4.388805329133665,4.336608746144784
298,1.49,4.775671533075602,4.560628174469526,4.562749927978625
299,1.495,5.237461281212244,4.9890401139098035,5.039045115329779
300,1.5,5.808015822981979,5.571779256551984,5.657750260187491
301,1.505,6.40780513464148,6.2037697496954864,6.3102403618505445
302,1.51,6.980607376135433,6.809757925005653,6.925501647270079
303,1.515,7.491929310372986,7.3467028891523,7.4668144496203865
304,1.52,7.922652693760448,7.794128153483539,7.91617057856693
305,1.525,8.263154036640207,8.145129642546031,8.266143737004796
306,1.53,8.509225481202039,8.400531335077673,8.515611631665676
307,1.535,8.659597116942924,8.56453491549146,8.666831518919043
308,1.54,8.714578716483274,8.641003012012467,8.722848994502945
309,1.545,8.675444670917308,8.631657902677079,8.686133762901402
310,1.55,8.544350046490228,8.536769644284485,8.559526639207167
311,1.555,8.324707065786905,8.356888830745731,8.3469993270056
312,1.56,8.0220652681276,8.094385591944715,8.05316551952772
313,1.565,7.645625469949319,7.754828667803757,7.684432407426564
314,1.57,7.210541708845604,7.348755609490672,7.253034711921854
315,1.575,6.741002195080688,6.894254162128556,6.780399585900623
316,1.58,6.273459860997405,6.420337858813021,6.298235287135783
317,1.585,5.857990698323094,5.970138152301604,5.850817644847908
318,1.59,5.553959417892223,5.6010815545095065,5.495758266261172
319,1.595,5.4164812776115205,5.37719750256267,5.29417802065014
320,1.6,5.476459176046745,5.35024213856126,5.292218124737545
321,1.605,5.726555889710175,5.536053186121684,5.502880270158789
322,1.61,6.124834981595154,5.903988858505292,5.89561060835326
323,1.615,6.612840480142507,6.390809258790025,6.406953216523464
324,1.62,7.134122306161782,6.927260476110035,6.966614215019391
325,1.625,7.644122799931549,7.457265684396479,7.517314153388112
326,1.63,8.111831195276576,7.943294857810762,8.020658256150453
327,1.635,8.517351663361678,8.363540650943982,8.454293216133513
328,1.64,8.848570880625308,8.707127253788927,8.806515823536778
329,1.645,9.098316444984569,8.969883287515712,9.071730285583943
330,1.65,9.26231402859917,9.150890783655854,9.24758463924411
331,1.655,9.3378376214166,9.249816487808008,9.333329334703055
332,1.66,9.322865520762168,9.26545595728804,9.328838738068445
333,1.665,9.215589593485712,9.195550009072733,9.234034759194616
334,1.67,9.014188091870716,9.037242366881415,9.048647198489437
335,1.675,8.71683999916176,8.787566642173129,8.772226942921787
336,1.68,8.32203718479031,8.443835441450188,8.404345215469041
337,1.685,7.8293598803088384,8.004146092191032,7.945115523645207
338,1.69,7.241051689875806,7.468361051396203,7.396317824524781
339,1.695,6.564988995762107,6.840066023692834,6.76341158114072
340,1.7,5.819933158132821,6.1302699771284335,6.058962882512677
341,1.705,5.043874285307872,5.363900797288311,5.308531706390029
342,1.71,4.3043966182927695,4.5898454390898,4.559940524780891
343,1.715,3.703580129063406,3.892366906687596,3.8940549330486522
344,1.72,3.360044649760146,3.3927188064350897,3.426561024199114
345,1.725,3.356784211465753,3.2179161048368514,3.2784833409981022
346,1.73,3.687773780226573,3.4289112228693126,3.5073286390908294
347,1.735,4.262341504184624,3.966646165633385,4.054849384321088
348,1.74,4.961896328361964,4.689568139998663,4.78297638126869
349,1.745,5.688483027838622,5.460351704510695,5.557779018106998
350,1.75,6.378843223747878,6.19060429651799,6.293100555745507
351,1.755,6.998077167504045,6.836378791772656,6.946253532908518
352,1.76,7.52930398074822,7.380590102425968,7.500399133579265
353,1.765,7.965698691526665,7.820520222248477,7.951297125113471
354,1.77,8.305557902343637,8.161322580409905,8.300072442164971
355,1.775,8.54951834556014,8.411327194991228,8.549716036849517
356,1.78,8.699065029909283,8.577096675228876,8.703503783451433
357,1.785,8.755762273808847,8.660846504319721,8.764366038353423
358,1.79,8.720883908638024,8.661643443366712,8.734704130681923
359,1.795,8.595273071378474,8.577646983965199,8.616410009203687
360,1.8,8.37935542527393,8.40725478510296,8.41101861566582
361,1.805,8.073291869442285,8.149310386589018,8.119967276855073
362,1.81,7.677310050601247,7.803094174610399,7.7449060564388645
363,1.815,7.192316042592718,7.3685152365076645,7.288061486350099
364,1.82,6.620974195345742,6.846718761620444,6.752852963821931
365,1.825,5.969563265944043,6.241333723015227,6.14508197138183
366,1.83,5.251044103811951,5.560711297591901,5.474885135612261
367,1.835,4.489755033563053,4.821640529651348,4.759684580780509
368,1.84,3.727498806380797,4.054929762883537,4.0288400922899745
369,1.845,3.0285037140463364,3.31222944091159,3.3301587074720067
370,1.85,2.476300980654933,2.670259799535588,2.7346673747332226
371,1.855,2.1531873368575143,2.2229433972285184,2.3297553102872812
372,1.86,2.1042497612798274,2.0507946097388428,2.190063958781426
373,1.865,2.3118267015168046,2.176102365943429,2.334811911143968
374,1.87,2.706222767395908,2.543467688210081,2.7097116263038394
375,1.875,3.2013221362424837,3.0513718699657466,3.2173130619461947
376,1.88,3.7237497766314114,3.6022981512873153,3.7644618626167485
377,1.885,4.222931689131645,4.128871946443797,4.286928171357814
378,1.89,4.6686832930470406,4.593689615568283,4.749112070240944
379,1.895,5.045194873947146,4.9800720610019855,5.134817718006769
380,1.9,5.345735217719807,5.284039839475549,5.438850124709705
381,1.905,5.569073178593386,5.5090483590725405,5.661667387217534
382,1.91,5.717381716219549,5.661931927929727,5.8066134518229955
383,1.915,5.79517705372621,5.749654174374919,5.878752339373832
384,1.92,5.808936759074747,5.7781299882096135,5.8844893389870965
385,1.925,5.767158913028761,5.753252792275029,5.831703298070146
386,1.93,5.680694585139313,5.6825852305339755,5.730372490623191
387,1.935,5.563192911492532,5.5765896896957505,5.5933575350995755
388,1.94,5.431442439119447,5.4492785026172506,5.436840435667793
389,1.945,5.305291575013604,5.318380219947786,5.280296709352566
390,1.95,5.206747909176258,5.2048618137277485,5.14595313383103
391,1.955,5.157924665485315,5.131432377830595,5.057297561579425
392,1.96,5.177880004285012,5.119747280440262,5.036426943263747
393,1.965,5.279072699325868,5.186570980501431,5.100566947021956
394,1.97,5.464747697758016,5.340006551544008,5.258281284710919
395,1.975,5.728459394940316,5.577441174895847,5.506783994089073
396,1.98,6.055974778395315,5.886352518840341,5.832295141763942
397,1.985,6.428643616095097,6.247660028272547,6.2135290736018245
398,1.99,6.826852448508417,6.640034193672161,6.626349760583555
399,1.995,7.232561304636277,7.043486361296539,7.047759131612954
400,2.0,7.630632188701164,7.44142379014692,7.45857774052527
401,2.005,8.009169186758141,7.821256533353454,7.844667689212464
402,2.01,8.359258505011798,8.174055951216143,8.196648788892123
403,2.015,8.674443579044219,8.493765568841262,8.508704101659589
404,2.02,8.950148277627926,8.776320948377624,8.777409833695474
405,2.025,9.18315452430912,9.018894131629235,9.000955668398234
406,2.03,9.37117229738469,9.2193582040084,9.178606540242106
407,2.035,9.512504388611069,9.375966194262851,9.31024882581381
408,2.04,9.605793554013554,9.487178160922294,9.39602860415362
409,2.045,9.649836056086093,9.551563165558584,9.436131575596509
410,2.05,9.643447094229314,9.567728636296977,9.430648474084824
411,2.055,9.585367176376796,9.534258721314984,9.379454868879474
412,2.06,9.47420284822771,9.449661014559268,9.28215402987691
413,2.065,9.308400189390431,9.31232833310872,9.138112192780163
414,2.07,9.0862556335613,9.12052509731165,8.946447314475298
415,2.075,8.805977128891078,8.872411329942402,8.705866479977313
416,2.08,8.465821361696996,8.56612450437755,8.414495870359309
417,2.085,8.064352729805952,8.199953026376695,8.069907446147432
418,2.09,7.600901246211347,7.77265836588594,7.669453947853003
419,2.095,7.076344378737112,7.284040427708753,7.211089410013411
420,2.1,6.494402957842454,6.7358974937135585,6.694791396613934
421,2.105,5.863705602081758,6.133606554790314,6.124462094723905
422,2.11,5.200860412161696,5.488612863083882,5.510391155205476
423,2.115,4.534449697770494,4.822054756050659,4.8726820746923964
424,2.12,3.908777005478006,4.169249329522296,4.245543227118383
425,2.125,3.3839582179423475,3.5832403129512054,3.6807019310965456
426,2.13,3.0267834612610827,3.1327176831672796,3.245378411600228
427,2.135,2.8896181840035737,2.887512925049134,3.008227079647339
428,2.14,2.986494365859188,2.890610833580471,3.012167124398088
429,2.145,3.285258436430458,3.132673551501761,3.2495144314421442
430,2.15,3.7231689168594135,3.5534825527323575,3.663067388987338
431,2.155,4.231749239000434,4.071123581882967,4.1741267615527065
432,2.16,4.753817148352489,4.612500712595014,4.712010093688117
433,2.165,5.248617697325509,5.12643084484776,5.2267920380202
434,2.17,5.689816119558331,5.582384032393509,5.688013078189233
435,2.1750000000000003,6.061377351050529,5.964529861977867,6.078644396352732
436,2.18,6.353814392486516,6.266260409414512,6.389578064558555
437,2.185,6.5614624166976485,6.485960062604635,6.615915839435063
438,2.19,6.68069080589771,6.623562261495483,6.754775633115364
439,2.195,6.708797710502637,6.678184440634857,6.804093626370831
440,2.2,6.643369383217267,6.647392493380677,6.7620255775160905
441,2.205,6.48197202825183,6.527671680728562,6.626707174468065
442,2.21,6.222134768099191,6.315162273555575,6.396257676609056
443,2.215,5.861684134519828,6.006241751541859,6.069013625277584
444,2.22,5.399631521114129,5.598148397148525,5.644092705042732
445,2.225,4.838039708045174,5.090121722480596,5.122555782550245
446,2.23,4.185645140313231,4.485732924648537,4.509708019579362
447,2.235,3.464419372619472,3.797423446550709,3.8194784236262147
448,2.24,2.720105594594488,3.0546679800212297,3.082193504870336
449,2.245,2.034862450815297,2.3166947229615285,2.3566013703610063
450,2.25,1.5305050000613074,1.6862025553632964,1.7428151784640145
451,2.255,1.3382925867872104,1.3070186194423363,1.3799617773658377
452,2.26,1.5287464353974485,1.3145194587560032,1.3984882422231744
453,2.265,2.060300667860114,1.742554003524111,1.8303670583947675
454,2.27,2.8104477229149505,2.4831020075498635,2.5698671891768337
455,2.275,3.649310046479485,3.3645877231636065,3.4491124402403073
456,2.28,4.482641678627738,4.249825076620641,4.3334074796193045
457,2.285,5.255277575292246,5.062813190302044,5.148008776579348
458,2.29,5.939319784946461,5.770758627441673,5.860789697386689
459,2.295,6.522534690256634,6.363688556715526,6.461531310335995
460,2.3000000000000003,7.000696026648962,6.84322960726285,6.949430176274505
461,2.305,7.373211941472995,7.217284798615262,7.327052779414632
462,2.31,7.640775534654683,7.495018667407253,7.597637370778522
463,2.315,7.804129850809654,7.681489081179945,7.763930394592583
464,2.32,7.863414918986432,7.776194001977091,7.82772874355387
465,2.325,7.817809668892859,7.77550533592961,7.789736175114152
466,2.33,7.665323500629599,7.674953335008873,7.6495359396707485
467,2.335,7.402677717076821,7.469858000804583,7.4056196888315196
468,2.34,7.025283964212358,7.155099172584848,7.055485114740381
469,2.345,6.527412090985241,6.724821172867475,6.595789389484203
470,2.35,5.902798624512977,6.172461796120803,6.0225923007715965
471,2.355,5.146288157549953,5.4914652881403,5.3320667500657475
472,2.36,4.257843657029151,4.677433029662339,4.52251448351582
473,2.365,3.251758927448866,3.733441401448654,3.5990887241567298
474,2.37,2.1760946773491483,2.682190802686898,2.584564113290186
475,2.375,1.146260108040677,1.5912282734711507,1.5429662446007013
476,2.38,0.3743715438651477,0.6144738406440577,0.6201849090053777
477,2.385,0.1152576399901272,0.018799031829581203,0.07103688468332514
478,2.39,0.4758298533400069,0.08174357519900521,0.16149718908025434
479,2.395,1.3043377939592635,0.8227577454635151,0.9090610365347787
480,2.4,2.342377593969336,1.9393159921339702,2.0202106539000164
481,2.405,3.3961782573446664,3.1080596354439876,3.181216689026389
482,2.41,4.366092405216605,4.1662471532792695,4.234403693062566
483,2.415,5.212476462224749,5.0646208782679,5.133040466429137
484,2.42,5.924635309687867,5.798513237122268,5.874432554645906
485,2.4250000000000003,6.503821080876461,6.376823627881498,6.4685954568778286
486,2.43,6.95534997996034,6.8147256560232785,6.927364218740773
487,2.435,7.285220435601813,7.134017598209803,7.261035156689958
488,2.44,7.498764701278341,7.355197155069934,7.477511457730475
489,2.445,7.6001941346792865,7.48550109034864,7.582504204490812
490,2.45,7.592544758862795,7.521590848759622,7.5800209618800185
491,2.455,7.477830730606071,7.458668433583149,7.472719739808901
492,2.46,7.257365130928132,7.293915169772702,7.262407320246851
493,2.465,6.932308165974023,7.026258541565296,6.950939341859726
494,2.47,6.504605893078751,6.655983541243212,6.541206783297564
495,2.475,5.978623069969494,6.185246890972716,6.0380313934315755
496,2.48,5.3639647281799485,5.619788057343111,5.449641987085141
497,2.485,4.680149121337694,4.972278089325641,4.7909637513070615
498,2.49,3.963566988357712,4.267966884995491,4.089576612320413
499,2.495,3.2754458406637705,3.5528800628630353,3.3934515461203953
500,2.5,2.704611373229639,2.902268139930517,2.7772267990479835
501,2.505,2.352234244518515,2.420260340884042,2.3400274097920963
502,2.51,2.291073465465129,2.214152122726529,2.181541871175244
503,2.515,2.5227451086630066,2.3389876718562985,2.3505646616490528
504,2.52,2.97631027392363,2.753801456956186,2.802536936926671
505,2.525,3.549788905759673,3.3439596640297298,3.420313197031291
506,2.53,4.151911761529615,3.9873528723771,4.08095473954763
507,2.535,4.718636791433571,4.5969297550980235,4.700348333838951
508,2.54,5.210909137928361,5.123734307003041,5.23378661082301
509,2.545,5.606672304109836,5.544406796743166,5.660140842519812
510,2.5500000000000003,5.893685368582223,5.850035867820285,5.970244221251692
511,2.555,6.064577404653243,6.039389187050629,6.160598128240504
512,2.56,6.113718748618214,6.11403676647357,6.229686468536887
513,2.565,6.035202901926801,6.073669186799126,6.175357677179083
514,2.57,5.821365950924026,5.913087013912172,5.993189926415777
515,2.575,5.461412510876221,5.621939042249985,5.675913853361394
516,2.58,4.939763012491437,5.185299712928646,5.212475022056802
517,2.585,4.233646289468939,4.582998885312566,4.585895478073144
518,2.59,3.30914877623528,3.787048453690417,3.770708305267978
519,2.595,2.114153103652371,2.7566978661631185,2.729449743705664
520,2.6,0.5646666312692812,1.4294378084168535,1.4044598149635577
521,2.605,-1.4840046471780886,-0.29653891387938724,-0.3001536523933348
522,2.61,-4.302490401870955,-2.599824538484625,-2.5555047152651538
523,2.615,-8.405526657977033,-5.821730425560654,-5.6914280087644045
524,2.62,-13.440071100843738,-10.61423329653069,-10.341489351219721
525,2.625,-10.91869003924037,-16.117072009583374,-15.68354407870474
526,2.63,-6.042297540748283,-9.160898387566883,-8.995760823824133
527,2.635,-2.700807305316801,-2.9732334125230313,-2.972142711445282
528,2.64,-0.3379879976969719,-0.3554782673659256,-0.3659892660918844
529,2.645,1.4171349366720865,1.51334258201295,1.509094768632509
530,2.65,2.7561397997992247,2.8634314797181446,2.8747488781843145
531,2.655,3.785437583121437,3.888291112829221,3.91785380117574
532,2.66,4.568375230854476,4.652014707707805,4.709927237725113
533,2.665,5.144342776524207,5.164328853226817,5.29296684627852
534,2.67,5.538127975740482,5.174276280120899,5.695833633811366
535,2.6750000000000003,5.764770791555752,5.371631557611609,5.933932794748084
536,2.68,5.83212432823589,5.613271650806161,6.012581749536813
537,2.685,5.742102070825579,5.660094638825708,5.935406897347588
538,2.69,5.4910434521558535,5.526149563669317,5.701052693322982
539,2.695,5.06934645539578,5.217171668694723,5.301930772968318
540,2.7,4.460336488645084,4.726300204492299,4.725294065870866
541,2.705,3.638217573487302,4.036089840275323,3.9523923131293595
542,2.71,2.5649899809233965,3.1175224159305994,2.9531276807217943
543,2.715,1.18713209580763,1.927036639145614,1.6988262026720413
544,2.72,-0.561544841027316,0.40343518941362255,0.1311004858990943
545,2.725,-2.713847708008972,-1.5254897443130488,-1.8478005661223742
546,2.73,-5.001211669988362,-3.871928741635042,-4.215923859971145
547,2.735,-6.097612198263147,-6.192562667984159,-6.471206823093324
548,2.74,-4.699678381799879,-6.5543500296805774,-6.735301321049873
549,2.745,-2.214163520287576,-3.6815467492075715,-3.866179049774816
550,2.75,0.1050748827663565,-0.5370222151782071,-0.7025881005947969
551,2.755,2.023564235337267,1.7398318646244197,1.6434343468330948
552,2.76,3.581035849558881,3.441411427723855,3.5150517669362125
553,2.765,4.845376436108737,4.755358703013899,4.852455968646981
554,2.77,5.871475605366455,5.785141054003718,5.845328474028425
555,2.775,6.699274634504576,6.57819737531199,6.672021723731707
556,2.78,7.357303727411462,7.1421992310969,7.316410301866149
557,2.785,7.865937235796157,7.533685193013217,7.8019499306633
558,2.79,8.23971087440523,7.896681661747053,8.13921973682314
559,2.795,8.488884802885382,8.209198394263574,8.342087917798768
560,2.8000000000000003,8.6204948909885,8.4159261117107,8.445535720329426
561,2.805,8.63907709617228,8.506278446553413,8.443080684124144
562,2.81,8.547200329157416,8.48225069062995,8.318517402092258
563,2.815,8.345921098364634,8.346477096191508,8.090525611977702
564,2.82,8.03528366262224,8.100338190434478,7.778197473175041
565,2.825,7.6150437669637725,7.744200775291366,7.365649449975944
566,2.83,7.085918157292209,7.278315600557453,6.819214152253803
567,2.835,6.451899183343082,6.704440557740362,6.175013213838482
568,2.84,5.724559340486353,6.028815311506726,5.473559485445463
569,2.845,4.930677766954931,5.267627708374177,4.720404707899941
570,2.85,4.1240861678007725,4.456533655212295,3.9556290455009524
571,2.855,3.398500989131162,3.6648667507562096,3.3339939824392073
572,2.86,2.886141796487124,3.00891527206724,2.816512174619706
573,2.865,2.7159866391129905,2.6422010091630055,2.5360228969247722
574,2.87,2.9368429827621023,2.6904364445402473,2.6850292502978834
575,2.875,3.4803740983578613,3.1545264129186696,3.2295731109810175
576,2.88,4.212033019442234,3.896697724447385,3.9886520765261686
577,2.885,5.00544451517086,4.741598368463998,4.821485038041163
578,2.89,5.775302333068964,5.5644200155733525,5.633772773351135
579,2.895,6.474288558565879,6.301586688283013,6.360981537278211
580,2.9,7.079779318337055,6.9280618637979305,6.977565763536498
581,2.905,7.582767546924566,7.438250594731468,7.477725046528491
582,2.91,7.980991759561133,7.836591597030869,7.867736493934197
583,2.915,8.275144103713355,8.132833286903834,8.156537878006914
584,2.92,8.466888400675534,8.33664627284161,8.344720763874495
585,2.9250000000000003,8.557856344471867,8.45265043230031,8.433268626667033
586,2.93,8.549156472064098,8.480242065849048,8.429224963561758
587,2.935,8.441155825346863,8.416578028915163,8.33513692902217
588,2.94,8.233424533369021,8.25865045461838,8.143265583628478
589,2.945,7.924816573456173,8.003753020163444,7.849228407382933
590,2.95,7.513731713140493,7.649363430118669,7.46313473816153
591,2.955,6.998696652411781,7.193172210678208,6.990249271899925
592,2.96,6.379558228543633,6.633615254546712,6.426171275096104
593,2.965,5.65985415308919,5.971281774256284,5.779218934908968
594,2.97,4.851364110373783,5.211880437041722,5.060137459462246
595,2.975,3.982310909403796,4.371984820307403,4.260801793749479
596,2.98,3.1101929810885043,3.4892695008936876,3.418860980470674
597,2.985,2.3354768288742385,2.637911022884733,2.6178187780941933
598,2.99,1.79870033591648,1.9426261835862633,1.9750634034844659
599,2.995,1.632309540278797,1.5660488729365802,1.6435956653131965
600,3.0,1.8776728951533213,1.6344517096988258,1.7432850980192898
601,3.005,2.453445197882957,2.134934213784143,2.259489608925437
602,3.01,3.217513659315543,2.913414187470341,3.041733326666116
603,3.015,4.043950213925688,3.789908607691575,3.9157913936791884
604,3.02,4.851950386233516,4.644501901423486,4.7665165168900465
605,3.025,5.59946301088787,5.420503043316032,5.540201540695495
606,3.03,6.268786468463434,6.098752852875252,6.219254479343692
607,3.035,6.855473651167583,6.678605419826617,6.8029204423083645
608,3.04,7.361722320299443,7.169238933777674,7.297262243775824
609,3.045,7.79283566721769,7.585226797356661,7.710522043910569
610,3.0500000000000003,8.15542433674057,7.940884692659198,8.051181186519313
611,3.055,8.456520517204103,8.245368715803032,8.327404873318258
612,3.06,8.703146868793093,8.503131673267204,8.54694285069041
613,3.065,8.902099469992695,8.717233646480443,8.717071755077336
614,3.0700000000000003,9.059820541192996,8.891281685242246,8.844775551132184
615,3.075,9.182298993064794,9.029633524839458,8.937158015532052
616,3.08,9.27497148609473,9.136971977765963,9.001537648196225
617,3.085,9.342617438776234,9.217856638197688,9.045008377125605
618,3.09,9.389254624337903,9.276389944209441,9.073961219461982
619,3.095,9.418049974823392,9.315988849753108,9.093844258283383
620,3.1,9.431263414347224,9.339241159599645,9.108943188404336
621,3.105,9.430241021822392,9.347838332240432,9.122092193134323
622,3.11,9.41546822158858,9.342584117784419,9.13417020636319
623,3.115,9.386685641710969,9.323477676923952,9.143499199757333
624,3.12,9.34306207903909,9.289864263904258,9.146051174288964
625,3.125,9.28341290167902,9.240640342956024,9.136410120365914
626,3.13,9.206449535138676,9.174496274871288,9.108534532685637
627,3.135,9.111046400429622,9.090179776801047,9.056643297458724
628,3.14,8.996514518622751,8.986766660435599,8.97695018853003
629,3.145,8.862873874776794,8.863929946922147,8.868890189972783
630,3.15,8.711117172029304,8.722201758453735,8.734412082391998
631,3.155,8.54345357851086,8.563221809022906,8.57682162233406
632,3.16,8.36351082657864,8.389959691334605,8.400597885983586
633,3.165,8.176457291541956,8.206884197151881,8.211691920949022
634,3.17,7.988985148383133,8.020032226395635,8.017595423496166
635,3.1750000000000003,7.809079372154496,7.8369069650222745,7.827020547005848
636,3.18,7.64550008685722,7.666121093983852,7.649416844455644
637,3.185,7.506946440334731,7.516714702585837,7.494398519804484
638,3.19,7.400959785105236,7.397140398195894,7.370786074423384
639,3.1950000000000003,7.332746152924409,7.314026124270455,7.285308095027425
640,3.2,7.304197693026778,7.27096716337329,7.2415728440264395
641,3.205,7.313396955441592,7.267685086004029,7.239626195714464
642,3.21,7.354761859485517,7.299839712757831,7.27579543680922
643,3.215,7.419781532674453,7.359577553843648,7.342783747081424
644,3.22,7.498113221768953,7.436643259095873,7.430399335702782
645,3.225,7.578746608736077,7.519713928004489,7.526697634494264
646,3.23,7.651000990388168,7.597617340514615,7.619088174853832
647,3.235,7.7052421944793,7.66022580837623,7.695725696604462
648,3.24,7.733320063515849,7.698978738243694,7.746917388108823
649,3.245,7.728797009863424,7.707103673746916,7.765489485246343
650,3.25,7.687062430297596,7.679657462968238,7.746401670902341
651,3.255,7.605422823615131,7.613512215851745,7.686528781730182
652,3.26,7.48323945084323,7.507387742910309,7.58471351975381
653,3.265,7.322162509285544,7.361999181394735,7.441921685722039
654,3.27,7.126481992712503,7.180352973786938,7.261503366263325
655,3.275,6.903571652059618,6.968185091921043,7.049581212500829
656,3.28,6.664329895725509,6.7344814838705105,6.815516287742556
657,3.285,6.423410351124965,6.491934533031768,6.572312050983929
658,3.29,6.198901692211467,6.257060797731524,6.336691512787784
659,3.295,6.01103988814454,6.0495639953571025,6.1284442625650835
660,3.3000000000000003,5.879673569359666,5.890486738152231,5.968599621659023
661,3.305,5.82070219432055,5.7989573554643945,5.876236293396037
662,3.31,5.8424623358788335,5.788045729279824,5.864424998032572
663,3.315,5.94351953213495,5.861144298034901,5.936677394148277
664,3.3200000000000003,6.112925529510189,6.010613318590127,6.0855927675186745
665,3.325,6.332805739250094,6.219524288427456,6.294521795088587
666,3.33,6.582053809740039,6.465678040055163,6.541459080141153
667,3.335,6.83971726211624,6.726036564525682,6.803361191561746
668,3.34,7.087253771011102,6.980013538921743,7.059374852403838
669,3.345,7.309571597471658,7.211109712773878,7.29247293338182
670,3.35,7.495190463112726,7.407200269627088,7.489806551466004
671,3.355,7.635940355358204,7.5600464080791685,7.642346158355116
672,3.36,7.726520569609204,7.664522110802277,7.744286432505141
673,3.365,7.764113605220877,7.7178879568616185,7.792495868586435
674,3.37,7.748151538565869,7.71930835853075,7.786139304295312
675,3.375,7.680274011935978,7.669691787159589,7.726515136670423
676,3.38,7.564482369381683,7.571836752395551,7.617108380365974
677,3.385,7.407463633588243,7.430810664958253,7.46383851153325
678,3.39,7.219010534514046,7.254467579296529,7.275452986398097
679,3.395,7.012382262820248,7.0539817886446325,7.063962429721686
680,3.4,6.804332205472303,6.844196329440026,6.844916266281442
681,3.405,6.614412663732603,6.643456058279358,6.6371836316876465
682,3.41,6.463166131391628,6.472481311644055,6.461796053619243
683,3.415,6.3690983129523335,6.351902671849938,6.339479447872101
684,3.42,6.344968501689915,6.29852556199417,6.28695004512004
685,3.4250000000000003,6.394640427895566,6.321235927351205,6.312876918924718
686,3.43,6.511878393206635,6.418201951663084,6.415137512290736
687,3.435,6.681669945876472,6.576841088565276,6.580804903951244
688,3.44,6.883397940043877,6.776672558364657,6.78898434011038
689,3.4450000000000003,7.094449082443612,6.9936490733191,7.015122046305073
690,3.45,7.293053175695213,7.204112482119825,7.23496051146668
691,3.455,7.459868537424356,7.387253730457789,7.427024561980127
692,3.46,7.578444086750799,7.525973271601304,7.573525623782917
693,3.465,7.634943583146208,7.60660578333334,7.660153823628952
694,3.47,7.617498647247548,7.618047740337515,7.675312614954895
695,3.475,7.5154343820476015,7.550687476394513,7.609186487009195
696,3.48,7.31849393279359,7.395384488061399,7.452837867625184
697,3.485,7.01611600710457,7.142620486789125,7.197398487225811
698,3.49,6.5968011129931,6.781846022040407,6.833364611821262
699,3.495,6.0476542387117815,6.301006003690042,6.350014218364683
700,3.5,5.354379349807847,5.686304328860103,5.735052253055116
701,3.505,4.502524728552953,4.92255263147336,4.974846562375532
702,3.51,3.48218793617985,3.995190951406362,4.056310189941525
703,3.515,2.302009915349431,2.8970000058153618,2.973341260099632
704,3.52,1.025890330525371,1.6474096152946878,1.7454632458146708
705,3.525,-0.1506980302261554,0.34216506240113986,0.46588105910143973
706,3.53,-0.8356835430667907,-0.7479205964535822,-0.6027925053363017
707,3.535,-0.6419629206587268,-1.119218368512585,-0.9719383560276897
708,3.54,0.3639335570706231,-0.3908138194020525,-0.2695449802855743
709,3.545,1.751271134403676,1.1073642333394313,1.1898708726904932
710,3.5500000000000003,3.1721632622557068,2.7343919102412633,2.7870511351091474
711,3.555,4.4709208991424685,4.181663762921234,4.220042331930362
712,3.56,5.60133888794272,5.393984009980368,5.432459560007381
713,3.565,6.5602089043627965,6.387120378955577,6.439099816528561
714,3.5700000000000003,7.357723687970185,7.1850027212680825,7.265049694332098
715,3.575,8.006456409894069,7.808466705090813,7.931671530115965
716,3.58,8.517649518147662,8.284745473897075,8.455007413437453
717,3.585,8.90015100259886,8.652312849787775,8.846440731444469
718,3.59,9.160240557007542,8.932623415698146,9.113613241045545
719,3.595,9.301694681408666,9.119601174350132,9.261329422680001
720,3.6,9.325845357821525,9.201666376576387,9.292082731486975
721,3.605,9.23152910531434,9.17141734496835,9.206245041541653
722,3.61,9.014862179924828,9.023498346419537,9.002139491338273
723,3.615,8.668768093269074,8.75169112947238,8.675940649287604
724,3.62,8.182136675319056,8.3470619975885,8.221260486212145
725,3.625,7.53839377788287,7.796433302441418,7.628038521826767
726,3.63,6.713054886717663,7.080452037047715,6.88038466847349
727,3.635,5.669387698020847,6.170519585370426,5.954470050168836
728,3.64,4.350243363023656,5.0233810006451804,4.814990887908844
729,3.645,2.66128270104171,3.570802536135323,3.4025634879491795
730,3.65,0.432099524483607,1.6979427944494945,1.6063084573131894
731,3.655,-2.6909839271894875,-0.8080591628127696,-0.7872306166048455
732,3.66,-7.6246798952394945,-4.404221241340414,-4.229758125648823
733,3.665,-16.571273957703244,-10.327392428210626,-9.927307230903835
734,3.67,-10.687630134681427,-21.509551019436927,-20.731957893912373
735,3.675,-4.577622944592903,-6.937607106861712,-6.718870467645484
736,3.68,-1.0538491711402678,-0.8935304833835804,-0.8187420087431603
737,3.685,1.321261066181206,1.4828789521266081,1.5372177073398787
738,3.69,3.04420057630042,3.236905781633147,3.2711797949583277
739,3.695,4.335829560855864,4.502585452004311,4.521889175218533
740,3.7,5.311718419330646,5.46412214530422,5.4674227378432505
741,3.705,6.038601363527707,6.1710248746723355,6.173061173675656
742,3.71,6.55722178542576,6.711708725268352,6.677075051750815
743,3.715,6.892892060144124,6.315067099124784,7.011002110657897
744,3.72,7.060799523980834,6.597663180275912,7.187129663914984
745,3.725,7.06875717978506,6.844364770540591,7.2070790011532875
746,3.73,6.918540568010814,6.843036690920359,7.075284075725838
747,3.735,6.606306146047299,6.652263067572725,6.787664720509033
748,3.74,6.12227493301712,6.2834855272712975,6.333584285712912
749,3.745,5.449689933810494,5.73095722366207,5.700251271080584
750,3.75,4.562976799518573,4.9775891838894255,4.871946988770742
751,3.755,3.425223892045897,3.994900733190992,3.8128804018856046
752,3.76,1.9865057010539844,2.7409751777025244,2.509730283896022
753,3.765,0.1918774994300602,1.1596740809369543,0.9089822345119267
754,3.77,-1.9566441847532967,-0.8055807573619465,-1.115583010877363
755,3.775,-4.105510501762594,-3.118676845586715,-3.474212596736397
756,3.78,-4.949802652686474,-5.222779934842128,-5.509709264961222
757,3.785,-3.570666648837473,-5.268058273214228,-5.411349581693621
758,3.79,-1.2961510142872577,-2.5712254120962372,-2.7128335365188816
759,3.795,0.8242802894488844,0.2546805953672413,0.15909942468963312
760,3.8,2.5777306140075584,2.3345937992573775,2.292218103910013
761,3.805,3.990238810664104,3.8852030375170297,4.136559939841644
762,3.81,5.118563297353832,5.065271991642186,5.273823848125077
763,3.815,6.01051036112895,5.964655793278247,6.1019742236604415
764,3.82,6.701257971189422,6.624183992272513,6.816401743785206
765,3.825,7.21570944445201,7.053233892048773,7.315923600027658
766,3.83,7.571075674751013,7.317628993435694,7.658746969963804
767,3.835,7.778794201293153,7.533625640267355,7.832341780432964
768,3.84,7.845832713566282,7.673146289359066,7.851342810669133
769,3.845,7.775559652944586,7.688373182478432,7.7732194928198455
770,3.85,7.568362524803531,7.566720479522516,7.56780032163155
771,3.855,7.22221077025369,7.305533844160118,7.2012984515873
772,3.86,6.733461822663212,6.902347277519437,6.706149011161356
773,3.865,6.098495300840313,6.353685644929998,6.108482771130559
774,3.87,5.317441177055216,5.656840629470288,5.377945461545824
775,3.875,4.402719618572074,4.8148030517523,4.445127487819917
776,3.88,3.3974984874750684,3.8475968806744287,3.407622534917559
777,3.885,2.4094427489027384,2.8164143237838344,2.3752335765518118
778,3.89,1.6465291835478166,1.8660215401652325,1.4433239990773314
779,3.895,1.3787005623967044,1.26144074885649,0.8399241683910716
780,3.9,1.74691424531355,1.3065609402601268,1.0949778487823294
781,3.905,2.6172763274888493,2.065762821842462,1.9366614304328502
782,3.91,3.721010778578736,3.2451276936296423,3.136640458967034
783,3.915,4.84833752399949,4.495047829572656,4.470341986781148
784,3.92,5.890311371838685,5.633361879820219,5.677460245324342
785,3.925,6.80364003490315,6.604734753262475,6.673939840994732
786,3.93,7.576593469080949,7.403777073485134,7.484167473223653
787,3.935,8.210257799404529,8.039598364584863,8.137842018606598
788,3.94,8.709884705674945,8.527064687224087,8.644030830498135
789,3.945,9.081174496888902,8.887758005693891,9.011721784038567
790,3.95,9.32873476406582,9.143177729721192,9.249074674853258
791,3.955,9.455438995557516,9.301092472314114,9.366105114261952
792,3.96,9.462112915324346,9.356537415571573,9.369651234181951
793,3.965,9.34728137057962,9.301473966894196,9.257246221121768
794,3.97,9.106829341255322,9.128496195295067,9.02597087560852
795,3.975,8.73346183017945,8.829860789151727,8.67579928603207
796,3.98,8.215822130713192,8.395670011430639,8.199565641046721
797,3.985,7.537043081744211,7.812089472013824,7.578515488161374
798,3.99,6.67232122303674,7.059243833480963,6.793449109562715
799,3.995,5.584710614449838,6.108097494152921,5.828477669759482
800,4.0,4.217457896674111,4.915191431331477,4.6490411092446955
801,4.005,2.479145961405905,3.4130139985403773,3.1904150879206448
802,4.01,0.2130806239321073,1.4910868600906388,1.3536738821829561
803,4.015,-2.864629284365826,-1.0435522225533918,-1.0518594819504035
804,4.0200000000000005,-7.176781035789354,-4.545951390465875,-4.398910531635025
805,4.025,-10.916388441928934,-9.515245847055908,-9.177244164296669
806,4.03,-7.499443526090308,-12.852870997161423,-12.395017752186964
807,4.035,-3.3635301365814025,-5.2536333477640085,-5.05330532473268
808,4.04,-0.4724797534861111,-0.7232987093495895,-0.6194887521357169
809,4.045,1.592344279744588,1.6171412070930957,1.6993675935580619
810,4.05,3.11679036532126,3.23116234742152,3.3030112184271108
811,4.055,4.257304176751971,4.3888294147949365,4.456387852726072
812,4.0600000000000005,5.103598753332973,5.233833445817904,5.303511490854904
813,4.065,5.7096737120964525,5.821138844077211,5.909455579787661
814,4.07,6.108725938053604,6.109117781532943,6.311612260702101
815,4.075,6.320662511545018,5.991329455498202,6.5348870107083314
816,4.08,6.35598965051404,6.089826223754617,6.5894517371160255
817,4.085,6.217737946436532,6.116686918732127,6.47671946961869
818,4.09,5.9021710384487225,5.941888645752193,6.19538759244617
819,4.095,5.398607508369242,5.569126501898386,5.736925625907389
820,4.1,4.688525663666338,4.99307689784938,5.085102813600015
821,4.105,3.744282275388957,4.195708460256153,4.217359113063665
822,4.11,2.528944679858898,3.147035921337817,3.1037444032055284
823,4.115,1.0039682327099095,1.8067356154729577,1.7065340241989202
824,4.12,-0.8266503176657061,0.13687840770656035,0.0016300543407234969
825,4.125,-2.73314101296793,-1.8327015461379448,-1.9888539358895372
826,4.13,-3.840162060951479,-3.741335822418339,-3.936454024217646
827,4.135,-3.100617588103476,-4.343384214491451,-4.592288422673748
828,4.14,-1.119810379020626,-2.5013065669191654,-2.788401156904814
829,4.1450000000000005,0.9966067488844512,0.2263232503952155,-0.034301422936430015
830,4.15,2.8502377531854406,2.4614147520654748,2.249066355170001
831,4.155,4.395690424950713,4.182000280111341,4.0523011050336235
832,4.16,5.66879187719231,5.525746760170238,5.510208663615699
833,4.165,6.712493344584605,6.586144322150363,6.742753481917958
834,4.17,7.562304389639564,7.413697131269174,7.596550907361275
835,4.175,8.245362130406605,8.029485245399625,8.245002149882936
836,4.18,8.782047259686879,8.474088418536374,8.7761127213272
837,4.1850000000000005,9.187690201270485,8.849192156265364,9.159542742881612
838,4.19,9.473934915289448,9.174649651344819,9.415262471915739
839,4.195,9.649782379462325,9.411788081139147,9.544110269862575
840,4.2,9.72241931551824,9.546440840419502,9.564304747532635
841,4.205,9.697941309069774,9.580097922330793,9.502974253662781
842,4.21,9.582074492040128,9.518051617518232,9.349867730626528
843,4.215,9.381002034582798,9.366455805877024,9.100957586866144
844,4.22,9.102408999460671,9.13238949062045,8.784186124014226
845,4.225,8.756856069649599,8.82488089983743,8.421433262099372
846,4.23,8.359538899142233,8.456467080860898,8.002890419989974
847,4.235,7.932301922103675,8.045189421044597,7.524501443809208
848,4.24,7.505329018490894,7.6167575341125655,7.0649010490423745
849,4.245,7.117176886970562,7.206042682430523,6.69022778213026
850,4.25,6.811134540879377,6.8561351315864565,6.409093775712202
851,4.255,6.626524167553381,6.6125668847610415,6.256446931848355
852,4.26,6.586825815705972,6.511695295399123,6.321412759457884
853,4.265,6.6908245562212265,6.567024142594339,6.486146130280254
854,4.2700000000000005,6.912946948216993,6.762145518140616,6.750738620440691
855,4.275,7.212523917595415,7.056455051943603,7.094254816451214
856,4.28,7.545583182249555,7.399715540176157,7.452300275361233
857,4.285,7.873188771326143,7.745569114968513,7.801524196257825
858,4.29,8.164736912219453,8.058179508973375,8.112670225025727
859,4.295,8.397706569298236,8.312807753332935,8.360252811461987
860,4.3,8.555853710974011,8.493508637713454,8.528597412844535
861,4.305,8.62712053575501,8.590158024898969,8.61003920114797
862,4.3100000000000005,8.601787689625247,8.59564668552974,8.601021425760838
863,4.315,8.470967379200395,8.503520004841,8.494016767330088
864,4.32,8.225353002686346,8.306283465642489,8.280101675590153
865,4.325,7.854082572854893,7.99438925650613,7.953436353229058
866,4.33,7.343559067502705,7.555561097345624,7.505045727211905
867,4.335,6.676068961759823,6.9739910278151465,6.916359724677793
868,4.34,5.828066877885934,6.229090423786237,6.164697258497634
869,4.345,4.768178763318,5.293685436305491,5.230552363090799
870,4.3500000000000005,3.4558784008651355,4.131881750314946,4.085985689408089
871,4.355,1.845811745999613,2.6981273074344183,2.686139558143504
872,4.36,-0.0798457117926188,0.9447834667431319,0.9871721367307362
873,4.365,-2.162738815463189,-1.1294160598677392,-1.0096088933065666
874,4.37,-3.644617979044516,-3.2640320185498783,-3.0682259238010205
875,4.375,-3.3077538756035896,-4.356353308461971,-4.12812893159612
876,4.38,-1.4795006364937406,-2.9316974965578435,-2.749425052670172
877,4.385,0.6109344979368376,-0.21330349648110136,-0.09941501008680032
878,4.39,2.454332257959581,2.068861535166304,2.147507091569625
879,4.3950000000000005,3.979640422481284,3.796089829964446,3.8652419722354043
880,4.4,5.220842772125515,5.120562802739102,5.195750210005412
881,4.405,6.222776410051615,6.1468190604601185,6.2408199556129365
882,4.41,7.022563716804156,6.932012126422473,7.0628391080109445
883,4.415,7.648136234124422,7.499289406387776,7.700427866569954
884,4.42,8.119902609936783,7.877287586025254,8.178996714681086
885,4.425,8.452536368518382,8.167375224349723,8.515344680150589
886,4.43,8.65635108148225,8.408949779335991,8.720286815952841
887,4.4350000000000005,8.738271713041069,8.558854842751192,8.801174455991289
888,4.44,8.702502915694442,8.595132208718098,8.762874965588518
889,4.445,8.550992670812978,8.51439445232852,8.608078800586103
890,4.45,8.283780018016744,8.316966578228254,8.337973275989626
891,4.455,7.899324658923037,8.002527883591725,7.95286490644364
892,4.46,7.394963267554008,7.569406550232486,7.452951778736063
893,4.465,6.767757429907883,7.014936088421647,6.839248130718181
894,4.47,6.016263460737466,6.336534410511145,6.111546364400238
895,4.4750000000000005,5.144296493346692,5.534033935318539,5.271764534709882
896,4.48,4.168726881750305,4.614610060653241,4.339249723190173
897,4.485,3.134416091304141,3.602886602477565,3.3561528954969013
898,4.49,2.1376134809445992,2.5599207784433773,2.38375886118093
899,4.495,1.3443528686289774,1.6113284563178358,1.5255456041802953
900,4.5,0.9558099080607474,0.9625586930109304,0.967877654554719
901,4.505,1.0841344535268218,0.8335028265176678,0.9212208193930977
902,4.51,1.6531800067303737,1.2830355059587757,1.4349810758853794
903,4.515,2.469472278198755,2.124607919085603,2.299896495147952
904,4.5200000000000005,3.35656338841724,3.094290145851546,3.258957069366697
905,4.525,4.207620875531103,4.0208001262146755,4.170636551135926
906,4.53,4.972771699962534,4.833819805544836,4.97244792031045
907,4.535,5.634944650237895,5.51597647802075,5.646224550543526
908,4.54,6.193390803494826,6.071507046969378,6.196543375277009
909,4.545,6.654990817544855,6.5147619191770225,6.637321032290784
910,4.55,7.030173034972074,6.867571225619628,6.986730107261831
911,4.555,7.33114863659643,7.153940838114816,7.258576436866473
912,4.5600000000000005,7.571200804491943,7.391323248699425,7.464089954594764
913,4.565,7.764363869980278,7.589786529463561,7.619177870021339
914,4.57,7.925124410668889,7.7578510189238505,7.740695216998712
915,4.575,8.06792899442394,7.905863549252239,7.839381754186279
916,4.58,8.20639694957223,8.045708128286181,7.924363901357783
917,4.585,8.352265463121734,8.18916639949459,8.013676001401851
918,4.59,8.514241607227415,8.346137520843413,8.126185107753587
919,4.595,8.697051623480439,8.523120751831078,8.269485672671792
920,4.6000000000000005,8.90098680961336,8.722234351948625,8.448557524291113
921,4.605,9.122111490918456,8.940997406726186,8.668833037274435
922,4.61,9.3530760440775,9.172916938550536,8.913638330507322
923,4.615,9.58428650790085,9.40866880159073,9.166032931688203
924,4.62,9.80511720402503,9.63749600285892,9.422687508584428
925,4.625,10.004919076025937,9.848459337459968,9.672339097635522
926,4.63,10.173706624855626,10.03132049644151,9.898442098265368
927,4.635,10.302525422772398,10.177010358648015,10.086478641596381
928,4.64,10.383572611729194,10.277755974010784,10.222959149595367
929,4.6450000000000005,10.41016576175208,10.326990677110725,10.296781961211352
930,4.65,10.376650564959098,10.319172789694328,10.301674435109918
931,4.655,10.278325282835926,10.249616193186817,10.23521074260074
932,4.66,10.111453642738164,10.114411060113781,10.096122330567038
933,4.665,9.87344644968366,9.910499856795607,9.883577571873488
934,4.67,9.563321193071587,9.635983261191068,9.597872208144235
935,4.675,9.182601750368688,9.29076964229942,9.241232261964353
936,4.68,8.736891011681049,8.877750897335698,8.818618734737303
937,4.6850000000000005,8.238396673380908,8.40477226805149,8.339264790590066
938,4.69,7.709571758677399,7.887700331964822,7.819773495584026
939,4.695,7.187390673151118,7.354679869202631,7.288416875060651
940,4.7,6.726060758812004,6.850729607462101,6.78936121840384
941,4.705,6.3932400154372,6.439488367575091,6.3843804071997825
942,4.71,6.25419212859088,6.195626408822951,6.146234067105365
943,4.715,6.346135173272462,6.182020247306145,6.137017054737482
944,4.72,6.659379283699866,6.41848281892681,6.377240007823763
945,4.7250000000000005,7.1422533143687685,6.8668657214247055,6.830588459479225
946,4.73,7.725064065956858,7.449724305489445,7.421656343366553
947,4.735,8.343196979440677,8.08541755125907,8.069531871696192
948,4.74,8.947937482710687,8.711213895382432,8.710505796272328
949,4.745,9.50700024480689,9.28762041004968,9.303846292330167
950,4.75,10.000729861749797,9.79330342287621,9.827256420932342
951,4.755,10.417842184542652,10.218824604092482,10.269588563427464
952,4.76,10.75209254662246,10.561741019910265,10.625569176526248
953,4.765,11.000005894052084,10.822726711420401,10.892903716598875
954,4.7700000000000005,11.159419479828966,11.002496273239956,11.070638853076328
955,4.775,11.228560483294592,11.100176989167808,11.158213501803633
956,4.78,11.205447304191944,11.113247216527036,11.154925102888908
957,4.785,11.087472466451572,11.03811202490325,11.05961094011424
958,4.79,10.871076075610144,10.870461312867327,10.87041992964555
959,4.795,10.551453543619091,10.605227311777973,10.584600444266094
960,4.8,10.12226826956419,10.236298342956157,10.198256963935288
961,4.805,9.575372240562798,9.756146534263875,9.706056128927488
962,4.8100000000000005,8.900600349206968,9.155469085462538,9.100901574380869
963,4.815,8.085857795785508,8.422965509373117,8.37364554557311
964,4.82,7.11812088027504,7.545556787636734,7.513055553592864
965,4.825,5.987032851153009,6.509889409103601,6.506847520387655
966,4.83,4.695510622791553,5.307405703113237,5.346208978223681
967,4.835,3.287882780037386,3.9489506524998963,4.0398890927927695
968,4.84,1.912444849378084,2.5029050295077275,2.6514557396910776
969,4.845,0.8999850500208834,1.1772870198767706,1.3793767470022775
970,4.8500000000000005,0.6686546051162441,0.40684501350261026,0.6423596043720732
971,4.855,1.3051678544862546,0.657226207352565,0.891690374226132
972,4.86,2.4498179403044977,1.8214305696839355,2.027902934750764
973,4.865,3.714269576284481,3.2823374004770587,3.45702540609355
974,4.87,4.896174494630172,4.6296215696493,4.7812393042593175
975,4.875,5.925836477154548,5.757074769192743,5.896383260215453
976,4.88,6.791314359114752,6.667832503554175,6.806155389846284
977,4.885,7.500728230071668,7.385254228112174,7.536061878750308
978,4.89,8.067476177256976,7.931461477308572,8.110652898539628
979,4.8950000000000005,8.505095520195425,8.331811575612113,8.549640710769959
980,4.9,8.8257812168002,8.62448980517865,8.868264201731561
981,4.905,9.040242135900955,8.841374655468204,9.078347995742817
982,4.91,9.15803961740785,8.98720122061724,9.189542171845456
983,4.915,9.18810687947797,9.05647880540362,9.210425322030456
984,4.92,9.139354510511083,9.048652615025038,9.149400528462515
985,4.925,9.021338055129998,8.96875133113078,9.015568653675816
986,4.93,8.8449720543207,8.825347874168532,8.819566287326621
987,4.9350000000000005,8.623240571274222,8.629741550270378,8.574343544166668
988,4.94,8.371777573506167,8.396016409566682,8.295772422888142
989,4.945,8.109075958371896,8.141295100261232,8.002714219978357
990,4.95,7.855970464936024,7.885636112201132,7.7174096015364
991,4.955,7.634033301013201,7.651059121369929,7.466554256975021
992,4.96,7.462780770444178,7.4593003706941925,7.278381918893988
993,4.965,7.356183924499002,7.32833672081521,7.173487396149813
994,4.97,7.319650647199482,7.26851355938747,7.157542441396501
995,4.9750000000000005,7.348815391432549,7.279834230884923,7.22295451691524
996,4.98,7.430755329749611,7.35184652856514,7.352980476101497
997,4.985,7.547063604843568,7.466333330241929,7.522252814196271
998,4.99,7.677465009904987,7.601549956454688,7.698909356302977
999,4.995,7.802802258470484,7.736247135396281,7.856212557062673
1000,5.0,7.906892656812301,7.852358865533847,7.980503233729227
1001,5.005,7.977365436090247,7.936208292036346,8.063543824956517
1002,5.01,8.005868806561887,7.9786725223771935,8.098149174910876
1003,5.015,7.988043217600658,7.974860503731486,8.080313553253456
1004,5.0200000000000005,7.923547781328336,7.923744688208828,8.010502603729588
1005,5.025,7.816298536394121,7.828039250803849,7.893683224125754
1006,5.03,7.674949902520309,7.694471346972573,7.738262533721302
1007,5.035,7.513494332105695,7.534417125069414,7.556273587261092
1008,5.04,7.351628887798562,7.364649748867366,7.3654190367505885
1009,5.045,7.214250988006466,7.207663593282115,7.189292625877008
1010,5.05,7.129262390673428,7.090736196525176,7.054886721535807
1011,5.055,7.123162320776425,7.042794717645425,6.990049954691379
1012,5.0600000000000005,7.215049017341891,7.088754384018303,7.020592394443324
1013,5.065,7.411233171107473,7.242622014274522,7.16342769831492
1014,5.07,7.703228140065148,7.502494508470884,7.41879950351105
1015,5.075,8.070275966611863,7.850550488365429,7.770054124569639
1016,5.08,8.484902978930885,8.258280849433572,8.189239917284917
1017,5.085,8.918686332746086,8.693922943477295,8.64152454146977
1018,5.09,9.346216282348896,9.128500664239862,9.093063787749744
1019,5.095,9.746827510719712,9.538861496214407,9.519362739490155
1020,5.1000000000000005,10.10468978375509,9.908138135764318,9.903645985692624
1021,5.105,10.40805260390879,10.224771093723529,10.233149725240704
1022,5.11,10.648222897330765,10.481001544368993,10.498521265038605
1023,5.115,10.818578708611842,10.671353757462104,10.693179184674957
1024,5.12,10.913728313125024,10.791387955613947,10.812280358713835
1025,5.125,10.928821304538074,10.836846541653479,10.851926133889386
1026,5.13,10.858973917682986,10.803151503333876,10.808560337100948
1027,5.135,10.69875494620193,10.685092298493146,10.678453574907095
1028,5.14,10.441671720706502,10.476532351585206,10.45720918695263
1029,5.1450000000000005,10.079586169442935,10.17001672600209,10.139227608927879
1030,5.15,9.6019703332738,9.756206338424615,9.717053233915545
1031,5.155,8.994868186985567,9.223059201151054,9.180500493828387
1032,5.16,8.239347401506391,8.554623743526287,8.515401207577451
1033,5.165,7.309063163467777,7.729195263521657,7.701713690370538
1034,5.17,6.166240055907836,6.716373931547175,6.710545706615774
1035,5.175,4.754766337383193,5.472155250513447,5.499273186943057
1036,5.18,2.988069230159052,3.930403531707433,4.003196650870948
1037,5.1850000000000005,0.7293830344503892,1.9878008763769959,2.1209458568008164
1038,5.19,-2.2177807466979567,-0.520122264653792,-0.30870327068231607
1039,5.195,-5.834132618492545,-3.8223917197495396,-3.5101696529307684
1040,5.2,-7.661822340072982,-7.772596155603168,-7.345936325062075
1041,5.205,-4.905340969703838,-8.506984712907332,-8.085010526535575
1042,5.21,-1.57696804840646,-3.072476485899668,-2.850337659674474
1043,5.215,0.9884761246732936,0.6110950961697315,0.738357481213284
1044,5.22,2.925555383789185,2.8426519127468213,2.9349951637179883
1045,5.2250000000000005,4.415450738363869,4.426187272970408,4.504322363771407
1046,5.23,5.576684830893354,5.607143167742349,5.683919329229115
1047,5.235,6.484176478013871,6.5039995565797435,6.593664434054945
1048,5.24,7.186690329231284,7.1638391179900305,7.29438246882007
1049,5.245,7.717080554200849,7.544133772815379,7.822879837513597
1050,5.25,8.098142463032902,7.713630368329746,8.204059259715121
1051,5.255,8.346068580315531,7.996207825926572,8.452428323024723
1052,5.26,8.472598479481894,8.225585222776209,8.57744128037319
1053,5.265,8.48645348442914,8.328695333163918,8.58724636375852
1054,5.2700000000000005,8.394399108329836,8.311900503795746,8.487597906312288
1055,5.275,8.202161891623753,8.185646684974518,8.283022167059581
1056,5.28,7.915383556683404,7.95826640369992,7.9785752295273396
1057,5.285,7.540794274804407,7.637268925884763,7.580475380297644
1058,5.29,7.087804972574002,7.23117039665984,7.099824800370317
1059,5.295,6.570712526392746,6.751635509527559,6.555213115591136
1060,5.3,6.011574772004944,6.2161930781468575,5.957545604677728
1061,5.305,5.443322357354203,5.651567165328457,5.33097992596048
1062,5.3100000000000005,4.911543572075211,5.096942580165635,4.752941481574647
1063,5.315,4.471755267256024,4.604969527098535,4.311309930636942
1064,5.32,4.178646502394173,4.236405832598486,4.040443765312618
1065,5.325,4.068206393170348,4.044723097999949,3.943962544205304
1066,5.33,4.142327355479715,4.054160939208725,4.05258755780978
1067,5.335,4.367938280596524,4.245811530260618,4.358460540131593
1068,5.34,4.691438355295987,4.565189252864192,4.782277346735434
1069,5.345,5.0569376304573606,4.9456289009465735,5.159146093626765
1070,5.3500000000000005,5.417957280539555,5.329063734717166,5.520257046046113
1071,5.355,5.740912068519545,5.674400809995016,5.858115956551327
1072,5.36,6.003724709338804,5.956572105648924,6.125429114845984
1073,5.365,6.192919233649849,6.162397090602234,6.310650772245441
1074,5.37,6.300937475261049,6.286529365261042,6.403830714779478
1075,5.375,6.324234013684783,6.328168147121547,6.412911867053329
1076,5.38,6.26218389317008,6.288577975189674,6.347944465263458
1077,5.385,6.1167073559935,6.169809895532978,6.19988584343662
1078,5.39,5.892541449356916,5.974889113534299,5.969391026570117
1079,5.3950000000000005,5.598144871900921,5.709103788156879,5.676077213697793
1080,5.4,5.247232128495879,5.381857748326992,5.333135656079145
1081,5.405,4.860799524366481,5.008851589978168,4.938640768233906
1082,5.41,4.469080743796385,4.614436334910617,4.509691131098946
1083,5.415,4.112040798086223,4.2334575008658035,4.107972926355794
1084,5.42,3.836096291397817,3.910804484353569,3.7840620065066375
1085,5.425,3.6850874750266582,3.6958652774484655,3.5698145054969688
1086,5.43,3.686968704280095,3.630130679636701,3.5252922818137495
1087,5.4350000000000005,3.84303996034111,3.7314089114671143,3.682138528249018
1088,5.44,4.127391422979826,3.9845514561223507,3.956527444326486
1089,5.445,4.496988838079083,4.346846178144129,4.328682473175152
1090,5.45,4.905081546878124,4.764377068254688,4.768987481957598
1091,5.455,5.310729961961115,5.187619020778673,5.2163015986032
1092,5.46,5.682511564935658,5.579056399307,5.631241378858962
1093,5.465,5.99820923848778,5.913757066131234,5.987968391560152
1094,5.47,6.242836496769448,6.176761158296617,6.269353289023612
1095,5.4750000000000005,6.406468979219467,6.35988832798081,6.465084850048398
1096,5.48,6.482484194383924,6.458870923291473,6.569254413398074
1097,5.485,6.466344818399792,6.471082961861759,6.578531371618726
1098,5.49,6.35490008767619,6.394161890661716,6.49108047352701
1099,5.495,6.146180412510756,6.225679843702952,6.306098579370514
1100,5.5,5.839742486131183,5.9636616262891025,6.023860185079041
1101,5.505,5.437762550293025,5.6076920940282085,5.646335336576998
1102,5.51,4.947272569754234,5.160698161110687,5.178656423487116
1103,5.515,4.384143078269752,4.631919461593873,4.631918602685795
1104,5.5200000000000005,3.77937638123085,4.041864746010832,4.027990109655205
1105,5.525,3.187122197828112,3.4298492861220735,3.406851952633715
1106,5.53,2.6898615331329423,2.8628847159279984,2.8352494860641695
1107,5.535,2.389293948595465,2.439093824722645,2.409982143881946
1108,5.54,2.371517985673433,2.2702411906519195,2.240851813309382
1109,5.545,2.660178947747665,2.4320826929159995,2.4023354867362556
1110,5.55,3.201217645306473,2.9106787189375196,2.88123229628442
1111,5.555,3.896668416989053,3.605349354929351,3.579120043973754
1112,5.5600000000000005,4.650703103014484,4.390604813465578,4.372285353552651
1113,5.565,5.393198302419328,5.169664201916141,5.1641465905022255
1114,5.57,6.081048607195992,5.886130528199318,5.897346868196947
1115,5.575,6.690788265947605,6.513204191912331,6.543579042887513
1116,5.58,7.211003877584937,7.0414968790210475,7.091237020817532
1117,5.585,7.636962196995998,7.471380260133915,7.537097946525724
1118,5.59,7.967312152216714,7.80808934883901,7.881691047505042
1119,5.595,8.20219028715966,8.05722740467197,8.126947519944927
1120,5.6000000000000005,8.34216970365452,8.221497168715901,8.275084053893005
1121,5.605,8.387692697358935,8.30042257073295,8.32809498564711
1122,5.61,8.338780729317808,8.291922200138579,8.287535865789302
1123,5.615,8.194915663454742,8.19358412713547,8.154471242437001
1124,5.62,7.95505349910391,8.003082226807402,7.929534655304813
1125,5.625,7.61778730421007,7.718187062944834,7.613078838876728
1126,5.63,7.181740106564036,7.33681793362592,7.205448663589886
1127,5.635,6.646365091268525,6.857403902409734,6.707497387641242
1128,5.64,6.013490920599393,6.279808672298152,6.121559966628267
1129,5.6450000000000005,5.290204231993036,5.60723408238429,5.453158687152696
1130,5.65,4.4939717294244765,4.849820768732402,4.7139347634290285
1131,5.655,3.660908463669768,4.031008975245908,3.9269798699890592
1132,5.66,2.856448203772292,3.1975508888708726,3.1360885487174253
1133,5.665,2.1815423948289268,2.4314634212235724,2.4177312629568517
1134,5.67,1.7570541169639835,1.8535169594430085,1.885324866508241
1135,5.675,1.672502853109725,1.5949571120438764,1.6626896376857223
1136,5.68,1.9288948363394132,1.7257519503580343,1.8153037852041902
1137,5.6850000000000005,2.4380424404584065,2.194180703968888,2.292320324974775
1138,5.69,3.07924446974956,2.8585844594794025,2.957053585243548
1139,5.695,3.7511641091005137,3.5768672881802663,3.6728014695115414
1140,5.7,4.388101223224959,4.256398847437156,4.3506809259542685
1141,5.705,4.954080199898235,4.851159466366833,4.94682839437663
1142,5.71,5.432259113198313,5.343617534070544,5.4445566444437565
1143,5.715,5.816718513321856,5.731584499565895,5.840618154281846
1144,5.72,6.10745049692238,6.0215393767004395,6.137659120817147
1145,5.7250000000000005,6.307666118211255,6.224116475439649,6.340710672757211
1146,5.73,6.422531889157698,6.349295032837806,6.455864413134306
1147,5.735,6.4587558268164935,6.403830751385545,6.489989271868352
1148,5.74,6.424692050920423,6.392751623754362,6.450967324618015
1149,5.745,6.33077054674348,6.322246389881041,6.34834872930341
1150,5.75,6.190099511002245,6.201540454602008,6.194264756968198
1151,5.755,6.01904327993833,6.04372989986039,6.00420964711458
1152,5.76,5.837461286352994,5.866087604503356,5.797413537382118
1153,5.765,5.668151750116124,5.689840619769401,5.596658142002606
1154,5.7700000000000005,5.535014465123625,5.538971460109311,5.4271477265880765
1155,5.775,5.459750915539877,5.437533669981522,5.314007810396408
1156,5.78,5.457678049102541,5.4054547091527025,5.2783639575755155
1157,5.785,5.534120786055975,5.453825415026643,5.332462612408519
1158,5.79,5.683064151066223,5.5816455229933615,5.47555383417119
1159,5.795,5.888770488682129,5.77582728545741,5.693251366217979
1160,5.8,6.129517096672487,6.014600693853627,5.961175418854192
1161,5.805,6.381741553028061,6.272578370094911,6.250530433962366
1162,5.8100000000000005,6.6231975202454505,6.525246493553643,6.5329386493108
1163,5.815,6.834628934104412,6.751627549717085,6.783810469149982
1164,5.82,7.000186749551393,6.935103163427911,6.984314997141398
1165,5.825,7.10707010065653,7.063008401562497,7.121344661255617
1166,5.83,7.144816196521844,7.125632642509045,7.185748320873127
1167,5.835,7.104504521931073,7.11506767916766,7.17050813427224
1168,5.84,6.978002115683197,7.024164738500815,7.0696781291184285
1169,5.845,6.757291485133675,6.845723987432404,6.877710381353266
1170,5.8500000000000005,6.43388638700274,6.571920721446597,6.588780691754694
1171,5.855,5.998345413801218,6.193899333955683,6.196114165120086
1172,5.86,5.439948116512521,5.701478857059282,5.691527089776659
1173,5.865,4.746752130008234,5.08302413321151,5.065266516227559
1174,5.87,3.9066451415912407,4.3257803176262914,4.3062542407229145
1175,5.875,2.9110143342677035,3.4175201464185596,3.4036168924470718
1176,5.88,1.765138003953908,2.351715479829335,2.351835586978104
1177,5.885,0.51457782851618,1.141762008448623,1.1646904281138064
1178,5.89,-0.6989657685122372,-0.14351950662174584,-0.0905085549349458
1179,5.8950000000000005,-1.5719485889030025,-1.3073262875425362,-1.2229343787958307
1180,5.9,-1.72423683201804,-1.954065321158044,-1.8494487830681665
1181,5.905,-1.0594386147972537,-1.66212981426653,-1.5607685309887218
1182,5.91,0.1127235361829638,-0.5012949570479517,-0.4217717410830577
1183,5.915,1.4277992796317318,0.9840249137513424,1.0417588722507234
1184,5.92,2.680861742844733,2.392885470353742,2.4393672271165823
1185,5.925,3.794267253889119,3.602367839080879,3.649195169424794
1186,5.93,4.749889370741086,4.604308369107965,4.662473770527754
1187,5.9350000000000005,5.551679874751665,5.416522983734194,5.4978252663406275
1188,5.94,6.210005485460592,6.058381199076088,6.175741915018934
1189,5.945,6.735786841849151,6.552518119517082,6.713090064021901
1190,5.95,7.138516346630698,6.932183731882233,7.1226655009180355
1191,5.955,7.425729415351753,7.2252860254371285,7.4137562210579855
1192,5.96,7.602986222378439,7.435185659432756,7.592958611643839
1193,5.965,7.674005152212965,7.553488274823865,7.664858087555663
1194,5.97,7.640817649798802,7.5739942145351185,7.632438003570236
1195,5.9750000000000005,7.503906780404693,7.493794879307864,7.497416412012843
1196,5.98,7.26233604279673,7.311067524900438,7.260583890262381
1197,5.985,6.913909852361835,7.023702035044449,6.922112187990821
1198,5.99,6.455458701127488,6.628821633147091,6.481760064822991
1199,5.995,5.883443277873248,6.122881242547007,5.93889122066197
1200,6.0,5.195282184165436,5.502357759788089,5.293446151548367
1201,6.005,4.392236503304154,4.765456693296701,4.549036562310344
1202,6.01,3.4854836209192315,3.9158720529789406,3.7157995177324734
1203,6.015000000000001,2.508121889625624,2.970668256227119,2.813036766691644
1204,6.0200000000000005,1.5356253688975603,1.975641283091511,1.8809409697329813
1205,6.025,0.7085687498649831,1.0305181980048568,1.0086701870207082
1206,6.03,0.222732776666827,0.3127745459222666,0.36161831222668983
1207,6.035,0.2341430895644842,0.04870540096146758,0.15241549974421265
1208,6.04,0.7320101339359255,0.36952934411419047,0.5003631050417248
1209,6.045,1.5493578955011655,1.1664057219374508,1.2968946581260026
1210,6.05,2.4950954541176023,2.1800430065712972,2.2957867928362625
1211,6.055,3.438268482404752,3.2013346802810387,3.2997143324052196
1212,6.0600000000000005,4.311156921475374,4.129686126137533,4.213203052028061
1213,6.065,5.085816053826989,4.932389602609048,5.005891330789507
1214,6.07,5.75466850721689,5.605973379077823,5.6762008383233304
1215,6.075,6.319439595190285,6.158962753848295,6.232788523537276
1216,6.08,6.7856717451254855,6.607297121796755,6.68606753914446
1217,6.085,7.16020304241097,6.97069839658944,7.045251115361955
1218,6.09,7.450099056520432,7.264069806158224,7.3188304689020445
1219,6.095,7.662276975378371,7.493138809033185,7.5147130891444665
1220,6.1000000000000005,7.803456461457847,7.659113076694945,7.639244923066619
1221,6.105,7.88026337912796,7.7637146928075165,7.697936807121126
1222,6.11,7.899401514737434,7.810578775939636,7.698080150794892
1223,6.115,7.867845767765047,7.8049465673531255,7.649171610333569
1224,6.12,7.793022960521129,7.75322588963588,7.560811046906587
1225,6.125,7.682945448272116,7.66275902069169,7.442563527795424
1226,6.13,7.54625524102792,7.5417162322095095,7.304553022585887
1227,6.135,7.392129090961637,7.398983497099115,7.155496876859331
1228,6.140000000000001,7.229996589579527,7.243937120929713,7.004064622442904
1229,6.1450000000000005,7.069043907263934,7.086030973446537,6.861874579684842
1230,6.15,6.917522541700625,6.934168145763065,6.739291494707129
1231,6.155,6.781951044795664,6.795897907895421,6.641343667507306
1232,6.16,6.666365376745765,6.676563386907824,6.568658180023458
1233,6.165,6.571803244304094,6.578593814333548,6.518470273778479
1234,6.17,6.496169511403003,6.501143131564314,6.484293630352966
1235,6.175,6.43452730594277,6.440198649559308,6.456984687946196
1236,6.18,6.379736870751933,6.389142787129926,6.427904057054738
1237,6.1850000000000005,6.3232794359456985,6.339615227297903,6.390194180500172
1238,6.19,6.256089372271027,6.282458590296798,6.337196190685926
1239,6.195,6.169265862129249,6.208557351897166,6.261762460535989
1240,6.2,6.054610361993868,6.109465192203397,6.157089580258001
1241,6.205,5.905004635468875,5.977810295914784,6.017495217874755
1242,6.21,5.714690036683718,5.807537609970401,5.838556927161366
1243,6.215,5.47953286201845,5.594083925177485,5.616926884988963
1244,6.22,5.197371597834081,5.334594458546343,5.35055844093565
1245,6.2250000000000005,4.868546901127375,5.028290467613312,5.039344130742221
1246,6.23,4.496712328518474,4.677093539490942,4.685624230265703
1247,6.235,4.089994027636629,4.286599126146854,4.294941704332915
1248,6.24,3.662462776580984,3.8674429909691646,3.8778136716479357
1249,6.245,3.235618708684836,3.4369557767788215,3.4519406684249647
1250,6.25,2.839090119562304,3.0206490403232618,3.0433474415086668
1251,6.255,2.5091181800558875,2.652445636389496,2.685851509495752
1252,6.26,2.283259621231692,2.3718685602066554,2.4181063448358717
1253,6.265000000000001,2.191221558125273,2.216551225599789,2.276115502152821
1254,6.2700000000000005,2.2450738997637782,2.210850807600943,2.2820164143046897
1255,6.275,2.434490389777462,2.3557358832290274,2.4354026643534583
1256,6.28,2.730305698382652,2.6269852208079394,2.712587366150623
1257,6.285,3.093866586355867,2.9836395318697466,3.074119497095631
1258,6.29,3.486520459041777,3.3808722126480277,3.4764343045520505
1259,6.295,3.875474615284769,3.7798059189988207,3.8812848636329953
1260,6.3,4.235709652857481,4.151503641393386,4.2596809906938535
1261,6.305,4.54942640940566,4.476698919570679,4.591608450107712
1262,6.3100000000000005,4.804533431456325,4.743711868872089,4.864042285200717
1263,6.315,4.99307392905912,4.946032095263633,5.06883556296792
1264,6.32,5.109966384580237,5.080165963982484,5.201076885021612
1265,6.325,5.152152398508068,5.144053201560649,5.258005985669868
1266,6.33,5.118145264389784,5.136264527647469,5.238413757690141
1267,6.335,5.007969347219508,5.05596416976981,5.142447583222948
1268,6.34,4.823522563045817,4.903422032956959,4.971795008726954
1269,6.345,4.569456335706972,4.680912825961473,4.730288961017059
1270,6.3500000000000005,4.254725244095457,4.394048632473567,4.425051147967681
1271,6.355,3.894953583939854,4.053752679458269,4.068345128180289
1272,6.36,3.515547052008511,3.6790676642212654,3.6802713388222497
1273,6.365,3.1547499314560774,3.3006358354149787,3.2921030210887023
1274,6.37,2.864334728114871,2.963649492618951,2.949070744094475
1275,6.375,2.70392294165272,2.727098009554665,2.709512809418711
1276,6.38,2.7259919781573267,2.65435476521422,2.6356184720888427
1277,6.385,2.955920901483367,2.7927936599491536,2.773575162717719
1278,6.390000000000001,3.38033981689424,3.151002927226822,3.1314328952590493
1279,6.3950000000000005,3.953735727358656,3.691965581243516,3.6724648584258897
1280,6.4,4.617506041780049,4.350252753884026,4.331868528226263
1281,6.405,5.317372045582225,5.0584677804969305,5.042591444662373
1282,6.41,6.011725533299317,5.764148024134546,5.752006184204609
1283,6.415,6.672362572639713,6.433326743687849,6.42551531267218
1284,6.42,7.281772141016811,7.047101789986615,7.043076342941738
1285,6.425,7.82985190361797,7.596885081729587,7.594308775816504
1286,6.43,8.311209419635146,8.080333890517947,8.074580216470826
1287,6.4350000000000005,8.723253430832317,8.498028360256047,8.482438330599958
1288,6.44,9.064938030682118,8.85097702531959,8.81807188381809
1289,6.445,9.3359646405581,9.13937799987896,9.08242397576479
1290,6.45,9.536280543717364,9.362557126489111,9.276691755399302
1291,6.455,9.665760539220695,9.519377719595,9.402050919918153
1292,6.46,9.723997087092767,9.608535690262272,9.459503435430983
1293,6.465,9.710151094328223,9.628604481617533,9.449782490119096
1294,6.47,9.62283271941407,9.577925128120663,9.373271709790245
1295,6.4750000000000005,9.459992406472876,9.454442843327396,9.229900566831855
1296,6.48,9.218809491387644,9.255537950011865,9.018970998959784
1297,6.485,8.895571537011131,8.977862200941168,8.738864309489777
1298,6.49,8.48554488531547,8.6171786043106,8.386596722648164
1299,6.495,7.982850559726261,8.168205841299846,7.957293672334828
1300,6.5,7.380389655917256,7.624485248917387,7.443809832846141
1301,6.505,6.669931625428775,6.978328595008312,6.836748168976756
1302,6.51,5.8426411911548986,6.22099746603141,6.124990831860688
1303,6.515000000000001,4.890701235660636,5.3434810957583245,5.29690183849249
1304,6.5200000000000005,3.811570369468187,4.33874622754382,4.342951585563842
1305,6.525,2.618298146359205,3.2074982685286284,3.261736877871113
1306,6.53,1.3623402796070323,1.9719460803964943,2.0736187240145525
1307,6.535,0.174560889164059,0.7057164785941712,0.8497012388235836
1308,6.54,-0.6992612341417049,-0.41489735746723166,-0.23869150117923787
1309,6.545,-0.9740425183427428,-1.0790113874220735,-0.8889846552120559
1310,6.55,-0.5652648205050824,-0.9810683765545161,-0.8022085577572788
1311,6.555,0.3164289037608723,-0.15443750984917948,-0.005991550546343483
1312,6.5600000000000005,1.3816751087004584,1.0186254847038612,1.1333242562170076
1313,6.565,2.4389320345433023,2.1991938058418583,2.2883219109623187
1314,6.57,3.4000806394027543,3.2448634782337886,3.320418914422709
1315,6.575,4.235054869090627,4.1235248608333706,4.198469095462461
1316,6.58,4.939392445197004,4.839517555620049,4.927636739266928
1317,6.585,5.518264324339814,5.406261846673946,5.521278763235483
1318,6.59,5.979597578747354,5.842582567282769,5.992478631536608
1319,6.595,6.331329927171884,6.17471491722944,6.352037939883724
1320,6.6000000000000005,6.580419114941347,6.425494197803519,6.608267312898601
1321,6.605,6.73257243860164,6.601239720693558,6.767327499321686
1322,6.61,6.7922604677169,6.698041627723886,6.83368314072838
1323,6.615,6.762836185099369,6.7120775034174365,6.810517093249176
1324,6.62,6.646691993305026,6.642019033438649,6.700209937928937
1325,6.625,6.445437805848183,6.487965249537854,6.504888746045007
1326,6.63,6.160110837201705,6.250439896372201,6.226881282007656
1327,6.635,5.791448948682518,5.929988565500443,5.868944495235487
1328,6.640000000000001,5.340284113365903,5.527204384991227,5.434315780660691
1329,6.6450000000000005,4.808147679346408,5.043068716027508,4.927265558194779
1330,6.65,4.1982294114900505,4.479625659780398,4.354503271073595
1331,6.655,3.5168945200161077,3.8411193218791837,3.7254977461855847
1332,6.66,2.7760052432479343,3.1358146299483742,3.0507838672910856
1333,6.665,1.996204378789911,2.37876256740783,2.342292012183359
1334,6.67,1.2108183404717807,1.595609132778907,1.619094782213085
1335,6.675,0.4686710103622331,0.826812897585171,0.9143612585501435
1336,6.68,-0.1681959918375808,0.12977499684091942,0.2771789741350599
1337,6.6850000000000005,-0.6369782412740783,-0.42643423050227636,-0.23295294462698646
1338,6.69,-0.8964649830943162,-0.7794257751002762,-0.559730696377799
1339,6.695,-0.9467614848971652,-0.9015322894117102,-0.6738953100597955
1340,6.7,-0.8298017872206138,-0.8179581104848586,-0.5950906290634368
1341,6.705,-0.6101883757736243,-0.5961799009906645,-0.38552028110128944
1342,6.71,-0.3526375911673842,-0.315315734177001,-0.11993692913781828
1343,6.715,-0.1090583003668557,-0.04120634169088433,0.1394989716148345
1344,6.72,0.084035803919938,0.18150483276109242,0.3510065103668003
1345,6.7250000000000005,0.2028105315429962,0.32636594407714536,0.4894012997930437
1346,6.73,0.2322062246931287,0.37942153303891857,0.5399672678714005
1347,6.735,0.1626555929367988,0.3343488292728187,0.4943227345115728
1348,6.74,-0.0121565139852043,0.1886640994600146,0.3474770157626308
1349,6.745,-0.2965627960957324,-0.059209987006234144,0.0954677060326059
1350,6.75,-0.6933145854702791,-0.41145343133836576,-0.26502941611285724
1351,6.755,-1.203047504936304,-0.8704715393232538,-0.7350983289770365
1352,6.76,-1.8224529092298964,-1.436958962936461,-1.3123028764411417
1353,6.765000000000001,-2.540386282294795,-2.106627948448126,-1.9895988656573866
1354,6.7700000000000005,-3.3307498451393114,-2.8648438759991706,-2.750839622969684
1355,6.775,-4.141418722415064,-3.6776595340841354,-3.56193758768193
1356,6.78,-4.882331231380651,-4.478612539625214,-4.359023413881207
1357,6.785,-5.426778469072971,-5.156545236951439,-5.035482526707879
1358,6.79,-5.649916739660156,-5.564714717155175,-5.4476849573509245
1359,6.795,-5.500775909843276,-5.580847152831602,-5.4736504190789415
1360,6.8,-5.03983503186483,-5.198298756935104,-5.103667870536459
1361,6.805,-4.394465768001527,-4.5437242115511705,-4.4586427423361386
1362,6.8100000000000005,-3.688013687937168,-3.78562597856725,-3.7020903987553346
1363,6.815,-3.0056011806144904,-3.0480646221373,-2.956258962406447
1364,6.82,-2.395061336057838,-2.396068919982426,-2.2870836017921405
1365,6.825,-1.8790369995640297,-1.8556897489620932,-1.723032997272627
1366,6.83,-1.465556143374836,-1.4324036580891812,-1.2731444155133005
1367,6.835,-1.154600267247611,-1.1204856246053678,-0.936990905396045
1368,6.84,-0.9415286450007704,-0.9075406292369532,-0.7092635655247301
1369,6.845,-0.8185158570053206,-0.7791994535948303,-0.5817384020922178
1370,6.8500000000000005,-0.7747909690129351,-0.723267863633648,-0.5438267127767169
1371,6.855,-0.7961586722133202,-0.7292659394513628,-0.5821888207193515
1372,6.86,-0.8641685639485992,-0.7846217421142105,-0.6798129114582752
1373,6.865,-0.955383578687196,-0.8715281037201326,-0.8149626608772316
1374,6.87,-1.0414415635957743,-0.9657840464723613,-0.9604925976776064
1375,6.875,-1.090831094095693,-1.0375624729230992,-1.0843166275893354
1376,6.88,-1.0730966461711695,-1.0545120341654437,-1.1520701717073214
1377,6.885,-0.9650706292102488,-0.9875977321059599,-1.132566660024275
1378,6.890000000000001,-0.7569283107615541,-0.8186242695834949,-1.0049588359576775
1379,6.8950000000000005,-0.4549222857687754,-0.5462280794942105,-0.7645216979534997
1380,6.9,-0.0791365875086043,-0.1866764679021209,-0.42395622349325013
1381,6.905,0.3423803437678201,0.23132476683509573,-0.009611248284616458
1382,6.91,0.7799908700295198,0.6747174733313113,0.4452957733142622
1383,6.915,1.206959135899207,1.112924504091453,0.9074233117414443
1384,6.92,1.601463918505036,1.5213921691446624,1.3476063977878185
1385,6.925,1.9467571853689083,1.8822150952415972,1.7421692610912376
1386,6.93,2.230362509225958,2.1831214938769485,2.0727908738717957
1387,6.9350000000000005,2.4429712622595607,2.415856066223266,2.3265522226194584
1388,6.94,2.577380640708503,2.5745383570666687,2.495662613516288
1389,6.945,2.6275989236427533,2.654303592009357,2.5757247518356645
1390,6.95,2.588131146931806,2.6503749602237936,2.563602859389354
1391,6.955,2.4534165518711166,2.557545246433721,2.456279191229091
1392,6.96,2.217386416899902,2.3699136914923353,2.25044492536592
1393,6.965,1.873133086518778,2.0807195237446017,1.9421612194483555
1394,6.97,1.4127331773613725,1.6822110034194746,1.5264228585630333
1395,6.9750000000000005,0.8273816785215081,1.16562100137372,0.9969128236782536
1396,6.98,0.1082530974233508,0.52149570482407,0.34631858758926537
1397,6.985,-0.7508891951321616,-0.25903493635955144,-0.4324534677220395
1398,6.99,-1.7469400564590385,-1.1806640005523352,-1.342948472283676
1399,6.995,-2.8514374360872714,-2.2348075406143177,-2.3763548645620727
1400,7.0,-3.977302368082846,-3.378332194311035,-3.4906659202372516
1401,7.005,-4.93068972235628,-4.490530900803945,-4.5689001955514605
1402,7.01,-5.413131234017783,-5.316741820651345,-5.364546336809099
1403,7.015000000000001,-5.20402348621597,-5.499937853960187,-5.531698231129374
1404,7.0200000000000005,-4.39099633789127,-4.866924478676069,-4.9013641975516435
1405,7.025,-3.2707299495537976,-3.68471643411981,-3.7307290883910174
1406,7.03,-2.0962460415875155,-2.3727356603646967,-2.4270016150531966
1407,7.035,-1.0003766721120764,-1.1655239634082584,-1.2200033456149768
1408,7.04,-0.0346719204225043,-0.13287508599666698,-0.1788960949195868
1409,7.045,0.7878226030985866,0.7196963678387069,0.691359253189864
1410,7.05,1.469270957253386,1.403506647279158,1.4030873064191205
1411,7.055,2.0166764716290624,1.93446058836974,1.9705273525154308
1412,7.0600000000000005,2.437649675050759,2.3354495635600703,2.4058023234677504
1413,7.065,2.7388023683682188,2.633183717074951,2.718185325479246
1414,7.07,2.925215932002689,2.841376441905877,2.9143288464928405
1415,7.075,3.0003323774839474,2.95749894044502,2.998766387134407
1416,7.08,2.966004978520544,2.974800795631038,2.974333446995101
1417,7.085,2.8226167165818787,2.888520663611327,2.842497135463421
1418,7.09,2.569263844783495,2.695596134816599,2.6037081057414517
1419,7.095,2.2040744917360016,2.3934063528589733,2.257804217442881
1420,7.1000000000000005,1.7248351830819009,1.9792651596187438,1.8044985800785196
1421,7.105,1.1302891868036622,1.4508029274422238,1.2440377749082523
1422,7.11,0.422840796564694,0.8074681859810751,0.5786917700865111
1423,7.115,-0.3859380094834108,0.05395690771746331,-0.1832418716137454
1424,7.12,-1.2647335878503785,-0.7927217817068435,-1.0201713731805064
1425,7.125,-2.144868798613307,-1.689819441776283,-1.8865613291171242
1426,7.13,-2.90062384468197,-2.547280973117812,-2.69564264213615
1427,7.135,-3.355067643346933,-3.207070411454678,-3.2992107577449428
1428,7.140000000000001,-3.355744023916593,-3.4639170172229523,-3.5039760574300445
1429,7.1450000000000005,-2.888594484233323,-3.181229425479378,-3.18225223488761
1430,7.15,-2.0894447436638277,-2.42660599089172,-2.404846269904038
1431,7.155,-1.1360674947004092,-1.4244372860406207,-1.3947158722245376
1432,7.16,-0.1610517181165141,-0.3802904793334694,-0.3521271555437746
1433,7.165,0.7621130607431346,0.5952459925515612,0.6190033734075566
1434,7.17,1.600735560507668,1.461023590309786,1.4818366349570065
1435,7.175,2.344401060960821,2.2090344867252694,2.2302004796194677
1436,7.18,2.9934919486139173,2.8455643013746177,2.8700593865574957
1437,7.1850000000000005,3.553172256787467,3.384963627321862,3.411624455523618
1438,7.19,4.030471912685491,3.8459856591119745,3.8657178802538312
1439,7.195,4.432947183491056,4.244365922865257,4.241954834105095
1440,7.2,4.768103764996742,4.58784082382309,4.548851378123845
1441,7.205,5.043174336124111,4.879136471462347,4.794535524972227
1442,7.21,5.265049077989237,5.120598926970371,4.986410768671152
1443,7.215,5.440259328077167,5.31584470216542,5.1308845060490995
1444,7.22,5.574964724406547,5.469524628314619,5.234660276005192
1445,7.225,5.674920158510864,5.586741902740704,5.305955038107698
1446,7.23,5.74541394707191,5.672605264849607,5.353428628516027
1447,7.235,5.791179099481307,5.731929139366056,5.384789039128098
1448,7.24,5.816287874481692,5.769018777606847,5.4070346164381915
1449,7.245,5.824046310223576,5.787503120343884,5.425733093681429
1450,7.25,5.816909272401807,5.790206720077498,5.4432947708090165
1451,7.255,5.796436748927035,5.779068633291016,5.459948416694005
1452,7.26,5.763308185771022,5.7551215994406455,5.474472760532813
1453,7.265000000000001,5.717404338263147,5.718542058274795,5.4833658957062035
1454,7.27,5.657957312288923,5.668773944986151,5.481238121075704
1455,7.275,5.583761647250554,5.60472034377975,5.46161558851024
1456,7.28,5.493434481863949,5.5249902667962685,5.418094809388263
1457,7.285,5.385711825826782,5.428185107944789,5.346782912544506
1458,7.29,5.259769932519443,5.3132108707864365,5.247382500213579
1459,7.295,5.1155635321453605,5.179606385589844,5.1215760905083645
1460,7.3,4.954173091872926,5.027881359202743,4.971766070014602
1461,7.305,4.7781476762112725,4.859857463351991,4.801378292193761
1462,7.31,4.591814818099701,4.678996767375987,4.615495439060618
1463,7.315,4.401501892797919,4.490681125415302,4.421070492902175
1464,7.32,4.215577077428424,4.302372317147117,4.226748778959687
1465,7.325,4.044184124193971,4.123540777921602,4.042719134238499
1466,7.33,3.898540913843665,3.9652184546490137,3.8804886203310254
1467,7.335,3.789735870171653,3.839044416767833,3.751922905199831
1468,7.34,3.727115123540212,3.75577577992863,3.6676335297711913
1469,7.345,3.716575485812073,3.7234501484237876,3.635510157505909
1470,7.35,3.759247123907681,3.7456443585791366,3.659573989118603
1471,7.355,3.851017239694446,3.8204117969664697,3.738792457673283
1472,7.36,3.983067584972157,3.94033080850722,3.8664451901775188
1473,7.365,4.143216356919201,4.093674453680219,4.030932975324993
1474,7.37,4.31759959289453,4.266266098279767,4.2173872495117575
1475,7.375,4.492222115780696,4.443398229538951,4.409380522810059
1476,7.38,4.654091516839597,4.6113278411443,4.591291904287842
1477,7.385,4.79187030399841,4.758155236206825,4.750295797871385
1478,7.390000000000001,4.896132997254908,4.874144240143148,4.8764511119995495
1479,7.395,4.959373755203599,4.9516653870844305,4.9620082816115
1480,7.4,4.975905795902291,4.984961887260468,5.001101709681179
1481,7.405,4.941764760469968,4.9699042700689455,4.989634533506855
1482,7.41,4.854699518264802,4.903850852319381,4.9251837482605385
1483,7.415,4.714315741119501,4.785686851414592,4.807024764996241
1484,7.42,4.522429033927785,4.616085946743032,4.636350071468925
1485,7.425,4.2836763514205165,4.398026806675107,4.416722559298747
1486,7.43,4.006407308774664,4.1375913395981705,4.154798202308131
1487,7.435,3.703795257206443,3.8450406895661575,3.8613205654107663
1488,7.44,3.3949193327153617,3.536058957732534,3.5522825093516266
1489,7.445,3.105233846623473,3.232808994013012,3.2499103278191916
1490,7.45,2.865440377302786,2.964028311508491,2.982722766974079
1491,7.455,2.7076895931294325,2.7629565836629983,2.783495458558733
1492,7.46,2.6589332654592983,2.6619808251612453,2.6840513662172913
1493,7.465,2.7333387557755118,2.684344446210613,2.7072068453716134
1494,7.47,2.927528709221292,2.836044967810939,2.85889115263564
1495,7.475,3.221571529306337,3.1027519041850606,3.1251198056717886
1496,7.48,3.5850672498979623,3.4541963903838555,3.4762160258120973
1497,7.485,3.9847390759995274,3.853331890060291,3.8756865048907683
1498,7.49,4.390184992125486,4.264981832827052,4.288626745309736
1499,7.495,4.776646226686979,4.660712519972333,4.686462819517797
1500,7.5,5.125406959587844,5.019974884169127,5.048055639134201
1501,7.505,5.422937744910038,5.329079649291849,5.358727375031249
1502,7.51,5.659637437706144,5.579373388163409,5.608622835241142
1503,7.515000000000001,5.828624413931394,5.765350825578779,5.791157173574144
1504,7.52,5.92474037131142,5.883064171030139,5.901797801954336
1505,7.525,5.943782441113473,5.929027424284894,5.937183868326046
1506,7.53,5.881922237547828,5.899633564742775,5.894505876244625
1507,7.535,5.735257775671322,5.790914978489675,5.77105948267401
1508,7.54,5.499448849068638,5.598423793819361,5.563901345806266
1509,7.545,5.169396104216554,5.317087921678652,5.269550918730563
1510,7.55,4.73893494824049,4.940997138858226,4.88369550133476
1511,7.555,4.2005294279096255,4.4631264097105845,4.400868219723364
1512,7.56,3.544976631589696,3.8750216801084774,3.8140844008654446
1513,7.565,2.761190818344344,3.166493834707638,3.1144536128136098
1514,7.57,1.8362846918309503,2.3254334438535276,2.290868921088515
1515,7.575,0.756550873924219,1.3380518402729074,1.3300944824017025
1516,7.58,-0.4890442073581991,0.1903720879689148,0.21810851131272724
1517,7.585,-1.898678981739749,-1.12684313866228,-1.0551194956769487
1518,7.59,-3.4310029510075783,-2.604092298768749,-2.4819405173309805
1519,7.595,-4.946398879318117,-4.177059191569233,-4.001848223920264
1520,7.6,-6.132413138845959,-5.649669466701043,-5.4265941582738915
1521,7.605,-6.585348373402504,-6.610994703499555,-6.358996957295615
1522,7.61,-6.201306480170214,-6.607447112374421,-6.358202436472496
1523,7.615,-5.314808834283832,-5.710608003222331,-5.488790487857026
1524,7.62,-4.3130691290800165,-4.507974333051759,-4.3158025037143
1525,7.625,-3.409534253707624,-3.422060046719075,-3.2488406188332704
1526,7.63,-2.685117908967797,-2.5767558401889836,-2.4095381738669976
1527,7.635,-2.1616062160749614,-1.9805337793817008,-1.8060132221777945
1528,7.640000000000001,-1.8406149149336968,-1.6192069980516184,-1.4223386487411602
1529,7.645,-1.7195335865489123,-1.4801490339149064,-1.24380591022165
1530,7.65,-1.797422986388114,-1.549781588874895,-1.26200776159879
1531,7.655,-2.0767777550937456,-1.8047752496490217,-1.4750529346137782
1532,7.66,-2.562916143463328,-2.2287795282768643,-1.8865466450805837
1533,7.665,-3.260023295045229,-2.832104385969614,-2.503064134315455
1534,7.67,-4.159047417497891,-3.6318002186032707,-3.3279755035124268
1535,7.675,-5.204959893303895,-4.6201251499946,-4.344987938787792
1536,7.68,-6.223171636156485,-5.719393042887715,-5.474838451944921
1537,7.685,-6.833146387937439,-6.687778199778709,-6.481230292727357
1538,7.69,-6.591873205449771,-7.027866341891269,-6.879956048791042
1539,7.695,-5.480008715999681,-6.263887069642676,-6.204952868967194
1540,7.7,-3.9252346394933992,-4.623046607739429,-4.667775910283737
1541,7.705,-2.314767495763851,-2.7901885501534682,-2.9251400119153486
1542,7.71,-0.8278210278480849,-1.13629140729189,-1.3326368244498568
1543,7.715,0.4822154763051375,0.2676888367814163,0.045814575718932105
1544,7.72,1.6117544333058678,1.438635925608431,1.2298348943516904
1545,7.725,2.57270799336108,2.404153030744493,2.244457488163272
1546,7.73,3.37985494754925,3.1874083539815388,3.1069623450116364
1547,7.735,4.046683902683042,3.815660835408142,3.8293685696355295
1548,7.74,4.584270152855162,4.329935130059209,4.417732073508662
1549,7.745,5.001168646096662,4.758826427114049,4.871331883409116
1550,7.75,5.3035954134218,5.100246144470692,5.190748757972132
1551,7.755,5.495638673391385,5.343775093184715,5.384285640131347
1552,7.76,5.579408857150692,5.48382586795905,5.460397271196642
1553,7.765000000000001,5.5550937646120975,5.518145736886506,5.423080852057433
1554,7.77,5.420899176623043,5.4448766013526955,5.274110682974775
1555,7.775,5.172850343444473,5.260984443947234,5.0146306215726515
1556,7.78,4.804412381602706,4.9614250176271995,4.644929876813163
1557,7.785,4.305855768463803,4.538465872322217,4.162174882399133
1558,7.79,3.663237639262123,3.980845967405484,3.5596884509477817
1559,7.795,2.8567707107362845,3.2725273855269474,2.8290801822893847
1560,7.8,1.8581709643817943,2.3907246371083835,1.9567559527521343
1561,7.805000000000001,0.626245904207313,1.3026902266757432,0.9126553674245854
1562,7.81,-0.9005536862170666,-0.03967040236245367,-0.35727665615749427
1563,7.815,-2.8162261861954034,-1.7089345280183235,-1.9316715727075726
1564,7.82,-5.260520329661597,-3.816831577928813,-3.924015778108984
1565,7.825,-8.370573888451045,-6.5280835306474625,-6.501923291143212
1566,7.83,-11.609207420590533,-9.976311779588904,-9.807846949285128
1567,7.835,-11.774205563941631,-13.233461022472168,-12.952300198491463
1568,7.84,-8.81955250421096,-11.56822390197439,-11.356941183117923
1569,7.845,-5.974803820191646,-6.793470618808312,-6.738652387714801
1570,7.85,-3.801484471195649,-3.9509390764447314,-3.9617510594080034
1571,7.855,-2.166384219338513,-2.089589769690096,-2.1329275399282555
1572,7.86,-0.931660978513858,-0.779951368127553,-0.8399336884212314
1573,7.865,-0.0056089608904124,0.1679236941410034,0.10495273731116672
1574,7.87,0.6704189135724457,0.8369480697255014,0.7913595666869968
1575,7.875,1.134033711716278,1.24936536903311,1.2666428376499974
1576,7.88,1.409136150160587,1.3553452093250944,1.5594793478834448
1577,7.885,1.5101330654470166,1.3561256128630248,1.686636955474996
1578,7.890000000000001,1.4443145102463544,1.3825276077129627,1.6533926885789487
1579,7.895,1.2131220032307153,1.2747907232153382,1.4595025251987455
1580,7.9,0.812723486785941,0.9928138802509041,1.1031637873258457
1581,7.905,0.2341924965927306,0.531050564903822,0.5791174854576306
1582,7.91,-0.5363009713816262,-0.11863605975830271,-0.1237304197523752
1583,7.915,-1.5162767938849162,-0.9702361999429554,-1.020903372792339
1584,7.92,-2.7216687279496554,-2.0415725477297864,-2.130428591780822
1585,7.925,-4.148187144450483,-3.346329282926261,-3.464823541056651
1586,7.930000000000001,-5.7136854655993865,-4.867531330350122,-5.00885832081115
1587,7.935,-7.12157262171633,-6.477486492569186,-6.646165614146691
1588,7.94,-7.763690199851948,-7.756215264013585,-7.956196234624073
1589,7.945,-7.2165051951354755,-7.918425914459624,-8.135770878701171
1590,7.95,-5.868758245943617,-6.65162584600235,-6.85886867191898
1591,7.955,-4.3391651097446,-4.811969690707034,-4.986109922161912
1592,7.96,-2.940797947066913,-3.150311817788774,-3.269818484187388
1593,7.965,-1.7631649345774931,-1.8204674685850337,-1.8578043481476643
1594,7.97,-0.812891758658141,-0.7927199242863576,-0.7128707076680305
1595,7.975,-0.0745371588428157,-0.02257444301708933,0.14006634936203977
1596,7.98,0.4696513313051862,0.5200450639953944,0.7062930559424441
1597,7.985,0.8342401509643433,0.8558360050635176,1.0863217169318502
1598,7.99,1.0295806857258238,1.0219381043188527,1.2990669379811521
1599,7.995,1.0621382294755293,1.0677521782045698,1.3412346613473982
1600,8.0,0.9353380288148831,0.9995846884066397,1.2184086367090643
1601,8.005,0.650968642619849,0.7958569789111367,0.933137702679987
1602,8.01,0.2118001018512181,0.4427684209802498,0.49910544731447004
1603,8.015,-0.373037778240722,-0.06148834035939199,-0.07784657433139497
1604,8.02,-1.0768947230791366,-0.7053508677302549,-0.7941774746220718
1605,8.025,-1.8343058451880316,-1.4521208472661646,-1.6094104877959499
1606,8.03,-2.510105153313394,-2.213858658920441,-2.4257035696483227
1607,8.035,-2.8883416666959016,-2.8154715297680113,-3.0755970418403162
1608,8.040000000000001,-2.75582805491114,-2.9954332016787983,-3.320210712553532
1609,8.045,-2.073018995736314,-2.5439552589730514,-2.943606082202603
1610,8.05,-1.0121741965940736,-1.5234741712269813,-1.9723356049800014
1611,8.055,0.1991012899174952,-0.23017830564315833,-0.6881551299836719
1612,8.06,1.4013823640203822,1.0724192134854569,0.6413806010481151
1613,8.065,2.5139121956607333,2.258785263577459,1.9105090262661553
1614,8.07,3.504588394639665,3.2910391455474217,3.0492062044058246
1615,8.075,4.365022615910159,4.166196298960509,4.009775891259078
1616,8.08,5.096823424979049,4.893202836746812,4.816917083274419
1617,8.085,5.705062884391715,5.487787184632469,5.4744950743233165
1618,8.09,6.1953630294685,5.970815419911398,5.986855357599556
1619,8.095,6.572656454132248,6.358900318958012,6.372265776059595
1620,8.1,6.840688097401056,6.656336300476405,6.639829697351367
1621,8.105,7.001829418883255,6.85964001967082,6.793971731808226
1622,8.11,7.057010937430718,6.964438968221929,6.838441054830131
1623,8.115,7.005688080948333,6.967375435065502,6.777243110246835
1624,8.120000000000001,6.845809885132562,6.865428190868743,6.613143671632407
1625,8.125,6.573796911643756,6.6550340234523695,6.345553261102065
1626,8.13,6.184579396700166,6.331561083795949,5.972591591947762
1627,8.135,5.671831612653219,5.889130136587438,5.492747114973753
1628,8.14,5.028727337524195,5.3208466776479915,4.902752363342521
1629,8.145,4.249974459713815,4.6198045628973325,4.197525464482706
1630,8.15,3.3368581017370325,3.7818302510178845,3.3759155015827136
1631,8.155,2.30898150966146,2.812232590644689,2.4474320724188505
1632,8.16,1.2289984972685228,1.7413511598420612,1.4412663608486418
1633,8.165000000000001,0.2430273537356546,0.6566555142475368,0.4367619772857676
1634,8.17,-0.3968967997642465,-0.24805864485873563,-0.38334793281273694
1635,8.175,-0.4345776035356549,-0.6609719073644049,-0.7246227656844626
1636,8.18,0.1632092241126157,-0.3257046302368174,-0.35105696554440424
1637,8.185,1.1703627162838257,0.6603533247261861,0.6405266017786335
1638,8.19,2.319010550861196,1.9199406298110895,1.8914470558214247
1639,8.195,3.4398906371644946,3.156352885543951,3.118257174645085
1640,8.2,4.456280030783649,4.250481062620793,4.206640806902749
1641,8.205,5.342255495373615,5.176298306020429,5.1330574284974135
1642,8.21,6.0942962871542665,5.938479113866718,5.904749275325429
1643,8.215,6.717322144833996,6.550056177245847,6.535920350952957
1644,8.22,7.218607104658189,7.0300868031153865,7.039945988794486
1645,8.225,7.605302125213964,7.403894673233165,7.427419601618323
1646,8.23,7.883509518221476,7.690893634727673,7.706395580446884
1647,8.235,8.058000578349535,7.894709119205967,7.882767233307824
1648,8.24,8.132186873344597,8.010787032934141,7.96032386671014
1649,8.245000000000001,8.108182388601813,8.035006941348765,7.941440218093106
1650,8.25,7.986894311990583,7.965206037570512,7.828302364260164
1651,8.255,7.768129298179538,7.800083754184204,7.623128766214685
1652,8.26,7.450734293928928,7.538274286041638,7.327423968531614
1653,8.265,7.032826703029964,7.177960142007221,6.94177628641313
1654,8.27,6.512227048246998,6.716905424188303,6.465867510304976
1655,8.275,5.887316456754328,6.152897545315201,5.898761930570609
1656,8.28,5.158747297894092,5.484802012166283,5.241642320571594
1657,8.285,4.332799777568848,4.714739278594632,4.500544538934119
1658,8.290000000000001,3.427702666894088,3.852366297285183,3.6867034190126864
1659,8.295,2.484492420411057,2.922868163546826,2.821545781950562
1660,8.3,1.5819406868297448,1.9803639023026567,1.9518908854556223
1661,8.305,0.8457375033180287,1.1250587319497547,1.1690786356624687
1662,8.31,0.4248725762740439,0.5089476292538908,0.6141633941117837
1663,8.315,0.4160213180124122,0.2931680659509137,0.4370382191017699
1664,8.32,0.7920280641395947,0.542548227751265,0.6987237436749547
1665,8.325,1.4241344750922598,1.156711877699598,1.3061160310578788
1666,8.33,2.1678072451971886,1.9459555245099294,2.080199377845047
1667,8.335,2.9179351032665286,2.7533130664692256,2.871287219197082
1668,8.34,3.614748632217468,3.4935161445361924,3.5980804469614114
1669,8.345,4.230059368085728,4.132281814404647,4.228860889900731
1670,8.35,4.753686400746944,4.661475517316151,4.756914802430207
1671,8.355,5.184731052684727,5.085844589872594,5.185490013670448
1672,8.36,5.526787122601116,5.417586080968946,5.521034128894522
1673,8.365,5.785514774518913,5.671645046285943,5.771078537721085
1674,8.370000000000001,5.9674879030620165,5.859612239361222,5.943211422317025
1675,8.375,6.079693126629423,5.987486081349731,6.044276397011021
1676,8.38,6.129345989162548,6.058558605349786,6.080950494274564
1677,8.385,6.123843202063347,6.076503227160124,6.061191687461773
1678,8.39,6.070746371276533,6.046381501849768,5.994223746417928
1679,8.395,5.977730351596512,5.974448190271133,5.889283221775347
1680,8.4,5.852450610824032,5.867676578223859,5.755350883889447
1681,8.405,5.702302622337915,5.733283585989345,5.600896095145491
1682,8.41,5.534070729724611,5.57825566243851,5.432668783654476
1683,8.415000000000001,5.353496941961127,5.408844799515062,5.256841945392805
1684,8.42,5.1648373704619335,5.230049121392156,5.080692647392286
1685,8.425,4.970504099684375,5.045146379218383,4.910143691356631
1686,8.43,4.770899417382156,4.855384106815494,4.746634336829597
1687,8.435,4.564530381665358,4.6599322044354174,4.586890090365714
1688,8.44,4.348451957107434,4.456170703173691,4.424404340226647
1689,8.445,4.119047295705048,4.2403342998891995,4.2508874080774905
1690,8.45,3.873137189396862,4.008495509429264,4.057617006889114
1691,8.455,3.609426373438562,3.75786484659516,3.8378126137772663
1692,8.46,3.3303236342122755,3.4884209068780443,3.589803206457786
1693,8.465,3.044156531176479,3.2049213445717064,3.318939557428956
1694,8.47,2.7676237372752004,2.919305224227702,3.038400661197982
1695,8.475,2.5278189095411467,2.6532287038275952,2.7707553875255733
1696,8.48,2.362239629403809,2.439779199370349,2.549677806683334
1697,8.485,2.3143543662222363,2.3222603994755895,2.4189433270879794
1698,8.49,2.4231674711082194,2.347152065600391,2.4255077824391074
1699,8.495000000000001,2.70944399102041,2.550203051863959,2.6058082886712532
1700,8.5,3.1664151639296314,2.940761058764526,2.9705161002082754
1701,8.505,3.761821454878675,3.4951218902656884,3.4980480849702893
1702,8.51,4.4496306601970845,4.165201696969457,4.142717026447012
1703,8.515,5.18320292966569,4.896018135976172,4.8515336807092915
1704,8.52,5.923566381664235,5.6400023287360455,5.5783691153020705
1705,8.525,6.641983022229887,6.362789148722921,6.289814309429602
1706,8.53,7.319019480178467,7.042685763285566,6.964308653824623
1707,8.535,7.942369421750794,7.66769513748593,7.588718580511219
1708,8.540000000000001,8.504679628789935,8.232288654365503,8.155146191143375
1709,8.545,9.001825854518273,8.734578658081425,8.658543229838926
1710,8.55,9.431682634613203,9.174114584881178,9.095395009267904
1711,8.555,9.793293149891689,9.550567878837185,9.463688162788543
1712,8.56,10.086326120152036,9.863318187968243,9.762969340892337
1713,8.565,10.31072689060412,10.111555233479436,9.993708864301688
1714,8.57,10.46649634811036,10.294463649099217,10.156701427223627
1715,8.575000000000001,10.553553673139607,10.411298516749783,10.252878705099075
1716,8.58,10.57165563331726,10.461358103213001,10.28325006953716
1717,8.585,10.520357397269937,10.443917006183408,10.248822199389046
1718,8.59,10.399009557234429,10.35816795790523,10.150501771922109
1719,8.595,10.206795123863497,10.203198270747944,9.988973352599206
1720,8.6,9.942820757534134,9.97801759023512,9.7645368631206
1721,8.605,9.606290926200154,9.681657300898289,9.476947130813217
1722,8.61,9.196815313598126,9.313376281506928,9.125399511726894
1723,8.615,8.714932746642411,8.873033193536449,8.708849267216674
1724,8.620000000000001,8.162982715641343,8.36172515306845,8.226792251343403
1725,8.625,7.5465152102595665,7.7828491025650965,7.680587034799634
1726,8.63,6.87647281726178,7.143808454277532,7.0754637222771475
1727,8.635,6.172305948662823,6.45862077674455,6.423420148155458
1728,8.64,5.465740325008705,5.751541552580331,5.747017358438295
1729,8.645,4.803679506330288,5.061165040419168,5.083435035346943
1730,8.65,4.246569142315427,4.442772435531606,4.4866429346462295
1731,8.655,3.8572765003795735,3.9640215656932716,4.023077863528505
1732,8.66,3.679969776632861,3.6883243406329353,3.755433993047776
1733,8.665000000000001,3.7199841497487047,3.6479782626727575,3.7165093589969853
1734,8.67,3.9410883255175335,3.8246528498577725,3.890060522000575
1735,8.675,4.282702367485102,4.1567271696152055,4.217588559638766
1736,8.68,4.682319577419665,4.568121387188012,4.626052025682129
1737,8.685,5.0894640526715484,4.9940884376720165,5.052832427711486
1738,8.69,5.469310104964185,5.39082907428867,5.455089378656371
1739,8.695,5.800566235146112,5.733532578320775,5.807781409039437
1740,8.700000000000001,6.071841729335327,6.011054493839524,6.098299784916168
1741,8.705,6.278484729252655,6.221176169054084,6.321809146436731
1742,8.71,6.420392029206061,6.36692156673276,6.478181447037952
1743,8.715,6.50069264809901,6.4536771503359835,6.570259120523268
1744,8.72,6.525065231815223,6.487510140072995,6.603032561722528
1745,8.725,6.5014590577780575,6.47501204939869,6.583405548038943
1746,8.73,6.440017236245943,6.42406351035843,6.52031085673216
1747,8.735,6.353008028247469,6.344594677995609,6.424950712373286
1748,8.74,6.254558353360995,6.248856945385026,6.310888645918692
1749,8.745000000000001,6.15998243900429,6.151093410957129,6.19372309661267
1750,8.75,6.084559670882083,6.066568718359222,6.090159029868967
1751,8.755,6.041788319931677,6.009947475650263,6.01641779675337
1752,8.76,6.0414164610425525,5.993185348328306,5.986110299120223
1753,8.765,6.087804666573616,6.023400628656292,6.007958561851284
1754,8.77,6.179207244013892,6.1014249406635095,6.084005072746785
1755,8.775,6.3082645543137525,6.221634105446691,6.209021934780242
1756,8.78,6.463520017418479,6.373176912035478,6.371495875374862
1757,8.785,6.631416123436843,6.542131566389728,6.555859713977524
1758,8.790000000000001,6.798181376283996,6.7138243397417945,6.745103127022453
1759,8.795,6.951238576551287,6.874680716494845,6.923010043845196
1760,8.8,7.080047185263503,7.013348543140458,7.0757674110755815
1761,8.805,7.176487748338984,7.121159394454718,7.192932655958592
1762,8.81,7.234969652722123,7.192153381830387,7.267709417415591
1763,8.815,7.252432855429576,7.222912113529812,7.296657080979683
1764,8.82,7.228368318470451,7.212396538396709,7.279259182691808
1765,8.825000000000001,7.16492946640512,7.16191676553029,7.217702917185594
1766,8.83,7.067154479461059,7.075286379354809,7.116915941701908
1767,8.835,6.943258677442955,6.959139342986559,6.984754425360059
1768,8.84,6.804875264685278,6.823310691691777,6.8322361005262175
1769,8.845,6.667018478841907,6.681091735971773,6.673682150350114
1770,8.85,6.547445321122762,6.5490630047203595,6.526495573488475
1771,8.855,6.465087423195582,6.44612421538201,6.410180270714523
1772,8.86,6.437444490815741,6.391396201204558,6.344284932465553
1773,8.865,6.477336655963999,6.4010215153107115,6.345311844216872
1774,8.870000000000001,6.590004614384597,6.484560670149115,6.4232170399896376
1775,8.875,6.771741217659333,6.642319786270561,6.578720910796662
1776,8.88,7.010682713868276,6.8649095507254385,6.80271068209245
1777,8.885,7.289366457374157,7.135345746133559,7.078140169691063
1778,8.89,7.587933774564265,7.432706620280944,7.383548392204595
1779,8.895,7.886876878250717,7.7357916455770726,7.6967318779345515
1780,8.9,8.168770562728199,8.025664971043753,7.997486372280218
1781,8.905,8.418988220126046,8.286806028461108,8.26901604759931
1782,8.91,8.625693614649629,8.5071687858906,8.49815547094705
1783,8.915000000000001,8.77943856563571,8.677611677240073,8.674880424241186
1784,8.92,8.872612572504437,8.791084315284113,8.791582771397268
1785,8.925,8.898887384998726,8.841828681593343,8.842365319217413
1786,8.93,8.852722599144002,8.824735795451902,8.822437306665726
1787,8.935,8.728954608360686,8.734898206660857,8.727623273159988
1788,8.94,8.522474203771884,8.567327630297566,8.553977756459854
1789,8.945,8.22800150037194,8.316785391224192,8.297495901093994
1790,8.950000000000001,7.839990483839547,7.977699410246835,7.953923855316445
1791,8.955,7.352749340462563,7.544199160553563,7.518707253578218
1792,8.96,6.760974040898994,7.010387739782848,6.987185770081942
1793,8.965,6.061119119384132,6.371120487802104,6.355282618439188
1794,8.97,5.254475590865844,5.623850951057792,5.621224231965387
1795,8.975,4.353612633359432,4.77267240231368,4.789386214148562
1796,8.98,3.394772905372413,3.836658685916059,3.8783227900142387
1797,8.985,2.457867805516827,2.865615478713919,2.9360288846597937
1798,8.99,1.6854903380104562,1.9643166907210805,2.0635257541187815
1799,8.995000000000001,1.264559261503493,1.3107314290932486,1.4327984932698752
1800,9.0,1.328347096842479,1.1159254889164347,1.248452708575789
1801,9.005,1.8467688537292684,1.480348061688899,1.6089318794658674
1802,9.01,2.653337047068886,2.277852703495915,2.3936672584548275
1803,9.015,3.568481765385316,3.2608844759346383,3.3636002466941006
1804,9.02,4.470566382941959,4.238239533484801,4.333036867123987
1805,9.025,5.2959035254726015,5.11781456749662,5.21205850608535
1806,9.03,6.017052627007176,5.868308424459691,5.970121362933483
1807,9.035,6.625177858160509,6.484990667812553,6.602394195276771
1808,9.04,7.119894983860213,6.9744779455673696,7.112999795262645
1809,9.045,7.504137131219735,7.350318654095878,7.508236153791145
1810,9.05,7.781716329181046,7.628644456154726,7.794107659065678
1811,9.055,7.956222599345468,7.819918408895452,7.975574686223951
1812,9.06,8.030569387560163,7.9257324164205265,8.056482400905985
1813,9.065,8.006855396533265,7.943339246868367,8.039711572284393
1814,9.07,7.886397911660138,7.8699423529347365,7.927398391221274
1815,9.075,7.669892721116401,7.7037857261820175,7.72121625520947
1816,9.08,7.357722606482955,7.443898719019419,7.422728542673299
1817,9.085,6.950501443395488,7.089910427907032,7.033833616045181
1818,9.09,6.450027760965296,6.642362434576437,6.557387129973222
1819,9.095,5.860949204016942,6.103700783354403,5.998325432254292
1820,9.1,5.193605367261604,5.480245202827536,5.365841170884062
1821,9.105,4.468623455790868,4.785646965947056,4.676662512113928
1822,9.11,3.723489004533376,4.046440404164228,3.9591241722862325
1823,9.115,3.0194605285687897,3.3096872711141927,3.25874416199318
1824,9.12,2.442516558465589,2.650003537155963,2.6448102556449378
1825,9.125,2.086849446615973,2.1669680281459702,2.209434284498602
1826,9.13,2.016467043259597,1.9584939900503096,2.04293135844631
1827,9.135,2.2285130288923742,2.069854706918609,2.184587697193285
1828,9.14,2.6550855509871027,2.458086226416106,2.589085030591983
1829,9.145,3.2015346239167264,3.015941582262493,3.1515845533585907
1830,9.15,3.783613394447584,3.631223894020515,3.764978203469773
1831,9.155,4.342285922452965,4.223922012569226,4.353662961769877
1832,9.16,4.8419983933798125,4.749091927234401,4.875267373671869
1833,9.165,5.263711575364364,5.186086845937594,5.310207185371534
1834,9.17,5.598555787333811,5.528705957572322,5.651782679918479
1835,9.175,5.843520161482813,5.7790558730714325,5.899644356404968
1836,9.18,5.998908956409435,5.943138537157969,6.056107100342538
1837,9.185,6.067014738780442,6.026963594508897,6.124646916019559
1838,9.19,6.051586562875373,6.03458681742196,6.1095920495148714
1839,9.195,5.957843852161091,5.96891546693478,6.016052302041105
1840,9.2,5.79291278043558,5.833705340797774,5.8502525907546366
1841,9.205,5.566627990066379,5.6352396412235795,5.6207845865091
1842,9.21,5.292636980765137,5.383566052041472,5.340173873858833
1843,9.215,4.989634718954965,5.093649814281708,5.025805047186009
1844,9.22,4.682296732093129,4.786493313412069,4.700520324652828
1845,9.225,4.401080915461058,4.489738209489869,4.393116000851168
1846,9.23,4.1797614466790565,4.2367038191703825,4.137196882136941
1847,9.235,4.049933330144442,4.062542060565164,3.9672370566883144
1848,9.24,4.033374078780429,3.996959965903512,3.912151818707965
1849,9.245,4.135460960134826,4.055345356303788,3.9868643931354057
1850,9.25,4.343453035359989,4.232824153215326,4.1856544353649365
1851,9.255,4.630754391521322,4.505411108976956,4.482921941391052
1852,9.26,4.964477064266563,4.837832689024336,4.84120819696937
1853,9.265,5.312384890372651,5.193163655245575,5.221061482920327
1854,9.27,5.647010035322281,5.5396121605179784,5.588279248117918
1855,9.275,5.946952452522173,5.853151430868438,5.917203246111463
1856,9.28,6.196419590193932,6.117210953620386,6.1905674058664095
1857,9.285,6.384038749067851,6.321040819728762,6.397394378484151
1858,9.29,6.501570472806768,6.457761221720363,6.530724450463945
1859,9.295,6.542795172330484,6.522583302273736,6.586016497698976
1860,9.3,6.502640624544335,6.511464797400334,6.560099336467809
1861,9.305,6.376531359813294,6.420310820496932,6.450388198244618
1862,9.31,6.159920811571713,6.244629739848904,6.254287107436402
1863,9.315,5.847981249168221,5.979436885708384,5.968825296895942
1864,9.32,5.435464671032582,5.619251250487371,5.590492748688882
1865,9.325,4.916819689392106,5.15817432749469,5.115211071974692
1866,9.33,4.2867897186595325,4.590195659095123,4.538601606832205
1867,9.335,3.542003226878252,3.9100648287847712,3.856929632760805
1868,9.34,2.6846404012283265,3.115428801185131,3.0692431169531034
1869,9.345,1.7302938629760514,2.2116578896246275,2.1818667884202405
1870,9.35,0.7233461922992421,1.2220672629155191,1.217952181379256
1871,9.355,-0.2384936300369268,0.20752963066828656,0.2362128357536708
1872,9.36,-0.9843625390423596,-0.7038834742328923,-0.6403832995589251
1873,9.365,-1.3064142325331185,-1.300053743723125,-1.2078605574213128
1874,9.37,-1.091376808670779,-1.3534604825369714,-1.2467124397213087
1875,9.375,-0.4234410537831662,-0.8073861010662151,-0.7014861151954808
1876,9.38,0.4946258497388371,0.1382721149847086,0.23524130144649646
1877,9.385,1.4819395486213445,1.2094917734530886,1.2980030942908956
1878,9.39,2.430619152482004,2.23315172965759,2.318118368457013
1879,9.395,3.2903751446516583,3.1397520001513777,3.227619292767942
1880,9.4,4.04304664255105,3.9119302825934743,4.009858234800585
1881,9.405,4.685724574872841,4.552519636900104,4.667582649855722
1882,9.41,5.221929267786373,5.073257234870013,5.209238486692626
1883,9.415,5.657430927804219,5.492361041365449,5.643983682309089
1884,9.42,5.998385608925108,5.8288710981380865,5.980081557836848
1885,9.425,6.250565116089986,6.093343731911721,6.224574587492624
1886,9.43,6.4190925410442725,6.287228303418114,6.3834274875357435
1887,9.435,6.508410041291639,6.409241013208263,6.461781672526859
1888,9.44,6.522356006961305,6.459153596902594,6.464236097214377
1889,9.445,6.464301234737962,6.438142876080455,6.395157366956832
1890,9.45,6.337330588689074,6.348217703834574,6.258986086375869
1891,9.455,6.144478110995858,6.191831598148553,6.060482732466328
1892,9.46,5.889039331691375,5.971816577841941,5.804896208648287
1893,9.465,5.574998956995607,5.691574587161968,5.498295399977099
1894,9.47,5.207625631444116,5.355491450520933,5.1483006124444115
1895,9.475,4.794293075256545,4.969587433370786,4.764430821014533
1896,9.48,4.345573242555114,4.542445279054442,4.357191031874399
1897,9.485,3.876578233275618,4.08644207474488,3.937381100447647
1898,9.49,3.408345153500518,3.6192160115985024,3.517914958616518
1899,9.495,2.968701077227125,3.1650540773015896,3.117046962548401
1900,9.5,2.59155631538352,2.755431744142905,2.75964618446571
1901,9.505,2.313322129393721,2.4273743363450837,2.475628419961161
1902,9.51,2.165929284368333,2.218198732900436,2.2967370654368517
1903,9.515,2.168235386134466,2.1565720312792163,2.25043567928901
1904,9.52,2.320062951476189,2.253014631578808,2.3495964233738933
1905,9.525,2.6026390282835576,2.495505103087772,2.585360940662732
1906,9.53,2.985137935982272,2.8536933471429795,2.930368867563427
1907,9.535,3.433266440762668,3.2891021760168235,3.3490343188068703
1908,9.54,3.915859351672301,3.7650945590395235,3.807373949711013
1909,9.545,4.4080493492711845,4.252533718201272,4.278139059113091
1910,9.55,4.891718494863269,4.7311018565673395,4.74170923053231
1911,9.555,5.35454253059781,5.188147853882318,5.185157857823357
1912,9.56,5.788620634097663,5.61668082895766,5.600644652311341
1913,9.565,6.189199757469522,6.013332708377842,5.983507976272488
1914,9.57,6.5536689258451775,6.376665535611633,6.3310245095399065
1915,9.575,6.880834315760861,6.706043635650448,6.642298158489135
1916,9.58,7.1704265715484965,7.001110473939923,6.918150964958557
1917,9.585,7.422781982656579,7.261688575064131,7.160158596457266
1918,9.59,7.638647394737459,7.487846395075225,7.369830648948044
1919,9.595,7.819070853991262,7.679967911921422,7.548422032035708
1920,9.6,7.965350747308326,7.838779747133228,7.696507616687201
1921,9.605,8.079024252161883,7.965350519839964,7.814188421666174
1922,9.61,8.16188131697474,8.061085577690388,7.902681786255086
1923,9.615,8.215993598372947,8.127729894845102,7.96478689901745
1924,9.62,8.243749245788944,8.167381155253462,8.003787533074199
1925,9.625,8.247884554671073,8.182508204605243,8.022774147975781
1926,9.63,8.231502721365798,8.175966189816016,8.024589987167325
1927,9.635,8.198068752873782,8.150997329632746,8.011848580541674
1928,9.64,8.151368762970838,8.111204736412011,7.986995891572906
1929,9.645,8.095422444114629,8.060486301586069,7.9524466652756995
1930,9.65,8.03434063121492,8.002917283191833,7.910734008294195
1931,9.655,7.972126569364971,7.9425750817091245,7.864605901890866
1932,9.66,7.912429946332296,7.883308618758126,7.817001333996011
1933,9.665,7.858275601405423,7.82846743983545,7.7708556074314625
1934,9.67,7.811800847525726,7.780619902195738,7.728761448789531
1935,9.675,7.774042045899003,7.741301265074461,7.692593465860237
1936,9.68,7.744808458342808,7.710835941641951,7.663208468149521
1937,9.685,7.722668280303443,7.688269911913783,7.640280711679745
1938,9.69,7.705051115815563,7.671429792082887,7.622283110221213
1939,9.695,7.688449371636442,7.6570997745464835,7.606602271710901
1940,9.7,7.66868505108984,7.641285023339193,7.5897599780334115
1941,9.705,7.641202516603411,7.619517495485837,7.567698746317372
1942,9.71,7.601352068101992,7.587160430574016,7.536085539787509
1943,9.715,7.544640323182081,7.539678603152648,7.490598727564672
1944,9.72,7.466936787395786,7.47285743754011,7.427173691782581
1945,9.725,7.364637852442644,7.382969673999899,7.3421867969950245
1946,9.73,7.234797690704445,7.266899792462448,7.232571857027252
1947,9.735,7.075239675947241,7.1222425701884,7.095891269791683
1948,9.74,6.884662494386895,6.947393420732917,6.930403302768497
1949,9.745,6.662752573994451,6.741645675713288,6.735164406191728
1950,9.75,6.41030898155713,6.50530467449117,6.510186848832849
1951,9.755,6.129378005856545,6.2398206138782415,6.256639027651851
1952,9.76,5.823381292073206,5.947930873283895,5.97704086665897
1953,9.765,5.49720293652075,5.633786736668313,5.67539987928337
1954,9.77,5.157178598799343,5.303018452093658,5.357248759343365
1955,9.775,4.810909066749017,4.962668554984483,5.029542222024548
1956,9.78,4.466814376702592,4.6209043933890825,4.7003446243400155
1957,9.785,4.133371430638509,4.286423306725359,4.37822882239134
1958,9.79,3.8180545756667255,3.9675103719042686,4.071345893242992
1959,9.795,3.526120249004419,3.670814080195234,3.7862265795047363
1960,9.8,3.2594998231625016,3.4000529014634346,3.5265183980665857
1961,9.805,3.016114238986817,3.1549890657250783,3.291982422587322
1962,9.81,2.7898432488240097,2.931012025290132,3.078080889683288
1963,9.815,2.571192901351675,2.7195167831366454,2.876335892255492
1964,9.82,2.3485118669865663,2.509008387401246,2.6753945550444165
1965,9.825,2.109525483909091,2.2866657693507313,2.4625445936905725
1966,9.83,1.84303075341649,2.0400778938794426,2.2254048088957816
1967,9.835,1.5407877847606166,1.7590287035804018,1.9536739380173076
1968,9.84,1.1998780531186113,1.437469947202084,1.6410758791654865
1969,9.845,0.8259866234368509,1.0760858475352943,1.2878944166303419
1970,9.85,0.4380169370104264,0.6860194023478776,0.9046475834087961
1971,9.855,0.0736698724885437,0.29415096139103447,0.5172746225595448
1972,9.86,-0.2067849312728011,-0.05087573795513478,0.1730508245739566
1973,9.865,-0.3254597188644774,-0.27602565995273753,-0.056786154203418704
1974,9.87,-0.2085338850520779,-0.2939220851379041,-0.08669234642048629
1975,9.875,0.1796265056259572,-0.034177159990355754,0.1528635551364106
1976,9.88,0.8152968272543359,0.5154123419220511,0.6753593860212295
1977,9.885,1.6282874227141175,1.295237503174238,1.4246473101408275
1978,9.89,2.535470961856233,2.206405640832117,2.3060522651273248
1979,9.895,3.466785698245722,3.1563878757771717,3.2304484212151037
1980,9.9,4.373725114170798,4.081385939869851,4.136018562478631
1981,9.905,5.226772309931214,4.945435250628288,4.987375018091263
1982,9.91,6.009688439981396,5.731776861275145,5.766866409106641
1983,9.915,6.714459636175592,6.4353600123404195,6.466825890016931
1984,9.92,7.337777459930784,7.057694286372341,7.084639698280002
1985,9.925,7.878829007436395,7.602725142344086,7.620026205656327
1986,9.93,8.337976300089915,8.073560156969886,8.073655893436728
1987,9.935,8.715983914266138,8.471157971935982,8.44650307962874
1988,9.94,9.01356807124624,8.794891662207393,8.73956696856452
1989,9.945,9.231127707545996,9.043541605872772,8.953763822431583
1990,9.95,9.368574348846757,9.215793018852544,9.089884585608164
1991,9.955,9.425211522555712,9.310251138086944,9.14855548890677
1992,9.96,9.399634393411915,9.325253648785095,9.130162672527666
1993,9.965,9.289632343384904,9.25865150157572,9.034726142534176
1994,9.97,9.092085620248232,9.107611183162495,8.86172399722782
1995,9.975,8.802855713091882,8.868441332168324,8.609819630751323
1996,9.98,8.41668278147091,8.536439703944378,8.276368651640015
1997,9.985,7.927131622170282,8.105772328905891,7.8567184728066675
1998,9.99,7.326690683114236,7.569435706699245,7.343683228882736
1999,9.995,6.607273208431733,6.919438202591645,6.727708345745727
2000,10.0,5.761702913269692,6.147529445588527,5.997992448346768
2001,10.005,4.787522169941728,5.24724815068567,5.144981143675784
2002,10.01,3.6960517874514136,4.219054815001645,4.165878480343724
2003,10.015,2.532197285350892,3.082380679649606,3.077004060821776
2004,10.02,1.410377576734124,1.9015352137498138,1.939450173658106
2005,10.025,0.5499469181274595,0.830721522923465,0.9027079098810282
2006,10.03,0.2246488763726792,0.1487995222971783,0.2381415058769738
2007,10.035,0.5554394303845883,0.15889317628736332,0.24205257811564618
2008,10.04,1.3811797065005773,0.8915935933379697,0.9484372313659999
2009,10.045,2.42528603746431,2.0215686943902864,2.04631696282168
2010,10.05,3.484201062528127,3.202231248298011,3.2014598471764155
2011,10.055,4.456196585524015,4.265419196968616,4.250629408772086
2012,10.06,5.302393789233842,5.163890841914475,5.147958600212725
2013,10.065,6.013282316351257,5.895376378991592,5.8920182091163955
2014,10.07,6.591011637787487,6.470116346190046,6.493126397163103
2015,10.075,7.0413955571308655,6.9039313191905975,6.962553264624576
2016,10.08,7.370547014924147,7.219586030390143,7.3096646961947105
2017,10.085,7.583531894500281,7.438688343868545,7.54141209999619
2018,10.09,7.683858770558679,7.568149501883752,7.662413983147332
2019,10.095,7.673285940120622,7.6030046920802015,7.675129962203082
2020,10.1,7.551716571601206,7.536361417975089,7.579980945315198
2021,10.105,7.3170755200249715,7.362663918975158,7.375470713245642
2022,10.11,6.965111686996927,7.076730535336834,7.05842245293213
2023,10.115,6.489089986555857,6.672339967025184,6.624231924386727
2024,10.12,5.879350027376827,6.141182936411554,6.066742588126022
2025,10.125,5.122739893016895,5.472030354043073,5.377529439936081
2026,10.13,4.20204219635123,4.64996392125815,4.5451975827550415
2027,10.135,3.095875580483809,3.655749753236341,3.5553668129123506
2028,10.14,1.7807574213074062,2.466002487461983,2.390386791366186
2029,10.145,0.2409283828776822,1.0564941770264187,1.0295756057543768
2030,10.15,-1.4964270554900037,-0.5835606899958794,-0.5395907284167656
2031,10.155,-3.256398802432951,-2.4017366466279926,-2.272030329475606
2032,10.16,-4.5295984619679714,-4.137880098646898,-3.92223077685928
2033,10.165,-4.628756953985383,-5.091222371165625,-4.81784835012771
2034,10.17,-3.588267852676079,-4.476532971256445,-4.202208023646765
2035,10.175,-2.109231271281532,-2.747317256962271,-2.510599927878814
2036,10.18,-0.6764513348276519,-0.9840471238043564,-0.7845514929128949
2037,10.185,0.5490511371611674,0.4423079923251265,0.6161526332746368
2038,10.19,1.5436680640235156,1.5389630514928543,1.6978772877052912
2039,10.195,2.3229150634266342,2.361644702403608,2.5168089635927187
2040,10.2,2.908990633878193,2.952471503017407,3.119877611195065
2041,10.205,3.32194018167268,3.3366565351759103,3.5403521205613915
2042,10.21,3.5780746316918366,3.543221328210941,3.801306246763458
2043,10.215,3.690543515945024,3.6308230303746116,3.9184868563066573
2044,10.22,3.6706359772563646,3.6366038606294366,3.9032955890015386
2045,10.225,3.529576911399908,3.54943325728039,3.765659660106528
2046,10.23,3.281037074297512,3.3587424263147883,3.51594011485117
2047,10.235,2.944776288701412,3.070873843827164,3.1678895322159812
2048,10.24,2.5517589512692878,2.7066619003809294,2.7442808237925
2049,10.245,2.150223068291831,2.303057548686582,2.283401251261635
2050,10.25,1.80960239847118,1.9181812013381672,1.844498584235013
2051,10.255,1.6149209241351412,1.633475151908431,1.5097274413698392
2052,10.26,1.643719157906315,1.542408941525062,1.3723989839936404
2053,10.265,1.9313944818256328,1.7172955498465017,1.5047906175311936
2054,10.27,2.452018853037808,2.1680214876228856,1.9230092958912652
2055,10.275,3.134264176896931,2.8318389794344205,2.577352695355647
2056,10.28,3.896060672903994,3.6095081446264863,3.375628626240516
2057,10.285,4.669736492139844,4.411006293937556,4.2216961508528525
2058,10.29,5.409366350651016,5.175915493759976,5.046286438672482
2059,10.295,6.087641969342887,5.871211641374609,5.810438320287759
2060,10.3,6.690074465708876,6.4823814085356455,6.489415107455604
2061,10.305,7.210057495435973,7.006100762772032,7.060117219306461
2062,10.31,7.645511837099658,7.4452597424028415,7.5161666380510805
2063,10.315,7.99683883794131,7.804934791514166,7.870669668481904
2064,10.32,8.265761543937874,8.089289414250494,8.133221851818202
2065,10.325,8.45472830345599,8.300561149988038,8.307948935343408
2066,10.33,8.566673795350754,8.439907212209732,8.3994443061989
2067,10.335,8.605023630558593,8.508621298886649,8.41416112572123
2068,10.34,8.573889254317397,8.508891838043398,8.360335178407949
2069,10.345,8.478437370623421,8.444200080591028,8.245152437620867
2070,10.35,8.325436451033491,8.319678007147143,8.075384816178769
2071,10.355,8.123978157581735,8.142617878227213,7.861313337272305
2072,10.36,7.886329554829301,7.923184307855905,7.616357596650875
2073,10.365,7.628769290029931,7.675264030399802,7.354419456934073
2074,10.37,7.37207856310707,7.417237760846067,7.092291309238736
2075,10.375,7.1411265093280365,7.172231140856149,6.854846222631911
2076,10.38,6.962870147063413,6.967146860483082,6.6716269386258045
2077,10.385,6.862403731733905,6.829729767004288,6.5683689767742255
2078,10.39,6.857692513258984,6.783485271947583,6.565096301577128
2079,10.395,6.954928051599602,6.841667393358561,6.672193959964664
2080,10.4,7.146841225149613,7.0030272951880495,6.878623624708736
2081,10.405,7.4149375974565634,7.251891669165301,7.159962011867574
2082,10.41,7.734403028060654,7.5627519287374145,7.492735302610251
2083,10.415,8.079297872872571,7.906836524229406,7.851863810504307
2084,10.42,8.426266275559083,8.25761136342359,8.212135255698083
2085,10.425,8.756306288947622,8.593735529267189,8.553336374524704
2086,10.43,9.055051819057082,8.899724847312052,8.860948757500932
2087,10.435,9.312248666215917,9.165261713868057,9.125182546632619
2088,10.44,9.520955131555056,9.383967590644424,9.339867230180687
2089,10.445,9.676767377148431,9.55214129567792,9.501424905781073
2090,10.45,9.777197919694412,9.66774855606808,9.608113492011658
2091,10.455,9.821241046839017,9.729797439331925,9.65953238888667
2092,10.46,9.809118852489568,9.738089241860417,9.656333755441349
2093,10.465,9.74219091415246,9.69323519734911,9.600167855904264
2094,10.47,9.623012185441665,9.59682221912122,9.493834624464792
2095,10.475,9.455526893679671,9.45166375265557,9.341468087927394
2096,10.48,9.245383542059187,9.262121799235889,9.148652719349265
2097,10.485,9.000339924833385,9.034501035835836,8.922572556066273
2098,10.49,8.73068869421595,8.777493227798995,8.672271454403289
2099,10.495,8.44956669167072,8.50259300693602,8.408977231888166
2100,10.5,8.172920826358329,8.224316345574401,8.146418400245912
2101,10.505,7.918828530981251,7.959946052681527,7.9008275394303435
2102,10.51,7.705901274556717,7.728461898315912,7.690030657725067
2103,10.515,7.550749648770209,7.54840436983153,7.531315860703224
2104,10.52,7.464979055120953,7.434798198342946,7.438411087965495
2105,10.525,7.452685608752315,7.39589077942961,7.4184000618315995
2106,10.53,7.509494227425712,7.430966177453567,7.469731934508207
2107,10.535,7.6235856721375,7.530320118957074,7.582303243974453
2108,10.54,7.778238670280415,7.677500029569311,7.739674104126955
2109,10.545,7.954837577108692,7.852800619880717,7.922429315422402
2110,10.55,8.13538854027979,8.036617748144405,8.111351862107416
2111,10.555,8.304094084223973,8.211730444482482,8.289548989012367
2112,10.56,8.448021149210213,8.364325879491108,8.443389574993072
2113,10.565,8.55713984911129,8.484066238037851,8.562566874583275
2114,10.57,8.624036206784245,8.563621161270614,8.639704351952883
2115,10.575,8.64352682673075,8.598019736867485,8.66982930759562
2116,10.58,8.612314805024536,8.584063178094903,8.6499036464027
2117,10.585,8.528761433403686,8.519934970470718,8.57849798496938
2118,10.59,8.392812221554687,8.405056478365449,8.455638975183408
2119,10.595,8.206100406990009,8.240176676709703,8.282836615121283
2120,10.6,7.972245244931827,8.02766681298284,8.063290988543052
2121,10.605,7.697353164507349,7.772001992342035,7.802277610433606
2122,10.61,7.390700398034989,7.480420519504399,7.5077087074502
2123,10.615,7.065502313413719,7.163724822225047,7.190840404006119
2124,10.62,6.739531971222874,6.837094544538916,6.867006944699977
2125,10.625,6.435138213295055,6.52059991919498,6.556085202797343
2126,10.63,6.178020870112962,6.238850160599781,6.282142887867051
2127,10.635,5.994194740499173,6.019029887531578,6.07154163723254
2128,10.64,5.905239258213396,5.886805063628912,5.948985076477101
2129,10.645,5.923164215907525,5.860585944663728,5.931979997547206
2130,10.65,6.047173668159473,5.946193467284614,6.025692397272639
2131,10.655,6.264083018691711,6.134762921375404,6.22094390484531
2132,10.66,6.552154992609752,6.405341202951879,6.496760766947747
2133,10.665,6.886337134075804,6.730802736375067,6.826140886203012
2134,10.67,7.242727595515602,7.08402994714911,7.182066019352984
2135,10.675,7.601213777605672,7.44205718811593,7.5415128594945475
2136,10.68,7.946382455028623,7.787712776916559,7.887017829090761
2137,10.685,8.267321856622345,8.109478727071565,8.206535201985346
2138,10.69,8.556925125445435,8.400472108389266,8.492521476781299
2139,10.695,8.811091366598477,8.65718067377948,8.740876495256698
2140,10.7,9.02801735824178,8.878319422459027,8.950034089253034
2141,10.705,9.207643485464349,9.06400397364822,9.120283288865542
2142,10.71,9.351252421923943,9.215288741242524,9.253303831457508
2143,10.715,9.461193190555534,9.333987653686483,9.351867335740609
2144,10.72,9.540696384927706,9.422640594820187,9.419651251894404
2145,10.725,9.593746854557516,9.484515818316478,9.461117002578144
2146,10.73,9.62498257397358,9.523592653373834,9.481408909089083
2147,10.735,9.63959095869624,9.5445050115495,9.486235905621136
2148,10.74,9.6431768912554,9.552437852060983,9.48170502830131
2149,10.745,9.641581647372696,9.55296839776127,9.474085205940987
2150,10.75,9.640640588349628,9.551843601453392,9.469495054676868
2151,10.755,9.645881088100076,9.554691350494004,9.473532769990744
2152,10.76,9.662179992500729,9.566676542537824,9.49089353140301
2153,10.765,9.693418418812994,9.592132059566321,9.52503346198937
2154,10.77,9.742184744597944,9.634212936154245,9.577932046746547
2155,10.775,9.809577649033995,9.69463155517709,9.649988804730446
2156,10.78,9.895146718503728,9.773525476924446,9.740073492146784
2157,10.785,9.996981230883785,9.869485953288397,9.845723005007612
2158,10.79,10.11192699167722,9.979740684144588,9.963440541329156
2159,10.795,10.2358871048297,10.100451135653014,10.089029058655662
2160,10.8,10.3641525336488,10.2270646049043,10.217903012006168
2161,10.805,10.49171304975198,10.354659603308455,10.345352067783242
2162,10.81,10.613513943512984,10.478237228067421,10.466747701553995
2163,10.815,10.724641818895462,10.592932962010941,10.577686437874924
2164,10.82,10.820438295088708,10.694144405938523,10.67406780870386
2165,10.825,10.8965506863499,10.777585475189358,10.752115096435574
2166,10.83,10.948933534545157,10.839285043993906,10.808354430395639
2167,10.835,10.973815534736966,10.875549080622093,10.839568044988855
2168,10.84,10.967644647128022,10.88290237257907,10.84273385981286
2169,10.845,10.927021511963655,10.858021417740346,10.814959124572049
2170,10.85,10.84862870271678,10.797665771609246,10.753409877134777
2171,10.855,10.729161494614718,10.698612119264368,10.655232873955171
2172,10.86,10.56526510369526,10.557593967296436,10.51746931709703
2173,10.865,10.353484189767745,10.371250208885197,10.336970532853623
2174,10.87,10.090233508833496,10.136088082181157,10.110336147217275
2175,10.875,9.771805261381123,9.848470881031036,9.833899272048743
2176,10.88,9.394441399285016,9.504649769758903,9.503782656378775
2177,10.885,8.954522494650437,9.10087534343749,9.116051202308356
2178,10.89,8.44896678664077,8.633653937754238,8.667004320437528
2179,10.895,7.876006791446929,8.100266171880309,8.153706742877695
2180,10.9,7.236633735119557,7.49975673215852,7.574960136079225
2181,10.905,6.537180096184729,6.8347546479186585,6.9330735707255755
2182,10.91,5.793685651195062,6.1146947554814215,6.23699526017403
2183,10.915,5.038537847639403,5.361181064606199,5.507528995041268
2184,10.92,4.328403768926419,4.615885728883156,4.785022721265838
2185,10.925,3.7479716300362775,3.9491441316442164,4.137758116796007
2186,10.93,3.397300542848595,3.461176540823921,3.663237376221012
2187,10.935,3.353631267067997,3.2599073978964777,3.4668267498882113
2188,10.94,3.6270139389082754,3.4080788189555458,3.610569039925629
2189,10.945,4.153220196773381,3.875425686603296,4.066601815295694
2190,10.95,4.8320723604551,4.55304095431915,4.730536826984591
2191,10.955,5.570852404134143,5.317787141636068,5.483504955198134
2192,10.96,6.303626748287182,6.079182468982008,6.237699666838249
2193,10.965,6.990491079784387,6.785908244416703,6.942916431209346
2194,10.97,7.609932158866249,7.414099288720578,7.575064455835234
2195,10.975,8.151604107522537,7.955908018345903,8.124434986743491
2196,10.98,8.61135108014339,8.412514246334904,8.588289138145647
2197,10.985,8.988189295970967,8.7894006382014,8.966925902923837
2198,10.99,9.282587521641927,9.091950806505695,9.261769688912791
2199,10.995,9.495522804404091,9.322617928476475,9.474507976643046
2200,11.0,9.627980124165488,9.481079477714431,9.606744028941922
2201,11.005,9.680705399662523,9.565862469124394,9.659893797848941
2202,11.01,9.654110163935462,9.575478691030636,9.635205149873663
2203,11.015,9.548281512088211,9.508739773850419,9.533843659330646
2204,11.02,9.363088981837349,9.364715703732319,9.357016214890482
2205,11.025,9.098413103731747,9.142703559122502,9.106133124730182
2206,11.03,8.754558395124295,8.842372255174318,8.783064754750757
2207,11.035,8.33296565474784,8.464181392317471,8.390582335797198
2208,11.04,7.83741114319842,8.010203705413964,7.932987953667316
2209,11.045,7.275966732084788,7.485563851343068,7.416945461535775
2210,11.05,6.664038734207942,6.900804549465658,6.852998271849906
2211,11.055,6.0286081509067335,6.2755129926792605,6.258730083454571
2212,11.06,5.412891350564114,5.643209696787617,5.663876682919757
2213,11.065,4.878386398343399,5.0561924423445035,5.115695498399796
2214,11.07,4.498197347242968,4.586004446955561,4.680025174771953
2215,11.075,4.336373856792681,4.311669954005572,4.430652748015758
2216,11.08,4.41972491764841,4.2909627284452325,4.422406330632389
2217,11.085,4.723406057626383,4.527934415603403,4.659924874716834
2218,11.09,5.184159197389181,4.966483565211599,5.0905490150398585
2219,11.095,5.7283983950917685,5.519559569919018,5.631574320669383
2220,11.1,6.2935160739106095,6.106069038790972,6.205624705886102
2221,11.105,6.835153008044314,6.668886955894723,6.758143903051346
2222,11.11,7.325420083548733,7.1746088726822865,7.25706071154423
2223,11.115,7.748289720062807,7.606804914741765,7.68584223604203
2224,11.12,8.09533709043086,7.9597364425981905,8.037013902983581
2225,11.125,8.362688288402715,8.233733933093202,8.307921682048221
2226,11.13,8.549080710721428,8.431482954064727,8.49829794613507
2227,11.135,8.65472860808444,8.555293244002447,8.609002831269576
2228,11.14,8.680729321184298,8.60614098820835,8.641584631029286
2229,11.145,8.628837833394785,8.584256835340309,8.598279538154946
2230,11.15,8.50151829496124,8.490134046519453,8.482053751593108
2231,11.155,8.302241930158509,8.325289246877519,8.296646420848518
2232,11.16,8.036043543855955,8.09282329346637,8.04684309513134
2233,11.165,7.710371673135298,7.798054091736228,7.739074233086733
2234,11.17,7.336254250572709,7.449421672232218,7.38243888347135
2235,11.175,6.929712640300338,7.059735363538216,6.990313498927067
2236,11.18,6.513126038028771,6.647653005909971,6.582106373756397
2237,11.185,6.11582303951672,6.238955375633836,6.184213188606446
2238,11.19,5.772668098488769,5.866641812623761,5.829415316697479
2239,11.195,5.519344534119348,5.56832084573991,5.5538638427288465
2240,11.2,5.3843121339785815,5.37956518684761,5.390657199652301
2241,11.205,5.380175477325111,5.32395326275592,5.360541690751752
2242,11.21,5.499224848347283,5.4041268537799265,5.463642666237683
2243,11.215,5.71611443410622,5.599793861448012,5.677933251319006
2244,11.22,5.995867713958224,5.874617664807859,5.9663887728551375
2245,11.225,6.302484765476589,6.187457573140122,6.288197646172109
2246,11.23,6.604659066531713,6.50154533782317,6.607496069233232
2247,11.235,6.877996753475573,6.788737456111425,6.897009625952153
2248,11.24,7.104867837168531,7.029803527467404,7.137943371691294
2249,11.245,7.273225105926993,7.212816555693355,7.318296169671376
2250,11.25,7.375265942156499,7.331065686590095,7.430951243109094
2251,11.255,7.40634748593539,7.381147007958889,7.472114412160273
2252,11.26,7.36429374531534,7.361569870184356,7.440292724878899
2253,11.265,7.249124654324471,7.272099191791579,7.33582808179264
2254,11.27,7.063220045145897,7.11385871145367,7.160906584235885
2255,11.275,6.81195029360676,6.890039989360469,6.920009545468636
2256,11.28,6.5048151756476855,6.607067571517917,6.620876118077052
2257,11.285,6.157073919229724,6.276180262770627,6.276003053323416
2258,11.29,5.791622483738816,5.915386371400699,5.904510578450392
2259,11.295,5.440350864248628,5.551459235512891,5.533948728289738
2260,11.3,5.143402471446721,5.220939878275615,5.201094010877621
2261,11.305,4.944239118345475,4.968125764903979,4.949845486296965
2262,11.31,4.879641399101333,4.83766965113934,4.823947631459477
2263,11.315,4.967709269165916,4.8616420301888725,4.854463913574113
2264,11.32,5.2007980552031805,5.046396391102353,5.047144806677288
2265,11.325,5.54850179514217,5.368396404940124,5.378399137551146
2266,11.33,5.968431568715685,5.783077077252049,5.803811062771392
2267,11.335,6.417705258546871,6.240293631933149,6.273134397054427
2268,11.34,6.860077906574534,6.696501595154448,6.742268350129963
2269,11.345,7.2681797103231,7.119653428369976,7.178197172718088
2270,11.35,7.6227404223033,7.488759771861686,7.558646885721274
2271,11.355,7.910694332980675,7.7913051260259465,7.869566199833599
2272,11.36,8.123247200658096,8.020359592259625,8.10241086121947
2273,11.365,8.254313802882578,8.172010036095942,8.251997211372164
2274,11.37,8.29938955902116,8.24337941123681,8.31503191022447
2275,11.375,8.2547993719535,8.231472968696373,8.289182897284311
2276,11.38,8.117257639928262,8.132837973301015,8.172534829867665
2277,11.385,7.883713817320068,7.943725573970541,7.96333611873038
2278,11.39,7.551529902260023,7.660464555496836,7.660022817844284
2279,11.395,7.119150485389819,7.280023190060726,7.261591308878653
2280,11.4,6.587614304465282,6.801016505679572,6.7685261652334745
2281,11.405,5.963557906167484,6.2256812308155745,6.184715561125261
2282,11.41,5.264749639083531,5.563686227261482,5.52113139059195
2283,11.415,4.529268825901172,4.839055051291064,4.802456900161014
2284,11.42,3.827612025505036,4.101354839800948,4.077760935793005
2285,11.425,3.269737192765791,3.439363864241516,3.4335560923447246
2286,11.43,2.986408460263856,2.985040367268554,2.997604973142426
2287,11.435,3.06937356921504,2.8799365736845317,2.9066113161167437
2288,11.44,3.5090592222841632,3.191719965345878,3.2256752766354646
2289,11.445,4.201754402991787,3.850632275068928,3.886689830608748
2290,11.45,5.017001365127936,4.6965121320656,4.73346856966664
2291,11.455,5.8511411598920136,5.580586499010174,5.620364531375031
2292,11.46,6.639822825210447,6.41203883628413,6.458009129528671
2293,11.465,7.348966556327649,7.1484058968159285,7.204401599199672
2294,11.47,7.962851273743441,7.774600258990937,7.844117470103843
2295,11.475,8.47554632787226,8.289488300439503,8.373977035152866
2296,11.48,8.88582113762459,8.699511854457871,8.79563775477555
2297,11.485,9.19435459371996,9.013968223725701,9.112174883666919
2298,11.49,9.40225501729538,9.23954066805718,9.32658998754075
2299,11.495,9.510278681767574,9.377532339110598,9.441204333283473
2300,11.5,9.518405826218531,9.425481985723582,9.457436493306357
2301,11.505,9.42559285655985,9.379683814064528,9.375734393739025
2302,11.51,9.229609641867402,9.236215607399686,9.195570835702172
2303,11.515,8.926926512690123,8.99084092688865,8.915461660364855
2304,11.52,8.512663293982346,8.638618733827913,8.532971788923799
2305,11.525,7.9806803008524625,8.173620216694378,8.04470183684844
2306,11.53,7.324024757679982,7.588932342398916,7.446395254585125
2307,11.535,6.536241962338023,6.877213612817421,6.733502328567214
2308,11.54,5.614725714813415,6.032449671835863,5.902631455071733
2309,11.545,4.568696677867844,5.054441118368755,4.955045533001866
2310,11.55,3.4368087967304146,3.959403181823618,3.905902794699958
2311,11.555,2.320203378381991,2.803033413871221,2.806452063263847
2312,11.56,1.420434763760541,1.7222832093226135,1.785404490721782
2313,11.565,1.009984354564601,0.975749987942895,1.089164985861054
2314,11.57,1.24669217580704,0.8749945664972425,1.0164307251445832
2315,11.575,2.0108452483370023,1.5094578698276893,1.653156985875301
2316,11.58,3.031731337238748,2.5977830392955004,2.728389008592682
2317,11.585,4.09116972333121,3.7793235948167747,3.8942272203136774
2318,11.59,5.074217827139193,4.8597977591192585,4.962978012126423
2319,11.595,5.934821953916271,5.778894714486716,5.876964128637489
2320,11.6,6.660383850220457,6.530074528625981,6.631571026832591
2321,11.605,7.252064817886596,7.122508311957715,7.237533263281225
2322,11.61,7.715714601407252,7.571281961445418,7.707741906107134
2323,11.615,8.058031550525056,7.898490960381738,8.053322066738337
2324,11.62,8.285054053232214,8.12738578053898,8.282833335060982
2325,11.625,8.401655576360609,8.268347406248616,8.40253769817862
2326,11.63,8.411471752994666,8.318961140222456,8.416837370311198
2327,11.635,8.3170303119598,8.274201535777175,8.328705414513347
2328,11.64,8.12001652320838,8.131080343937038,8.140363061845298
2329,11.645,7.821700247510099,7.888506444403229,7.854054528425694
2330,11.65,7.423631430916368,7.546599317414547,7.472560284408383
2331,11.655,6.928812417691229,7.106785840142157,6.999712632500305
2332,11.66,6.343697675004374,6.572878949037527,6.441464327683677
2333,11.665,5.681535903279645,5.953381670264896,5.808148616181441
2334,11.67,4.967595193111906,5.265512140821118,5.119126578901356
2335,11.675,4.246135535859062,4.541446938220098,4.409419106468173
2336,11.68,3.586366895740623,3.8362268819678285,3.735379379706291
2337,11.685,3.0792087119075,3.233038086904714,3.176780653525005
2338,11.69,2.813524174881672,2.83457602299577,2.8288108440984634
2339,11.695,2.83449920994842,2.727415461571659,2.7704018906602643
2340,11.7,3.116141085173384,2.9301726678005053,3.0146448269752106
2341,11.705,3.577141320261723,3.3742057330473667,3.4889638001561156
2342,11.71,4.122629316051115,3.944383717370142,4.076576024896812
2343,11.715,4.674825995792332,4.535931765916958,4.67566237657293
2344,11.72,5.181364569854361,5.07951494405282,5.222073006419255
2345,11.725,5.610920857210317,5.537540408762948,5.681551722548715
2346,11.73,5.9460504319618135,5.892808145928212,6.037807047756709
2347,11.735,6.177366957069484,6.139823665844452,6.284414987576494
2348,11.74,6.299720035865825,6.27935036864781,6.419795356037778
2349,11.745,6.309945528221785,6.314021433060686,6.443924225136279
2350,11.75,6.205690677620071,6.244705597375595,6.356477022655178
2351,11.755,5.985019225077485,6.069328847756428,6.156752027993657
2352,11.76,5.646756663933865,5.7842623742153805,5.844220132236575
2353,11.765,5.1918419213399165,5.38663569852651,5.418888472554749
2354,11.77,4.626385421231996,4.8769894743227145,4.883121804665726
2355,11.775,3.967743023998021,4.263384988647063,4.246740054459282
2356,11.78,3.2553707494857327,3.5690342287673227,3.5352939182332124
2357,11.785,2.566634577479796,2.8456800994396665,2.802142577440164
2358,11.79,2.02879661447175,2.1920237988779725,2.1455577743182355
2359,11.795,1.7992572081551057,1.7632560845804668,1.7182202853135853
2360,11.8,1.9883858436298003,1.7328133986862073,1.6894391967118154
2361,11.805,2.5775239158430905,2.1822077895787535,2.1379628606345635
2362,11.81,3.435080077003253,3.016545221926381,2.9716452898904437
2363,11.815,4.408358640976068,4.036791416213456,3.9970812527348136
2364,11.82,5.385600281623676,5.074644264215424,5.048725083113848
2365,11.825,6.30334850042461,6.038782159785869,6.034301429247103
2366,11.83,7.131565622647252,6.892709709460657,6.91469571488104
2367,11.835,7.858899637925476,7.627356118854445,7.6778671401613625
2368,11.84,8.483284514514905,8.246563677414741,8.323903409083654
2369,11.845,9.006811946026055,8.761466592336067,8.857813430290765
2370,11.85,9.433129266842403,9.185902683746587,9.285957515064519
2371,11.855,9.766179715833372,9.529842175107092,9.614499662570195
2372,11.86,10.009626026883026,9.79651512404428,9.849000973068609
2373,11.865,10.166616743704695,9.985339342244917,9.994405524911029
2374,11.87,10.239725907588156,10.095319957742717,10.05506646785728
2375,11.875,10.23098603772467,10.126198556560105,10.0348202354937
2376,11.88,10.14198207471284,10.078328783332616,9.93717209025095
2377,11.885,9.974002321861954,9.952365473101228,9.765506489821473
2378,11.89,9.728263446514982,9.749128358771525,9.523248489339256
2379,11.895,9.406247340503398,9.469684759081948,9.214163111794239
2380,11.9,9.010212418312191,9.115651933785507,8.84296745515887
2381,11.905,8.54397206711062,8.689756090710263,8.415770035453654
2382,11.91,8.014062426710902,8.196734240515916,7.939710329588971
2383,11.915,7.431424969301142,7.64470459303384,7.422624681297105
2384,11.92,6.813636592090506,7.04712486532328,6.87452598633112
2385,11.925,6.187385560376725,6.425312484236458,6.311079653882906
2386,11.93,5.590120944417526,5.811029025061073,5.757264924853106
2387,11.935,5.068636987420811,5.2476124020229244,5.2492994308248875
2388,11.94,4.671801197447715,4.786752862593398,4.832844588411936
2389,11.945,4.436994938017016,4.477818982667994,4.554313439240444
2390,11.95,4.375878172089712,4.350680708596082,4.444116925405571
2391,11.955,4.469143982851093,4.401124606720935,4.50067246093964
2392,11.96,4.674473036810969,4.590849228174904,4.6891210278942905
2393,11.965,4.941434392677137,4.863138086503827,4.956339813999234
2394,11.97,5.2239088877936375,5.162009710318309,5.249579425505825
2395,11.975,5.485907643225994,5.443575630200559,5.527322332152058
2396,11.98,5.702110168080017,5.678360096436403,5.76121880205363
2397,11.985,5.855962097565589,5.84890587683988,5.933644380821671
2398,11.99,5.937326235060661,5.946311320153918,6.034456599789468
2399,11.995,5.940573420225269,5.967114267390374,6.058225614867512
2400,12.0,5.863354063800015,5.91082433595954,6.002487337091049
2401,12.005,5.706049151914603,5.778391559653053,5.867269978477013
2402,12.01,5.471865735242597,5.571924795767201,5.655337928723167
2403,12.015,5.167581167690914,5.295566574546376,5.372464560366023
2404,12.02,4.804966684561452,4.957138825765108,5.028071684728344
2405,12.025,4.4028399120200445,4.570301300166227,4.6368096699243875
2406,12.03,3.989354461476291,4.157084607617478,4.220748601092507
2407,12.035,3.6033517235112726,3.7502929405607723,3.81179646265257
2408,12.04,3.292476588541092,3.394233151270914,3.4533242033364657
2409,12.045,3.1054043808195675,3.1408759302298463,3.1971257845807206
2410,12.05,3.078192411946954,3.0386243268863797,3.092081297617573
2411,12.055,3.2207696756095547,3.115259323616861,3.166875162598003
2412,12.06,3.5128854439518555,3.3645311745212165,3.4165185607326767
2413,12.065,3.912765663056417,3.747608700381041,3.8034379762510175
2414,12.07,4.371792263194011,4.209170792478019,4.272967636545457
2415,12.075,4.8462540757489005,4.695806820528401,4.771356491375055
2416,12.08,5.302630715222042,5.166434022396698,5.256191241553024
2417,12.085,5.717908548143704,5.594140698836549,5.698509883187208
2418,12.09,6.077663445657028,5.963725764859475,6.080671763590083
2419,12.095,6.373763566057702,6.268313148062868,6.393275447493333
2420,12.1,6.602488097122697,6.506301404310591,6.632486823531818
2421,12.105,6.763247689920895,6.678916783055798,6.798132540905662
2422,12.11,6.857853398787848,6.788634986121355,6.892569582317591
2423,12.115,6.890226290598215,6.83869515198711,6.920181563066022
2424,12.12,6.866447299460614,6.833486974690717,6.887306951102286
2425,12.125,6.795056011261239,6.779309516157171,6.802457288524673
2426,12.13,6.687488097599825,6.685141137735814,6.676734523055415
2427,12.135,6.558477413560292,6.56327465034444,6.5243279386377635
2428,12.14,6.426139731848086,6.429691777904819,6.362869712837775
2429,12.145,6.311340923072724,6.303908854255507,6.213303549402483
2430,12.15,6.235947752494955,6.207873281372824,6.09880960441117
2431,12.155,6.219838683423929,6.163524286421255,6.042345962232657
2432,12.16,6.277193846582632,6.1890633189811854,6.0627882840411385
2433,12.165,6.413309066182313,6.294825962366563,6.170587354953133
2434,12.17,6.6233483189866185,6.4804194961855695,6.364743532271188
2435,12.175,6.8936567764362975,6.73463885357878,6.6327164679131965
2436,12.18,7.204978031686631,7.03832737776661,6.953439921272692
2437,12.185,7.536151155349872,7.3687848870262584,7.302014778649755
2438,12.19,7.867055831783697,7.703837609868165,7.654148790763333
2439,12.195,8.180303736514109,8.024415718212516,7.989066532087833
2440,12.2,8.461805661585615,8.315521504880945,8.29062457795423
2441,12.205,8.700609962405036,8.566059531757945,8.547087252518693
2442,12.21,8.88839287668434,8.768082718411321,8.750265818056386
2443,12.215,9.018858159796444,8.915869414066275,8.89456956665956
2444,12.22,9.087183395182697,9.005092093251672,8.976208419910506
2445,12.225,9.089570661422387,9.032211336547272,8.992579653629829
2446,12.23,9.022918838102813,8.994119824089257,8.941818942932073
2447,12.235,8.884622230114305,8.887988539360206,8.822508157044346
2448,12.24,8.672506016991083,8.711254220900457,8.633535420882431
2449,12.245,8.384929250903825,8.461723010066365,8.37410457992177
2450,12.25,8.021121849763974,8.13782160152054,8.043926470598173
2451,12.255,7.581878125998108,7.739088995310537,7.643675319680051
2452,12.26,7.070810157199495,7.267074238690528,7.175834383302458
2453,12.265,6.496458529670537,6.726897966328735,6.646131396014248
2454,12.27,5.875593673162699,6.129832940809591,6.065907914320647
2455,12.275,5.237777623626924,5.497256509904996,5.455829261984519
2456,12.28,4.630136432992172,4.865889386377198,4.85093184572574
2457,12.285,4.118648737413958,4.292622800283359,4.305421124078048
2458,12.29,3.779089103509757,3.8537213943611217,3.892178512563502
2459,12.295,3.673077402236244,3.6297427483113216,3.688495010319569
2460,12.3,3.81913394209058,3.673001887780255,3.7447785708524335
2461,12.305,4.182443538962838,3.975807216040111,4.053737566440104
2462,12.31,4.693491935980058,4.471037533464684,4.55064414511019
2463,12.315,5.277672467669117,5.06745252918429,5.147246740975713
2464,12.32,5.874614967871961,5.685962771925142,5.766828364713938
2465,12.325,6.443104832078006,6.27370687499914,6.357870686182914
2466,12.33,6.958043263157039,6.8012052405862224,6.891158345905103
2467,12.335,7.405481175758169,7.2549303447597335,7.352183748349378
2468,12.34,7.778398985523895,7.6311323495602235,7.734802832650621
2469,12.345,8.073781148039744,7.931331712471454,8.037208285597455
2470,12.35,8.290769067285451,8.158611231865446,8.259664245042643
2471,12.355,8.429550149654425,8.31502430579976,8.403318639916682
2472,12.36,8.490708794334067,8.400891851598171,8.469616659081826
2473,12.365,8.474856799235805,8.415460493622128,8.460031751465678
2474,12.37,8.382431777502946,8.357694697903685,8.375958434971615
2475,12.375,8.213600061780639,8.22663636808303,8.2186821852191
2476,12.38,7.968232195876491,8.02143195494265,7.989379918210574
2477,12.385,7.645941830734724,7.741258688642404,7.689133964306352
2478,12.39,7.246198846509556,7.385289860345106,7.318972097826107
2479,12.395,6.76855047599859,6.9527650275794635,6.879954663878557
2480,12.4,6.213016254879258,6.443215571729901,6.373284803872592
2481,12.405,5.580770913967042,5.85692230336526,5.800416286659977
2482,12.41,4.875300079086097,5.1957387344124895,5.163367345424231
2483,12.415,4.104301968264151,4.464498783195005,4.465787169044479
2484,12.42,3.282664396216002,3.673327175674041,3.715330049490632
2485,12.425,2.4366896715337942,2.841208525410763,2.9275479744121666
2486,12.43,1.6089170515772628,2.000891458164379,2.1311404856991474
2487,12.435,0.8607245434878151,1.2039985270768216,1.373483016317726
2488,12.44,0.2666814604021857,0.5222767005114433,0.7225066190324627
2489,12.445,-0.1052340621942756,0.03713018074907115,0.2569603446062976
2490,12.45,-0.2224248876617963,-0.1883262797731975,0.03915118808224438
2491,12.455,-0.1043430564839648,-0.14319945776476928,0.08149111086224448
2492,12.46,0.1889934387260237,0.12154702336522849,0.33655146866632446
2493,12.465,0.5854136690386698,0.5208174065479811,0.7234851146308214
2494,12.47,1.0233099468671534,0.9737874624901535,1.1650562383814846
2495,12.475,1.4599349374899258,1.423941113206932,1.6070399641780084
2496,12.48,1.86994096639562,1.8396583664499122,2.0187199832588973
2497,12.485,2.2406788446665185,2.207405673988542,2.3860179078193515
2498,12.49,2.567702746253401,2.5251523337456474,2.7047701198755423
2499,12.495,2.8514412785277936,2.797487045487133,2.9761545751295015
2500,12.5,3.0949527759822004,3.0316361031650527,3.2040185191601838
2501,12.505,3.302444536468552,3.234336766532792,3.393394025536277
2502,12.51,3.478279229943017,3.410393535951976,3.5495605688569976
2503,12.515,3.6262900895296153,3.562804266562835,3.67732272100101
2504,12.52,3.749308773562596,3.6933235694428825,3.780468862250096
2505,12.525,3.848861887781248,3.8027193806882815,3.861438946181451
2506,12.53,3.925016645023809,3.890721412282435,3.921225108541945
2507,12.535,3.976360255587864,3.9558980017544423,3.9595451302383786
2508,12.54,4.000090340406411,3.9956119993034065,3.9751553383283205
2509,12.545,3.992183919184633,4.006090174284291,3.9660337317416827
2510,12.55,3.947607307999802,3.9825781106399454,3.9293389014048934
2511,12.555,3.860532039859368,3.9195337812995965,3.8611808447282185
2512,12.56,3.7245328340161823,3.8108185974470854,3.7562666195811487
2513,12.565,3.532761280005446,3.649862646840032,3.6076568081784677
2514,12.57,3.278112972832204,3.4298050788806913,3.406910838964258
2515,12.575,2.953440002442326,3.143640409880428,3.1446023010022435
2516,12.58,2.551915889187676,2.784442581922504,2.8110156916197
2517,12.585,2.0677592300624243,2.3458059930084154,2.3970930848168743
2518,12.59,1.4977068491564574,1.822766392204727,1.8959302831360656
2519,12.595,0.8439562879126365,1.2136965371414545,1.305048601014529
2520,12.6,0.1197920862650538,0.5240811231644349,0.6299706718237745
2521,12.605,-0.6405423447443996,-0.22633860973624653,-0.10930089659277176
2522,12.61,-1.367597731928479,-0.9913034803164793,-0.866759980341322
2523,12.615,-1.9456334657753247,-1.681373167946032,-1.5543571256190685
2524,12.62,-2.22868835300364,-2.1548205326291505,-2.033116353163871
2525,12.625,-2.1078659248832605,-2.249491268739842,-2.143849455574534
2526,12.63,-1.5893420318913345,-1.8795280561082315,-1.800782648646269
2527,12.635,-0.7899521428264643,-1.119280848555296,-1.0732938716954763
2528,12.64,0.1436154208321225,-0.1516270487655973,-0.1368248434884105
2529,12.645,1.097971016939018,0.8563242647953073,0.8471182627101976
2530,12.65,2.0055002758054936,1.8072935783116577,1.7839423082084847
2531,12.655,2.8322937751343096,2.6589869212057717,2.632237518601863
2532,12.66,3.564096668369181,3.3983612768401787,3.3786181492765257
2533,12.665,4.196791257137382,4.026527949727957,4.021704742711437
2534,12.67,4.731008681346079,4.552411551888255,4.564339917484386
2535,12.675,5.169311809737634,4.988211704477578,5.0102368628902765
2536,12.68,5.51478709584064,5.3432648112260015,5.362724219912926
2537,12.685,5.77036972260229,5.620772836525503,5.624524607667968
2538,12.69,5.938543102026511,5.819976838315992,5.797987540799244
2539,12.695,6.021230320858723,5.939375324919808,5.88532267705072
2540,12.7,6.0197893485407095,5.9780219723556876,5.888677036419577
2541,12.705,5.935075342801818,5.9355072025955335,5.810173974158317
2542,12.71,5.767565047118229,5.811666008600049,5.651997114162423
2543,12.715,5.517563337630812,5.606423999423926,5.416501645400488
2544,12.72,5.185539289925614,5.319861712813055,5.1064112096282965
2545,12.725,4.772675901917695,4.9525212430846635,4.725232639678462
2546,12.73,4.28176954311254,4.506022586927048,4.277695383691606
2547,12.735,3.718681350416285,3.984131482848748,3.769837004057764
2548,12.74,3.094596745581044,3.394504705080893,3.2093499497814237
2549,12.745,2.429289833549464,2.751390841146809,2.607800851928917
2550,12.75,1.7551490246407342,2.07944208985305,1.9852124086844176
2551,12.755,1.1204222935986814,1.4181342172078275,1.3753084292041522
2552,12.76,0.5877805345654512,0.8245038394146498,0.8286514813064336
2553,12.765,0.2227495058292649,0.3689513823182917,0.4095720176768278
2554,12.77,0.0712003045891541,0.11779612214596558,0.18091705629720511
2555,12.775,0.1377513414103904,0.10447797896613409,0.17642461759843187
2556,12.78,0.3830469329234135,0.3085393690095364,0.37875870361194064
2557,12.785,0.742474849814384,0.6638205839527327,0.7260528852514829
2558,12.79,1.1499657138099797,1.0896430711667446,1.1418200002954406
2559,12.795,1.5522718202674843,1.5179281004273015,1.5613573250563086
2560,12.8,1.9121943669120085,1.902560109577002,1.9407618057816176
2561,12.805,2.2059342770150376,2.2166431684282646,2.2539188387142097
2562,12.81,2.419027961590709,2.4465720894878418,2.4864399121195597
2563,12.815,2.5428657827131667,2.5869242604202873,2.6307216410557004
2564,12.82,2.5722454376253663,2.636485246418189,2.682623822364249
2565,12.825,2.503837130647625,2.595064932116947,2.639543914634516
2566,12.83,2.3353431784200147,2.4615715843120047,2.499753837673936
2567,12.835,2.065211416785218,2.233776880291831,2.2623972205441047
2568,12.84,1.6928932433301056,1.9092361243795573,1.9274491357213144
2569,12.845,1.2198069037732258,1.486621612327966,1.4958893603028205
2570,12.85,0.6513954645180045,0.9674294354514053,0.9708456298308219
2571,12.855,0.0009564975871179,0.3587013553084466,0.36007502244448375
2572,12.86,-0.7039059170020039,-0.3222198693445941,-0.3193052161181589
2573,12.865,-1.4120638817306077,-1.0398589596927135,-1.0324129549103338
2574,12.87,-2.040325666433493,-1.7299420712148006,-1.7155614943214772
2575,12.875,-2.477340243050964,-2.29140603120515,-2.2688310723042733
2576,12.88,-2.616937891572082,-2.5976239724293047,-2.5676321856885442
2577,12.885,-2.4148156380853507,-2.5467602847688084,-2.511898076637239
2578,12.89,-1.9178863614993005,-2.131793706944004,-2.0942046569891817
2579,12.895,-1.2314781903270806,-1.4540668666477687,-1.413271744224792
2580,12.9,-0.4628965799982152,-0.6549157580816622,-0.6079109425018148
2581,12.905,0.3099040829741976,0.15462791916587104,0.21154033471516698
2582,12.91,1.0410152388405638,0.9118987140099235,0.9816086878070336
2583,12.915,1.7078311028092097,1.5897522037501313,1.6738064049780301
2584,12.92,2.302025669703468,2.1814586757849934,2.2795873102875452
2585,12.925,2.823323014772616,2.6916961416049174,2.800380311204252
2586,12.93,3.2757975650362328,3.1314685404129294,3.242199306968576
2587,12.935,3.665818877340464,3.513366106925867,3.6130621083190935
2588,12.94,4.000930874019685,3.84748382442322,3.921863875870831
2589,12.945,4.289215022810184,4.1406871414104405,4.177873472143067
2590,12.95,4.538874130370843,4.398433141424221,4.390450116064453
2591,12.955,4.757890451244904,4.62629106928853,4.568842631143379
2592,12.96,4.9536860403713865,4.830220571715267,4.722001218682117
2593,12.965,5.1327651186544205,5.0161382646177675,4.858332132230154
2594,12.97,5.300357012256903,5.189309888444322,4.985392921998459
2595,12.975,5.4601044142667385,5.353802943158916,5.109598050296779
2596,12.98,5.613851207022799,5.512084818805233,5.235981241649817
2597,12.985,5.761573841631071,5.664806524134351,5.3679065860838024
2598,12.99,5.901473135341328,5.810788548415788,5.50647498965
2599,12.995,6.030209068397237,5.947194765331224,5.649667968229082
2600,13.0,6.143232537950163,6.069847229673907,5.791913061022262
2601,13.005,6.235154644321419,6.173612804879309,5.92471064491324
2602,13.01,6.300098132587056,6.252790285181642,6.037955222892933
2603,13.015,6.331992349295046,6.3014427041072,6.121080946126088
2604,13.02,6.324794791274972,6.3136454607871695,6.163963492101365
2605,13.025,6.272642609802195,6.283647263770406,6.1580276223415735
2606,13.03,6.169953448324445,6.205961683440027,6.097036627747213
2607,13.035,6.011507559109409,6.075421144861102,5.976691474323517
2608,13.04,5.79255580961928,5.887235236574758,5.793687403706884
2609,13.045,5.50901642398946,5.637106558828269,5.545312273907721
2610,13.05,5.157854316119459,5.3214770584668045,5.2296306441994815
2611,13.055,4.737789407961671,4.93801463840329,4.84592196993693
2612,13.06,4.250561724664333,4.486513712560357,4.395395115336257
2613,13.065,3.703083127366889,3.9704807450814132,3.8825922122688246
2614,13.07,3.1108576560044328,3.3997891981718222,3.317973383205033
2615,13.075,2.502803266365122,2.794810836306055,2.7219511342272265
2616,13.08,1.926446341446654,2.192006908196489,2.130296568764635
2617,13.085,1.4495904081868187,1.6492774812971267,1.599457607287511
2618,13.09,1.1509420431542063,1.2455225738251077,1.2064498540520772
2619,13.095,1.0944541980483349,1.0648425370899441,1.0337119915539366
2620,13.1,1.298127384078982,1.1614999472436565,1.1349526034940531
2621,13.105,1.723454616686961,1.525593072486512,1.501474683211491
2622,13.11,2.296232110546202,2.0844243346820095,2.0630239317566144
2623,13.115,2.9383563811987297,2.7414064568444583,2.725174326761631
2624,13.12,3.5877009131912185,3.4145501438479684,3.406932129125609
2625,13.125,4.202513088014758,4.0501935115582,4.054746767438193
2626,13.13,4.757742201341055,4.619041788327796,4.638810381518158
2627,13.135,5.239691107648361,5.108043884855301,5.144561093637623
2628,13.14,5.6416424370446725,5.513990247928642,5.565887505987922
2629,13.145,5.9609136260797,5.838951869079327,5.901036648147622
2630,13.15,6.197061649405655,6.086509872228632,6.150412067514873
2631,13.155,6.350870145997964,6.259162698737569,6.315476268127152
2632,13.16,6.4238442101831685,6.3577973114341795,6.398279513251126
2633,13.165,6.418045334917569,6.3826273451433515,6.401348530811418
2634,13.17,6.336182051353748,6.334277995874827,6.327806034986711
2635,13.175,6.1819304871130045,6.214481828560292,6.181672951096826
2636,13.18,5.960498627375138,6.026570931520679,5.968348776296864
2637,13.185,5.679467197090775,5.776068644546539,5.695294911675364
2638,13.19,5.349923176670485,5.471562856162544,5.372964506757941
2639,13.195,4.987810995002893,5.125907009676205,5.015980101778071
2640,13.2,4.61520077039557,4.757621638620576,4.644361283187962
2641,13.205,4.260770334242023,4.3920569305743395,4.2842740873043965
2642,13.21,3.9583357685146296,4.061374447024164,3.9674862005463116
2643,13.215,3.742245915420458,3.801915788630411,3.728511536422677
2644,13.22,3.6396933609377022,3.64776808762496,3.5985406571743948
2645,13.225,3.6625556148287663,3.621299858958265,3.5967163342081463
2646,13.23,3.803198735436689,3.7247609848714642,3.7224341355422874
2647,13.235,4.0369748562516,3.938427579166378,3.9540090204804303
2648,13.24,4.329741913999986,4.227054930773019,4.255470303972773
2649,13.245,4.646018917319658,4.550452281975481,4.587076793649693
2650,13.25,4.954471763393952,4.8722170218174705,4.913477836614092
2651,13.255,5.230081891283,5.163872886958252,5.207167926813346
2652,13.26,5.454003016390815,5.405205647440351,5.4484495150921255
2653,13.265,5.612346972477087,5.582692395086123,5.62382471031419
2654,13.27,5.694724917380892,5.687371160750745,5.724043170746546
2655,13.275,5.692926081786319,5.712785697690621,5.742370638338425
2656,13.28,5.599841546455121,5.653315774448728,5.673281217279807
2657,13.285,5.408616343177716,5.503063383097567,5.5115510832846235
2658,13.29,5.111977579513302,5.255261258037402,5.251602862392261
2659,13.295,4.701697752269206,4.901986697440076,4.887006551339523
2660,13.3,4.168200597143525,4.433968146482224,4.41015007604929
2661,13.305,3.5004282522040127,3.8404362897192668,3.8120675828621
2662,13.31,2.686355614941381,3.109208928344338,3.0824507207201037
2663,13.315,1.7152075410312595,2.2275867473387954,2.2103279947100063
2664,13.32,0.5841146062203821,1.1855308279912622,1.1869272300175302
2665,13.325,-0.6841824405319473,-0.015166269497379758,0.014383111613223143
2666,13.33,-1.9998884803531207,-1.3368935504839836,-1.2711139422111275
2667,13.335,-3.136185641380729,-2.651290596808815,-2.5459716401888377
2668,13.34,-3.7165101295569953,-3.653276144954239,-3.515471561522924
2669,13.345,-3.470948537846178,-3.881990394127376,-3.7330627888800105
2670,13.35,-2.55506349350067,-3.1320070344021484,-2.9972604595463572
2671,13.355,-1.3560776949224929,-1.8054392236606738,-1.6941365220188578
2672,13.36,-0.155364119866228,-0.4249299814573737,-0.33003053888680967
2673,13.365,0.9217205650295196,0.7802341729798483,0.8700450604355288
2674,13.37,1.8363372370844115,1.7671871488317192,1.8626501518330532
2675,13.375,2.584717553929123,2.546946638707327,2.658962857022195
2676,13.38,3.174683438287004,3.138278281708906,3.2793533632705394
2677,13.385,3.616520647155526,3.560397234753201,3.7419017655068334
2678,13.39,3.9197985937863713,3.841131314157588,4.060624921474094
2679,13.395,4.092519055426809,4.013771746851939,4.245856138029571
2680,13.4,4.141202563766608,4.092477758307939,4.305163875085704
2681,13.405,4.071442965087432,4.071944850455696,4.24444997098939
2682,13.41,3.888865431273128,3.9459542413639643,4.069022005969999
2683,13.415,3.6006517878673443,3.714286513609713,3.784911280468248
2684,13.42,3.2179773651111017,3.3827014005899394,3.400874937375407
2685,13.425,2.75982499286704,2.9639090734500337,2.9314797642958546
2686,13.43,2.2584691129810004,2.4811805731770424,2.4017030750028825
2687,13.435,1.7657692079714509,1.974353837514006,1.852985186513552
2688,13.44,1.3561886575648634,1.506374502711969,1.3495152741466248
2689,13.445,1.1177719724312238,1.1642861984295396,0.980329406166307
2690,13.45,1.1237945096671624,1.0431766820440735,0.8446397604835854
2691,13.455,1.396422031524732,1.2066843646305028,1.0102112336192284
2692,13.46,1.8939014049074112,1.6461322105386853,1.4685997762544503
2693,13.465,2.5349046729491667,2.281301759053302,2.136212430140017
2694,13.47,3.235170913757597,3.006164806753573,2.9033607446508416
2695,13.475,3.9292511308746136,3.7329849940149122,3.677967535302759
2696,13.48,4.574301857350173,4.406307194148731,4.396666485868934
2697,13.485,5.145261630990101,4.997039476213907,5.0214651313340015
2698,13.49,5.628687215737802,5.492878006830809,5.538194309076133
2699,13.495,6.017958690473463,5.891332284370438,5.946726247280587
2700,13.5,6.310151551081098,6.194963328002517,6.249076238882811
2701,13.505,6.5041704415208255,6.407342817334276,6.446932399319684
2702,13.51,6.599712887954723,6.530198683842789,6.5425508453972405
2703,13.515,6.596768918462893,6.562924378550083,6.538951075084473
2704,13.52,6.495502304996946,6.503757161276264,6.439120534322024
2705,13.525,6.296476880557408,6.351071473589806,6.245114496506666
2706,13.53,6.00130240850817,6.1042761474146205,5.959186771915615
2707,13.535,5.613901044971153,5.76470804153532,5.5855717861937
2708,13.54,5.142747034075398,5.337110905696928,5.131122012120905
2709,13.545,4.604558009867903,4.832285512019168,4.607315699256754
2710,13.55,4.029769189871304,4.271494545259832,4.036350901081892
2711,13.555,3.4689971498462824,3.6928590874539204,3.458780874010884
2712,13.56,2.996429145550454,3.1582882562875687,2.9380753459062383
2713,13.565,2.701098684218215,2.7549873945914496,2.5599355052903796
2714,13.57,2.658057672747117,2.5796636537943156,2.4175544760604053
2715,13.575,2.8905177496706767,2.698103148445286,2.571584321492147
2716,13.58,3.355845926821444,3.102185503979566,3.0077339703194452
2717,13.585,3.9704141365996266,3.7096453243056793,3.641262699824825
2718,13.59,4.647581198247646,4.411270940047635,4.364501297912314
2719,13.595,5.320172316288485,5.116817883534466,5.088774276766009
2720,13.6,5.9442553548672326,5.769408033718523,5.758051596429449
2721,13.605,6.494032523211697,6.339183776044171,6.343102053380176
2722,13.61,6.955416698725315,6.813299619752526,6.830813742087271
2723,13.615,7.321053036120895,7.188719659893854,7.216263431579466
2724,13.62,7.587049218536647,7.46733268881761,7.498214554464727
2725,13.625,7.750964326378009,7.651745667192321,7.676715109003458
2726,13.63,7.810583664544335,7.742196377957912,7.751785158909327
2727,13.635,7.763140624597185,7.735831569282497,7.722705956070726
2728,13.64,7.604770204012007,7.627610916646493,7.5876399297819415
2729,13.645,7.330064575248407,7.411135208006662,7.343353690802434
2730,13.65,6.931661147435944,7.078750130019635,6.984946542113628
2731,13.655,6.399853086339959,6.621162763961034,6.505620484596143
2732,13.66,5.722317731745039,6.026926692391951,5.89646806801288
2733,13.665,4.884321294650445,5.282105228634222,5.146254116641368
2734,13.67,3.870483271530893,4.370658826780918,4.241648862178521
2735,13.675,2.6712165842822637,3.2770501798611544,3.169439218601532
2736,13.68,1.3023823058333672,1.9953315401013332,1.9248027059602868
2737,13.685,-0.1421321284081411,0.5563363513776283,0.5370352309075193
2738,13.69,-1.387217508200812,-0.9009747463367193,-0.8614486309539684
2739,13.695,-1.941851802308414,-1.9976937758347058,-1.9066548472144929
2740,13.7,-1.4877963073562657,-2.1207629628989855,-2.006787355829136
2741,13.705,-0.309676132974551,-1.0552628645404774,-0.9520718055990729
2742,13.71,1.0940010432324545,0.5664401649225237,0.6480748683100455
2743,13.715,2.431106848778601,2.1210948377092183,2.1884492429898827
2744,13.72,3.598306044627507,3.422770609318886,3.4854709335491414
2745,13.725,4.575623656462444,4.468789254564883,4.535775483808017
2746,13.73,5.3706216727827325,5.288871487240129,5.370657735007547
2747,13.735,5.997252598029991,5.908607585154654,6.019671527706173
2748,13.74,6.468842344356855,6.349605245250752,6.5050975766232515
2749,13.745,6.796093975215355,6.645997276575992,6.842735418735645
2750,13.75,6.986772506113304,6.838546950205936,7.043137385759227
2751,13.755,7.045915074575798,6.936955223632426,7.112843605371299
2752,13.76,6.97620211680978,6.927585653809171,7.055523681918183
2753,13.765,6.778436711605743,6.79889951653889,6.87271062981687
2754,13.77,6.452256735518467,6.545228410807635,6.564497255202461
2755,13.775,5.997406995878035,6.163866869466245,6.130688309336126
2756,13.78,5.416252023907086,5.6543351192046725,5.5727257733254785
2757,13.785,4.71885473741653,5.020668076798468,4.8969893261536726
2758,13.79,3.932891136322669,4.2776213846518045,4.120633601079824
2759,13.795,3.12089626860597,3.4632129966950096,3.283281935579346
2760,13.8,2.401929680532426,2.6600576760176584,2.4695017712704628
2761,13.805,1.9534608643659732,2.019388788044195,1.8335766549678651
2762,13.81,1.944743806478221,1.7513148573780528,1.5854203854068039
2763,13.815,2.4142728762452133,2.0186812027002627,1.8816890805950988
2764,13.82,3.235634302922864,2.782750454764958,2.678497220218826
2765,13.825,4.222574627749212,3.8200437265162863,3.7535763376724156
2766,13.83,5.229707683086864,4.906384934504885,4.883223909811869
2767,13.835,6.174105208956099,5.915656912083288,5.933842029545459
2768,13.84,7.017201060616118,6.798754006637551,6.84682739863616
2769,13.845,7.74459894278872,7.543531445860312,7.612150307540138
2770,13.85,8.353316027114767,8.153028313488045,8.239209202888926
2771,13.855,8.845056155218847,8.638167234041262,8.73707517986702
2772,13.86,9.222915544360726,9.014459399411741,9.112743696692725
2773,13.865,9.489819672819744,9.294688152274059,9.37251901826978
2774,13.87,9.647784263189797,9.482590869722252,9.52230092625907
2775,13.875,9.697547936834592,9.57506200688816,9.566348180348207
2776,13.88,9.638354637130316,9.567149208165546,9.505819756768847
2777,13.885,9.467777169899408,9.453997153426771,9.340165721145771
2778,13.89,9.181531943736568,9.23053063706117,9.068255274462672
2779,13.895,8.773276099278155,8.890654894749861,8.686531505615651
2780,13.9,8.234433556918027,8.42660130989045,8.187976881881081
2781,13.905,7.554218434518365,7.828528186538171,7.56484446365392
2782,13.91,6.720337112457231,7.084539067225123,6.810781855204947
2783,13.915,5.721678564090922,6.181720015340421,5.9187891203838
2784,13.92,4.556467167890454,5.109945522164729,4.8823339226262386
2785,13.925,3.2544803346726563,3.873144931949439,3.7063255264386665
2786,13.93,1.929642781603266,2.519542936798716,2.4329871082586765
2787,13.935,0.8633417538878143,1.211534666071381,1.2089613612056649
2788,13.94,0.4830096588170865,0.32616779451853173,0.39211883033303074
2789,13.945,0.9995298008472892,0.37260866932328707,0.473798518704883
2790,13.95,2.135189932594876,1.433820901166114,1.5348533416340668
2791,13.955,3.470965276388464,2.950020602099229,3.03496231974134
2792,13.96,4.756701815950226,4.41758775931531,4.487108466104893
2793,13.965,5.897080925481016,5.672723641574133,5.732763072171492
2794,13.97,6.869834737879586,6.703314563956909,6.761458995109029
2795,13.975,7.679175785167719,7.530559769565203,7.596876418829736
2796,13.98,8.336725663425518,8.176233311813156,8.264402674877283
2797,13.985,8.85462703716017,8.662275974740849,8.784628052685019
2798,13.99,9.24332326923074,9.022117859372859,9.172825405355816
2799,13.995,9.511024170716777,9.290149396132035,9.439646894571275
2800,14.0,9.66374046705194,9.474272522118211,9.59237190845804
2801,14.005,9.705479588964325,9.565068663406123,9.63581835996603
2802,14.01,9.63846511160246,9.554631760005012,9.57267073654495
2803,14.015,9.46335053962198,9.439321781605436,9.404140130814973
2804,14.02,9.179453343108426,9.21720679138905,9.131024470131539
2805,14.025,8.785085719727748,8.886428100816593,8.75415664161831
2806,14.03,8.278138834095781,8.444773981446327,8.274206897627602
2807,14.035,7.657231105222836,7.890099557668732,7.691706078490434
2808,14.04,6.924028260778053,7.221684926675719,7.008233383663462
2809,14.045,6.087870647840901,6.443183137148151,6.230638674779138
2810,14.05,5.174552666348291,5.56854396150586,5.377854163089033
2811,14.055,4.241066042589102,4.633136964023969,4.488053071044645
2812,14.06,3.3934612326833173,3.7118393812716484,3.6311690362490388
2813,14.065,2.7883198168712404,2.9385360403826195,2.929793229449314
2814,14.07,2.5794566228812728,2.4979501586063124,2.556720520414786
2815,14.075,2.8154535882578493,2.5407346098470147,2.65245353871554
2816,14.08,3.3985368725283487,3.052994607018783,3.1956639455676283
2817,14.085,4.162772850048497,3.85061164442313,4.001799170548926
2818,14.09,4.966752623071819,4.725317292629822,4.872044728642117
2819,14.095,5.723219715783944,5.5460184125340914,5.685392551847678
2820,14.1,6.3878426933500805,6.254470135247551,6.388195624911333
2821,14.105,6.941404743289085,6.8316478882833005,6.963226233623903
2822,14.11,7.377267538355335,7.275963561530408,7.409439031278911
2823,14.115,7.69429810691741,7.594521868113273,7.731786061411136
2824,14.12,7.893198890935156,7.799157598531673,7.935677622604844
2825,14.125,7.974643524665512,7.9000808434686025,8.024321409302939
2826,14.13,7.938295529312108,7.8998383465177255,7.9992871783978465
2827,14.135,7.782220412762139,7.794038792857378,7.860883567596823
2828,14.14,7.502432421928969,7.575369708050294,7.606567876533974
2829,14.145,7.092431691929645,7.235494760999531,7.230505251612274
2830,14.15,6.542646632290898,6.764727585147575,6.725751711339825
2831,14.155,5.839746973403951,6.150945675556693,6.084758247772667
2832,14.16,4.9659054845971164,5.378422518858836,5.296015302304044
2833,14.165,3.898451719612619,4.426822426427716,4.342266800580292
2834,14.17,2.611602160316428,3.270962495470939,3.201601968352214
2835,14.175,1.0861734607861366,1.8836855147301552,1.8481472060433575
2836,14.18,-0.653113438308482,0.25013539235559623,0.26516946850361034
2837,14.185,-2.420355777019178,-1.5791390270840155,-1.4991883281296907
2838,14.19,-3.650563243519185,-3.3252000186558774,-3.175427646099168
2839,14.195,-3.595230978228554,-4.206078786036281,-4.009188781170867
2840,14.2,-2.3627877285333043,-3.372636815836467,-3.1785989001910977
2841,14.205,-0.7355827025763186,-1.4302390240652745,-1.264591509392469
2842,14.21,0.8060058848939615,0.4568161835024256,0.6042780450364225
2843,14.215,2.122037153388743,1.9687958413363065,2.1102698577170935
2844,14.22,3.201965319286725,3.1424812826091033,3.285603930556089
2845,14.225,4.068321781088863,4.043728315370144,4.196625342808854
2846,14.23,4.747538958537808,4.718344272162751,4.894618049497792
2847,14.235,5.262793737026781,5.192956432231893,5.415034445264223
2848,14.24,5.633167262331495,5.50007466039326,5.7831446253063294
2849,14.245,5.874488399132288,5.706987656604443,6.017699577728935
2850,14.25,6.000588844676209,5.852053549185914,6.133211885988332
2851,14.255,6.024691126459578,5.921650045471761,6.142266411736227
2852,14.26,5.960937613580483,5.906206936122494,6.057521858802097
2853,14.265,5.82611486231202,5.81225190070354,5.893371957094168
2854,14.27,5.64152687695922,5.656057002301903,5.667828542956207
2855,14.275,5.434685753263237,5.461255699762096,5.404888531503237
2856,14.28,5.239974492495911,5.259012671448833,5.13689338288481
2857,14.285,5.096859680817208,5.087675324667063,4.9047011513336995
2858,14.29,5.044277693813463,4.98945269126373,4.752625046586818
2859,14.295,5.111539899942471,5.002570119157077,4.721452467660295
2860,14.3,5.309361168921911,5.150186745030339,4.84276925383918
2861,14.305,5.626391579330598,5.4315440395885926,5.127198920810775
2862,14.31,6.033689602526921,5.821744053609197,5.551607150471925
2863,14.315,6.494079969312687,6.280918793278975,6.065632698591076
2864,14.32,6.971017966097216,6.766598562981958,6.617113367825082
2865,14.325,7.433780390278409,7.242541321895504,7.164679689505813
2866,14.33,7.858976104443603,7.6820137060336275,7.671915266786759
2867,14.335,8.229841475897166,8.067246427161871,8.101449119089029
2868,14.34,8.534698322248888,8.387316126226008,8.437037206782914
2869,14.345,8.765363009934465,8.635748459076208,8.684557806121196
2870,14.35,8.91581352327366,8.808363916101872,8.845536512737675
2871,14.355,8.981163558206175,8.901639161669475,8.916711441956535
2872,14.36,8.956891635440854,8.91173330460623,8.89582018589823
2873,14.365,8.838250487877238,8.834076381009439,8.782168355729343
2874,14.37,8.619790901768514,8.663224588661521,8.575748390448592
2875,14.375,8.29495569199102,8.392726312589534,8.273182216825912
2876,14.38,7.855733282288573,8.01490379311642,7.8679851913496766
2877,14.385,7.292424772466671,7.520588118400575,7.354019752821117
2878,14.39,6.593726465337434,6.8989470558442365,6.723633655885046
2879,14.395,5.747700542794832,6.137726832514026,5.9640409765566655
2880,14.4,4.745157534329608,5.224709108632554,5.061283120272545
2881,14.405,3.589353193893544,4.152454938645152,4.010827530661862
2882,14.41,2.321064146163648,2.931594405967541,2.827257987925645
2883,14.415,1.0734460841405842,1.6246592284108687,1.5707630932753491
2884,14.42,0.1433695642053145,0.41784264569214624,0.42047903723768076
2885,14.425,-0.074597970508457,-0.29873101916393097,-0.24602200215368697
2886,14.43,0.549433451122343,-0.07678024358735591,-0.002214283374033066
2887,14.435,1.7152439206168626,1.0582704793028506,1.1233056357776245
2888,14.44,3.043619803078024,2.5577593033265047,2.6051708571281953
2889,14.445,4.317035064251093,3.9925135280258934,4.0295263012442755
2890,14.45,5.452721896446473,5.227946353703889,5.26376130681074
2891,14.455,6.431317424623716,6.254473967635071,6.298426280258254
2892,14.46,7.256927793043443,7.090824233382692,7.153956194109447
2893,14.465,7.940479425764733,7.757166604752031,7.8526286032989
2894,14.47,8.49354204950273,8.276144844098463,8.412702555885621
2895,14.475,8.926267891431213,8.681434027497925,8.848046611225326
2896,14.48,9.246861937213232,9.003259671074485,9.168788831684886
2897,14.485,9.461587094417595,9.246792603744874,9.382216345425865
2898,14.49,9.574928945579895,9.404003629318774,9.49355016152486
2899,14.495,9.589785174468698,9.468964663624979,9.506431820532562
2900,14.5,9.507640299468807,9.43942668029229,9.42332737978319
2901,14.505,9.32872905872973,9.314546938571691,9.245926785396705
2902,14.51,9.052220214358366,9.09344626419702,8.975485583617164
2903,14.515,8.676487954020363,8.774702341919472,8.613033710500137
2904,14.52,8.199601132345963,8.356397218693566,8.159321453169712
2905,14.525,7.620282828466044,7.836629363035552,7.615525691152863
2906,14.53,6.939826572848094,7.214705504611768,6.98594222672506
2907,14.535,6.165869661924718,6.493589195503864,6.279965516395457
2908,14.54,5.319504372549738,5.684723795743144,5.511851732407784
2909,14.545,4.447379610203393,4.8170290109416,4.705785542512003
2910,14.55,3.6376361477072754,3.9518035122440165,3.913675051687564
2911,14.555,3.026939827497083,3.2007377756666955,3.2370748769519637
2912,14.56,2.767554786021381,2.727638144979254,2.8278654815182858
2913,14.565,2.941601144475496,2.69236747379594,2.8322192795264813
2914,14.57,3.497415892107941,3.1348579101862173,3.284366164054969
2915,14.575,4.291765021912775,3.9244414665941543,4.062768598157829
2916,14.58,5.180564836774004,4.862510474092781,4.98154023309386
2917,14.585,6.065516312257863,5.800953858582296,5.899846199902102
2918,14.59,6.893243148250195,6.665174281666738,6.746583474104341
2919,14.595,7.639649051240648,7.427464049886656,7.496487127713795
2920,14.6,8.29661183085323,8.08290349127888,8.14626995542755
2921,14.605,8.863867160111777,8.637757813042498,8.700514816689775
2922,14.61,9.344657680456272,9.104750156249933,9.165355558683496
2923,14.615,9.743545258499424,9.497899646348039,9.547335275017979
2924,14.62,10.065362192887545,9.826311931317079,9.852838157819656
2925,14.625,10.31474081473139,10.092957649232762,10.086610203238024
2926,14.63,10.49593232380257,10.298154182280248,10.252044719085097
2927,14.635,10.612769678251633,10.442405435574255,10.353671899838945
2928,14.64,10.66870332910846,10.527103929773551,10.397681165685503
2929,14.645,10.666876560149648,10.55428980153524,10.389635192142027
2930,14.65,10.610227128310536,10.526335160038169,10.33412893555418
2931,14.655,10.501612924873884,10.445780945811418,10.235598411209292
2932,14.66,10.343966024091262,10.315318556509753,10.09628365843734
2933,14.665,10.14048384549223,10.137876919199638,9.91753745276467
2934,14.67,9.894868818922845,9.916791692782985,9.704659465030868
2935,14.675,9.611628210967805,9.656049738621212,9.464680548524075
2936,14.68,9.296441407327375,9.360610157991246,9.202405159137204
2937,14.685,8.956588661442451,9.03680117078795,8.9210919325838
2938,14.69,8.601406599359569,8.692776279452344,8.624545698259633
2939,14.695,8.242684464920845,8.338976940529527,8.318256517526764
2940,14.7,7.894839639917804,7.988485545082605,8.010129198291803
2941,14.705,7.574629382186988,7.657063969266106,7.711864702599691
2942,14.71,7.300124309899969,7.362588800375191,7.439951951966826
2943,14.715,7.088784087478974,7.123592991216892,7.213786750462358
2944,14.72,6.954813450545746,6.956823997873574,7.051624785084268
2945,14.725,6.9064603683397525,6.874194935144342,6.966865389455024
2946,14.73,6.944235318060809,6.8800725921405235,6.965507049198656
2947,14.735,7.060822714874123,6.970066409738758,7.045033136747302
2948,14.74,7.242727353263429,7.131970872690323,7.1950902198767945
2949,14.745,7.472939774310138,7.348482881552534,7.399866039950165
2950,14.75,7.733635097418229,7.600531529971675,7.641347588793267
2951,14.755,8.008197883057358,7.870059887192162,7.9021082634830115
2952,14.76,8.282350202923553,8.141685701154852,8.166831482929691
2953,14.765,8.544519866869177,8.403276107693893,8.422956550061095
2954,14.77,8.785721124859569,8.645774865151465,8.661011539840427
2955,14.775,8.999198952243772,8.862650853253745,8.874440153380753
2956,14.78,9.18000853024522,9.049250165607356,9.058745882462533
2957,14.785,9.324624644457796,9.202229754675024,9.210594239756297
2958,14.79,9.430622483323326,9.319154620893833,9.327277344717176
2959,14.795,9.49644136582859,9.398262617389296,9.40628719641691
2960,14.8,9.521229261981986,9.438356522616903,9.445407016288545
2961,14.805,9.504761797729634,9.438776523736813,9.443568012023203
2962,14.81,9.447430003229687,9.399422825980984,9.401221824374355
2963,14.815,9.350293416408563,9.320818173134601,9.319860597793852
2964,14.82,9.215197367234683,9.204213062385204,9.201661228548234
2965,14.825,9.044953676440684,9.051741080737013,9.04952692189736
2966,14.83,8.8435805561944,8.866629922073225,8.867240514333758
2967,14.835,8.616587329732733,8.653465779918456,8.659650912007377
2968,14.84,8.37126908147252,8.418492933766567,8.432918655221036
2969,14.845,8.116942531855546,8.169902761029153,8.194798218682658
2970,14.85,7.865008899226167,7.918024443952707,7.954874795025375
2971,14.855,7.628685751617072,7.675277397396533,7.7246114317225985
2972,14.86,7.422241151261102,7.455703133157098,7.517011646000958
2973,14.865,7.259640153880498,7.273906447707779,7.3457080350202695
2974,14.87,7.152712009138295,7.143362493615303,7.223408581575228
2975,14.875,7.1092259561428754,7.074314949041231,7.159898748391085
2976,14.88,7.131469135851706,7.071816642244606,7.160128118380317
2977,14.885,7.215859099492095,7.134626233976151,7.2230843485313265
2978,14.89,7.353752620007603,7.255458555856728,7.341957454190589
2979,14.895,7.533138647069554,7.422534544344279,7.505562240976738
2980,14.9,7.740625099970451,7.621838905566154,7.7004593486961666
2981,14.905,7.963173765870762,7.839322260306798,7.9130435376276695
2982,14.91,8.189290524795956,8.062511053359692,8.13108497611993
2983,14.915,8.409641454618486,8.281363549729983,8.344572634336274
2984,14.92,8.617221203691951,8.488488913312446,8.54597686842017
2985,14.925,8.807241040495207,8.67895529116673,8.73014507169877
2986,14.93,8.976876888455477,8.84990343522393,8.894020563327857
2987,14.935,9.124968842942986,9.000123632295097,9.036307557501512
2988,14.94,9.251719361665565,9.1296843105143,9.157143292015117
2989,14.945,9.358406338336705,9.239638261528103,9.257798475707597
2990,14.95,9.447109507149555,9.331789173775391,9.340406131028525
2991,14.955,9.520441227794068,9.408483352534626,9.407708622780653
2992,14.96,9.581272841984354,9.472394979957805,9.462807864401295
2993,14.965,9.632453237439698,9.526287737780265,9.508903196416018
2994,14.97,9.676524941494453,9.572752301254642,9.549007024905881
2995,14.975,9.71545255510596,9.613933764812632,9.585641629950405
2996,14.98,9.750385683275349,9.65127367979236,9.620538709304661
2997,14.985,9.78148082731298,9.685296520831193,9.65437848747253
2998,14.99,9.807802246202012,9.715468412663554,9.686609971292489
2999,14.995,9.827311043157165,9.740146357558316,9.715384886565166
3000,15.0,9.836937572956147,9.756620923414996,9.737617095785206
3001,15.005,9.832718978111814,9.761238666259661,9.749153731634536
3002,15.01,9.80997514680324,9.749577538179611,9.745022609822106
3003,15.015,9.76349462162464,9.716642837864525,9.719708937401904
3004,15.02,9.68770658976336,9.657053741464855,9.66741481184804
3005,15.025,9.57682404704914,9.56519928411194,9.582266476866344
3006,15.03,9.424954276485645,9.435354770696035,9.458453582544163
3007,15.035,9.22618461866543,9.26176236483031,9.29030618215448
3008,15.04,8.974664622017649,9.038692125045685,9.072333343267559
3009,15.045,8.664722839865513,8.760513437598625,8.79926139276215
3010,15.05,8.29108359433601,8.421825776750897,8.466125927708042
3011,15.055,7.849296073525906,8.01772966289422,8.06850020963361
3012,15.06,7.336571278720246,7.544376330747726,7.602996985978655
3013,15.065,6.753362741493085,7.000037583473062,7.0682798365422155
3014,15.07,6.106234026271714,6.387109535573131,6.466986655379474
3015,15.075,5.412750914077613,5.715707850061469,5.809204365814559
3016,15.08,4.708906845383542,5.009697579012706,5.118315054482774
3017,15.085,4.0576943522264886,4.315524493785955,4.439576186656406
3018,15.09,3.5518777139891955,3.7113599648610114,3.849039089699635
3019,15.095,3.29663554316845,3.3064210828180585,3.4530020025642214
3020,15.1,3.364496354321956,3.211935372501717,3.3600284708735777
3021,15.105,3.750637697214816,3.480159194888179,3.621908423960801
3022,15.11,4.375646699736327,4.060006102311189,4.190365178021344
3023,15.115,5.132462256373187,4.827064143247268,4.945575929547579
3024,15.12,5.929254664123357,5.655928083937585,5.765994955713912
3025,15.125,6.7041598815156185,6.461482272946269,6.568599670781239
3026,15.13,7.42137351994256,7.19854596312898,7.3088017093912
3027,15.135,8.062456552704326,7.847736737067267,7.966513082427459
3028,15.14,8.61908394005481,8.404164656131346,8.534408930236498
3029,15.145,9.088313159050388,8.870969547052157,9.011052540885359
3030,15.15,9.46979834139563,9.254650158139807,9.397397737157887
3031,15.155,9.76422371233154,9.560547359791155,9.695131345661984
3032,15.16,9.972436246621603,9.790399139089212,9.90593285621495
3033,15.165,10.094959793987412,9.943059793696198,10.031159796435228
3034,15.17,10.131707485079124,10.01625283437199,10.071716002812895
3035,15.175,10.081788003909844,10.00749124822239,10.027991308466978
3036,15.18,9.943344724999326,9.91411907811501,9.89980912685234
3037,15.185,9.713389634639045,9.732996395415423,9.686331036570689
3038,15.19,9.387605621360947,9.460125074216247,9.38588436775525
3039,15.195,8.96009717833164,9.09028615239793,8.99571679361043
3040,15.2,8.423076579301211,8.616672593168936,8.511661424132411
3041,15.205,7.76649020941787,8.030490225264671,7.9275194294643265
3042,15.21,6.977642810190278,7.320526137739864,7.233961525666029
3043,15.215,6.041034840681513,6.472762840971968,6.417328946204657
3044,15.22,4.939088699631356,5.470337848654997,5.459338103184832
3045,15.225,3.655782863231683,4.294784602282282,4.338771522593009
3046,15.23,2.1890524283351294,2.9313394926087994,3.0372772451406997
3047,15.235,0.5875518584891122,1.3863645620274507,1.5567797075834893
3048,15.24,-0.9597500806742972,-0.2619682911525496,-0.030642104010066618
3049,15.245,-2.0110671802275046,-1.744008311664004,-1.4657971185303076
3050,15.25,-2.064312449374325,-2.4738402713689656,-2.1806468292727175
3051,15.255,-1.1700931111186763,-1.9183949653056835,-1.654282898050698
3052,15.26,0.141640981887611,-0.44910356567809107,-0.23805308144763604
3053,15.265,1.464126257138652,1.129339691062056,1.2932287712724309
3054,15.27,2.634242945204201,2.4717930917036877,2.603894063356949
3055,15.275,3.6127006309594103,3.5422972955225425,3.6578529444987966
3056,15.28,4.4032381560375775,4.372009521461679,4.486651175636888
3057,15.285,5.020761698755863,4.992352378445341,5.124710642748792
3058,15.29,5.480789835100413,5.426148118211482,5.598204161539793
3059,15.295,5.796459448816593,5.701723371655015,5.925603200842226
3060,15.3,5.978045272097648,5.865090210340664,6.11946762445981
3061,15.305,6.033285833042373,5.9434805267361535,6.188194961173669
3062,15.31,5.96798883670635,5.928790161977747,6.137723370751122
3063,15.315,5.786826589433778,5.808642963542445,5.972603159477455
3064,15.32,5.49443927367784,5.578960016481743,5.696749199177605
3065,15.325,5.0971285527790124,5.241656103063152,5.314704888202887
3066,15.33,4.6056129948515085,4.803345846110412,4.833777336606246
3067,15.335,4.039490405200867,4.277297885890763,4.267639020608007
3068,15.34,3.43390214517653,3.688361182690858,3.641997704169956
3069,15.345,2.8474629596058088,3.080687815954645,3.0019537515192884
3070,15.35,2.366141862870501,2.5262657851691412,2.4211329776330386
3071,15.355,2.091174523317713,2.126353905080205,2.005660519207866
3072,15.36,2.1017934652167707,1.9901100116362294,1.87100680778786
3073,15.365,2.41115937214639,2.1828317598162137,2.08354595618443
3074,15.37,2.958263310587249,2.678083628924216,2.6116859704818727
3075,15.375,3.645086926898326,3.370306407793561,3.3454092412897665
3076,15.38,4.379883871861178,4.137972297298246,4.1607632503404846
3077,15.385,5.097021514595187,4.890924274952434,4.961095617583108
3078,15.39,5.756659621845697,5.5777604012287485,5.6828208689041
3079,15.395,6.337290210865735,6.1745223339283655,6.297985892637975
3080,15.4,6.828541597875565,6.673295644885982,6.805015278146563
3081,15.405,7.226177212968286,7.075163636728868,7.207039241739055
3082,15.41,7.52904584611397,7.385467486387672,7.506026677524779
3083,15.415,7.737335551987461,7.60941730317338,7.704740945665569
3084,15.42,7.851610949207695,7.749217991791566,7.807100135461365
3085,15.425,7.872304665575434,7.804145319912312,7.8173752518154185
3086,15.43,7.799477956559197,7.7721410007561715,7.737944402774304
3087,15.435,7.632761694823556,7.650977626961517,7.569564305145953
3088,15.44,7.371457513211378,7.4386448411144706,7.3135997790910166
3089,15.445,7.014841280553572,7.13343990847409,6.9714054270948616
3090,15.45,6.562788451862842,6.7341958359431064,6.542631170930159
3091,15.455,6.016956437653596,6.240936496146301,6.027676351188702
3092,15.46,5.382933940222783,5.65627484824701,5.432697500996055
3093,15.465,4.673984227881421,4.988048262231609,4.770402998107659
3094,15.47,3.91707803320841,4.253922943131705,4.060287897130703
3095,15.475,3.161110358792434,3.4886845758641627,3.3364194544785044
3096,15.48,2.4838444188130424,2.7536320452387497,2.6564210941638424
3097,15.485,1.9870888756005844,2.142680105093753,2.103227536207274
3098,15.49,1.766228699253039,1.7706474662428278,1.7800118659060433
3099,15.495,1.860616186388966,1.7279796740966051,1.7728105128262972
3100,15.5,2.2276682478590444,2.020214234156666,2.086987548820207
3101,15.505,2.770151650558217,2.555786247905841,2.6333589349879074
3102,15.51,3.385678325023785,3.203801840103047,3.28553322589039
3103,15.515,3.996280939033301,3.856586349719652,3.940176894510546
3104,15.52,4.552622028157831,4.448829025900757,4.534934012393019
3105,15.525,5.026853807789219,4.948054969444601,5.038916547129743
3106,15.53,5.404384995560706,5.3412038957278245,5.439166416175432
3107,15.535,5.677849437180974,5.625884099164495,5.731304095799546
3108,15.54,5.843325839351348,5.805097325478261,5.91429700892874
3109,15.545,5.898100273407384,5.882545881043951,5.987823143297085
3110,15.55,5.8393407859679645,5.85870255567286,5.95103561413386
3111,15.555,5.663269056554688,5.729788448797544,5.801930020229956
3112,15.56,5.36458867117995,5.48907020828501,5.536971325967189
3113,15.565,4.936056120630812,5.128085431473797,5.15094469292701
3114,15.57,4.368201542570326,4.636900146234025,4.636901301533722
3115,15.575,3.649403972225738,4.003885817856895,3.986012986894208
3116,15.58,2.7669873234404623,3.215800109640899,3.1876339594255594
3117,15.585,1.7112054356527708,2.259294858661193,2.2307064718654135
3118,15.59,0.4870906047804712,1.1264413219898426,1.109087158619746
3119,15.595,-0.8539739814310234,-0.1689945309340084,-0.16268775557320847
3120,15.6,-2.144941213516405,-1.5487674962390914,-1.5079961353474296
3121,15.605,-3.0247673733943,-2.7794326287086797,-2.7005194035838596
3122,15.61,-3.0740761115533903,-3.3895276326542714,-3.2840237892221964
3123,15.615,-2.2664012764099746,-2.9291297591080676,-2.822218336713279
3124,15.62,-1.004130104511879,-1.6006583961633218,-1.5087922026072471
3125,15.625,0.3334222468488218,-0.05360215440953464,0.02687064554487595
3126,15.63,1.5626275511957817,1.339275414813903,1.418682829860038
3127,15.635,2.624221377229574,2.49600671991515,2.5826150078687657
3128,15.64,3.509985907648208,3.4264756185208416,3.527432578045125
3129,15.645,4.228237704608454,4.154179123726657,4.278737032700032
3130,15.65,4.790663875033244,4.699474853975536,4.859571878679297
3131,15.655,5.207763225128634,5.08655716884832,5.287297280395854
3132,15.66,5.4874254212357165,5.35196630864978,5.57403147167138
3133,15.665,5.634559492247101,5.520574756981886,5.727490922290805
3134,15.67,5.650983455758424,5.587645868564316,5.751732987563388
3135,15.675,5.535257240291212,5.538663963723418,5.647523612701458
3136,15.68,5.282291624940475,5.361953799101715,5.412341981962546
3137,15.685,4.8825777896698455,5.047069934589813,5.040103490939019
3138,15.69,4.320801173296739,4.581039856231759,4.520423956239025
3139,15.695,3.573397969064072,3.945200499595277,3.8372262117831046
3140,15.7,2.604147527951316,3.11159485765238,2.965985010149728
3141,15.705,1.3557737072215224,2.037257678974202,1.867985819936525
3142,15.71,-0.2674884759667297,0.653502669386059,0.480268568342634
3143,15.715,-2.440869468418757,-1.1566348576311478,-1.3046376469408791
3144,15.72,-5.534853558989728,-3.612739983697111,-3.6931148519587396
3145,15.725,-10.551016540745035,-7.195455405391229,-7.150291673536616
3146,15.73,-20.47334490187554,-13.265519122777219,-13.001772035945871
3147,15.735,-13.09218983271001,-25.937501543301543,-25.242837808396885
3148,15.74,-6.814476030044133,-8.42567316145722,-8.376207860758537
3149,15.745,-3.1930684632464907,-3.033348687995405,-3.0533627557562815
3150,15.75,-0.7108822922946119,-0.5327139442075826,-0.5397015281704274
3151,15.755,1.1325343874895373,1.3048154631380933,1.3005379129333865
3152,15.76,2.5590838531983047,2.6923456128947727,2.685813873936924
3153,15.765,3.685863881918855,3.793723700606809,3.777626981901846
3154,15.77,4.581852267637413,4.6575997596586864,4.643012199336669
3155,15.775,5.290809046286387,5.402369320316337,5.319885393026084
3156,15.78,5.841961710101567,5.0929683401348145,5.845165259790358
3157,15.785,6.255533459932331,5.67871623352947,6.2367950864020205
3158,15.79,6.545835963957672,6.18890248534433,6.501988935318245
3159,15.795,6.72311051847484,6.48651203893392,6.652947237814729
3160,15.8,6.794684093906208,6.643935998180656,6.696447464114417
3161,15.805,6.7657345615378,6.685375713433753,6.635941932098852
3162,15.81,6.63983147720257,6.622023867463285,6.473133855745267
3163,15.815,6.4193575545329935,6.459950498839814,6.211789063013016
3164,15.82,6.105889528296889,6.202692373059614,5.845345567934748
3165,15.825,5.700612520490971,5.852443458268902,5.410543555613965
3166,15.83,5.204854948981533,5.4108477452507415,4.911404575179006
3167,15.835,4.620860725869497,4.879774556440163,4.271977054872127
3168,15.84,3.952959315646396,4.262313363296734,3.5650559160835282
3169,15.845,3.209335072920936,3.564215330226296,2.9212316673589367
3170,15.85,2.4045733676737973,2.796023825597393,2.364271637676998
3171,15.855,1.5629076143109848,1.976064248888402,1.6713808957516356
3172,15.86,0.7212912015728403,1.1340730632993545,0.9916643534458025
3173,15.865,-0.0702054328346851,0.31413020800941727,0.2855525380417836
3174,15.87,-0.7548842423025708,-0.4265339960138643,-0.080786345836942
3175,15.875,-1.285589697222823,-1.0280367361457259,-0.7363478910085695
3176,15.88,-1.6453510804354712,-1.449594140488598,-1.2358205436405507
3177,15.885,-1.858442417195932,-1.692697120782542,-1.452228913740269
3178,15.89,-1.9825954984839944,-1.8065929449396885,-1.5898053793188849
3179,15.895,-2.089754093137416,-1.869557293876742,-1.6677420379436345
3180,15.9,-2.2500133529054684,-1.9627972170385055,-1.7992227978631945
3181,15.905,-2.525707411265082,-2.1557580152928653,-2.0406621097460214
3182,15.91,-2.973999264015463,-2.5056024469385774,-2.387251863421585
3183,15.915,-3.6544554820127,-3.064469039129011,-2.930195386895676
3184,15.92,-4.6401935617973225,-3.889957098818943,-3.7621079025453277
3185,15.925,-6.0332643177832646,-5.058770887826633,-4.918746914015818
3186,15.93,-7.980247099328681,-6.685457370388001,-6.4833792399610815
3187,15.935,-10.617304053407308,-8.939002942821347,-8.65630764540934
3188,15.94,-13.312302377457266,-11.947323546753934,-11.648982795639478
3189,15.945,-12.6952735241911,-14.634186049496025,-14.327962015549984
3190,15.95,-9.144078923171424,-12.06134362642286,-11.869291162632697
3191,15.955,-5.819096011299097,-6.8084640368332145,-6.8038725765453005
3192,15.96,-3.174130008136587,-3.554482526582518,-3.7017296297383933
3193,15.965,-1.060052291128673,-1.2373286588288934,-1.2706027060049783
3194,15.97,0.6635781201096904,0.5448416438547303,0.4888131346234639
3195,15.975,2.090358406330445,1.9790413099069633,1.8588389335747606
3196,15.98,3.2815642428190417,3.147440095322078,3.050139310859082
3197,15.985,4.278289922759432,4.071980162096234,4.036645726496906
3198,15.99,5.108815570184521,4.705832476116761,4.859908198966924
3199,15.995,5.792945721642788,5.279645846403517,5.544529049873078
3200,16.0,6.344604325914824,5.903409989581533,6.100448556918437
3201,16.005,6.773415619043645,6.424433604022334,6.533923936570988
3202,16.01,7.085670170252115,6.817022595221583,6.8486292914863025
3203,16.015,7.284894571135516,7.087506885553982,7.045432478063486
3204,16.02,7.372142306064637,7.241418994028863,7.123991830294901
3205,16.025,7.346062799853944,7.280811918241353,7.083772178664757
3206,16.03,7.202763992417335,7.204489250208704,6.923741562631642
3207,16.035,6.93544834920962,7.008112379472379,6.646060840311222
3208,16.04,6.533764126682218,6.6839332447049715,6.247275423579901
3209,16.045,5.982766329884028,6.220116534729469,5.709203448239356
3210,16.05,5.261325353003635,5.599560674380458,5.0307893891229565
3211,16.055,4.33979174438281,4.798048495503676,4.231124573983831
3212,16.06,3.17693324157307,3.7815342761905826,3.2920345809989247
3213,16.065,1.717661920260856,2.5027129804396444,2.1253533263327844
3214,16.07,-0.0988189866330804,0.8992601790732988,0.648537564446042
3215,16.075,-2.269700162482894,-1.0919642257905133,-1.194666132869295
3216,16.080000000000002,-4.3880147898475785,-3.4303989983222767,-3.355653346647527
3217,16.085,-4.998965459871294,-5.475627187183395,-5.293652228427016
3218,16.09,-3.3132189763524784,-5.1731553448281495,-5.038197030312327
3219,16.095,-0.857581700029359,-2.1317093543874517,-2.11855703619608
3220,16.1,1.3856161759604515,0.8021183935002476,0.726048469964133
3221,16.105,3.2564496049887297,2.969402931032077,2.836251307742013
3222,16.11,4.797606942699039,4.626960545125088,4.452727796214399
3223,16.115000000000002,6.071026481265767,5.935246623699777,5.7311190312967355
3224,16.12,7.126783111820403,6.982816987908077,6.774851344275018
3225,16.125,8.001792715718237,7.80889896433659,7.636949711734033
3226,16.13,8.722872566056525,8.421896008644245,8.34047212938792
3227,16.135,9.30957751124703,8.902600702351501,8.911637355411871
3228,16.14,9.776249855346489,9.369461771494883,9.374611952608323
3229,16.145,10.133420622262108,9.783672086560195,9.732402623112414
3230,16.15,10.388758087333798,10.103031540391976,9.97399331649024
3231,16.155,10.547712549022393,10.321948753214016,10.112284277443546
3232,16.16,10.61395870133458,10.443924268176136,10.171272575374545
3233,16.165,10.589704132916683,10.472668147608193,10.146853991153499
3234,16.17,10.475913271015704,10.410576495301017,10.033471672874883
3235,16.175,10.272488198512866,10.258680679254553,9.864160414009618
3236,16.18,9.97845112648713,10.016842621954318,9.611442153059103
3237,16.185,9.59219146416421,9.684002584942021,9.240244101714087
3238,16.19,9.111882621521458,9.25851312396269,8.786643552864463
3239,16.195,8.536258348418706,8.73868670900651,8.277249035472927
3240,16.2,7.866097278743379,8.123798772338255,7.719952072160332
3241,16.205000000000002,7.107037741769879,7.415988132084017,7.104792594320756
3242,16.21,6.274726037182879,6.623833129931252,6.4186517260351925
3243,16.215,5.403485669236368,5.768820962320458,5.677860034324524
3244,16.22,4.558333334532182,4.895993426251217,4.924179345737529
3245,16.225,3.843920929995307,4.087796465395341,4.211049351686478
3246,16.23,3.391361712293825,3.471111815899744,3.6308336320281196
3247,16.235,3.303605399932787,3.1912137690369984,3.354391894219056
3248,16.240000000000002,3.5880411200203035,3.3332968298719816,3.4848347973171503
3249,16.245,4.151005001391263,3.8479275866666653,3.973011582994372
3250,16.25,4.86130383436358,4.581107333144881,4.671111267185109
3251,16.255,5.609650240642139,5.377187942822453,5.430313486285904
3252,16.26,6.326520483380417,6.136734761312227,6.160447256670219
3253,16.265,6.974715572860134,6.812032171318286,6.819301026896441
3254,16.27,7.537181968687051,7.38570530050087,7.38618684692361
3255,16.275,8.00786016957293,7.855920462158707,7.856905414395305
3256,16.28,8.386174649411712,8.229313840314886,8.238010704335313
3257,16.285,8.674019404514246,8.516373395656693,8.532414274689067
3258,16.29,8.874190700826249,8.725990495419339,8.735472455447965
3259,16.295,8.989604454469255,8.862081304868614,8.849324891224953
3260,16.3,9.022927421857208,8.924805219110837,8.887507772871153
3261,16.305,8.97642526328917,8.913310109199799,8.85547741716844
3262,16.31,8.851926460718785,8.827128783031203,8.751531266470785
3263,16.315,8.650853234530832,8.666330119511615,8.585148813280272
3264,16.32,8.37430009267783,8.431290750539963,8.35485579833169
3265,16.325,8.023159428959037,8.122515002288594,8.0395715350769
3266,16.330000000000002,7.598308605996495,7.7406007591918105,7.647167831068089
3267,16.335,7.100888668603647,7.286354657308328,7.190967453256411
3268,16.34,6.532724423995465,6.761064402656941,6.673622395527586
3269,16.345,5.896960890536821,6.1669670050337615,6.099050853435771
3270,16.35,5.199020038755966,5.507989139429902,5.4721510805147355
3271,16.355,4.448001224746863,4.7908723157897315,4.797955429277219
3272,16.36,3.658617971303277,4.026812356900113,4.084030579817492
3273,16.365000000000002,2.8535865015459394,3.233684277130142,3.3436054450887402
3274,16.37,2.065890496456188,2.438662799460785,2.598662393244978
3275,16.375,1.3394113614850156,1.6803786852308082,1.8828669952634045
3276,16.38,0.7253943225972915,1.0085640122332538,1.2425942815491888
3277,16.385,0.2726687967178499,0.4780799935306552,0.7316017892319167
3278,16.39,0.0134910047425572,0.13552186454483728,0.39700005572750996
3279,16.395,-0.0472992546569355,0.002557570683105581,0.26201194513429726
3280,16.4,0.0682018294624017,0.06704083041666298,0.31699763948258397
3281,16.405,0.3223202202633508,0.2900897575186221,0.5262163447435997
3282,16.41,0.6756265469437618,0.6238714280749793,0.8448671678138657
3283,16.415,1.0958467576958424,1.027142854458055,1.2339125189700106
3284,16.42,1.560433199404145,1.471679600070635,1.6662180112827825
3285,16.425,2.0550939963146515,1.941421635144009,2.1257207961156737
3286,16.43,2.570893350592925,2.428684369316319,2.603652721031917
3287,16.435,3.101510593171036,2.9301572794604,3.094723241379204
3288,16.44,3.6413067242325954,3.443630899605062,3.5946299426679555
3289,16.445,4.184296195348962,3.965760266641129,4.098877241126843
3290,16.45,4.723853975641158,4.49112060482466,4.602220440261856
3291,16.455000000000002,5.252889620776888,5.012490493906489,5.098472783463192
3292,16.46,5.764227367633119,5.521799060148686,5.580758054822697
3293,16.465,6.250998668929281,6.011087637894295,6.041929635713031
3294,16.47,6.706939305023051,6.473149724921805,6.475042616736638
3295,16.475,7.126556093752294,6.901819626041032,6.87418695365287
3296,16.48,7.505174387547216,7.292008388919983,7.235181176919072
3297,16.485,7.838897966748759,7.63959609488964,7.555401513115907
3298,16.490000000000002,8.124515799305843,7.941262473857675,7.833170026285725
3299,16.495,8.359384242091215,8.19430789789891,8.067254726838323
3300,16.5,8.541304879974179,8.39649258930516,8.25644635168699
3301,16.505,8.668410693806024,8.545904725305297,8.39917827256427
3302,16.51,8.739067893724041,8.64085804355106,8.493325270637788
3303,16.515,8.751797724159728,8.679815585828226,8.5362422331586
3304,16.52,8.70522162849839,8.66133655639613,8.524971942788003
3305,16.525,8.59803417022219,8.584046067622506,8.456541103903612
3306,16.53,8.429011108808266,8.446631680089611,8.328303021005485
3307,16.535,8.197065466417076,8.247875994376301,8.138242280754653
3308,16.54,7.901373211873365,7.986741873418515,7.885123529351091
3309,16.545,7.541603754973415,7.662537603087254,7.568501064106826
3310,16.55,7.118310494008279,7.275205370228772,7.188778942217706
3311,16.555,6.633564090269912,6.825799853627653,6.747517060613825
3312,16.56,6.09194250213471,6.317254963324507,6.248092513907932
3313,16.565,5.502009861615267,5.755569868115498,5.696805383832423
3314,16.57,4.878369195088331,5.151555251493377,5.104549249586384
3315,16.575,4.244142357495207,4.523195605765674,4.489106597935767
3316,16.580000000000002,3.6331184383179256,3.8983453904000136,3.877793459222706
3317,16.585,3.089713608873337,3.316647112671568,3.309366308648936
3318,16.59,2.6638887699035023,2.8281858547926024,2.832784165848091
3319,16.595,2.399277729204296,2.4854655174195126,2.4995060622635767
3320,16.6,2.317928323258206,2.3276167294812873,2.348206994705315
3321,16.605,2.410947373748768,2.363215627956161,2.388016942052349
3322,16.61,2.642345577889724,2.564384181851529,2.5925627568755787
3323,16.615000000000002,2.9629649888967045,2.878326656521085,2.9108954551788706
3324,16.62,3.3247082871412674,3.24726231257819,3.2866855116328253
3325,16.625,3.688644107854533,3.6231698176785736,3.672553641553516
3326,16.63,4.026929943561036,3.9727148864186486,4.034940147706522
3327,16.635,4.3213359658927,4.275798125505297,4.352701771015322
3328,16.64,4.5607673617624815,4.522063857095638,4.613668742276277
3329,16.645,4.738981948310687,4.707460528134552,4.811448729454524
3330,16.65,4.852863006217168,4.831322997562411,4.943140246846673
3331,16.655,4.901232533260177,4.894158707351163,5.0078912356828456
3332,16.66,4.884080850690854,4.896431409041722,5.006055163703375
3333,16.665,4.802087319049189,4.838310796178002,4.93872429346272
3334,16.67,4.656336296189535,4.7199130691546785,4.807489095490796
3335,16.675,4.44816335775248,4.5415682542760285,4.614328547209846
3336,16.68,4.17909159500378,4.303948704522177,4.361571734146284
3337,16.685,3.850836626337108,4.008098052182941,4.051894703871234
3338,16.69,3.4653741529804583,3.655442254451128,3.688334939171579
3339,16.695,3.02507824096482,3.2478419479480864,3.274317192342756
3340,16.7,2.5329548035339453,2.7877256648170796,2.813684093547513
3341,16.705000000000002,1.9930155028840824,2.2783431232012497,2.310738047736586
3342,16.71,1.4108636649165385,1.7241942822085465,1.7703810316788058
3343,16.715,0.7945922026395984,1.1317176473922386,1.1985654609666185
3344,16.72,0.1561067114548798,0.5103507550769946,0.6033076972947153
3345,16.725,-0.4870646645716728,-0.12591964960090873,-0.003604498999771444
3346,16.73,-1.1096378686861574,-0.7564888952081867,-0.6042726804604808
3347,16.735,-1.6768439701752045,-1.3518424927758534,-1.172072297797131
3348,16.740000000000002,-2.144799029406524,-1.8720949854502749,-1.6698263992757028
3349,16.745,-2.4654712808619497,-2.2686068756089073,-2.051067715170764
3350,16.75,-2.597651144621256,-2.4916296290694575,-2.267393184164016
3351,16.755,-2.5207977537952746,-2.5047372229831666,-2.2826382855881953
3352,16.76,-2.243591827935356,-2.3002981666002773,-2.0881679986141766
3353,16.765,-1.8007175143062502,-1.9049212805713571,-1.7084616532227637
3354,16.77,-1.2403500118320352,-1.3693649996701422,-1.1916032361031013
3355,16.775,-0.6108881364358406,-0.7504825457370421,-0.5919663307480212
3356,16.78,0.0470649135465408,-0.0972080849281296,0.04327858988954425
3357,16.785,0.7030422834311263,0.55475654153748,0.6792533104928751
3358,16.79,1.3357193004372374,1.1821788505431945,1.2925430619051594
3359,16.795,1.930787675132528,1.7713169839049292,1.8682634011609252
3360,16.8,2.4788776687890173,2.31477412457239,2.397222262547748
3361,16.805,2.9739295176505784,2.8087590037424395,2.873849115278355
3362,16.81,3.4120416213915146,3.250976907024932,3.294833404876678
3363,16.815,3.7907009476518194,3.639421477610622,3.6582432316770404
3364,16.82,4.108288947977499,3.972052332248505,3.9629626833957827
3365,16.825,4.363778991860019,4.246953194590691,4.208367767234805
3366,16.830000000000002,4.556568849924957,4.462553140014177,4.394196889638213
3367,16.835,4.686415195084961,4.617747064594358,4.52058534406661
3368,16.84,4.753455567033597,4.711942710810303,4.5882020303819315
3369,16.845,4.758318203044692,4.745111465604536,4.59838565875117
3370,16.85,4.702333098782125,4.717905530835545,4.5532286203504135
3371,16.855,4.587869132106648,4.631885763678002,4.455648526996689
3372,16.86,4.418830308376343,4.4898979807055674,4.309514207281606
3373,16.865000000000002,4.201342899351474,4.296634820977412,4.119910643556283
3374,16.87,3.944639899956992,4.059411435611247,3.893681577855784
3375,16.875,3.662072911534086,3.789143947910044,3.6403595911870497
3376,16.88,3.372017571554136,3.5014145317220287,3.3733882730582714
3377,16.885,3.0981690357558964,3.217293497626274,3.1112377636866215
3378,16.89,2.8684325006313416,2.963260052269029,2.877704533028077
3379,16.895,2.711604093314226,2.769261949599227,2.7004112598122956
3380,16.9,2.65178719117296,2.664110109318167,2.606610726130045
3381,16.905,2.70209542867104,2.6685931433050456,2.616535761411258
3382,16.91,2.8605782158929287,2.7887944423152717,2.7367148888324677
3383,16.915,3.110719757694428,3.013348526283419,2.9570247105853413
3384,16.92,3.4262058974273764,3.316657186345248,3.2535601027340224
3385,16.925,3.7772831324286456,3.6662401080356126,3.595580838906912
3386,16.93,4.135946686000295,4.030172727397534,3.9525933203676593
3387,16.935,4.478771059008954,4.381752619085767,4.298782154841202
3388,16.94,4.787672099437628,4.701049222902861,4.614462479794726
3389,16.945,5.049453591514316,4.97442202531803,4.885633607688615
3390,16.95,5.25488994275297,5.193159971946449,5.102801673768697
3391,16.955000000000002,5.397797063477191,5.351963273849768,5.259792286522062
3392,16.96,5.474299062543008,5.44766065562846,5.352842776311514
3393,16.965,5.482363048722071,5.478385248273883,5.380006467019174
3394,16.97,5.421622472412598,5.443280190108464,5.340828623578966
3395,16.975,5.293505255850879,5.3426624229975195,5.23629534816016
3396,16.98,5.10169953308866,5.178532675003398,5.069105279157277
3397,16.985,4.853004689775723,4.955386010220944,4.84433297226072
3398,16.990000000000002,4.558596909897624,4.681357682717001,4.5705476487998276
3399,16.995,4.235628193352476,4.369739891376387,4.26136792689966
3400,17.0,3.908782742494471,4.040749095558547,3.9372262229346457
3401,17.005,3.6108603845847016,3.7230156663751695,3.62676148295642
3402,17.01,3.3808042343565154,3.4535578417501775,3.3666642264752813
3403,17.015,3.2575995518168988,3.2742916988302513,3.198150678371489
3404,17.02,3.270364057970649,3.2235225815796253,3.1586099185912944
3405,17.025,3.4286172286931165,3.323841254529891,3.2698236816598305
3406,17.03,3.718694142467161,3.5725281144361145,3.5286642501100083
3407,17.035,4.108862736539715,3.941569031750002,3.9071434271031142
3408,17.04,4.55954617472597,4.387899758974153,4.362424745301247
3409,17.045,5.032701068921307,4.866769215153812,4.849910071869224
3410,17.05,5.497073645720516,5.340892998821939,5.332231439061139
3411,17.055,5.929549063962165,5.783550505795557,5.782267168302436
3412,17.06,6.31427694521102,6.177748507267429,6.182240420076486
3413,17.065,6.641049342519248,6.513915980494534,6.521431170231947
3414,17.07,6.903737524726502,6.787448377539478,6.793960671985282
3415,17.075,7.099087458323189,6.996597602388782,6.997142380727192
3416,17.080000000000002,7.225920720115178,7.140987324614218,7.130423104159553
3417,17.085,7.284699853981737,7.220927717930714,7.1948023326640875
3418,17.09,7.277407567482984,7.237433440461405,7.192620300715785
3419,17.095,7.2077063509491825,7.192650508394129,7.127641830135995
3420,17.1,7.081362394203347,7.090458396800734,7.0053974522593325
3421,17.105,6.906916538463509,6.9371818906513765,6.83376238708936
3422,17.11,6.696543069856194,6.74243174004636,6.6237409640510485
3423,17.115000000000002,6.46692380821014,6.5200439575403095,6.39035694407075
3424,17.12,6.239755170003297,6.288915477356806,6.153401850619101
3425,17.125,6.041234796450183,6.073250406010001,5.937546746595938
3426,17.13,5.899737835375264,5.901415229618425,5.771052890211166
3427,17.135,5.841287405248449,5.802540046481429,5.682307651520255
3428,17.14,5.883640691484006,5.800703762611101,5.694120619837153
3429,17.145,6.031322866435835,5.9082312886599935,5.817305976847583
3430,17.150000000000002,6.274240892413058,6.121308192015966,6.046614050404306
3431,17.155,6.590694761415811,6.420720979233378,6.361665207497889
3432,17.16,6.953043250165339,6.77750349811819,6.732647049378684
3433,17.165,7.333264427536266,7.160273439138081,7.127630205761532
3434,17.17,7.706617126214605,7.540885192788689,7.518151315859637
3435,17.175,8.05314520855369,7.897103591617785,7.881750775745809
3436,17.18,8.35766219977131,8.212866924803363,8.202086525033659
3437,17.185,8.60898629391362,8.477257527774164,8.467857584391723
3438,17.19,8.798967074618053,8.683030235980159,8.671452675308972
3439,17.195,8.92158328984539,8.825182522385198,8.807750649672341
3440,17.2,8.972215899672928,8.89983380147904,8.873195767945766
3441,17.205000000000002,8.947114031972335,8.903529709663822,8.865147380430875
3442,17.21,8.843043302558758,8.832933205908866,8.781464827865449
3443,17.215,8.657111406813845,8.684773364060364,8.620285772442816
3444,17.22,8.386793388683667,8.455947302159931,8.379982538654744
3445,17.225,8.03022892199111,8.143768279612775,8.05932317604911
3446,17.23,7.586946631032485,7.7464647891750325,7.657912808875484
3447,17.235,7.059302934666284,7.26415478420857,7.177080059503885
3448,17.240000000000002,6.455113076817422,6.700677377551948,6.621549466749501
3449,17.245,5.792133554790037,6.066878399547467,6.002491998149054
3450,17.25,5.104882602822923,5.386113874364977,5.342739786625042
3451,17.255,4.452711516535036,4.70235245955436,4.684599365341126
3452,17.26,3.92329577441785,4.088875286409494,4.098385009880629
3453,17.265,3.6188499808075343,3.649014271939559,3.683387894235464
3454,17.27,3.616295886027046,3.4923236952406445,3.5451210592049844
3455,17.275000000000002,3.922815458796216,3.679761955473947,3.742449601305287
3456,17.28,4.471186164520323,4.1766959538306425,4.241974138543919
3457,17.285,5.160292288531173,4.871113436214978,4.935273652438471
3458,17.29,5.8984419046538346,5.640080803363117,5.70303064897425
3459,17.295,6.621538030274939,6.395272681162544,6.4592771892341
3460,17.3,7.291523997189251,7.087731446272054,7.156167009631819
3461,17.305,7.888490793318784,7.695535257617983,7.771763678242046
3462,17.31,8.403472150162044,8.212413250603548,8.298240280885581
3463,17.315,8.83356234911781,8.640921180457957,8.734565461349286
3464,17.32,9.178995638680457,8.987772479736217,9.082663955605621
3465,17.325,9.44151154809756,9.25945187032692,9.345571946848768
3466,17.330000000000002,9.623486766845494,9.459527563982862,9.52663285478365
3467,17.335,9.727509393466033,9.589009337558327,9.629211153073381
3468,17.34,9.756210903061294,9.648086173175919,9.656661314282786
3469,17.345,9.712257420889946,9.637305970352077,9.61243189918316
3470,17.35,9.59845292147525,9.557943365963073,9.500241571710898
3471,17.355,9.417937201232258,9.412037472358932,9.324285248303635
3472,17.36,9.174479276005073,9.202445190688866,9.089459473040748
3473,17.365000000000002,8.872875428129,8.933034670458223,8.801646694983718
3474,17.37,8.519458904045559,8.609042968296771,8.468095017352162
3475,17.375,8.12270848992901,8.237587698119537,8.097762411368223
3476,17.38,7.693893829528492,7.828292727533896,7.701386057914722
3477,17.385,7.2476029196947165,7.393926674347268,7.291370107701195
3478,17.39,6.801861904490752,6.950840298026149,6.881912762944517
3479,17.395,6.377426397646638,6.518832380236953,6.489277648367161
3480,17.400000000000002,5.9958302766586815,6.119948281972912,6.131268265162118
3481,17.405,5.676116286752681,5.775803898052488,5.825161134012032
3482,17.41,5.4309049839694605,5.503558875102592,5.584487962312877
3483,17.415,5.263221714158156,5.3116220629054585,5.415740158392668
3484,17.42,5.165566555652603,5.196952002771008,5.315996878993933
3485,17.425,5.121723936589683,5.145477869585589,5.272636658918669
3486,17.43,5.110428279836764,5.13557064278305,5.265898974641479
3487,17.435,5.109323345544721,5.1428810186275555,5.27324427591765
3488,17.44,5.098016450783685,5.144569396228709,5.273394735768423
3489,17.445,5.059861210912823,5.12190169864174,5.248770638211503
3490,17.45,4.98273933767065,5.06128715870923,5.186386968440514
3491,17.455000000000002,4.859344431195469,4.954374592874474,5.077968026456105
3492,17.46,4.687429103572674,4.797853055027005,4.9199338894713005
3493,17.465,4.470332413177054,4.593444794323353,4.713588708482148
3494,17.47,4.217924587462573,4.348405056823276,4.465779400181463
3495,17.475,3.9478463845252505,4.076625866406961,4.190186282121467
3496,17.48,3.686477517038613,3.8000742249898565,3.9088678289265553
3497,17.485,3.468415422055501,3.549692496547962,3.65300121099865
3498,17.490000000000002,3.3327410953960817,3.3641076434324244,3.461301370883216
3499,17.495,3.315017456968928,3.2841077911444874,3.374403611517188
3500,17.5,3.4367661210909257,3.342223152461302,3.424608973415813
3501,17.505,3.697666530347416,3.5507895571758468,3.6242908242835865
3502,17.51,4.07562767273952,3.8957660582737983,3.9601321173438544
3503,17.515,4.534641419578564,4.341417585292968,4.397866096427716
3504,17.52,5.035177519601282,4.84279057336857,4.894180625491139
3505,17.525000000000002,5.54192944712542,5.357798033324004,5.408074487601874
3506,17.53,6.027247476545659,5.853688271092612,5.906924219968198
3507,17.535,6.47133955750485,6.308149178656799,6.367503377687353
3508,17.54,6.8609412463151545,6.707624461144385,6.774406359530929
3509,17.545,7.187642642284394,7.044845830058895,7.1179056501557945
3510,17.55,7.446429374221076,7.316465817843353,7.392169449744927
3511,17.555,7.634601644990101,7.5211441339216485,7.594034700525361
3512,17.56,7.751062956433516,7.658332902810459,7.72224176774729
3513,17.565,7.795922130463852,7.727828453397422,7.776993516813384
3514,17.57,7.770358130792228,7.7298782171783085,7.759748958499055
3515,17.575,7.67672080311125,7.6655429638775825,7.673216229574809
3516,17.580000000000002,7.518865744144373,7.537153719147999,7.52154235799563
3517,17.585,7.302738341617485,7.3488677900193355,7.3107134348607765
3518,17.59,7.037217294224432,7.107398898108515,7.0491851250525865
3519,17.595,6.735176381012112,6.822975619858064,6.748744465889506
3520,17.6,6.414583880449271,6.510483330459834,6.425522273969175
3521,17.605,6.099191868007195,6.19053930127545,6.100891239595054
3522,17.61,5.818006489802453,5.889902618231778,5.801683935663076
3523,17.615000000000002,5.602529521090983,5.640204347236416,5.558816010283423
3524,17.62,5.481269085555911,5.473877428474762,5.4033113555426056
3525,17.625,5.472640830850899,5.417084089309372,5.359553911052156
3526,17.63,5.579335083570548,5.481703972755764,5.437711905435002
3527,17.635,5.7873854416272845,5.660587070404725,5.629349795282419
3528,17.64,6.070522587178509,5.92940349056101,5.909431372349216
3529,17.645,6.397180037383765,6.25415980513706,6.243775431336089
3530,17.650000000000002,6.736718643266882,6.599900321962895,6.597551022890595
3531,17.655,7.063054879462767,6.936661756120273,6.940971459612856
3532,17.66,7.355780473760955,7.241725121564624,7.25132005788784
3533,17.665,7.599722847098538,7.4992816852851245,7.512496278051111
3534,17.67,7.78385588762225,7.698919791207109,7.713540963872202
3535,17.675,7.900116854807456,7.833824928083457,7.847049440037435
3536,17.68,7.942373739293576,7.899143490099368,7.90784905590178
3537,17.685,7.905605660984306,7.890755241479762,7.8920197248916235
3538,17.69,7.785278967215108,7.80454031444042,7.796208841256725
3539,17.695,7.576879344336428,7.636042042622655,7.617159799402854
3540,17.7,7.275566235175285,7.380331061049483,7.351387995187276
3541,17.705000000000002,6.875938109491805,7.031923139684609,6.994957970862736
3542,17.71,6.371937963946934,6.584715342489014,6.5433323415320395
3543,17.715,5.757006076741362,6.03201057343264,5.991316055006831
3544,17.72,5.024746627493832,5.366812240019664,5.333244714848089
3545,17.725,4.170714032074877,4.58276939638013,4.563789252064432
3546,17.73,3.196631570999492,3.676583264707628,3.6801800178939432
3547,17.735,2.1196677324240416,2.6535935830469732,2.687543901664569
3548,17.740000000000002,0.9909397886663346,1.539913976036157,1.6106537971944008
3549,17.745,-0.0751106949985749,0.40614727797706784,0.5169902656489134
3550,17.75,-0.8807098819167474,-0.5971744433539916,-0.44870410508325875
3551,17.755,-1.2019775340701293,-1.225288808445839,-1.050103466753595
3552,17.76,-0.95290514366692,-1.2411170399892253,-1.0572620091928053
3553,17.765,-0.2702435624779495,-0.6402201691440403,-0.4641981427474118
3554,17.77,0.6156235112302609,0.3104142643691672,0.4721624435072709
3555,17.775000000000002,1.5263105776501336,1.3229657476413057,1.4731275772944845
3556,17.78,2.365600997979331,2.243513992395494,2.388791540463832
3557,17.785,3.0927065303856693,3.0198486590892113,3.168301958031421
3558,17.79,3.6951287124702095,3.643535799489721,3.8040326712236716
3559,17.795,4.172897752275894,4.121398696824508,4.3025926953379745
3560,17.8,4.530946633448679,4.467731367269377,4.6738130683738355
3561,17.805,4.775760013433818,4.7032186561405736,4.927197366576738
3562,17.81,4.914076134476116,4.847487299177108,5.071065093502922
3563,17.815,4.952575054649517,4.909485596353072,5.112719185824518
3564,17.82,4.898087099335267,4.889969654371729,5.059009824476492
3565,17.825,4.7581452620748745,4.789439078499772,4.917058973583844
3566,17.830000000000002,4.541841202015957,4.611797437514615,4.695173065480878
3567,17.835,4.2609925345987385,4.364993464144633,4.404010346470688
3568,17.84,3.931592817518912,4.061466582203713,4.058000790133274
3569,17.845,3.5753510758167555,3.7191610351859348,3.676909942346799
3570,17.85,3.2207719749685984,3.36279758124694,3.2872594325350555
3571,17.855,2.902706555836696,3.024522690371814,2.92319385635471
3572,17.86,2.658971228026184,2.7424865564810044,2.6255804085188204
3573,17.865000000000002,2.5233305094944,2.555723001444519,2.4365309489502107
3574,17.87,2.516513217199827,2.495020804313027,2.3882175617121453
3575,17.875,2.639679793036112,2.57282367475808,2.4911798718802225
3576,17.88,2.8745431756084776,2.7781570436901926,2.730344877206149
3577,17.885,3.190104057931291,3.0806643645567435,3.070903613684252
3578,17.89,3.551763374419058,3.4412940757251733,3.468907395883006
3579,17.895,3.928429586118468,3.822991751827283,3.881578482412363
3580,17.900000000000002,4.296004395504985,4.196874917999999,4.275904439777579
3581,17.905,4.637978988326329,4.543768848955351,4.632603970098897
3582,17.91,4.944543395919715,4.853111507354869,4.942871281639044
3583,17.915,5.211265365038212,5.120970060101455,5.203657239920655
3584,17.92,5.437865793169678,5.348031331473162,5.415826278082388
3585,17.925,5.627250192076945,5.5379310032055376,5.583611287924979
3586,17.93,5.784769494312533,5.696122570322551,5.713937432269191
3587,17.935,5.917610526360004,5.829297125657444,5.815394463478661
3588,17.94,6.034201978607459,5.945115724931441,5.897448000156633
3589,17.945,6.143541134636226,6.051926169912819,5.97023473406303
3590,17.95,6.254394349428405,6.15825083327151,6.044024365851053
3591,17.955000000000002,6.374397151730494,6.27201050512614,6.127996611309522
3592,17.96,6.509162559362991,6.399591597264911,6.229429300400948
3593,17.965,6.661566016895758,6.544954393168751,6.353703310032192
3594,17.97,6.831374953614059,6.709010626879003,6.503847895497926
3595,17.975,7.015315804358765,6.88944896123577,6.67930170234637
3596,17.98,7.207549379647582,7.081059676167376,6.875498120412049
3597,17.985,7.400415029808355,7.2764559800056645,7.084375658301423
3598,17.990000000000002,7.58525504848777,7.466982888110378,7.294690612144569
3599,17.995,7.753153467928381,7.643590082246128,7.493586313842636
3600,18.0,7.895490400076893,7.797510212871776,7.669455164712628
3601,18.005,8.004285699185225,7.9206798007461,7.812730167572223
3602,18.01,8.072358016955748,8.005920532198365,7.915137211642578
3603,18.015,8.09335078458518,8.046944238501181,7.969590779818299
3604,18.02,8.061681785070418,8.038257824558613,7.970355729532352
3605,18.025,7.972468255889964,7.975037178343463,7.9129113960107995
3606,18.03,7.821473930512811,7.853024424738898,7.793703288050367
3607,18.035,7.605124404859418,7.668491030636188,7.609965045005703
3608,18.04,7.32064728083424,7.418307756053398,7.359670045731051
3609,18.045,6.966417953488642,7.100176516583955,7.041655544840943
3610,18.05,6.542634916257074,6.713112703886493,6.6560028928982975
3611,18.055,6.052510818271629,6.258322197715064,6.204820040914881
3612,18.06,5.504230412937714,5.740692502277193,5.693642211179318
3613,18.065,4.913919689991916,5.1711844703428325,5.133727832016376
3614,18.07,4.309575354789391,4.570362554628699,4.545482974502796
3615,18.075,3.734874445623271,3.9728398580056665,3.9627984761213346
3616,18.08,3.2496002080012314,3.4309635562697616,3.436668300529048
3617,18.085,2.9211454810237907,3.0132255970909387,3.0337036362899106
3618,18.09,2.803935795754582,2.790573259804202,2.8229217519470664
3619,18.095,2.9151221054647807,2.8088695703419755,2.849080236596873
3620,18.1,3.2253792908177465,3.0624861077254013,3.107005767910466
3621,18.105,3.673442691559043,3.493848053819931,3.540968003665328
3622,18.11,4.191040516474554,4.021715724073517,4.071950552688003
3623,18.115,4.720635462770739,4.572416556106957,4.62795386685876
3624,18.12,5.2211396123154366,5.094011421609017,5.157813345368524
3625,18.125,5.66614993997125,5.555556794042943,5.630406202182303
3626,18.13,6.039859304336708,5.941214238704024,6.028642997439704
3627,18.135,6.333267000906618,6.2447044128709575,6.343835516051422
3628,18.14,6.541416156646963,6.465037223898927,6.571874257829966
3629,18.145,6.6615923257677,6.603050616082834,6.7109669693995375
3630,18.15,6.692230806425874,6.6590003074041375,6.760406002529151
3631,18.155,6.632312542604506,6.631784063896558,6.719955739749391
3632,18.16,6.481111973494146,6.519438784948944,6.589616711330119
3633,18.165,6.238245800285325,6.319961427880547,6.369654255308214
3634,18.17,5.904057304487978,6.0319863602179264,6.0608759219794255
3635,18.175,5.48047004140853,5.655461696646443,5.6652267855636715
3636,18.18,4.972571368063747,5.192710247502906,5.186877582161485
3637,18.185,4.391330302563239,4.650332120067269,4.634125508248431
3638,18.19,3.757908287534093,4.042480660205989,4.0225697886938985
3639,18.195,3.1095983750940044,3.396004927878456,3.3799815020901995
3640,18.2,2.505619733639059,2.757239923773873,2.7525981753185977
3641,18.205,2.026874051829193,2.1976198151122515,2.210196937826557
3642,18.21,1.759903487206576,1.8098537194430624,1.842221410140069
3643,18.215,1.762455607882385,1.6827172101467802,1.7335609863634067
3644,18.22,2.0317683393759896,1.856048777409939,1.921313197530941
3645,18.225,2.5063334894465514,2.2906770532153806,2.3658330605184386
3646,18.23,3.0992436427053165,2.889450067635294,2.971179072202998
3647,18.235,3.731475935988941,3.548842754015381,3.6354190052267175
3648,18.24,4.346219439035802,4.192794762595687,4.283814991669379
3649,18.245,4.908231236501434,4.7769534035216275,4.872896410012746
3650,18.25,5.3978760021524135,5.279860927196907,5.381317076534927
3651,18.255,5.8053051601078645,5.694050582599421,5.800394151944755
3652,18.26,6.126303266655074,6.020094125573581,6.127909317011705
3653,18.265,6.359689051355387,6.262206824795701,6.364651359851615
3654,18.27,6.505803245430376,6.424472762034698,6.5126171235755095
3655,18.275,6.565683888479984,6.508795788050669,6.574156955210772
3656,18.28,6.540669193053566,6.5152018305932735,6.551657180359143
3657,18.285,6.432283150909797,6.4431481801067125,6.44751309767609
3658,18.29,6.242341437244022,6.292502318989899,6.264293307020859
3659,18.295,5.973276502804655,6.064028442793479,6.005103254966764
3660,18.3,5.628732847244278,5.759760602650833,5.674140792292087
3661,18.305,5.214531609530476,5.383601269015598,5.2774166394895365
3662,18.31,4.740138308340221,4.942368095925318,4.82374435761801
3663,18.315,4.220745343933047,4.447456767699549,4.326216330061706
3664,18.32,3.6798891086018433,3.917207930058548,3.804213763004643
3665,18.325,3.1519537405768667,3.379774099317518,3.2857065086883823
3666,18.33,2.6827948029277406,2.875502061868035,2.8091707091927405
3667,18.335,2.3254821042825284,2.456417588789127,2.4231728518081144
3668,18.34,2.1287744176908285,2.1791098913672555,2.1799631910006387
3669,18.345,2.1209141628193304,2.0890011828126993,2.120725142768158
3670,18.35,2.298242514021292,2.2014682291882317,2.257651495612052
3671,18.355,2.6275515996399443,2.493285120642101,2.56610461947653
3672,18.36,3.060244869465461,2.9129656482012596,2.995108960069894
3673,18.365,3.5479024168989346,3.401905709871019,3.487839762926802
3674,18.37,4.051573363621382,3.911101080945475,3.997275449884902
3675,18.375,4.544228687547624,4.407207249273841,4.491485163281521
3676,18.38,5.00932524953198,4.8712774528738265,4.9520589799064485
3677,18.385,5.438166229121459,5.29506830598479,5.370342341535268
3678,18.39,5.827419044110278,5.6773611920413325,5.743907300758406
3679,18.395,6.177201971187536,6.020824126551529,6.073973124320348
3680,18.4,6.489723980510246,6.3295434630665195,6.363768853858876
3681,18.405,6.768339934388363,6.60753970879717,6.617556589098628
3682,18.41,7.016885207115218,6.858304195657628,6.840008883859896
3683,18.415,7.239190993119809,7.084881378157011,7.0358194026159495
3684,18.42,7.438720218208772,7.289979843102089,7.209520530866222
3685,18.425,7.618293908957797,7.475919467577653,7.365350038387532
3686,18.43,7.779897195032717,7.6444652620360305,7.5069805208902265
3687,18.435,7.9245634378857535,7.79665044941377,7.6371599472175635
3688,18.44,8.052336026527389,7.93265668941106,7.757426857619771
3689,18.445,8.162302819998109,8.051777602423268,7.867934276318378
3690,18.45,8.252691348940877,8.152463714010997,7.967415115766741
3691,18.455,8.321006922203777,8.232431129130621,8.053341510878138
3692,18.46,8.364192963445321,8.288809105935053,8.122114041849617
3693,18.465,8.378793999830275,8.318301167416614,8.16915840805045
3694,18.47,8.361106147989762,8.317338802529264,8.189095567526474
3695,18.475,8.307306336332406,8.28221420985971,8.176094544200811
3696,18.48,8.213558486621196,8.209186921113092,8.124332214028652
3697,18.485,8.07610159501999,8.094567019586808,8.028470920546916
3698,18.49,7.891331014818036,7.934784448796731,7.884031303166767
3699,18.495,7.655890936077768,7.726459963846366,7.687514959476291
3700,18.5,7.3668044589921555,7.466499829089435,7.436305651921884
3701,18.505,7.021679751377324,7.152245306803117,7.128561705219807
3702,18.51,6.619048984867653,6.781721760128673,6.76327659779174
3703,18.515,6.158923190969887,6.3540535433611485,6.340568245310525
3704,18.52,5.643680119694538,5.870141736887074,5.862246909342935
3705,18.525,5.079432383362631,5.333739736777562,5.332785858836327
3706,18.53,4.478009285736996,4.7530893828102485,4.760869058830106
3707,18.535,3.8595230209116,4.1432406161115765,4.161635147279256
3708,18.54,3.254975952360703,3.5289290421511463,3.559487741281629
3709,18.545,2.7072904448277675,2.947170463047626,2.990665921585482
3710,18.55,2.2678059234738543,2.4473368813364074,2.5034068720687492
3711,18.555,1.98547769336968,2.084999670829662,2.1520521694830537
3712,18.56,1.89049802746287,1.9069046925462563,1.9824794742214893
3713,18.565,1.9813926138602944,1.9314006190446378,2.0130204131897793
3714,18.57,2.225525183242936,2.1375873625958635,2.223744118523983
3715,18.575,2.572595733403493,2.4736155444534216,2.5643085128620404
3716,18.58,2.9708858980724577,2.8778317225644168,2.974410682801816
3717,18.585,3.3775987651409043,3.2969370650354484,3.40151070678061
3718,18.59,3.762009349408333,3.693320581136673,3.808045030381055
3719,18.595,4.104312480544418,4.044323643930578,4.17063276765713
3720,18.6,4.393059671877392,4.338625486370239,4.476387229994205
3721,18.605,4.6227238953711645,4.5725661398916,4.719370166145697
3722,18.61,4.791893129057737,4.747070571993386,4.898099255487537
3723,18.615,4.902108331870164,4.865288423856363,5.014056237798173
3724,18.62,4.95720914363387,4.931267383796805,5.070914315490486
3725,18.625,4.96303259024946,4.949761804463941,5.0742280753782
3726,18.63,4.927324429867991,4.926714615114664,5.031394982336109
3727,18.635,4.8597298901583175,4.86981012885084,4.951741171212667
3728,18.64,4.771721766171712,4.788774168460208,4.8465936090699095
3729,18.645,4.676308887208486,4.695326175068069,4.729185884833403
3730,18.65,4.587373028550371,4.602725677238616,4.614229896257411
3731,18.655,4.518545795307926,4.524836497013068,4.51700224606903
3732,18.66,4.481687789726907,4.474689009737639,4.451874981813339
3733,18.665,4.485248119927059,4.462699754350666,4.430399919794402
3734,18.67,4.532959120530525,4.494952038563812,4.459342581670016
3735,18.675,4.6233158965968535,4.572092732306038,4.5393228725901
3736,18.68,4.750044821686253,4.689289244465489,4.664666079546506
3737,18.685,4.903397674935668,4.83730544871014,4.824584073901061
3738,18.69,5.071839119785492,5.00431478042795,5.005233717531345
3739,18.695,5.243661727904117,5.177852372514118,5.191985878942329
3740,18.7,5.408224089419474,5.346407208185297,5.371388004840972
3741,18.705,5.556722600674736,5.500429969197283,5.5325045066199525
3742,18.71,5.682562992869084,5.632785105256733,5.667496390206808
3743,18.715,5.78146116736843,5.738808435545776,5.77157492954009
3744,18.72,5.85139775380063,5.816154906414412,5.8426763786994185
3745,18.725,5.89251301617972,5.864584002232578,5.881134642406386
3746,18.73,5.9069835233022685,5.8857700127019505,5.889425067572801
3747,18.735,5.898880824803684,5.883160444055187,5.871945219573773
3748,18.74,5.873978916345287,5.861850531317209,5.834793545612199
3749,18.745,5.839454265144731,5.828403884870663,5.785506986732958
3750,18.75,5.803415751434685,5.790533610100317,5.732687477321561
3751,18.755,5.774221922432462,5.756568586275934,5.685437922223575
3752,18.76,5.759597429427107,5.734672278950178,5.652580139369302
3753,18.765,5.76564419688985,5.73186033393514,5.641697980265875
3754,18.77,5.795927049583104,5.752965204162365,5.658108461703942
3755,18.775,5.850850652602838,5.799779987153141,5.703944711425284
3756,18.78,5.927496279654645,5.870622118345404,5.777607930980928
3757,18.785,6.019959362051635,5.960457979383186,5.873794927628718
3758,18.79,6.120080299194265,6.061554009340197,5.98412491365848
3759,18.795,6.218364819450031,6.164457040391349,6.098207080600128
3760,18.8,6.304883330113105,6.259038651701555,6.204871867662601
3761,18.805,6.370004105576391,6.335382595331258,6.293247873681858
3762,18.81,6.40490609468742,6.384403402237913,6.353481795958503
3763,18.815,6.401893254109867,6.398194354361047,6.377111972168465
3764,18.82,6.354577520223147,6.370176340193435,6.357223494265625
3765,18.825,6.258016189789544,6.295151307807566,6.288507218597983
3766,18.83,6.108894323026916,6.16936874243652,6.167319839908177
3767,18.835,5.9058451962971965,5.990707131563369,5.99183720388813
3768,18.84,5.650006618860248,5.759066681940907,5.762395716602794
3769,18.845,5.34591203290331,5.477068942149393,5.482120743501795
3770,18.85,5.002787601452537,5.151154098672321,5.157937741864264
3771,18.855,4.63621127790954,4.793122199662861,4.802018022037148
3772,18.86,4.269785538209185,4.422001305814262,4.433550658583332
3773,18.865,3.93588670113707,4.065715885284577,4.08033267484784
3774,18.87,3.673816373394145,3.7612806402172416,3.778942312821588
3775,18.875,3.523580401578901,3.551427883779944,3.571464504861833
3776,18.88,3.5154371335421173,3.4758499014769733,3.4969943606598433
3777,18.885,3.659356660787188,3.55831689985468,3.579117775043743
3778,18.89,3.940911589161208,3.796121290133299,3.8156001717454346
3779,18.895,4.326569786657816,4.15973734551821,4.177942562771379
3780,18.9,4.77456136416581,4.603643740173318,4.621781295856725
3781,18.905,5.244825741916948,5.0806077019432605,5.100714882008627
3782,18.91,5.704485400904968,5.55137916475109,5.575729521464845
3783,18.915,6.129130113438936,5.987820764642847,6.018242607568681
3784,18.92,6.501759535398626,6.37185608792466,6.4090595145950475
3785,18.925,6.8109633206412,6.692918639056167,6.7359440746115755
3786,18.93,7.049174295984369,6.9452788355138955,6.991291170964029
3787,18.935,7.211284877507969,7.125725279583472,7.170371487965741
3788,18.94,7.293650884949866,7.231865531871069,7.270145506582768
3789,18.945,7.293417319864288,7.261221579190315,7.2885099698772935
3790,18.95,7.208093305493612,7.211003989121337,7.223843485870722
3791,18.955,7.0353278442458125,7.078227639832647,7.074759832790436
3792,18.96,6.772875685040939,6.8599059572157985,6.84002343769862
3793,18.965,6.4187926427099375,6.553273144678446,6.5186276231206515
3794,18.97,5.971972218014433,6.156145330407427,6.1100929797862555
3795,18.975,5.433248209127712,5.667632155601932,5.615126579189688
3796,18.98,4.807459599634376,5.089525022285847,5.036910854372611
3797,18.985,4.107087537434454,4.428871564794614,4.38348420205782
3798,18.99,3.358146627603586,3.7024696083852255,3.6719202539901215
3799,18.995,2.6082499726222688,2.94399717297518,2.9350580870422824
3800,19.0,1.9335440558233867,2.2132478176922157,2.2303841243641283
3801,19.005,1.4343596842481998,1.6023054844959086,1.646155358724907
3802,19.01,1.2058282792286097,1.224582570169614,1.2911219772560512
3803,19.015,1.2889701530366828,1.1709756323596339,1.2524652275203723
3804,19.02,1.6437350866722975,1.4497981010913485,1.5378297726294257
3805,19.025,2.1744494047907903,1.9725230263546716,2.0613374486397267
3806,19.03,2.778768545313874,2.6092748452251335,2.6970097929666905
3807,19.035,3.377911694841789,3.251557731114951,3.3394786063653807
3808,19.04,3.921562287213236,3.8327244514371293,3.923951176566126
3809,19.045,4.3810309728950285,4.319168847567857,4.4175637790334195
3810,19.05,4.741074255293007,4.69699719697423,4.805848868607739
3811,19.055,4.993834510813479,4.963187177023811,5.083265795479504
3812,19.06,5.1350323825514685,5.120271196571107,5.247942792730443
3813,19.065,5.161733209185663,5.171688644329965,5.29901824683603
3814,19.07,5.071074688398075,5.117878400512095,5.235366151572847
3815,19.075,4.859569333296701,4.955248487471506,5.0550217486361095
3816,19.08,4.522800643229672,4.67759066632284,4.754976978761624
3817,19.085,4.055521775529831,4.277662478861039,4.331255985248548
3818,19.09,3.452414712553991,3.7481474275151383,3.77936342703224
3819,19.095,2.710219875366647,3.0827746715899176,3.0954543363306546
3820,19.1,1.8328577012865497,2.2790324311352896,2.2791398555496754
3821,19.105,0.8428390891285495,1.3448142160655028,1.3400334897201893
3822,19.11,-0.1959721227254906,0.3132822371075994,0.3122214680343305
3823,19.115,-1.1439552891895817,-0.7280173036079738,-0.7175038266573166
3824,19.12,-1.77185203457979,-1.5963190245483476,-1.5702499372427088
3825,19.125,-1.8538706644576293,-2.011954454022539,-1.9736621155595753
3826,19.13,-1.358706248429867,-1.7532016154583303,-1.7118273098213752
3827,19.135,-0.4825997295876253,-0.9028893257064317,-0.8642392179793852
3828,19.14,0.5306279782046395,0.20971980804235724,0.24897862356725664
3829,19.145,1.51742876479005,1.3090107717507964,1.3569684827859239
3830,19.15,2.397666683014398,2.271838330595959,2.3358161858493496
3831,19.155,3.1399749888388766,3.0636783775646435,3.1491177513639275
3832,19.16,3.735547536888322,3.682497401835561,3.7943406024785826
3833,19.165,4.184336651642548,4.1362517319287395,4.278835081956506
3834,19.17,4.488614670388625,4.438819495342102,4.610814009764233
3835,19.175,4.650070851612226,4.608766543498482,4.796348549824162
3836,19.18,4.668458019111528,4.658615064190254,4.838611506466123
3837,19.185,4.540863538665589,4.586059231185794,4.73775554478913
3838,19.19,4.261198965855927,4.379411734995769,4.490750485274439
3839,19.195,3.819785375796443,4.024648729168323,4.0911128594176
3840,19.2,3.203186648249094,3.506718420441243,3.528739811833116
3841,19.205,2.3950187964236878,2.8086447785292163,2.790082920959177
3842,19.21,1.3800921639752382,1.911986055568173,1.8595877334361304
3843,19.215,0.1590268583650297,0.8023759345266184,0.7256362823563993
3844,19.22,-1.2070450352107631,-0.5101069269833838,-0.5993991556350027
3845,19.225,-2.48671932194678,-1.9291487166460586,-2.018909494459355
3846,19.23,-3.1594497943099267,-3.1254521761277596,-3.209545698006675
3847,19.235,-2.723471828126173,-3.413767490206448,-3.5025585145555933
3848,19.24,-1.3718605405440418,-2.307458160533481,-2.4210912977311265
3849,19.245,0.3000326249310197,-0.4013381942382548,-0.5372645153108788
3850,19.25,1.9187575790507565,1.4791823255165006,1.3449811303813726
3851,19.255,3.357206363921284,3.075655213444425,2.9650624039891804
3852,19.26,4.595017818657908,4.390357316499051,4.316079064384397
3853,19.265,5.644873282875548,5.465677954341971,5.433256750899669
3854,19.27,6.526293007466518,6.336055088238881,6.350680492160663
3855,19.275,7.25766980063752,7.026040361089774,7.097542469867858
3856,19.28,7.854332770470068,7.570169799613594,7.6967697386549245
3857,19.285,8.328462356426918,8.021110213778272,8.16460427676341
3858,19.29,8.689494521616817,8.401801108061617,8.51265189867068
3859,19.295,8.94458658721204,8.700503300103108,8.750006523554152
3860,19.3,9.09902545228482,8.906357508795132,8.884035226698646
3861,19.305,9.156559970347796,9.016696842519162,8.920279115887885
3862,19.31,9.11967201584618,9.032341900254938,8.86282856448141
3863,19.315,8.989812794782123,8.954689369166687,8.715273611562814
3864,19.32,8.767639871473584,8.784746152172255,8.481118250978248
3865,19.325,8.453304663986621,8.522979343021511,8.16337942383749
3866,19.33,8.046866745110197,8.16951526118512,7.764482178663004
3867,19.335,7.548958837849189,7.724596065677934,7.289278723648573
3868,19.34,6.961905720448087,7.18938386700998,6.748666365820016
3869,19.345,6.291617608813825,6.567339973165901,6.155631467105575
3870,19.35,5.550705534944237,5.866558706371673,5.517909424367234
3871,19.355,4.763245052067645,5.10357073391563,4.841403563139751
3872,19.36,3.970945286458865,4.309023989531274,4.1446286700245185
3873,19.365,3.238140950942905,3.53460727347679,3.468668363244923
3874,19.37,2.648485679772272,2.8572851777740937,2.8771010349472217
3875,19.375,2.283882736705406,2.371126179492497,2.4478609284738564
3876,19.38,2.187952893857131,2.1559633374163374,2.2586986707558308
3877,19.385,2.3406614702943958,2.2320097213740224,2.340373404962201
3878,19.39,2.6699211283379736,2.5409784652172163,2.6427809754803633
3879,19.395,3.087837249420154,2.978951933416977,3.0673873285036026
3880,19.4,3.5198082118307066,3.4469950000350535,3.5201106010272656
3881,19.405,3.9142565476903664,3.8768514759253754,3.9373469820162703
3882,19.41,4.240011409605902,4.230292490667065,4.284504629325191
3883,19.415,4.480285130972739,4.489728646410197,4.544234823055525
3884,19.42,4.627528427008891,4.650287711243023,4.709230859660922
3885,19.425,4.680156898178292,4.714780866917884,4.779439634126732
3886,19.43,4.640960065432616,4.690002644313257,4.758052662106134
3887,19.435,4.516834034736259,4.584078652681685,4.648846437678195
3888,19.44,4.319581848055309,4.406271994798381,4.459509832385583
3889,19.445,4.067574496904628,4.1694476129709495,4.2067509043610585
3890,19.45,3.7878674669230654,3.893601397929544,3.9154711901871497
3891,19.455,3.517743696467205,3.6089473077145833,3.6176949666269067
3892,19.46,3.3036244551135097,3.3572308598334564,3.356414836719376
3893,19.465,3.1946951190948014,3.1889737469008637,3.1820203737501354
3894,19.47,3.2304750524430115,3.1538807138390106,3.1382969361200717
3895,19.475,3.4269470094696204,3.2848094086132797,3.2554529482346304
3896,19.48,3.7702039852304026,3.5830328262329383,3.5397804396604178
3897,19.485,4.222580721113255,4.016232687242418,3.9641916684742915
3898,19.49,4.73647322443259,4.531902884437138,4.4792221410199
3899,19.495,5.266865007851274,5.075806861043589,5.032050617149449
3900,19.5,5.77781045753957,5.604090174501316,5.578173693962338
3901,19.505,6.243553512568899,6.086585060589232,6.084824998241127
3902,19.51,6.646903471063704,6.50496517203727,6.529634782913975
3903,19.515,6.976902732462507,6.84941985893246,6.897940139817498
3904,19.52,7.226754528582396,7.115462978704725,7.180671145711953
3905,19.525,7.392288110022688,7.30125672255968,7.372987239250644
3906,19.53,7.470944545949589,7.405688309240275,7.473008022557838
3907,19.535,7.461193399600042,7.427462107959205,7.480562998809674
3908,19.54,7.362311686116234,7.365106221229304,7.3964366165883355
3909,19.545,7.174513366971452,7.217474123572007,7.222241107165629
3910,19.55,6.8994927976651415,6.984447499954461,6.960722971048945
3911,19.555,6.541537416003066,6.667877571079666,6.6164466835085305
3912,19.56,6.109464071885324,6.273042085329504,6.197084722959898
3913,19.565,5.619679015189384,5.811007415196475,5.715685641984077
3914,19.57,5.100446750729127,5.302265131324449,5.194188978895751
3915,19.575,4.596490044249794,4.781618378463401,4.668072869036268
3916,19.58,4.170704099410524,4.302886220633472,4.190797101545739
3917,19.585,3.896741204580069,3.938864322621347,3.833712241949749
3918,19.59,3.837550556714125,3.7685753549482297,3.673690769369461
3919,19.595,4.01732892914432,3.8476989556026435,3.7644285354370064
3920,19.6,4.408577853892066,4.176773831536226,4.105546850623263
3921,19.605,4.94680014557737,4.696998664825306,4.638424321247783
3922,19.61,5.558700537841678,5.320887859734092,5.275958687653776
3923,19.615,6.182682190261274,5.968540634797563,5.938177952879726
3924,19.62,6.775376351948996,6.584320183422078,6.569061965043964
3925,19.625,7.309531551610298,7.135889244266094,7.135766943598409
3926,19.63,7.769342074205181,7.6073480724319005,7.621410311779149
3927,19.635,8.14621639821165,7.993023807056504,8.01836273235216
3928,19.64,8.435750779998068,8.292883467489572,8.32383859429158
3929,19.645,8.635782786950518,8.508808340658181,8.537363331487313
3930,19.65,8.745211528437448,8.641876844882558,8.659395585599723
3931,19.655,8.763319923296232,8.691424222511486,8.690620218445758
3932,19.66,8.689427561571943,8.655564298811505,8.631637593204044
3933,19.665,8.522787289132731,8.532037486068525,8.482899064768803
3934,19.67,8.262712238465895,8.318769174796847,8.244831570914197
3935,19.675,7.90899652307265,8.014235900385469,7.918171005637019
3936,19.68,7.462792160625669,7.617980669969666,7.504581362762631
3937,19.685,6.928248092413284,7.131642325282769,7.007729011475087
3938,19.69,6.3154070337343295,6.560937707766695,6.435166592051754
3939,19.695,5.644997940859096,5.919205880407402,5.8015905939974655
3940,19.7,4.955435009920789,5.2332222866969484,5.134124787828389
3941,19.705,4.310385550095473,4.551389997112221,4.4798352226509675
3942,19.71,3.8001212816096896,3.9515358843024626,3.9131181035583444
3943,19.715,3.523919847307196,3.538567348911081,3.533748217725397
3944,19.72,3.548437212473508,3.415881033768212,3.439780910393266
3945,19.725,3.868495123450244,3.629932018100335,3.674324510214234
3946,19.73,4.410743771818154,4.132511755139001,4.1891562278512025
3947,19.735,5.076024779340776,4.809043675335142,4.872156684780844
3948,19.74,5.778346236871963,5.543240825419815,5.610045546629564
3949,19.745,6.459052170878245,6.254834945711108,6.3249566137348605
3950,19.75,7.08393326989407,6.9004675975703496,6.975027829777173
3951,19.755,7.6355193290700125,7.461453254651785,7.541951602102268
3952,19.76,8.106405398465352,7.933432991235276,8.020102660862573
3953,19.765,8.494806683460409,8.320167325640213,8.409975042576336
3954,19.77,8.801921684865837,8.629003467865616,8.71472973846824
3955,19.775,9.030469614242936,8.866712549755505,8.938535974419613
3956,19.78,9.183927378145391,9.037334985582714,9.085887481051996
3957,19.785,9.266169888043006,9.142875725653811,9.161394741346484
3958,19.79,9.281341590450776,9.184983232971398,9.169803473538085
3959,19.795,9.233861340851549,9.165968831568833,9.116173655114086
3960,19.8,9.128503275065649,9.08908389422901,9.006141120853313
3961,19.805,8.970515671835683,8.958500421628822,8.846097610975363
3962,19.81,8.765745570444496,8.77926339053923,8.643207490838602
3963,19.815,8.520733690985265,8.557276661066009,8.405348698106868
3964,19.82,8.242735758251552,8.29929008943821,8.141024888304736
3965,19.825,7.939617682139386,8.012824195020144,7.8590812759817155
3966,19.83,7.619571047359614,7.705961220812036,7.568058228396389
3967,19.835,7.290612392814237,7.386939754089973,7.275332773967515
3968,19.84,6.959873650312835,7.063521519219401,6.986412606414255
3969,19.845,6.63276064761855,6.74216089515026,6.704502687515762
3970,19.85,6.31213181704419,6.4270934127634165,6.430117396337781
3971,19.855,5.997692914908367,6.1195385137837,6.1607728440663365
3972,19.86,5.685780810902905,5.817237145798592,5.891244546681948
3973,19.865,5.369617603124266,5.5144829994582505,5.614407621746826
3974,19.87,5.039998204527372,5.202673319108889,5.321882254618074
3975,19.875,4.686296255622882,4.871270289042432,5.0042690031202675
3976,19.88,4.2976833971116655,4.5090070739545185,4.651654140755423
3977,19.885,3.8645646367242334,4.105233073537968,4.2546995661693705
3978,19.89,3.380418912004524,3.65145784226807,3.806127455034672
3979,19.895,2.844470831573644,3.1433875939471996,3.302640088202751
3980,19.9,2.265839194718678,2.5840177840113654,2.7478354790904267
3981,19.905,1.6697410470670004,1.9885574252941116,2.1569942109809577
3982,19.91,1.1051358647243967,1.3917284952724511,1.5642464736356083
3983,19.915,0.649281662417704,0.8561379347669327,1.030759736836845
3984,19.92,0.3981444423802867,0.47494539164118255,0.6474526087213723
3985,19.925,0.4321877357981893,0.35403932092398893,0.518007359534792
3986,19.93,0.7713711460805437,0.563658975967714,0.7121974566704532
3987,19.935,1.3609209011527303,1.0873013303745949,1.216078925621701
3988,19.94,2.103856683604255,1.8252476695539306,1.934633604994314
3989,19.945,2.9051971946623283,2.653943759207965,2.748688181784073
3990,19.95,3.694826701301777,3.477370650917186,3.5646391906077977
3991,19.955,4.428986150200405,4.238643423840862,4.326033786303718
3992,19.96,5.0832268810653725,4.909889271946853,5.004093956372481
3993,19.965,5.645025016663889,5.480483951576676,5.5860861839654845
3994,19.97,6.108479998239309,5.949503862841521,6.067276059705652
3995,19.975,6.471011430216076,6.320807411199254,6.446337335639426
3996,19.98,6.731421519174631,6.598565904723704,6.723054722830209
3997,19.985,6.888780870163126,6.78403609361796,6.897272100908574
3998,19.99,6.941784166096187,6.875201039145741,6.96842535047206
3999,19.995,6.888371886437126,6.8681782098037125,6.935338206230341
