Index,x[m],Actual,order-10,order-50
0,0.0,6.162241487537459,,
1,0.005,6.707918006579212,,
2,0.01,7.181342073056449,,
3,0.015,7.575659690297782,,
4,0.02,7.8892766077979,,
5,0.025,8.123547701753907,,
6,0.03,8.28150747806966,,
7,0.035,8.367239756267349,,
8,0.04,8.385630566657957,,
9,0.045,8.342350155217064,,
10,0.05,8.243967804494002,,
11,0.055,8.09812786100969,,
12,0.06,7.913716040115486,7.859191177735296,
13,0.065,7.700929466629674,7.737760530739735,
14,0.07,7.471142784846091,7.581547791973299,
15,0.075,7.236454999351657,7.399066156138763,
16,0.08,7.008835461289369,7.200635375547405,
17,0.085,6.798888130533412,6.9977616665926785,
18,0.09,6.61441623189702,6.802185872649791,
19,0.095,6.459131654463341,6.624525044835041,
20,0.1,6.331906015256809,6.472621466708624,
21,0.105,6.226826160725778,6.349952684370845,
22,0.11,6.134039158151285,6.25461824094648,
23,0.115,6.041106345077923,6.179345594010927,
24,0.12,5.934479918355535,6.1126088841580355,
25,0.125,5.800795738867569,6.040507274555633,
26,0.13,5.627858103489434,5.948788048092841,
27,0.135,5.405373916887281,5.824467674797237,
28,0.14,5.12562571718869,5.65680290169508,
29,0.145,4.784363024489821,5.437688344574951,
30,0.15,4.382267157569188,5.161777492499576,
31,0.155,3.92740224526017,4.826732709970575,
32,0.16,3.438988199805113,4.434057727052226,
33,0.165,2.952246286698566,3.990994230496798,
34,0.17,2.522255525155041,3.5139463611549484,
35,0.175,2.2213969407489365,3.0336218484953665,
36,0.18,2.1230763637005703,2.6009211507416214,
37,0.185,2.272273969318714,2.2894924806564982,
38,0.19,2.661621103241524,2.185925083225508,
39,0.195,3.2352525119595965,2.3584113831120854,
40,0.2,3.916486771578328,2.8132176043855064,
41,0.205,4.634924489360576,3.4775134763465863,
42,0.21,5.338709934971451,4.234678089517874,
43,0.215,5.99465713725245,4.979750589825058,
44,0.22,6.583618239001201,5.648129642313442,
45,0.225,7.095612661084404,6.213415032560069,
46,0.23,7.526186892105263,6.674727347522183,
47,0.235,7.874055747129366,7.045362088626836,
48,0.24,8.139695472534905,7.343575746232279,
49,0.245,8.324568593903898,7.5846406998457425,
50,0.25,8.430758414834651,7.776016859733208,
51,0.255,8.460881979628745,7.917561103591385,
52,0.26,8.418216450272064,8.005243781683845,8.110288294818478
53,0.265,8.30701840819584,8.034904711252647,8.008586224180135
54,0.27,8.133042564686143,8.004269839976075,7.840916168930862
55,0.275,7.90427329098776,7.9135806564172535,7.617200096593232
56,0.28,7.631855831165653,7.765746611143371,7.349696864776027
57,0.285,7.331126534084071,7.566599245274549,7.0533248418748755
58,0.29,7.022457727311826,7.325455522989538,6.745860433076812
59,0.295,6.731348056239964,7.055966394121121,6.447721622342079
60,0.3,6.486924183949366,6.777025017282357,6.181130756450296
61,0.305,6.318130075929837,6.513221885215538,5.968839803799874
62,0.31,6.247828509796552,6.29395703429959,5.832644807754326
63,0.315,6.2867291497534925,6.150100073675184,5.791172830055903
64,0.32,6.430157352088158,6.107631272934523,5.855996465732107
65,0.325,6.659576659116997,6.179570832172587,6.026618373478462
66,0.33,6.947948156952388,6.359992012703721,6.287402010986733
67,0.335,7.266033346797052,6.624342227180073,6.609683940722286
68,0.34,7.587133331867131,6.936755534171194,6.958755468430886
69,0.345,7.889441062396773,7.260266326930257,7.30178650728243
70,0.35,8.156487408905523,7.5647063075709315,7.61301663444528
71,0.355,8.376547595916131,7.829972174004384,7.875341435643474
72,0.36,8.541698255749402,8.045477699075692,8.07934266484118
73,0.365,8.646914044354816,8.20762392568199,8.221176650724953
74,0.37,8.689368400633725,8.316738960206962,8.300433471324961
75,0.375,8.667983750033567,8.374418651168543,8.318583415675814
76,0.38,8.583230224116047,8.381854690723426,8.278126839381684
77,0.385,8.437163859061368,8.33934341204789,8.182290232334104
78,0.39,8.233700865030213,8.246723398118462,8.035144477708178
79,0.395,7.979126377159787,8.104261898826367,7.842057776023913
80,0.4,7.682815870950116,7.91361189305309,7.6102249263044435
81,0.405,7.358080186421904,7.678709346490461,7.348956898400578
82,0.41,7.022901249463382,7.406649578961447,7.069712593333457
83,0.415,6.7000964919012285,7.108592701089334,6.786149989480665
84,0.42,6.416216942250488,6.800615096352459,6.514409737532329
85,0.425,6.198506915397642,6.504166955242058,6.273512339548787
86,0.43,6.069914743647148,6.245455726441055,6.085236916918733
87,0.435,6.0434964748154325,6.052836221890372,5.972313996581672
88,0.44,6.1187118139189725,5.95159873124624,5.95400571578322
89,0.445,6.2816634989651865,5.956911243844306,6.039827915271266
90,0.45,6.509148354889098,6.067770987814557,6.2243372733894144
91,0.455,6.7743251972932805,6.265741484276974,6.486452170606449
92,0.46,7.051569334203794,6.52001744965009,6.794462742300552
93,0.465,7.319330756387233,6.796235577739815,7.11418082817004
94,0.47,7.56111604588296,7.0644482284294,7.416022225636424
95,0.475,7.765294522300197,7.303376800757276,7.678513338718423
96,0.48,7.924406980911876,7.50093233808782,7.888461800259233
97,0.485,8.03441291408786,7.652451884474125,8.039384919534598
98,0.49,8.094087482282083,7.758080549565604,8.12960004728704
99,0.495,8.104638479625896,7.8202863337281,8.160680540445863
100,0.5,8.069540488043627,7.842142114839284,8.136460852070538
101,0.505,7.994545369104275,7.8266590065520845,8.062539280707462
102,0.51,7.887798187955583,7.777044266909872,7.946157269971505
103,0.515,7.759949028576115,7.697468905849066,7.79632564145629
104,0.52,7.624100202858416,7.59391163778105,7.6240658693381
105,0.525,7.495381169594625,7.474797412205756,7.442611195890324
106,0.53,7.389944444665202,7.351275247785218,7.267369698681787
107,0.535,7.323290543061631,7.236998117052349,7.115418872326602
108,0.54,7.308097253381756,7.147232106800045,7.004318564601409
109,0.545,7.352074688622704,7.09715479437821,6.950145533728687
110,0.55,7.456572113139596,7.099420169820353,6.964923601098345
111,0.555,7.616496919215452,7.161484924950024,7.0540280062381555
112,0.56,7.821587110284707,7.2836089196159115,7.214475259951186
113,0.5650000000000001,8.05853134103888,7.458476423684123,7.434941986005237
114,0.5700000000000001,8.313206328937278,7.672795291602988,7.697746173763963
115,0.5750000000000001,8.572464152576272,7.910303868904749,7.982175664414534
116,0.58,8.825242181268578,8.155016077320388,8.268023062091244
117,0.585,9.063051365927144,8.393653936296689,8.538291782170244
118,0.59,9.280029217155452,8.616816542288992,8.780593018984295
119,0.595,9.472750118452392,8.81901407846403,8.987344984814708
120,0.6,9.639933514070668,8.997985002068914,9.155220652585175
121,0.605,9.782129029021377,9.153746115971304,9.28431379657638
122,0.61,9.90140878732232,9.28772293525061,9.377327466807841
123,0.615,10.001065797113162,9.402151861653003,9.438902815868495
124,0.62,10.0853013034185,9.499782819912285,9.475093188516539
125,0.625,10.15888076236742,9.58378859961269,9.492944192520088
126,0.63,10.2267457637619,9.65773920927692,9.500126824679628
127,0.635,10.293586055254414,9.725521034901714,9.504568145651472
128,0.64,10.363398227431134,9.79113703759187,9.514030396563957
129,0.645,10.439078976294445,9.858382987602166,9.535604150842572
130,0.65,10.52211237377578,9.930441223543074,9.575108656335939
131,0.655,10.612404885657282,10.009465053150677,9.636444392097262
132,0.66,10.708297737805951,10.09624159653158,9.721013167971908
133,0.665,10.806750823479526,10.190013590383046,9.827370356042245
134,0.67,10.903658544635384,10.288508749929669,9.95125630015568
135,0.675,10.994237774819393,10.388175379161336,10.08605940610373
136,0.68,11.073426658521148,10.484571886684783,10.22362928022182
137,0.685,11.136247143229014,10.572825130637572,10.355250485501777
138,0.6900000000000001,11.178105975604955,10.648069260349821,10.47256212134566
139,0.6950000000000001,11.195030265790791,10.70580032289432,10.568269156821634
140,0.7000000000000001,11.183849552113216,10.74211929147916,10.63658727253544
141,0.705,11.14234503371869,10.753872228593066,10.673440694699904
142,0.71,11.069388998941898,10.738720759690729,10.676476026150283
143,0.715,10.965094759767933,10.695185672481198,10.644970556800816
144,0.72,10.830990209575964,10.622703456548969,10.579707637910342
145,0.725,10.67021574223007,10.521724567146979,10.482872458742897
146,0.73,10.487727781203214,10.393867397122571,10.357999085275244
147,0.735,10.29046053759136,10.242125346268896,10.20997881545696
148,0.74,10.087361515266986,10.071104890436391,10.0451183388292
149,0.745,9.889179141358545,9.887246738525693,9.871208826414204
150,0.75,9.707865797577863,9.698946974194884,9.697531077183994
151,0.755,9.555502364425818,9.516453165794244,9.534680766534816
152,0.76,9.442783413281216,9.351378015037426,9.394068006985929
153,0.765,9.37731330558657,9.215686642726338,9.286960892851285
154,0.77,9.362158767209497,9.120123282903114,9.223047109120209
155,0.775,9.395134836474046,9.072275914114325,9.208700255707233
156,0.78,9.46908503305899,9.074771131803656,9.245397644097885
157,0.785,9.573045765745045,9.12426204136192,9.328878732678032
158,0.79,9.693881227578638,9.211711850532765,9.449478491748259
159,0.795,9.817903009913096,9.323973820994166,9.593616320467266
160,0.8,9.932132886105007,9.446111965348834,9.74593174546288
161,0.805,10.025089307536405,9.563664832885241,9.891360716095168
162,0.81,10.087152160471549,9.664237268992775,10.01662929830546
163,0.8150000000000001,10.110642082762652,9.738206658739173,10.111007151386266
164,0.8200000000000001,10.08975985534784,9.778678201839472,10.166457866208564
165,0.8250000000000001,10.020506427631306,9.780994668538884,10.177439526417537
166,0.8300000000000001,9.900673913534932,9.742123305256342,10.140586487995568
167,0.835,9.729975521496206,9.660172621968831,10.054427548948263
168,0.84,9.51036853158707,9.534187027286618,9.91922568575568
169,0.845,9.246610542414604,9.36426714269665,9.736981546368
170,0.85,8.94705685820934,9.151999151335652,9.511624595527934
171,0.855,8.624624638074378,8.901157059302381,9.249410067269359
172,0.86,8.297675416698185,8.618644611388536,8.9595290853312
173,0.865,7.990279758480749,8.31562019532018,8.654897161569968
174,0.87,7.731014160515772,8.008636439931184,8.35297284947562
175,0.875,7.549430259268565,7.720368518938395,8.076227538690846
176,0.88,7.470150556453382,7.479105179819907,7.851539128517666
177,0.885,7.506279240019835,7.315848103831677,7.707498361240139
178,0.89,7.65527092925142,7.25820124906968,7.66891521580031
179,0.895,7.8996834815239,7.321952876296485,7.749331644983318
180,0.9,8.212342773294187,7.503980292424099,7.944756548402557
181,0.905,8.562996468405045,7.781226659993972,8.23282519764313
182,0.91,8.923586258580947,8.117375568084897,8.57880444263999
183,0.915,9.271007415444144,8.47351524159591,8.945115619642866
184,0.92,9.58774657340643,8.817036594929842,9.299230900038715
185,0.925,9.861314660418826,9.125719854767826,9.617266241752198
186,0.93,10.083242489704968,9.38755262010508,9.883895789848305
187,0.935,10.24807961547964,9.598223404032208,10.090520925133934
188,0.94,10.352581906873189,9.757901352970599,10.233203312076869
189,0.945,10.395133091147796,9.868319256992477,10.311038573395333
190,0.95,10.375387514081222,9.930809438946596,10.325094713233769
191,0.955,10.294107173322896,9.945557661979281,10.277815244477564
192,0.96,10.153170307849733,9.911860262603547,10.172745549322121
193,0.965,9.955737352335415,9.828870957097525,10.014465527352714
194,0.97,9.70656431700027,9.696385049713198,9.808646119110927
195,0.975,9.41244578364696,9.5154703166702,9.562173836727403
196,0.98,9.08273965260478,9.288967262596266,9.283302842720737
197,0.985,8.729861667830383,9.021953988596227,8.981797899903887
198,0.99,8.369533914783647,8.722238055881801,8.669025992705182
199,0.995,8.020450157765094,8.400848258464535,8.357946846335423
200,1.0,7.702965367553243,8.0723704325392,8.062939718088618
201,1.005,7.436579986758365,7.7548111668455775,7.799351696430072
202,1.01,7.236496325370743,7.468531557840268,7.5825361864284995
203,1.015,7.11023996442418,7.233815199074,7.426069636371217
204,1.02,7.055739046422361,7.0670436163386,7.339052198099931
205,1.025,7.061802652824689,6.9763363063788635,7.32308281087502
206,1.03,7.110786353707207,6.958447680975835,7.370294940518246
207,1.035,7.182251553327564,6.998750042063401,7.463877783593617
208,1.04,7.256304791826005,7.074722596522917,7.581318476215008
209,1.045,7.315893599549698,7.161411329311213,7.699006479995084
210,1.05,7.348025373734241,7.236490831309044,7.796260507543683
211,1.055,7.344264871480965,7.283356483784759,7.857617030034605
212,1.06,7.300935065042362,7.292064037254912,7.873410778357332
213,1.065,7.219341168346235,7.258810869130308,7.839358983944493
214,1.07,7.106171042453538,7.184838307606661,7.755907878360182
215,1.075,6.974022770546693,7.075476923358982,7.6278377007488265
216,1.08,6.84174605094669,6.939799037966505,7.464326031101864
217,1.085,6.733959741861865,6.79100515730401,7.2794234987479625
218,1.09,6.6788753092704765,6.6472399416981105,7.092656436916916
219,1.095,6.703809234252043,6.53206195198597,6.929162385102197
220,1.1,6.828916925663561,6.47339614144582,6.818415709204182
221,1.105,7.061392328917537,6.499761747188815,6.790509584535892
222,1.11,7.393106230554728,6.633459527680969,6.869713596334288
223,1.115,7.803055103209299,6.882586675230348,7.066969952833948
224,1.12,8.26312191422182,7.236069341619759,7.3750736347808346
225,1.125,8.744149057505432,7.665519687096251,7.76995355399235
226,1.13,9.22013258669338,8.133526658127327,8.217735924827995
227,1.135,9.67005680533621,8.603659626391893,8.683411191907044
228,1.14,10.077995354728271,9.047367273016365,9.136862415422623
229,1.145,10.4323285114217,9.44623596109793,9.555006597276442
230,1.15,10.72469381340358,9.790811159744619,9.921300278529104
231,1.155,10.94899155766536,10.077787210852833,10.224324572498482
232,1.16,11.100562544120269,10.306881487358247,10.456467899429205
233,1.165,11.175550361236116,10.478231106567293,10.612990112818892
234,1.17,11.170419732858212,10.590811633782776,10.691382653652889
235,1.175,11.0815948570515,10.641955733976312,10.690871317870219
236,1.18,10.90518942373368,10.627622840558585,10.611968820995259
237,1.185,10.636816325595198,10.542910195360795,10.456046553589372
238,1.19,10.271491520988471,10.382447042272933,10.2249158621097
239,1.195,9.803693285385815,10.140566979434617,9.920407624974533
240,1.2,9.227729434790293,9.811325746466078,9.543943934708313
241,1.205,8.538752356839405,9.388503746814788,9.096123033307098
242,1.21,7.73514569487992,8.86577742492085,8.576410048752866
243,1.215,6.823747689887387,8.237347894502275,7.983190569864785
244,1.22,5.830532087561581,7.499577349059901,7.314770507687976
245,1.225,4.8198462547808125,6.654756880003842,6.572482075742483
246,1.23,3.919259335405716,5.7192288721498095,5.7680191769568765
247,1.235,3.321492907850914,4.739647670326354,4.938427277776816
248,1.24,3.205363969224968,3.8208459573390146,4.17180816700456
249,1.245,3.59656188644333,3.1556487853938293,3.635078855658417
250,1.25,4.342870016813602,3.000531283100579,3.553697975027485
251,1.255,5.242051942474415,3.507977279168135,4.06350832572218
252,1.26,6.146097133400241,4.522896373970723,5.029229930225024
253,1.265,6.974939788488318,5.6835388337506965,6.132486565767627
254,1.27,7.693184426065743,6.717285963917252,7.133965926114635
255,1.275,8.288469544419936,7.525290715616787,7.9490860666769425
256,1.28,8.758721964535887,8.103799905905177,8.576776400376644
257,1.285,9.105716043260069,8.482544015764589,9.039152671587743
258,1.29,9.332010365978787,8.706469214168777,9.357916484364598
259,1.295,9.439518027420776,8.82836568805493,9.548781698923584
260,1.3,9.428824904196016,8.891690606141538,9.621672949094375
261,1.305,9.29883061625038,8.911672014355082,9.58222486770563
262,1.31,9.046516945179064,8.875726806095436,9.433274888729876
263,1.315,8.66677306302297,8.761273415590606,9.175979894937258
264,1.32,8.15230643760204,8.548898597180148,8.810559566631065
265,1.325,7.493820446179834,8.22438338440755,8.336779670778284
266,1.33,6.680982716954778,7.776275189105248,7.754202591791213
267,1.335,5.705566895874271,7.193628058101831,7.062291725153214
268,1.34,4.570283186648921,6.465125760846246,6.260952204670369
269,1.345,3.311477584573747,5.580219581082143,5.352558577213406
270,1.35,2.04930221741073,4.534256341648802,4.346452781854517
271,1.355,1.0579282281580893,3.3431570005330347,3.268842520300688
272,1.36,0.7249576370982218,2.08058438644777,2.189963139730047
273,1.365,1.222207723655173,0.9566070844597094,1.2902992558793285
274,1.37,2.2921829045210345,0.40713052158236085,0.9426185500029809
275,1.375,3.554793947995574,0.9304202393626451,1.572633420446388
276,1.38,4.775879283873597,2.445690651658782,3.0920958869951276
277,1.385,5.861072122064299,4.208219639278496,4.823510191213153
278,1.39,6.785323878579924,5.67901758079421,6.277179108701067
279,1.395,7.550176143167445,6.759543116658862,7.367438836070774
280,1.4,8.165351941116532,7.503320857257089,8.15563956877492
281,1.405,8.641773302381248,7.974251903975375,8.711458071138882
282,1.41,8.989171618870513,8.238370217859835,9.084481210241467
283,1.415,9.215447092160144,8.38048388637431,9.307323728722825
284,1.42,9.326674840793288,8.48568282131381,9.40154580870421
285,1.425,9.327351401676674,8.592291539110855,9.38120498509598
286,1.43,9.220757350829288,8.677876898841902,9.25535846541233
287,1.435,9.009441617511047,8.702630000921562,9.030322871981546
288,1.44,8.695918491975362,8.641605443890356,8.711261110134474
289,1.445,8.283759247835038,8.484725366087307,8.303371925883141
290,1.45,7.779381948804223,8.229653219689474,7.813977685314404
291,1.455,7.194987085554222,7.87799134985783,7.255131678455731
292,1.46,6.5531375211891945,7.434710052253749,6.6450135284672855
293,1.465,5.893017892981538,6.909826971105581,6.009319795190653
294,1.47,5.276443294563162,6.322175809462273,5.3848307628399095
295,1.475,4.787247895235765,5.705476298712071,4.821540877947052
296,1.48,4.513741547489111,5.116078808990178,4.378748439936464
297,1.485,4.512303727223632,4.6382554485223055,4.120563298309944
298,1.49,4.775671533075602,4.375897679049478,4.113436405726949
299,1.495,5.237461281212244,4.416247110525575,4.406003080142238
300,1.5,5.808015822981979,4.773148211791149,4.9814131647414035
301,1.505,6.40780513464148,5.3612055530357985,5.7327458050602695
302,1.51,6.980607376135433,6.041030155841148,6.512885926252784
303,1.515,7.491929310372986,6.6912349853257584,7.211466692767331
304,1.52,7.922652693760448,7.241855935757264,7.78110310606972
305,1.525,8.263154036640207,7.6676751200525235,8.212148999162938
306,1.53,8.509225481202039,7.971235508773688,8.50877967726083
307,1.535,8.659597116942924,8.169819381821801,8.681813252498207
308,1.54,8.714578716483274,8.285438487612566,8.745089575487505
309,1.545,8.675444670917308,8.335770226037575,8.711442685893052
310,1.55,8.544350046490228,8.32851283803242,8.590340512412645
311,1.555,8.324707065786905,8.262091492645514,8.388899331098763
312,1.56,8.0220652681276,8.13079696327059,8.113789887779237
313,1.565,7.645625469949319,7.929769751958733,7.770976367930526
314,1.57,7.210541708845604,7.657804055168713,7.3667932084175
315,1.575,6.741002195080688,7.318835348563285,6.913312256761554
316,1.58,6.273459860997405,6.923522090604348,6.432906787152587
317,1.585,5.857990698323094,6.4917214406471615,5.957773462154418
318,1.59,5.553959417892223,6.055832851157602,5.528352027566136
319,1.595,5.4164812776115205,5.66369033636258,5.192903343515299
320,1.6,5.476459176046745,5.377441408010048,5.003638997743131
321,1.605,5.726555889710175,5.262676162670887,5.00732735950273
322,1.61,6.124834981595154,5.364754827534456,5.2311713073264805
323,1.615,6.612840480142507,5.6820959258582535,5.664786102686786
324,1.62,7.134122306161782,6.159269862044895,6.2502556048571245
325,1.625,7.644122799931549,6.710956222498986,6.900424962240365
326,1.63,8.111831195276576,7.25723413338815,7.533197666066759
327,1.635,8.517351663361678,7.744221165097834,8.092622206570523
328,1.64,8.848570880625308,8.145692772825464,8.550279886075552
329,1.645,9.098316444984569,8.455812734761363,8.896882752165089
330,1.65,9.26231402859917,8.680737243866815,9.133201365314502
331,1.655,9.3378376214166,8.831104075155991,9.26418464200086
332,1.66,9.322865520762168,8.915832416748348,9.296095214441472
333,1.665,9.215589593485712,8.938478946274945,9.235215804317647
334,1.67,9.014188091870716,8.897022263566047,9.087242848884515
335,1.675,8.71683999916176,8.786011084019146,8.857130267366497
336,1.68,8.32203718479031,8.598994396149653,8.549265054818347
337,1.685,7.8293598803088384,8.330042750457917,8.167815190684806
338,1.69,7.241051689875806,7.974448841028817,7.717269196176085
339,1.695,6.564988995762107,7.529237536455976,7.2033169267975286
340,1.7,5.819933158132821,6.99414605907925,6.634027630454148
341,1.705,5.043874285307872,6.373758418029378,6.0212765629466185
342,1.71,4.3043966182927695,5.681694281781659,5.383064837033798
343,1.715,3.703580129063406,4.948016494111006,4.748313730360621
344,1.72,3.360044649760146,4.230505562124812,4.165672526917535
345,1.725,3.356784211465753,3.6266212717358144,3.7144291521049713
346,1.73,3.687773780226573,3.2717234312909698,3.5048791326196804
347,1.735,4.262341504184624,3.295668154239033,3.642377882982289
348,1.74,4.961896328361964,3.7334782622930627,4.149862079885274
349,1.745,5.688483027838622,4.471427776669983,4.9206837707418405
350,1.75,6.378843223747878,5.315591760365617,5.779658117899102
351,1.755,6.998077167504045,6.107897985765794,6.586013057835951
352,1.76,7.52930398074822,6.769440288841294,7.270819537487085
353,1.765,7.965698691526665,7.280061409804583,7.816220901600353
354,1.77,8.305557902343637,7.651005425274281,8.227354023850147
355,1.775,8.54951834556014,7.909186279824064,8.516059593870287
356,1.78,8.699065029909283,8.086272274269426,8.694168791104994
357,1.785,8.755762273808847,8.207041986170015,8.771476100593947
358,1.79,8.720883908638024,8.281195689589303,8.755610090395546
359,1.795,8.595273071378474,8.304644128356298,8.652580228344796
360,1.8,8.37935542527393,8.267376974757658,8.467500052662569
361,1.805,8.073291869442285,8.15996212139769,8.205339386360551
362,1.81,7.677310050601247,7.9757654906691355,7.871641674519005
363,1.815,7.192316042592718,7.710709886507135,7.473042883727398
364,1.82,6.620974195345742,7.362576002232288,7.017472959955325
365,1.825,5.969563265944043,6.9307107269029,6.5142033787343445
366,1.83,5.251044103811951,6.416412144738636,5.973969977577861
367,1.835,4.489755033563053,5.8241862267695,5.4090535422034876
368,1.84,3.727498806380797,5.164214240260576,4.833315243512788
369,1.845,3.0285037140463364,4.456524724411803,4.263454763297972
370,1.85,2.476300980654933,3.737200787580745,3.723621715582225
371,1.855,2.1531873368575143,3.0656268504167166,3.2533072260424247
372,1.86,2.1042497612798274,2.527766054444148,2.9129455396415134
373,1.865,2.3118267015168046,2.2237745754145406,2.7757296080529894
374,1.87,2.706222767395908,2.228285359321315,2.8954793197116517
375,1.875,3.2013221362424837,2.537910634082869,3.263006231322609
376,1.88,3.7237497766314114,3.057890227506787,3.794954070622408
377,1.885,4.222931689131645,3.653634669228415,4.377047079716362
378,1.89,4.6686832930470406,4.21556950917745,4.918133677903909
379,1.895,5.045194873947146,4.683844735217189,5.369778389448955
380,1.9,5.345735217719807,5.0394517070179825,5.716684923758351
381,1.905,5.569073178593386,5.2885407564643305,5.960973632577965
382,1.91,5.717381716219549,5.450543466923987,6.111260805238487
383,1.915,5.79517705372621,5.548641507506789,6.1773620070465505
384,1.92,5.808936759074747,5.6014285619862045,6.1685741861624095
385,1.925,5.767158913028761,5.618541039189038,6.093628372121555
386,1.93,5.680694585139313,5.6023692764674236,5.961432418615097
387,1.935,5.563192911492532,5.553261672069883,5.782429379036752
388,1.94,5.431442439119447,5.4739832661030405,5.570066669113535
389,1.945,5.305291575013604,5.371855128670955,5.341510519188844
390,1.95,5.206747909176258,5.259248591083193,5.117354079576263
391,1.955,5.157924665485315,5.15322094615588,4.920764104214526
392,1.96,5.177880004285012,5.074398495941631,4.776316938384201
393,1.965,5.279072699325868,5.044769053996338,4.7082828614161585
394,1.97,5.464747697758016,5.084139884036981,4.737826492929604
395,1.975,5.728459394940316,5.205705956922491,4.878639318635241
396,1.98,6.055974778395315,5.412180881631912,5.13186051148536
397,1.985,6.428643616095097,5.694433425308292,5.483323533452861
398,1.99,6.826852448508417,6.033691951409091,5.905673001685382
399,1.995,7.232561304636277,6.406447312334877,6.364390773380027
400,2.0,7.630632188701164,6.789786859964923,6.824798654983556
401,2.005,8.009169186758141,7.16513958793064,7.257891500009951
402,2.01,8.359258505011798,7.519730005072654,7.643773755283365
403,2.015,8.674443579044219,7.846165146459882,7.9719794488044755
404,2.02,8.950148277627926,8.140983458567904,8.239240000841399
405,2.025,9.18315452430912,8.402920913283541,8.446624387579348
406,2.03,9.37117229738469,8.631433941873492,8.597566660235486
407,2.035,9.512504388611069,8.825770890570123,8.696795272182857
408,2.04,9.605793554013554,8.98462192861134,8.749600573827882
409,2.045,9.649836056086093,9.10617384029735,8.761240543167428
410,2.05,9.643447094229314,9.18833008548986,8.736563684780608
411,2.055,9.585367176376796,9.228917287813964,8.679829738491751
412,2.06,9.47420284822771,9.225803356555193,8.59461203153914
413,2.065,9.308400189390431,9.176929229105241,8.483789323434861
414,2.07,9.0862556335613,9.080288114737327,8.349632423615759
415,2.075,8.805977128891078,8.933888778561723,8.193716489292509
416,2.08,8.465821361696996,8.735732544222756,8.016371327079506
417,2.085,8.064352729805952,8.483829136963958,7.815846885754393
418,2.09,7.600901246211347,8.176279220788862,7.587754595557227
419,2.095,7.076344378737112,7.811463900515893,7.325292571105359
420,2.1,6.494402957842454,7.388406401859992,7.020510868918327
421,2.105,5.863705602081758,6.907413010788723,6.666472989336674
422,2.11,5.200860412161696,6.371163542187581,6.2596917856581005
423,2.115,4.534449697770494,5.786502199707458,5.802341289731382
424,2.12,3.908777005478006,5.1672384992816935,5.30461226680503
425,2.125,3.3839582179423475,4.53816020656562,4.787956715041067
426,2.13,3.0267834612610827,3.939802034455856,4.289080264121194
427,2.135,2.8896181840035737,3.43161150551066,3.862556603254003
428,2.14,2.986494365859188,3.087713128408587,3.576877953362445
429,2.145,3.285258436430458,2.9774747708764133,3.496986554896181
430,2.15,3.7231689168594135,3.131437381116796,3.65370743421699
431,2.155,4.231749239000434,3.5148318264808394,4.01976673753387
432,2.16,4.753817148352489,4.038143215786012,4.518638755607882
433,2.165,5.248617697325509,4.599667902364901,5.061871606856423
434,2.17,5.689816119558331,5.1223220371503855,5.581318452595199
435,2.1750000000000003,6.061377351050529,5.5639295217293325,6.037556656747725
436,2.18,6.353814392486516,5.910268103449721,6.412718371163892
437,2.185,6.5614624166976485,6.164649883301724,6.700737190774339
438,2.19,6.68069080589771,6.338841297585315,6.900564883580403
439,2.195,6.708797710502637,6.4452414950956705,7.012624714530432
440,2.2,6.643369383217267,6.491028546446774,7.037359456677592
441,2.205,6.48197202825183,6.476097602413292,6.974893297746969
442,2.21,6.222134768099191,6.394845684076396,6.825213587607301
443,2.215,5.861684134519828,6.239414852356583,6.588556386318208
444,2.22,5.399631521114129,6.002130482295943,6.265853098055276
445,2.225,4.838039708045174,5.676694216047022,5.85922245480973
446,2.23,4.185645140313231,5.258870098094613,5.372629845172509
447,2.235,3.464419372619472,4.747612089370397,4.813016412934201
448,2.24,2.720105594594488,4.147592759257398,4.192427567814523
449,2.245,2.034862450815297,3.4743531158315153,3.5319947506158007
450,2.25,1.5305050000613074,2.7636497395424295,2.8690812163269706
451,2.255,1.3382925867872104,2.085778781226758,2.268624510732844
452,2.26,1.5287464353974485,1.559770281190719,1.8349351927348403
453,2.265,2.060300667860114,1.3455326830128311,1.7051080623699897
454,2.27,2.8104477229149505,1.5766838578916613,1.9907238883494687
455,2.275,3.649310046479485,2.247176860888283,2.6786500663949746
456,2.28,4.482641678627738,3.1814736511731434,3.6057683762649737
457,2.285,5.255277575292246,4.156962501026387,4.568956163731056
458,2.29,5.939319784946461,5.026749626545364,5.435200921643435
459,2.295,6.522534690256634,5.733721243742455,6.153447888402011
460,2.3000000000000003,7.000696026648962,6.273807393290102,6.71853471794295
461,2.305,7.373211941472995,6.668418858260597,7.141781987117209
462,2.31,7.640775534654683,6.951190637754717,7.437252719903986
463,2.315,7.804129850809654,7.156612598370908,7.617119276464177
464,2.32,7.863414918986432,7.307015061622896,7.690701895119002
465,2.325,7.817809668892859,7.405920781774583,7.664748021557755
466,2.33,7.665323500629599,7.443218358053507,7.544074675275127
467,2.335,7.402677717076821,7.405007230530904,7.3322500219622455
468,2.34,7.025283964212358,7.279266849194753,7.032233765175995
469,2.345,6.527412090985241,7.056651641713161,6.646971262307257
470,2.35,5.902798624512977,6.729395284976243,6.179824083909526
471,2.355,5.146288157549953,6.290233410363495,5.634698556870177
472,2.36,4.257843657029151,5.731993755561123,5.01600142979421
473,2.365,3.251758927448866,5.0482247541459815,4.328688339581106
474,2.37,2.1760946773491483,4.235684150940253,3.5786893181947077
475,2.375,1.146260108040677,3.3007009945689743,2.775447628970386
476,2.38,0.3743715438651477,2.273732503935718,1.942146695278506
477,2.385,0.1152576399901272,1.2393172470536462,1.142437600088964
478,2.39,0.4758298533400069,0.3838828968952699,0.5259385347792689
479,2.395,1.3043377939592635,0.018758218538254212,0.35246941005066823
480,2.4,2.342377593969336,0.4342348044783888,0.8657946839784119
481,2.405,3.3961782573446664,1.5612740956208802,1.9959963931843023
482,2.41,4.366092405216605,2.9492886887384473,3.3409494688959382
483,2.415,5.212476462224749,4.204342919717164,4.554784215921307
484,2.42,5.924635309687867,5.187235966842213,5.522070973802961
485,2.4250000000000003,6.503821080876461,5.898183733031474,6.2525641911434535
486,2.43,6.95534997996034,6.3758239764843125,6.785505170239811
487,2.435,7.285220435601813,6.6719691136380055,7.156516600415642
488,2.44,7.498764701278341,6.850684154036768,7.391501339998147
489,2.445,7.6001941346792865,6.9730154944455744,7.5076374937392405
490,2.45,7.592544758862795,7.0690881747784315,7.515733876540594
491,2.455,7.477830730606071,7.129774918877633,7.4225632516258
492,2.46,7.257365130928132,7.1294533642704145,7.232620047428995
493,2.465,6.932308165974023,7.047646630291744,6.949643136948563
494,2.47,6.504605893078751,6.873301450751262,6.578450317600966
495,2.475,5.978623069969494,6.601730717583556,6.126524649900266
496,2.48,5.3639647281799485,6.23204899969669,5.604451132806565
497,2.485,4.680149121337694,5.7666535547091415,5.025860967970861
498,2.49,3.963566988357712,5.212682247514866,4.408918621278557
499,2.495,3.2754458406637705,4.585636148870974,3.780102576843527
500,2.5,2.704611373229639,3.9157132823535816,3.1783759647114533
501,2.505,2.352234244518515,3.256872519136163,2.6579606836963343
502,2.51,2.291073465465129,2.695391619998638,2.2905057810024223
503,2.515,2.5227451086630066,2.346378877714126,2.162241374219425
504,2.52,2.97631027392363,2.3184703149379007,2.347794989752786
505,2.525,3.549788905759673,2.645385854699619,2.8530904639095898
506,2.53,4.151911761529615,3.2417682940486046,3.5784246522396432
507,2.535,4.718636791433571,3.947988662377604,4.364792656956901
508,2.54,5.210909137928361,4.620455415366188,5.081274061655488
509,2.545,5.606672304109836,5.176661502365187,5.662869489756247
510,2.5500000000000003,5.893685368582223,5.586907770613115,6.091896015085759
511,2.555,6.064577404653243,5.852747210927118,6.371168459164643
512,2.56,6.113718748618214,5.991730247749351,6.510470715406591
513,2.565,6.035202901926801,6.026515829759018,6.520720957269418
514,2.57,5.821365950924026,5.974352988980069,6.4104445049235395
515,2.575,5.461412510876221,5.83936659897701,6.183907773834675
516,2.58,4.939763012491437,5.611994282414619,5.8411237961038545
517,2.585,4.233646289468939,5.273937689175345,5.378203092685704
518,2.59,3.30914877623528,4.80254808802744,4.786454355654794
519,2.595,2.114153103652371,4.171340850088235,4.051459755729135
520,2.6,0.5646666312692812,3.346943694222671,3.1527232622695727
521,2.605,-1.4840046471780886,2.2829357610791385,2.060214219358965
522,2.61,-4.302490401870955,0.9090060452551834,0.7234299389628696
523,2.615,-8.405526657977033,-0.8898668931641245,-0.9501153918800256
524,2.62,-13.440071100843738,-3.3180252979804354,-3.137459168816264
525,2.625,-10.91869003924037,-6.77208950643624,-6.19481774591711
526,2.63,-6.042297540748283,-12.01279887798527,-10.812170101406346
527,2.635,-2.700807305316801,-17.726596245726846,-15.842287907216027
528,2.64,-0.3379879976969719,-6.685358015391255,-5.967675203887907
529,2.645,1.4171349366720865,0.9703419898424497,0.9897835967869324
530,2.65,2.7561397997992247,2.982067614365647,2.9656675229007226
531,2.655,3.785437583121437,4.239518610126007,4.260107712704138
532,2.66,4.568375230854476,5.0172133596275295,5.1200315472950555
533,2.665,5.144342776524207,5.490828693943562,5.741244938369705
534,2.67,5.538127975740482,5.3640377316804875,6.170935201510492
535,2.6750000000000003,5.764770791555752,4.83562204213723,6.435294201434031
536,2.68,5.83212432823589,4.304870830108615,6.54735120994987
537,2.685,5.742102070825579,4.571146558215115,6.507510911149891
538,2.69,5.4910434521558535,4.982758777599162,6.312573135138158
539,2.695,5.06934645539578,5.117382601040912,5.961470435578736
540,2.7,4.460336488645084,5.025851050813342,5.448572879413653
541,2.705,3.638217573487302,4.735213341610191,4.764651428467331
542,2.71,2.5649899809233965,4.248188247034402,3.897242336691229
543,2.715,1.18713209580763,3.5511781257397406,2.8420878467892665
544,2.72,-0.561544841027316,2.6156865513732255,1.592538958426096
545,2.725,-2.713847708008972,1.396222048510253,0.1063798881982434
546,2.73,-5.001211669988362,-0.17210071290654572,-1.6796792860465235
547,2.735,-6.097612198263147,-2.163280228537211,-3.753394050110087
548,2.74,-4.699678381799879,-4.567545286157879,-5.925003197524967
549,2.745,-2.214163520287576,-6.78614882641434,-7.623892722995041
550,2.75,0.1050748827663565,-6.360148357836069,-6.795495885979477
551,2.755,2.023564235337267,-2.0490232889462394,-2.4891625283043277
552,2.76,3.581035849558881,1.7791267626985499,1.5170904274807455
553,2.765,4.845376436108737,3.998352218384025,4.084158126576125
554,2.77,5.871475605366455,5.379013452199703,5.740201863557422
555,2.775,6.699274634504576,6.271731903635924,6.6446210223533235
556,2.78,7.357303727411462,6.787910229882122,7.228956292879219
557,2.785,7.865937235796157,6.965376449041509,7.691771049970147
558,2.79,8.23971087440523,6.965727185559655,7.9698935558523285
559,2.795,8.488884802885382,7.039609968014175,8.076576819472988
560,2.8000000000000003,8.6204948909885,7.325844290224415,8.04534875714678
561,2.805,8.63907709617228,7.654504462560507,7.9186420009775365
562,2.81,8.547200329157416,7.885782681646251,7.712554781800183
563,2.815,8.345921098364634,7.992797847215771,7.3978069030495615
564,2.82,8.03528366262224,7.978333450952191,6.987360427203417
565,2.825,7.6150437669637725,7.847848708568078,6.525311108023114
566,2.83,7.085918157292209,7.605086209214413,5.987624947409589
567,2.835,6.451899183343082,7.25222502281637,5.3305635161321785
568,2.84,5.724559340486353,6.7910992587158425,4.583189224599859
569,2.845,4.930677766954931,6.225258990298007,3.8515874935484913
570,2.85,4.1240861678007725,5.563567380723532,3.194335817145859
571,2.855,3.398500989131162,4.826655177627808,2.707954436621142
572,2.86,2.886141796487124,4.057969289957514,2.4223057788091302
573,2.865,2.7159866391129905,3.339775461985219,2.316618741291055
574,2.87,2.9368429827621023,2.8063523187690564,2.288523793655807
575,2.875,3.4803740983578613,2.6263254195889654,2.529777089352319
576,2.88,4.212033019442234,2.9166214570069213,3.16418171330095
577,2.885,5.00544451517086,3.627802124099645,4.040570287683529
578,2.89,5.775302333068964,4.551715069588151,4.961087860020156
579,2.895,6.474288558565879,5.4698247805295,5.822192707647244
580,2.9,7.079779318337055,6.256718485035819,6.556311866150601
581,2.905,7.582767546924566,6.8722368284904585,7.122950825828097
582,2.91,7.980991759561133,7.321635083721063,7.528139811779191
583,2.915,8.275144103713355,7.63168396388674,7.799458868731719
584,2.92,8.466888400675534,7.839012969732469,7.965061967132819
585,2.9250000000000003,8.557856344471867,7.978003324901536,8.038783829603299
586,2.93,8.549156472064098,8.067912382024987,8.024796732606388
587,2.935,8.441155825346863,8.10885016683925,7.933551486441822
588,2.94,8.233424533369021,8.089506631731066,7.771056538049206
589,2.945,7.924816573456173,7.99703623698597,7.525623196810007
590,2.95,7.513731713140493,7.821578529181835,7.189590064380695
591,2.955,6.998696652411781,7.556417857288423,6.780376781719903
592,2.96,6.379558228543633,7.1969269046259345,6.324418421072812
593,2.965,5.65985415308919,6.739887714637637,5.835398161977846
594,2.97,4.851364110373783,6.183689504762077,5.323883018119645
595,2.975,3.982310909403796,5.529752971531643,4.788569589431608
596,2.98,3.1101929810885043,4.78589488208444,4.209910911865448
597,2.985,2.3354768288742385,3.972988246690951,3.577317162316648
598,2.99,1.79870033591648,3.1367827892781137,2.9474635174289543
599,2.995,1.632309540278797,2.3652219879710827,2.4082823997327805
600,3.0,1.8776728951533213,1.8022543010628946,2.0702935944086898
601,3.005,2.453445197882957,1.6259936348393067,2.074565564399416
602,3.01,3.217513659315543,1.9509349985579267,2.510150918741529
603,3.015,4.043950213925688,2.7077128096886978,3.3072589236910765
604,3.02,4.851950386233516,3.668517109385543,4.262467164194765
605,3.025,5.59946301088787,4.612706273595722,5.18490262388333
606,3.03,6.268786468463434,5.424036617823261,5.978885229011743
607,3.035,6.855473651167583,6.071865634768448,6.623351296352597
608,3.04,7.361722320299443,6.568608660542455,7.130181608011375
609,3.045,7.79283566721769,6.947039454864619,7.51999306816797
610,3.0500000000000003,8.15542433674057,7.249300173090854,7.812534420993188
611,3.055,8.456520517204103,7.514237143579585,8.023983845351905
612,3.06,8.703146868793093,7.764230299126231,8.16710353738009
613,3.065,8.902099469992695,8.002305194818764,8.252268245526999
614,3.0700000000000003,9.059820541192996,8.221314885144224,8.288471358155867
615,3.075,9.182298993064794,8.414077495842239,8.28448622682118
616,3.08,9.27497148609473,8.577339343569994,8.250281606019083
617,3.085,9.342617438776234,8.711385040685997,8.1977770119652
618,3.09,9.389254624337903,8.818544101217244,8.140195581895785
619,3.095,9.418049974823392,8.901951105082023,8.090667067603622
620,3.1,9.431263414347224,8.964748342715914,8.061121699509213
621,3.105,9.430241021822392,9.009617395136026,8.0614873273749
622,3.11,9.41546822158858,9.038527037133107,8.098468754448913
623,3.115,9.386685641710969,9.052631895254297,8.173601615513508
624,3.12,9.34306207903909,9.052287206693748,8.281387749261576
625,3.125,9.28341290167902,9.037156853907543,8.409048458606932
626,3.13,9.206449535138676,9.006392941438541,8.538479666351746
627,3.135,9.111046400429622,8.958863395720472,8.649225632866388
628,3.14,8.996514518622751,8.893404353245938,8.722057695298247
629,3.145,8.862873874776794,8.809078174204615,8.743513665397268
630,3.15,8.711117172029304,8.705424787086997,8.709210162043371
631,3.155,8.54345357851086,8.582701095156251,8.622881940609055
632,3.16,8.36351082657864,8.442107220997842,8.49235833479365
633,3.165,8.176457291541956,8.285996639509918,8.326813833308613
634,3.17,7.988985148383133,8.11805778480274,8.136428131263784
635,3.1750000000000003,7.809079372154496,7.943436845069591,7.932506417806113
636,3.18,7.64550008685722,7.768746933780342,7.727010659876313
637,3.185,7.506946440334731,7.6018840893826685,7.531882878039934
638,3.19,7.400959785105236,7.451559655093758,7.358548837086192
639,3.1950000000000003,7.332746152924409,7.326483738451932,7.217293464773642
640,3.2,7.304197693026778,7.2342181368644685,7.116291806368743
641,3.205,7.313396955441592,7.1798605820829575,7.060879006127237
642,3.21,7.354761859485517,7.164878002816815,7.0533882853901595
643,3.215,7.419781532674453,7.186476431324566,7.092880821540084
644,3.22,7.498113221768953,7.237786878156692,7.174368670426876
645,3.225,7.578746608736077,7.308868020622169,7.288269966260158
646,3.23,7.651000990388168,7.388220034380673,7.420836030961089
647,3.235,7.7052421944793,7.464348680134309,7.5556707527653195
648,3.24,7.733320063515849,7.526985125439858,7.676357713688828
649,3.245,7.728797009863424,7.567775916371932,7.769488626715564
650,3.25,7.687062430297596,7.58047326228356,7.826191605829128
651,3.255,7.605422823615131,7.5607912626236455,7.841393560101687
652,3.26,7.48323945084323,7.506135497025765,7.812524651930551
653,3.265,7.322162509285544,7.41538764295567,7.739002325938319
654,3.27,7.126481992712503,7.288865887502414,7.622222996521197
655,3.275,6.903571652059618,7.128512854407834,7.465675029282231
656,3.28,6.664329895725509,6.938303170398286,7.275162226089904
657,3.285,6.423410351124965,6.724814522051711,7.05914800232898
658,3.29,6.198901692211467,6.4978521515675585,6.8291405889987
659,3.295,6.01103988814454,6.270929849317326,6.59995006690404
660,3.3000000000000003,5.879673569359666,6.061276458291774,6.3895266319496855
661,3.305,5.82070219432055,5.888896314574359,6.217963715081876
662,3.31,5.8424623358788335,5.774210434914108,6.105249954858042
663,3.315,5.94351953213495,5.734184919984555,6.067694758554185
664,3.3200000000000003,6.112925529510189,5.77774761421544,6.1137495818533525
665,3.325,6.332805739250094,5.902320054630842,6.240858794318633
666,3.33,6.582053809740039,6.09345466732405,6.435115671983631
667,3.335,6.83971726211624,6.328179937988497,6.674259417387275
668,3.34,7.087253771011102,6.580552946718111,6.932671693869274
669,3.345,7.309571597471658,6.826905178553382,7.186131328825361
670,3.35,7.495190463112726,7.049024917712257,7.414781124232144
671,3.355,7.635940355358204,7.234993932436991,7.604106498739601
672,3.36,7.726520569609204,7.378358285095464,7.744588363641256
673,3.365,7.764113605220877,7.476523904914885,7.830816462936151
674,3.37,7.748151538565869,7.5291088418103636,7.86059077428588
675,3.375,7.680274011935978,7.536747163240188,7.834250930771488
676,3.38,7.564482369381683,7.500577858238307,7.754292581225321
677,3.385,7.407463633588243,7.422388034578832,7.625249076061536
678,3.39,7.219010534514046,7.305201788802437,7.45379143059219
679,3.395,7.012382262820248,7.154071745302159,7.248989382174305
680,3.4,6.804332205472303,6.976885015550205,7.022653859526725
681,3.405,6.614412663732603,6.78502916027942,6.7896263403951735
682,3.41,6.463166131391628,6.593705991246117,6.567782522529954
683,3.415,6.3690983129523335,6.421542135207893,6.3773932999985155
684,3.42,6.344968501689915,6.289030581413549,6.239416641370554
685,3.4250000000000003,6.394640427895566,6.215458500782575,6.172450516022937
686,3.43,6.511878393206635,6.2145695807069306,6.18864474382481
687,3.435,6.681669945876472,6.2902283259510945,6.289780533965151
688,3.44,6.883397940043877,6.434118038226941,6.4653660658363235
689,3.4450000000000003,7.094449082443612,6.627003753831513,6.6940882146039575
690,3.45,7.293053175695213,6.843223799699659,6.948245329041525
691,3.455,7.459868537424356,7.056278623887641,7.19916382025718
692,3.46,7.578444086750799,7.243182602859767,7.421435165700807
693,3.465,7.634943583146208,7.386471536597616,7.594963860166023
694,3.47,7.617498647247548,7.474084584966186,7.705082195658451
695,3.475,7.5154343820476015,7.497939684840489,7.741556799155678
696,3.48,7.31849393279359,7.452020196859046,7.6972369623536
697,3.485,7.01611600710457,7.330579986155648,7.566774109497555
698,3.49,6.5968011129931,7.126826582712752,7.345561512386274
699,3.495,6.0476542387117815,6.832176498173727,7.028891935521008
700,3.5,5.354379349807847,6.435955683606725,6.611286945667622
701,3.505,4.502524728552953,5.9253532949149585,6.085980279766596
702,3.51,3.48218793617985,5.285593467149255,5.444648730288519
703,3.515,2.302009915349431,4.500717943525693,4.677778275090057
704,3.52,1.025890330525371,3.556331938408453,3.7768363964869245
705,3.525,-0.1506980302261554,2.4480415742699724,2.7415190752309377
706,3.53,-0.8356835430667907,1.20524712813947,1.6006714326979514
707,3.535,-0.6419629206587268,-0.04833617035140225,0.46602029970438963
708,3.54,0.3639335570706231,-0.9774392294557748,-0.36317322871454305
709,3.545,1.751271134403676,-0.9858749845787829,-0.3549431380820165
710,3.5500000000000003,3.1721632622557068,0.2909553010619348,0.8188965289088985
711,3.555,4.4709208991424685,2.2730236731673332,2.6470946092043954
712,3.56,5.60133888794272,4.109560843227103,4.373708567543019
713,3.565,6.5602089043627965,5.5128451461560655,5.741086182870276
714,3.5700000000000003,7.357723687970185,6.519723303398147,6.7838639977637705
715,3.575,8.006456409894069,7.208597245945116,7.577725841146284
716,3.58,8.517649518147662,7.645720667570434,8.178268484407893
717,3.585,8.90015100259886,7.9104181983400075,8.619627676107356
718,3.59,9.160240557007542,8.101120271941085,8.921739473122962
719,3.595,9.301694681408666,8.291733511833732,9.09593744180403
720,3.6,9.325845357821525,8.483850180204342,9.148673951562497
721,3.605,9.23152910531434,8.63106535200939,9.08389630116881
722,3.61,9.014862179924828,8.693756802607096,8.904307195394424
723,3.615,8.668768093269074,8.651582472454857,8.612140682902261
724,3.62,8.182136675319056,8.494177238262841,8.209838752493507
725,3.625,7.53839377788287,8.213419661376825,7.70024653015142
726,3.63,6.713054886717663,7.799431060407697,7.085693285460072
727,3.635,5.669387698020847,7.2381316167044165,6.3668868326031625
728,3.64,4.350243363023656,6.508802401803143,5.543280401456153
729,3.645,2.66128270104171,5.580509970837529,4.611440115962474
730,3.65,0.432099524483607,4.4058698049920055,3.552118719682197
731,3.655,-2.6909839271894875,2.9090411541861827,2.3039590009957363
732,3.66,-7.6246798952394945,0.9602110208747536,0.7334640124626635
733,3.665,-16.571273957703244,-1.6860774775098717,-1.4106003730737262
734,3.67,-10.687630134681427,-5.569515043462589,-4.645577672237335
735,3.675,-4.577622944592903,-12.191488300133654,-10.35086201556372
736,3.68,-1.0538491711402678,-25.089961288495637,-21.725752292797587
737,3.685,1.321261066181206,-2.729262583657902,-1.8660620492348983
738,3.69,3.04420057630042,3.795104906940068,4.013214045266022
739,3.695,4.335829560855864,5.112269700181986,5.247075859725655
740,3.7,5.311718419330646,6.0916980343794105,6.14962838547445
741,3.705,6.038601363527707,6.726871437515746,6.737135603856822
742,3.71,6.55722178542576,7.208891341044096,7.155457343508403
743,3.715,6.892892060144124,6.8092438400209225,7.429810438108527
744,3.72,7.060799523980834,5.978670469352388,7.577623065898442
745,3.725,7.06875717978506,5.020745981844387,7.607034071362124
746,3.73,6.918540568010814,5.6129208619233975,7.507949449051235
747,3.735,6.606306146047299,6.108647983582758,7.269462478440792
748,3.74,6.12227493301712,6.2131134375806845,6.885245971019064
749,3.745,5.449689933810494,6.072147059457345,6.340786028813104
750,3.75,4.562976799518573,5.7261720994800145,5.624899051606406
751,3.755,3.425223892045897,5.180920647618554,4.723775959403957
752,3.76,1.9865057010539844,4.423826213209831,3.6431160761049535
753,3.765,0.1918774994300602,3.4273318585361388,2.3871429773695794
754,3.77,-1.9566441847532967,2.1481291069282222,0.8961185715655988
755,3.775,-4.105510501762594,0.5276635995925814,-0.9330687479509461
756,3.78,-4.949802652686474,-1.48871046198684,-3.0704042622200536
757,3.785,-3.570666648837473,-3.831522724262527,-5.155422854049474
758,3.79,-1.2961510142872577,-5.764602914437408,-6.5008313980452765
759,3.795,0.8242802894488844,-4.9675934388765395,-5.232813508608295
760,3.8,2.5777306140075584,-0.9760882967768572,-1.2098918666229475
761,3.805,3.990238810664104,2.424102297774951,2.533050730074798
762,3.81,5.118563297353832,4.439619314592936,4.9952016333539735
763,3.815,6.01051036112895,5.681888661544499,6.595564795131187
764,3.82,6.701257971189422,6.451043212861643,7.228496847318849
765,3.825,7.21570944445201,6.844927641660263,7.65202659297919
766,3.83,7.571075674751013,6.9155722456377795,8.013701533887675
767,3.835,7.778794201293153,6.826524731952816,8.141959794577016
768,3.84,7.845832713566282,6.806987617026145,8.086936946827814
769,3.845,7.775559652944586,6.95218624032907,7.875680432836216
770,3.85,7.568362524803531,7.1025062797631575,7.573914377188866
771,3.855,7.22221077025369,7.137991604942526,7.196330982753077
772,3.86,6.733461822663212,7.030647526399042,6.673299876056656
773,3.865,6.098495300840313,6.777674290736972,6.030133381901042
774,3.87,5.317441177055216,6.378818655601212,5.3451823101450175
775,3.875,4.402719618572074,5.832870039880807,4.554855190533556
776,3.88,3.3974984874750684,5.139611698336749,3.578520761890307
777,3.885,2.4094427489027384,4.305896262243116,2.4651553351523874
778,3.89,1.6465291835478166,3.3594116322573884,1.4089883925712052
779,3.895,1.3787005623967044,2.3775677764203405,0.4702309318656326
780,3.9,1.74691424531355,1.5369021402398357,-0.08285558733503695
781,3.905,2.6172763274888493,1.1494417422600511,-0.003070712303688161
782,3.91,3.721010778578736,1.5422210569133004,0.9544286674833926
783,3.915,4.84833752399949,2.701106453532598,2.384387299938704
784,3.92,5.890311371838685,4.17584886095853,4.075004186397569
785,3.925,6.80364003490315,5.531098466587208,5.6856281381628735
786,3.93,7.576593469080949,6.603952014653826,6.912648250948106
787,3.935,8.210257799404529,7.39073434611365,7.7691823615750275
788,3.94,8.709884705674945,7.9309612795030375,8.371337058240211
789,3.945,9.081174496888902,8.27655728487361,8.784177094888294
790,3.95,9.32873476406582,8.492258314294423,9.027574038730586
791,3.955,9.455438995557516,8.642520010467026,9.12273075475289
792,3.96,9.462112915324346,8.762056053171861,9.093607029801424
793,3.965,9.34728137057962,8.842957058618127,8.959442830237059
794,3.97,9.106829341255322,8.85651061799611,8.726369953360733
795,3.975,8.73346183017945,8.777365686808729,8.394442383065444
796,3.98,8.215822130713192,8.588691256414199,7.969669990962682
797,3.985,7.537043081744211,8.278105655015754,7.452452922330211
798,3.99,6.67232122303674,7.833276759454453,6.828078081735567
799,3.995,5.584710614449838,7.238678854946115,6.085879001704948
800,4.0,4.217457896674111,6.472651904417858,5.233221714259465
801,4.005,2.479145961405905,5.503616436219999,4.276185641391271
802,4.01,0.2130806239321073,4.283947118506981,3.195500037188176
803,4.015,-2.864629284365826,2.738795657754455,1.9353932316618092
804,4.0200000000000005,-7.176781035789354,0.7439540173731389,0.36663930419426016
805,4.025,-10.916388441928934,-1.9208342357373143,-1.7604911142208612
806,4.03,-7.499443526090308,-5.665757862222639,-4.865472247666521
807,4.035,-3.3635301365814025,-11.045507346891817,-9.456971498226315
808,4.04,-0.4724797534861111,-13.832564566437137,-11.793941353192414
809,4.045,1.592344279744588,-2.3544039791517513,-1.4930037389669844
810,4.05,3.11679036532126,2.7957316199304056,3.2078219087944406
811,4.055,4.257304176751971,4.616117452743705,4.928115195251229
812,4.0600000000000005,5.103598753332973,5.657645186100121,5.9339609509983795
813,4.065,5.7096737120964525,6.275368429289665,6.563764023919717
814,4.07,6.108725938053604,6.531304670844094,6.967177709224016
815,4.075,6.320662511545018,6.202834089359822,7.194952438748415
816,4.08,6.35598965051404,5.571183921036416,7.272245277978625
817,4.085,6.217737946436532,5.073844352831787,7.20874048504043
818,4.09,5.9021710384487225,5.278954977889991,7.000083688140586
819,4.095,5.398607508369242,5.440580552311912,6.6386108692180645
820,4.1,4.688525663666338,5.337142315551494,6.115643699782959
821,4.105,3.744282275388957,4.998622996969437,5.415891062157794
822,4.11,2.528944679858898,4.435166143274837,4.521171898925657
823,4.115,1.0039682327099095,3.635589836784143,3.4133295152443157
824,4.12,-0.8266503176657061,2.5723034274507754,2.081781381651403
825,4.125,-2.73314101296793,1.2056548940422718,0.5072771285709408
826,4.13,-3.840162060951479,-0.4983232880166133,-1.3474530937380305
827,4.135,-3.100617588103476,-2.4839394619284976,-3.431523488189752
828,4.14,-1.119810379020626,-4.274270981948041,-5.230230352522012
829,4.1450000000000005,0.9966067488844512,-4.3036575404399,-5.196913879930424
830,4.15,2.8502377531854406,-1.367106101241002,-2.252779106963426
831,4.155,4.395690424950713,2.111457076621299,1.3253960026522114
832,4.16,5.66879187719231,4.453106496791446,3.9309637426418376
833,4.165,6.712493344584605,5.956259658353546,5.8979151151467395
834,4.17,7.562304389639564,6.943800490937251,7.36407482311211
835,4.175,8.245362130406605,7.556073856417523,8.35033668599878
836,4.18,8.782047259686879,7.852476124163515,8.835724386349762
837,4.1850000000000005,9.187690201270485,7.955088612085597,9.149868647486002
838,4.19,9.473934915289448,8.058168794856499,9.361952579359887
839,4.195,9.649782379462325,8.29937010308406,9.405272256368182
840,4.2,9.72241931551824,8.604872141410777,9.300236543754481
841,4.205,9.697941309069774,8.852292521637125,9.076442628282376
842,4.21,9.582074492040128,8.999260692398437,8.775063966458756
843,4.215,9.381002034582798,9.042532773058877,8.404678294188395
844,4.22,9.102408999460671,8.988320767010158,7.949604246679874
845,4.225,8.756856069649599,8.844641683888305,7.444648178338701
846,4.23,8.359538899142233,8.620469135867483,6.9328326926639114
847,4.235,7.932301922103675,8.32675235146172,6.3918900225971065
848,4.24,7.505329018490894,7.978173290124842,5.817068943520725
849,4.245,7.117176886970562,7.595351769409827,5.302827566446767
850,4.25,6.811134540879377,7.207100740937931,4.9849136324936865
851,4.255,6.626524167553381,6.85166609919529,4.893894590935347
852,4.26,6.586825815705972,6.574822535392985,5.051315258430015
853,4.265,6.6908245562212265,6.422131005015504,5.431662197882357
854,4.2700000000000005,6.912946948216993,6.424759379837517,5.972649884283966
855,4.275,7.212523917595415,6.584405130040118,6.487563761359507
856,4.28,7.545583182249555,6.868273841818424,6.98716031967439
857,4.285,7.873188771326143,7.220249799000577,7.451639724843535
858,4.29,8.164736912219453,7.580938899271319,7.839615655210529
859,4.295,8.397706569298236,7.90330825360836,8.155033589906374
860,4.3,8.555853710974011,8.158015171485719,8.380069301557327
861,4.305,8.62712053575501,8.331210556926704,8.502717923045267
862,4.3100000000000005,8.601787689625247,8.419400073836538,8.527116145362761
863,4.315,8.470967379200395,8.423903875287326,8.462842891363705
864,4.32,8.225353002686346,8.346002984857963,8.313873110737527
865,4.325,7.854082572854893,8.183610845294929,8.077340530163744
866,4.33,7.343559067502705,7.929952110074575,7.7525946673637876
867,4.335,6.676068961759823,7.573788088503143,7.336929717576504
868,4.34,5.828066877885934,7.100034159340296,6.8144788559258185
869,4.345,4.768178763318,6.489784738711859,6.165548250527632
870,4.3500000000000005,3.4558784008651355,5.719363592446652,5.381798775832352
871,4.355,1.845811745999613,4.758470112512694,4.458398227406599
872,4.36,-0.0798457117926188,3.5679167108252225,3.3743721044997654
873,4.365,-2.162738815463189,2.0990432814884397,2.0922606528797774
874,4.37,-3.644617979044516,0.30414683742258397,0.5630635092324896
875,4.375,-3.3077538756035896,-1.8011429358454834,-1.2242727356283947
876,4.38,-1.4795006364937406,-3.865369422173531,-2.9867939476445837
877,4.385,0.6109344979368376,-4.487429717345462,-3.4753777292164703
878,4.39,2.454332257959581,-1.9785119930521669,-1.1656139621076962
879,4.3950000000000005,3.979640422481284,1.6287541179489011,2.149914505814924
880,4.4,5.220842772125515,4.101797289243478,4.482462190422514
881,4.405,6.222776410051615,5.641400918470635,6.001628205105279
882,4.41,7.022563716804156,6.622496645705735,7.046250270952216
883,4.415,7.648136234124422,7.212774907709574,7.793487230138796
884,4.42,8.119902609936783,7.471225396672195,8.329417951694499
885,4.425,8.452536368518382,7.503141567202466,8.697238679773001
886,4.43,8.65635108148225,7.50021269085447,8.919789452410098
887,4.4350000000000005,8.738271713041069,7.629172727574219,9.008919475361058
888,4.44,8.702502915694442,7.844106594781055,8.971026662493614
889,4.445,8.550992670812978,8.005614473356582,8.810560158061863
890,4.45,8.283780018016744,8.056108151190884,8.531002667395555
891,4.455,7.899324658923037,7.985623582417706,8.135714479923378
892,4.46,7.394963267554008,7.7949533772581034,7.629724594766921
893,4.465,6.767757429907883,7.485302146420079,7.021651088887127
894,4.47,6.016263460737466,7.056392532858565,6.322335115623572
895,4.4750000000000005,5.144296493346692,6.506776074568174,5.542521542566145
896,4.48,4.168726881750305,5.835193318606968,4.700838514506582
897,4.485,3.134416091304141,5.043443282438952,3.8398779249693877
898,4.49,2.1376134809445992,4.142324457751664,3.0211457429954907
899,4.495,1.3443528686289774,3.1636633300081725,2.290087297408444
900,4.5,0.9558099080607474,2.1825848906653578,1.6763370231271484
901,4.505,1.0841344535268218,1.349251147445384,1.2579043502926264
902,4.51,1.6531800067303737,0.9005384594565702,1.2079687837851445
903,4.515,2.469472278198755,1.0666784897527126,1.6812667665476972
904,4.5200000000000005,3.35656338841724,1.8501168447018799,2.6172899489656314
905,4.525,4.207620875531103,2.9547082029876997,3.724035681520857
906,4.53,4.972771699962534,4.042980707157547,4.744636532593912
907,4.535,5.634944650237895,4.94338274572137,5.580761678086609
908,4.54,6.193390803494826,5.620994757400625,6.213160393620424
909,4.545,6.654990817544855,6.0974597689560746,6.661939376602665
910,4.55,7.030173034972074,6.415821225364258,6.965346886510679
911,4.555,7.33114863659643,6.632198904525207,7.161347664684886
912,4.5600000000000005,7.571200804491943,6.80421807167999,7.277205371091495
913,4.565,7.764363869980278,6.970837110427117,7.32850023100452
914,4.57,7.925124410668889,7.1422093961449455,7.33133385450744
915,4.575,8.06792899442394,7.311768569779429,7.303344570443188
916,4.58,8.20639694957223,7.473645202217609,7.252171806123002
917,4.585,8.352265463121734,7.629127699890977,7.182492940706156
918,4.59,8.514241607227415,7.7849021891670365,7.114876632552088
919,4.595,8.697051623480439,7.94943205037433,7.083458924965195
920,4.6000000000000005,8.90098680961336,8.12988709810488,7.115437406650027
921,4.605,9.122111490918456,8.330022142181301,7.228426312857813
922,4.61,9.3530760440775,8.549094997924257,7.428260946516333
923,4.615,9.58428650790085,8.781884852279715,7.700251263253708
924,4.62,9.80511720402503,9.019680964363925,8.013495232845063
925,4.625,10.004919076025937,9.251847513658696,8.354940977401087
926,4.63,10.173706624855626,9.467440163724323,8.719924896362695
927,4.635,10.302525422772398,9.656442145724341,9.08285586445412
928,4.64,10.383572611729194,9.810421325047923,9.410243983827836
929,4.6450000000000005,10.41016576175208,9.922641209046159,9.67255026074529
930,4.65,10.376650564959098,9.987799273560796,9.846779276647716
931,4.655,10.278325282835926,10.001606046603017,9.921799955872672
932,4.66,10.111453642738164,9.960389424386562,9.898725055740101
933,4.665,9.87344644968366,9.860847716041647,9.784480751453703
934,4.67,9.563321193071587,9.700014635860878,9.586375564298825
935,4.675,9.182601750368688,9.475466596149214,9.311670514107298
936,4.68,8.736891011681049,9.185813149429954,8.968641852601015
937,4.6850000000000005,8.238396673380908,8.831567628106098,8.566778220398419
938,4.69,7.709571758677399,8.416587613898532,8.117023162942463
939,4.695,7.187390673151118,7.950376999410882,7.633510549234996
940,4.7,6.726060758812004,7.451568273077131,7.136871429255273
941,4.705,6.3932400154372,6.95260387514573,6.658294084456282
942,4.71,6.25419212859088,6.504431093287186,6.2439343324196255
943,4.715,6.346135173272462,6.177157243301934,5.956971166448268
944,4.72,6.659379283699866,6.048857388236839,5.868984870302332
945,4.7250000000000005,7.1422533143687685,6.176455857490129,6.033374274074186
946,4.73,7.725064065956858,6.55965229294258,6.451182968298478
947,4.735,8.343196979440677,7.130165419297153,7.0597719210816905
948,4.74,8.947937482710687,7.783746259721461,7.760566132631833
949,4.745,9.50700024480689,8.426582764537695,8.461359244482086
950,4.75,10.000729861749797,8.999454851763034,9.100644609355967
951,4.755,10.417842184542652,9.476641006362902,9.648412252588681
952,4.76,10.75209254662246,9.855434090884616,10.094956317572297
953,4.765,11.000005894052084,10.145995973637913,10.439701681555887
954,4.7700000000000005,11.159419479828966,10.362777387867313,10.685199563582355
955,4.775,11.228560483294592,10.517293295372564,10.83480529552386
956,4.78,11.205447304191944,10.613885379586222,10.891787047092457
957,4.785,11.087472466451572,10.649809975833922,10.859059449897607
958,4.79,10.871076075610144,10.618177956685862,10.739219485557578
959,4.795,10.551453543619091,10.510870203096417,10.534657009829996
960,4.8,10.12226826956419,10.319940624793734,10.24760617727114
961,4.805,9.575372240562798,10.037718144348993,9.880059194745733
962,4.8100000000000005,8.900600349206968,9.6563035133953,9.433496232221001
963,4.815,8.085857795785508,9.166929446174267,8.908389440934094
964,4.82,7.11812088027504,8.559401060179553,8.303387175729824
965,4.825,5.987032851153009,7.821780404067751,7.614111417072546
966,4.83,4.695510622791553,6.94067902628708,6.831959849256879
967,4.835,3.287882780037386,5.9031758782904955,5.944425329621561
968,4.84,1.912444849378084,4.703136144464969,4.940263000046744
969,4.845,0.8999850500208834,3.3591969103070656,3.8263499977646287
970,4.8500000000000005,0.6686546051162441,1.9612938760500405,2.670954279393028
971,4.855,1.3051678544862546,0.7689742556979251,1.6937650295931523
972,4.86,2.4498179403044977,0.3042454252369655,1.3517463491050035
973,4.865,3.714269576284481,1.0654475896536124,2.0878584462800434
974,4.87,4.896174494630172,2.759552516380905,3.6481389993872337
975,4.875,5.925836477154548,4.519505336606651,5.269375348199507
976,4.88,6.791314359114752,5.897376954213942,6.55937696668951
977,4.885,7.500728230071668,6.871224778588921,7.506933495421413
978,4.89,8.067476177256976,7.5157283331237315,8.190557348433567
979,4.8950000000000005,8.505095520195425,7.898834638799311,8.677493626947474
980,4.9,8.8257812168002,8.093874380378553,9.011979843451133
981,4.905,9.040242135900955,8.196077675556124,9.221325669307955
982,4.91,9.15803961740785,8.292738187273434,9.322228326487167
983,4.915,9.18810687947797,8.410805761803232,9.32536163159902
984,4.92,9.139354510511083,8.517846954729126,9.238744252715625
985,4.925,9.021338055129998,8.576673457633621,9.070080863435535
986,4.93,8.8449720543207,8.5708109290296,8.828423784989146
987,4.9350000000000005,8.623240571274222,8.499301151771382,8.525500921642278
988,4.94,8.371777573506167,8.369140950666269,8.176644277892228
989,4.945,8.109075958371896,8.191821155266421,7.801018172524373
990,4.95,7.855970464936024,7.9823068976157305,7.421842700292872
991,4.955,7.634033301013201,7.758801203296586,7.068602747362139
992,4.96,7.462780770444178,7.542277380910016,6.779807826209458
993,4.965,7.356183924499002,7.355059894645457,6.598334728659099
994,4.97,7.319650647199482,7.21801162069362,6.555260731257071
995,4.9750000000000005,7.348815391432549,7.146501526486642,6.65503113328531
996,4.98,7.430755329749611,7.14630900386437,6.876449752283783
997,4.985,7.547063604843568,7.211379022878745,7.182659748450529
998,4.99,7.677465009904987,7.324940426500717,7.524482792778958
999,4.995,7.802802258470484,7.463785440838114,7.845300083372967
1000,5.0,7.906892656812301,7.603768670432684,8.099548752151467
1001,5.005,7.977365436090247,7.724285203053464,8.269519922522454
1002,5.01,8.005868806561887,7.810589219995121,8.358758695563091
1003,5.015,7.988043217600658,7.854102527967097,8.372297514302984
1004,5.0200000000000005,7.923547781328336,7.851500469718547,8.31319049565186
1005,5.025,7.816298536394121,7.8034087278138005,8.188254898825608
1006,5.03,7.674949902520309,7.713359898245997,8.008915724571708
1007,5.035,7.513494332105695,7.5874168166440175,7.788675268105401
1008,5.04,7.351628887798562,7.434580242081971,7.541816461119966
1009,5.045,7.214250988006466,7.267783413877712,7.285452377568385
1010,5.05,7.129262390673428,7.104982209171341,7.041085597314714
1011,5.055,7.123162320776425,6.969572901646236,6.8328890867486045
1012,5.0600000000000005,7.215049017341891,6.889118764430814,6.687131330963069
1013,5.065,7.411233171107473,6.891393990256793,6.633322449033603
1014,5.07,7.703228140065148,6.997638329024571,6.699651040935418
1015,5.075,8.070275966611863,7.214973860200965,6.9013906769104505
1016,5.08,8.484902978930885,7.531978436411091,7.232179181032469
1017,5.085,8.918686332746086,7.920812319002684,7.663665872266168
1018,5.09,9.346216282348896,8.345273284261005,8.151401537727114
1019,5.095,9.746827510719712,8.770265642473113,8.6467812831259
1020,5.1000000000000005,10.10468978375509,9.168252203434674,9.112378366715294
1021,5.105,10.40805260390879,9.521332279407115,9.527261562240586
1022,5.11,10.648222897330765,9.82008619397044,9.878873958756909
1023,5.115,10.818578708611842,10.06087297696484,10.15784910658807
1024,5.12,10.913728313125024,10.242828089080378,10.358246899504172
1025,5.125,10.928821304538074,10.365363830295419,10.477075724234528
1026,5.13,10.858973917682986,10.426638132541816,10.513193189059153
1027,5.135,10.69875494620193,10.423044216025744,10.466564513287278
1028,5.14,10.441671720706502,10.349371979487042,10.337718031851718
1029,5.1450000000000005,10.079586169442935,10.199145559836214,10.127237149551192
1030,5.15,9.6019703332738,9.964776943028387,9.835215884779156
1031,5.155,8.994868186985567,9.637391549126683,9.460608975773706
1032,5.16,8.239347401506391,9.206305688227292,9.000389957919486
1033,5.165,7.309063163467777,8.658136811296071,8.448399173207877
1034,5.17,6.166240055907836,7.975442354014129,7.793716763464863
1035,5.175,4.754766337383193,7.13462855731548,7.018325439671656
1036,5.18,2.988069230159052,6.10260804785637,6.093680120590333
1037,5.1850000000000005,0.7293830344503892,4.8312001176456345,4.975429718406444
1038,5.19,-2.2177807466979567,3.247350970763387,3.5947022108762545
1039,5.195,-5.834132618492545,1.2358127613231327,1.8429851754476556
1040,5.2,-7.661822340072982,-1.3880373017212415,-0.45156467411463375
1041,5.205,-4.905340969703838,-4.875566587588446,-3.5212780154760246
1042,5.21,-1.57696804840646,-8.962125421076362,-7.139898439460316
1043,5.215,0.9884761246732936,-8.561573818462273,-6.787376295054779
1044,5.22,2.925555383789185,-0.581937106326424,0.3170191062034977
1045,5.2250000000000005,4.415450738363869,3.5814553516865484,4.079326538678471
1046,5.23,5.576684830893354,5.467226133381053,5.835904740294289
1047,5.235,6.484176478013871,6.572347711849519,6.913163312401398
1048,5.24,7.186690329231284,7.252727350883201,7.649572328135392
1049,5.245,7.717080554200849,7.545599959563638,8.179292233242977
1050,5.25,8.098142463032902,7.39764655157453,8.554433071181494
1051,5.255,8.346068580315531,7.0625955819130155,8.79965603512759
1052,5.26,8.472598479481894,6.946349424181008,8.925550288009145
1053,5.265,8.48645348442914,7.277216646153427,8.933822307723
1054,5.2700000000000005,8.394399108329836,7.595766524973292,8.825338704341931
1055,5.275,8.202161891623753,7.757069185779271,8.602078388131973
1056,5.28,7.915383556683404,7.7761372576765435,8.265492403342659
1057,5.285,7.540794274804407,7.673652509568939,7.818798262148887
1058,5.29,7.087804972574002,7.464450651823285,7.2712894706480835
1059,5.295,6.570712526392746,7.160259248042727,6.643233193881734
1060,5.3,6.011574772004944,6.772763072806393,5.955046034642482
1061,5.305,5.443322357354203,6.316563608092642,5.221434854283203
1062,5.3100000000000005,4.911543572075211,5.8124887072658105,4.486867273270912
1063,5.315,4.471755267256024,5.29134723121062,3.8723179160304713
1064,5.32,4.178646502394173,4.797261006274181,3.5173800727864135
1065,5.325,4.068206393170348,4.387848990251278,3.4515491707726733
1066,5.33,4.142327355479715,4.126403843565774,3.620514720787405
1067,5.335,4.367938280596524,4.062337021395774,4.003478556616825
1068,5.34,4.691438355295987,4.205779322838268,4.610193303205691
1069,5.345,5.0569376304573606,4.515466385432955,5.280896935803835
1070,5.3500000000000005,5.417957280539555,4.914664048784127,5.835554403208968
1071,5.355,5.740912068519545,5.323618065738009,6.193524926930575
1072,5.36,6.003724709338804,5.683496405234302,6.4837060503116035
1073,5.365,6.192919233649849,5.96219769384296,6.701966344318177
1074,5.37,6.300937475261049,6.149183132181939,6.796999281252637
1075,5.375,6.324234013684783,6.24769901939894,6.776494094302681
1076,5.38,6.26218389317008,6.26752295644979,6.6638023374140625
1077,5.385,6.1167073559935,6.218878591494489,6.486327149437679
1078,5.39,5.892541449356916,6.108572250756508,6.246773602708017
1079,5.3950000000000005,5.598144871900921,5.939439860986376,5.9392813159333215
1080,5.4,5.247232128495879,5.71264634293985,5.586871572549486
1081,5.405,4.860799524366481,5.431095515315122,5.206423468248369
1082,5.41,4.469080743796385,5.102631066092821,4.779193133259909
1083,5.415,4.112040798086223,4.742801873004921,4.30658801604833
1084,5.42,3.836096291397817,4.377293781659028,3.849203687453193
1085,5.425,3.6850874750266582,4.043400424287961,3.4833903299967415
1086,5.43,3.686968704280095,3.7884724124411675,3.2582575405933607
1087,5.4350000000000005,3.84303996034111,3.662162042680493,3.233314519116052
1088,5.44,4.127391422979826,3.7009658670621386,3.4273682422775336
1089,5.445,4.496988838079083,3.9103759508801836,3.7857059746631103
1090,5.45,4.905081546878124,4.257344159112553,4.212406712750553
1091,5.455,5.310729961961115,4.681654508204266,4.713291649533078
1092,5.46,5.682511564935658,5.118694838295667,5.24829898498954
1093,5.465,5.99820923848778,5.51768030677157,5.743974042121654
1094,5.47,6.242836496769448,5.847841367822607,6.163685335572756
1095,5.4750000000000005,6.406468979219467,6.095902972033946,6.487495345074683
1096,5.48,6.482484194383924,6.260398279461803,6.705141678054716
1097,5.485,6.466344818399792,6.345714659692956,6.813701712474913
1098,5.49,6.35490008767619,6.356959135924836,6.814432692581797
1099,5.495,6.146180412510756,6.296563077212893,6.710655575718078
1100,5.5,5.839742486131183,6.163319808237486,6.506732966393803
1101,5.505,5.437762550293025,5.953531242416041,6.207777615726052
1102,5.51,4.947272569754234,5.663139219702474,5.819868706748524
1103,5.515,4.384143078269752,5.290006614622416,5.350845027820546
1104,5.5200000000000005,3.77937638123085,4.836418178869048,4.811962217814328
1105,5.525,3.187122197828112,4.312594694982971,4.220896025277643
1106,5.53,2.6898615331329423,3.742299427362358,3.606759059817167
1107,5.535,2.389293948595465,3.171192712225935,3.017486411580517
1108,5.54,2.371517985673433,2.676130976184746,2.5277717669920605
1109,5.545,2.660178947747665,2.36658033872585,2.239598038716112
1110,5.55,3.201217645306473,2.3593424943979753,2.2588495031262017
1111,5.555,3.896668416989053,2.7155999013020686,2.638649693338737
1112,5.5600000000000005,4.650703103014484,3.3814864955781134,3.326364601585751
1113,5.565,5.393198302419328,4.20830747312621,4.182125334653533
1114,5.57,6.081048607195992,5.041506547419409,5.059278491884101
1115,5.575,6.690788265947605,5.782887572367006,5.86132509515512
1116,5.58,7.211003877584937,6.392657459171506,6.544247550578851
1117,5.585,7.636962196995998,6.868074115143051,7.0960246505177444
1118,5.59,7.967312152216714,7.226254767295771,7.519148318114603
1119,5.595,8.20219028715966,7.4928476953981855,7.821067799403664
1120,5.6000000000000005,8.34216970365452,7.691637630033708,8.010037156836734
1121,5.605,8.387692697358935,7.8358498693833765,8.09370748684689
1122,5.61,8.338780729317808,7.925983843951332,8.078886249388532
1123,5.615,8.194915663454742,7.954573728966658,7.9717017324002555
1124,5.62,7.95505349910391,7.9123282086857945,7.777893718794732
1125,5.625,7.61778730421007,7.791412871386656,7.503151072136066
1126,5.63,7.181740106564036,7.586024145213166,7.1534465492849915
1127,5.635,6.646365091268525,7.291925119359945,6.735347936515365
1128,5.64,6.013490920599393,6.906032955343447,6.256348032435811
1129,5.6450000000000005,5.290204231993036,6.426513011115913,5.725199978808334
1130,5.65,4.4939717294244765,5.8536616874731005,5.152050975728523
1131,5.655,3.660908463669768,5.192015602154616,4.548369054766133
1132,5.66,2.856448203772292,4.454477225271024,3.92787313020078
1133,5.665,2.1815423948289268,3.6696210466345978,3.3111867538939412
1134,5.67,1.7570541169639835,2.8930115780198493,2.7364149561432605
1135,5.675,1.672502853109725,2.219925017657805,2.273027901649496
1136,5.68,1.9288948363394132,1.7859593872375137,2.0256830712784337
1137,5.6850000000000005,2.4380424404584065,1.727095880581659,2.102016962703098
1138,5.69,3.07924446974956,2.0896591106708766,2.5354917790430207
1139,5.695,3.7511641091005137,2.7674947467084112,3.230647350905799
1140,5.7,4.388101223224959,3.564041184134622,4.016639315872723
1141,5.705,4.954080199898235,4.3136934544856,4.7521577273657
1142,5.71,5.432259113198313,4.932129034495346,5.367772527874163
1143,5.715,5.816718513321856,5.3970688110323275,5.8466152971555925
1144,5.72,6.10745049692238,5.719570862594467,6.195674870126281
1145,5.7250000000000005,6.307666118211255,5.927558549362639,6.428719819734138
1146,5.73,6.422531889157698,6.0549910909481195,6.559277173413983
1147,5.735,6.4587558268164935,6.130258671520448,6.5988225942476095
1148,5.74,6.424692050920423,6.167569931656129,6.557108408637056
1149,5.745,6.33077054674348,6.167958270711413,6.443248251251478
1150,5.75,6.190099511002245,6.127667449869862,6.267203678836902
1151,5.755,6.01904327993833,6.0456458564475835,6.041434935705934
1152,5.76,5.837461286352994,5.9266660245626595,5.782130355865749
1153,5.765,5.668151750116124,5.781692430325782,5.509584393723698
1154,5.7700000000000005,5.535014465123625,5.627336098345766,5.247870697972724
1155,5.775,5.459750915539877,5.484808454329387,5.024073255694301
1156,5.78,5.457678049102541,5.3779028420002435,4.866825949159774
1157,5.785,5.534120786055975,5.329431217037546,4.803240025211469
1158,5.79,5.683064151066223,5.356209478201843,4.853314888841482
1159,5.795,5.888770488682129,5.46396730164456,5.022844861110905
1160,5.8,6.129517096672487,5.6446013794461525,5.298758085629167
1161,5.805,6.381741553028061,5.8776632259390675,5.65058470059022
1162,5.8100000000000005,6.6231975202454505,6.135671422578655,6.037306210124859
1163,5.815,6.834628934104412,6.390619729840867,6.415798383696686
1164,5.82,7.000186749551393,6.618884943603786,6.748333337448147
1165,5.825,7.10707010065653,6.803331936658892,7.00789111930424
1166,5.83,7.144816196521844,6.933008928383723,7.179615144143606
1167,5.835,7.104504521931073,7.0014511190340585,7.257947186234401
1168,5.84,6.978002115683197,7.004529291713446,7.242144290460985
1169,5.845,6.757291485133675,6.938510992300353,7.133332964111007
1170,5.8500000000000005,6.43388638700274,6.798723065186398,6.933293421945676
1171,5.855,5.998345413801218,6.578900174041968,6.643644835652168
1172,5.86,5.439948116512521,6.271036803719003,6.264942485669516
1173,5.865,4.746752130008234,5.865456907155419,5.795982541754383
1174,5.87,3.9066451415912407,5.3509108019513585,5.233478775227979
1175,5.875,2.9110143342677035,4.71473912348276,4.571979459211786
1176,5.88,1.765138003953908,3.9434978304354877,3.8043381787891564
1177,5.885,0.51457782851618,3.0251245933552973,2.9239136372136936
1178,5.89,-0.6989657685122372,1.955374720188361,1.9306270177272844
1179,5.8950000000000005,-1.5719485889030025,0.7552576350630797,0.8461358107681152
1180,5.9,-1.72423683201804,-0.48585792319215226,-0.24883507364797453
1181,5.905,-1.0594386147972537,-1.5239344212878407,-1.1384327866878063
1182,5.91,0.1127235361829638,-1.8866099454156862,-1.4055435500110542
1183,5.915,1.4277992796317318,-1.1245923985372288,-0.6532612742467494
1184,5.92,2.680861742844733,0.5313255938490062,0.9122686071115922
1185,5.925,3.794267253889119,2.3086072799113233,2.603110810699919
1186,5.93,4.749889370741086,3.7568309273099088,4.0172170641057745
1187,5.9350000000000005,5.551679874751665,4.823866046887462,5.109795861803184
1188,5.94,6.210005485460592,5.569796098411627,5.940129170086964
1189,5.945,6.735786841849151,6.057684580902321,6.56628164558721
1190,5.95,7.138516346630698,6.356288955347679,7.027895136209676
1191,5.955,7.425729415351753,6.553147959973555,7.349735296571719
1192,5.96,7.602986222378439,6.728699581432816,7.546871689224212
1193,5.965,7.674005152212965,6.909624584784497,7.628547198293557
1194,5.97,7.640817649798802,7.066459204589068,7.600886458838891
1195,5.9750000000000005,7.503906780404693,7.160397030342843,7.468580924647422
1196,5.98,7.26233604279673,7.168693552058741,7.235974970386023
1197,5.985,6.913909852361835,7.081424113740656,6.908041158009214
1198,5.99,6.455458701127488,6.894169999844774,6.491178984832892
1199,5.995,5.883443277873248,6.604009495688229,5.993372236871559
1200,6.0,5.195282184165436,6.207964238954877,5.424128395614565
1201,6.005,4.392236503304154,5.70274368862049,4.796001123324525
1202,6.01,3.4854836209192315,5.085441316553717,4.127138995280559
1203,6.015000000000001,2.508121889625624,4.355538678324309,3.4393880380029502
1204,6.0200000000000005,1.5356253688975603,3.5193868136234046,2.7500932164942347
1205,6.025,0.7085687498649831,2.599572730728253,2.070422470028324
1206,6.03,0.222732776666827,1.6530026158464195,1.4254544263747997
1207,6.035,0.2341430895644842,0.7998210866568991,0.8912000450246333
1208,6.04,0.7320101339359255,0.2474344895978957,0.6198220811167392
1209,6.045,1.5493578955011655,0.24390635095080793,0.8003935009264502
1210,6.05,2.4950954541176023,0.8903016542745781,1.5042102795162537
1211,6.055,3.438268482404752,1.9799455642871746,2.5525555144510426
1212,6.0600000000000005,4.311156921475374,3.159959158778731,3.6519839052734477
1213,6.065,5.085816053826989,4.197928796709901,4.613255978730986
1214,6.07,5.75466850721689,5.020674008872965,5.382355918459748
1215,6.075,6.319439595190285,5.634183595057877,5.972834952387836
1216,6.08,6.7856717451254855,6.072888727427425,6.41620550065512
1217,6.085,7.16020304241097,6.385773383945653,6.7412783730430945
1218,6.09,7.450099056520432,6.627730146530374,6.968719800676992
1219,6.095,7.662276975378371,6.841222649298531,7.112781722051139
1220,6.1000000000000005,7.803456461457847,7.040410741322266,7.183823288447425
1221,6.105,7.88026337912796,7.21607276021197,7.188525593358568
1222,6.11,7.899401514737434,7.353681762082381,7.131824717543115
1223,6.115,7.867845767765047,7.44436174508183,7.022153860642595
1224,6.12,7.793022960521129,7.4859806471754915,6.873987239049335
1225,6.125,7.682945448272116,7.480993707115095,6.704630627786164
1226,6.13,7.54625524102792,7.434586534418534,6.530391003285867
1227,6.135,7.392129090961637,7.353633380119685,6.3649712063379695
1228,6.140000000000001,7.229996589579527,7.246159462238184,6.218944154111851
1229,6.1450000000000005,7.069043907263934,7.120984474108154,6.101963127910401
1230,6.15,6.917522541700625,6.98733287497398,6.026763260735439
1231,6.155,6.781951044795664,6.854288022299961,6.0058650546759536
1232,6.16,6.666365376745765,6.730051348587656,6.041337376537615
1233,6.165,6.571803244304094,6.621063657495217,6.1226038862442085
1234,6.17,6.496169511403003,6.531146529226772,6.2313966140234935
1235,6.175,6.43452730594277,6.460889864244785,6.345201985147504
1236,6.18,6.379736870751933,6.407496783837854,6.441257499181444
1237,6.1850000000000005,6.3232794359456985,6.36517899274065,6.503030992269164
1238,6.19,6.256089372271027,6.326016935486374,6.523760210109367
1239,6.195,6.169265862129249,6.281050175478442,6.502882628723076
1240,6.2,6.054610361993868,6.221320196333886,6.440493865404735
1241,6.205,5.905004635468875,6.1386582056766095,6.336116973835392
1242,6.21,5.714690036683718,6.026140455970017,6.189968020040937
1243,6.215,5.47953286201845,5.878256521914963,6.003257406245009
1244,6.22,5.197371597834081,5.69091346893618,5.777483104611435
1245,6.2250000000000005,4.868546901127375,5.461426611410459,5.514093193220707
1246,6.23,4.496712328518474,5.188640524836841,5.214946978502239
1247,6.235,4.089994027636629,4.873301361654783,4.882799336101545
1248,6.24,3.662462776580984,4.518776979868136,4.521924695030516
1249,6.245,3.235618708684836,4.132192784513308,4.140071496459123
1250,6.25,2.839090119562304,3.7259858413886118,3.7512328717505032
1251,6.255,2.5091181800558875,3.3196981148731943,3.377061385225308
1252,6.26,2.283259621231692,2.9414077649633676,3.0461876120304074
1253,6.265000000000001,2.191221558125273,2.627463013423105,2.7920284986777237
1254,6.2700000000000005,2.2450738997637782,2.4184414975211146,2.648241209756577
1255,6.275,2.434490389777462,2.349685937189602,2.640818795048706
1256,6.28,2.730305698382652,2.4380348409597645,2.778873409383001
1257,6.285,3.093866586355867,2.6716954260397934,3.04872682924929
1258,6.29,3.486520459041777,3.0115582667220653,3.415222682126204
1259,6.295,3.875474615284769,3.4046461956890735,3.831228543939562
1260,6.3,4.235709652857481,3.8007453235557946,4.250815219418173
1261,6.305,4.54942640940566,4.162898969168407,4.638337364419613
1262,6.3100000000000005,4.804533431456325,4.469701281289105,4.970419801350185
1263,6.315,4.99307392905912,4.712514884635476,5.233602161627468
1264,6.32,5.109966384580237,4.890905890850777,5.421043484257993
1265,6.325,5.152152398508068,5.008054751807576,5.529908673071969
1266,6.33,5.118145264389784,5.0671105069640126,5.559741695466521
1267,6.335,5.007969347219508,5.069216355691637,5.511636602631777
1268,6.34,4.823522563045817,5.013394347259121,5.387956019717016
1269,6.345,4.569456335706972,4.8977243526682335,5.192428460879543
1270,6.3500000000000005,4.254725244095457,4.720990073937241,4.930559039121575
1271,6.355,3.894953583939854,4.484346734494557,4.61038095700785
1272,6.36,3.515547052008511,4.193099243219159,4.243654545180912
1273,6.365,3.1547499314560774,3.858960711525392,3.8476663392443546
1274,6.37,2.864334728114871,3.503095954934799,3.447706354347112
1275,6.375,2.70392294165272,3.159734170461258,3.0798998687860264
1276,6.38,2.7259919781573267,2.8788023920667323,2.7929890067783165
1277,6.385,2.955920901483367,2.7236623585952002,2.6457037807146144
1278,6.390000000000001,3.38033981689424,2.7582045149900445,2.694857947371548
1279,6.3950000000000005,3.953735727358656,3.0216547109956196,2.97291318423025
1280,6.4,4.617506041780049,3.5035266660624194,3.4660812906974443
1281,6.405,5.317372045582225,4.141732194185203,4.113298236483563
1282,6.41,6.011725533299317,4.850205650862504,4.831583525977004
1283,6.415,6.672362572639713,5.5530434882893696,5.547111734759198
1284,6.42,7.281772141016811,6.201719100848306,6.210742160174332
1285,6.425,7.82985190361797,6.774547536230877,6.79700609461606
1286,6.43,8.311209419635146,7.268942216155388,7.296400368992927
1287,6.4350000000000005,8.723253430832317,7.693157811196896,7.70814199206671
1288,6.44,9.064938030682118,8.058974310855998,8.035490124073608
1289,6.445,9.3359646405581,8.375829981450789,8.283269705798007
1290,6.45,9.536280543717364,8.647720891755284,8.45673860054009
1291,6.455,9.665760539220695,8.873470015128749,8.561158001534103
1292,6.46,9.723997087092767,9.049002337410515,8.601707505455865
1293,6.465,9.710151094328223,9.169563694586625,8.583553051192677
1294,6.47,9.62283271941407,9.230872417756633,8.511949804891483
1295,6.4750000000000005,9.459992406472876,9.229337837738989,8.39229124534703
1296,6.48,9.218809491387644,9.161822858590025,8.230009923946568
1297,6.485,8.895571537011131,9.02528630893824,8.030197607544235
1298,6.49,8.48554488531547,8.816445810114235,7.796789223996344
1299,6.495,7.982850559726261,8.531492354065533,7.531254316272705
1300,6.5,7.380389655917256,8.165849498810655,7.2310518358455145
1301,6.505,6.669931625428775,7.713969461915777,6.888478447306317
1302,6.51,5.8426411911548986,7.169180410314981,6.4905575221356875
1303,6.515000000000001,4.890701235660636,6.523650375453197,6.020126261566026
1304,6.5200000000000005,3.811570369468187,5.768646885599967,5.4578269822216345
1305,6.525,2.618298146359205,4.895533000547048,4.784900888774672
1306,6.53,1.3623402796070323,3.898551513288753,3.987413070554029
1307,6.535,0.174560889164059,2.7818501651576772,3.063703635715922
1308,6.54,-0.6992612341417049,1.5761208520520076,2.0394242990486067
1309,6.545,-0.9740425183427428,0.37437321520941147,0.9987333023268437
1310,6.55,-0.5652648205050824,-0.6086096137927175,0.1364566041181403
1311,6.555,0.3164289037608723,-1.0087878646450488,-0.2175742227582118
1312,6.5600000000000005,1.3816751087004584,-0.5106475185683399,0.2258579318958942
1313,6.565,2.4389320345433023,0.7357799254375301,1.3435512029762835
1314,6.57,3.4000806394027543,2.1799053652687124,2.6546802000465295
1315,6.575,4.235054869090627,3.4251622224788933,3.8125247613088433
1316,6.58,4.939392445197004,4.369962722720082,4.731955457730341
1317,6.585,5.518264324339814,5.037742026887363,5.439098597994812
1318,6.59,5.979597578747354,5.47698752865509,5.976420364468431
1319,6.595,6.331329927171884,5.746728368865706,6.376958614014649
1320,6.6000000000000005,6.580419114941347,5.919274428406377,6.662445431034632
1321,6.605,6.73257243860164,6.060603104067498,6.84613369107938
1322,6.61,6.7922604677169,6.197809304711186,6.935555479029234
1323,6.615,6.762836185099369,6.3150119366030655,6.934681189010837
1324,6.62,6.646691993305026,6.383711162361149,6.845621787422469
1325,6.625,6.445437805848183,6.384562647671361,6.6701874766684215
1326,6.63,6.160110837201705,6.308667942686304,6.411473184165795
1327,6.635,5.791448948682518,6.152904341829059,6.075110591305364
1328,6.640000000000001,5.340284113365903,5.9165902887324675,5.6696804103235054
1329,6.6450000000000005,4.808147679346408,5.599966702435564,5.206664794970876
1330,6.65,4.1982294114900505,5.203758429034237,4.701171927901765
1331,6.655,3.5168945200161077,4.729362225299678,4.172844805232712
1332,6.66,2.7760052432479343,4.179530332596724,3.643129852757527
1333,6.665,1.996204378789911,3.5596274698593717,3.127387178392829
1334,6.67,1.2108183404717807,2.87967497423491,2.6290836069659806
1335,6.675,0.4686710103622331,2.1574393660469786,2.1443665197752706
1336,6.68,-0.1681959918375808,1.4225980636210647,1.6734327907244153
1337,6.6850000000000005,-0.6369782412740783,0.7210762382969715,1.228544546451154
1338,6.69,-0.8964649830943162,0.11636515589285601,0.8382135457563891
1339,6.695,-0.9467614848971652,-0.31861328591320603,0.5488878292532551
1340,6.7,-0.8298017872206138,-0.5251956277468652,0.4121758591584408
1341,6.705,-0.6101883757736243,-0.49193004691584097,0.4514183645058196
1342,6.71,-0.3526375911673842,-0.2708156215691071,0.6346742380254184
1343,6.715,-0.1090583003668557,0.0441564680413693,0.8887059383685996
1344,6.72,0.084035803919938,0.3591237669629894,1.1384828799153195
1345,6.7250000000000005,0.2028105315429962,0.6084547675737193,1.3327869185885173
1346,6.73,0.2322062246931287,0.7586846690126592,1.4455920441798087
1347,6.735,0.1626555929367988,0.8002796301032271,1.4666681935414485
1348,6.74,-0.0121565139852043,0.7379618667208812,1.3934346209903339
1349,6.745,-0.2965627960957324,0.5823349643739553,1.22602958341247
1350,6.75,-0.6933145854702791,0.34281320861417,0.9640196929516178
1351,6.755,-1.203047504936304,0.023105352886492625,0.6060986186159054
1352,6.76,-1.8224529092298964,-0.37919325091678235,0.15301303004818578
1353,6.765000000000001,-2.540386282294795,-0.8694565128496787,-0.390309800623859
1354,6.7700000000000005,-3.3307498451393114,-1.4514375022929915,-1.0155030402761467
1355,6.775,-4.141418722415064,-2.12223995897502,-1.7108433518736668
1356,6.78,-4.882331231380651,-2.8657568244111777,-2.4574235180322512
1357,6.785,-5.426778469072971,-3.6424396255640055,-3.2202207659583806
1358,6.79,-5.649916739660156,-4.374719710418065,-3.932231896422765
1359,6.795,-5.500775909843276,-4.935208713685437,-4.478153566970072
1360,6.8,-5.03983503186483,-5.163379161104311,-4.707083866765002
1361,6.805,-4.394465768001527,-4.945124677365017,-4.5082462106536045
1362,6.8100000000000005,-3.688013687937168,-4.3208238089993305,-3.9120027302719507
1363,6.815,-3.0056011806144904,-3.484396532957275,-3.0904442273810133
1364,6.82,-2.395061336057838,-2.64771480231705,-2.23663519572382
1365,6.825,-1.8790369995640297,-1.9376175747785584,-1.4718422034955925
1366,6.83,-1.465556143374836,-1.3974895419404305,-0.845778157800531
1367,6.835,-1.154600267247611,-1.0240297213948848,-0.3697879646303903
1368,6.84,-0.9415286450007704,-0.7910162973703807,-0.03971342214827889
1369,6.845,-0.8185158570053206,-0.6610544666668314,0.15440499664043106
1370,6.8500000000000005,-0.7747909690129351,-0.5969591700316368,0.22493702151875627
1371,6.855,-0.7961586722133202,-0.5736252815210232,0.18564485170722111
1372,6.86,-0.8641685639485992,-0.5816475025806502,0.05191655770795567
1373,6.865,-0.955383578687196,-0.6195187934246498,-0.1582064063462303
1374,6.87,-1.0414415635957743,-0.6830387299266274,-0.42269691644863094
1375,6.875,-1.090831094095693,-0.759594204313415,-0.714310242123708
1376,6.88,-1.0730966461711695,-0.8273629245323377,-0.9999435693727392
1377,6.885,-0.9650706292102488,-0.8575066961798754,-1.241445072687391
1378,6.890000000000001,-0.7569283107615541,-0.8189900580969791,-1.3988830111544504
1379,6.8950000000000005,-0.4549222857687754,-0.6861475638415264,-1.4366519514125597
1380,6.9,-0.0791365875086043,-0.4473985383385788,-1.3313646272338469
1381,6.905,0.3423803437678201,-0.11102009437086213,-1.0788371130707075
1382,6.91,0.7799908700295198,0.2961139764383569,-0.6967277293914167
1383,6.915,1.206959135899207,0.7367884230837429,-0.22084647224328258
1384,6.92,1.601463918505036,1.1739200947158692,0.303288850271219
1385,6.925,1.9467571853689083,1.5780267666827132,0.8292096596552927
1386,6.93,2.230362509225958,1.9298417384677897,1.3151393853308995
1387,6.9350000000000005,2.4429712622595607,2.2192428093117003,1.7270845071492622
1388,6.94,2.577380640708503,2.442397871813219,2.041486546841359
1389,6.945,2.6275989236427533,2.598520445075779,2.246710226895724
1390,6.95,2.588131146931806,2.687112819771398,2.3410162661448433
1391,6.955,2.4534165518711166,2.706232492434082,2.327782215063098
1392,6.96,2.217386416899902,2.6518949806891805,2.2117180599157065
1393,6.965,1.873133086518778,2.5182732897293065,1.9975571351930022
1394,6.97,1.4127331773613725,2.298165103749977,1.6896656973736226
1395,6.9750000000000005,0.8273816785215081,1.9833518859735872,1.291388031729975
1396,6.98,0.1082530974233508,1.5647643075048014,0.8043285418306736
1397,6.985,-0.7508891951321616,1.032613079217005,0.228069330643196
1398,6.99,-1.7469400564590385,0.37686326304387574,-0.4395826263852758
1399,6.995,-2.8514374360872714,-0.41118189615106715,-1.2014534232290197
1400,7.0,-3.977302368082846,-1.3344921985716516,-2.057157757254405
1401,7.005,-4.93068972235628,-2.379274607769343,-2.9929048015185717
1402,7.01,-5.413131234017783,-3.489354632999248,-3.9584683763021307
1403,7.015000000000001,-5.20402348621597,-4.515164996775862,-4.822127505331142
1404,7.0200000000000005,-4.39099633789127,-5.151240147035002,-5.3152538105216305
1405,7.025,-3.2707299495537976,-4.995147596197938,-5.08393294558031
1406,7.03,-2.0962460415875155,-3.9260574461412663,-4.024397930132999
1407,7.035,-1.0003766721120764,-2.384811944805228,-2.5320055035683193
1408,7.04,-0.0346719204225043,-0.9164301677943403,-1.0945454334472364
1409,7.045,0.7878226030985866,0.2523716661922295,0.08580917209930128
1410,7.05,1.469270957253386,1.110270651258996,1.002762465041645
1411,7.055,2.0166764716290624,1.7018536358219913,1.7002363760196553
1412,7.0600000000000005,2.437649675050759,2.0813658589826654,2.2192271937430452
1413,7.065,2.7388023683682188,2.316457756855119,2.588594269940563
1414,7.07,2.925215932002689,2.481449982276793,2.8269716376515666
1415,7.075,3.0003323774839474,2.625452186410561,2.9459615585933805
1416,7.08,2.966004978520544,2.7486288777226195,2.9528224307688484
1417,7.085,2.8226167165818787,2.8213535442713567,2.852435255674854
1418,7.09,2.569263844783495,2.8161730093855604,2.6486278938636603
1419,7.095,2.2040744917360016,2.7173292230041635,2.345206201841407
1420,7.1000000000000005,1.7248351830819009,2.5168707339147316,1.9468674412928024
1421,7.105,1.1302891868036622,2.2102654121035594,1.4597969398580313
1422,7.11,0.422840796564694,1.7943123699614492,0.8919394675695131
1423,7.115,-0.3859380094834108,1.2669405669630658,0.254028770147829
1424,7.12,-1.2647335878503785,0.6287229737366058,-0.43756816564284673
1425,7.125,-2.144868798613307,-0.1131603699443664,-1.1578800403808662
1426,7.13,-2.90062384468197,-0.9366093846895147,-1.872474162186598
1427,7.135,-3.355067643346933,-1.7888899392940658,-2.533142949975425
1428,7.140000000000001,-3.355744023916593,-2.562006246577961,-3.0587877177195333
1429,7.1450000000000005,-2.888594484233323,-3.071822944466054,-3.3099725386856935
1430,7.15,-2.0894447436638277,-3.092771981205167,-3.1126524575498014
1431,7.155,-1.1360674947004092,-2.50981782794842,-2.3911166108501876
1432,7.16,-0.1610517181165141,-1.4729647574157454,-1.3002569340546843
1433,7.165,0.7621130607431346,-0.29609222767854515,-0.12647679819699764
1434,7.17,1.600735560507668,0.7830721554120998,0.9281399046466152
1435,7.175,2.344401060960821,1.6729934608438244,1.7976511099944834
1436,7.18,2.9934919486139173,2.367752439170008,2.487198831313911
1437,7.1850000000000005,3.553172256787467,2.8955632634357835,3.0229517485539645
1438,7.19,4.030471912685491,3.3008356749628405,3.4332275915003034
1439,7.195,4.432947183491056,3.635174226441011,3.742285416383459
1440,7.2,4.768103764996742,3.941394503572465,3.9684399793219782
1441,7.205,5.043174336124111,4.238061226799793,4.124975498408701
1442,7.21,5.265049077989237,4.520849740594912,4.222434464402457
1443,7.215,5.440259328077167,4.777683916321286,4.269579159371777
1444,7.22,5.574964724406547,5.0000204239040675,4.273826014867408
1445,7.225,5.674920158510864,5.185068246037215,4.244002941361796
1446,7.23,5.74541394707191,5.33405376027373,4.1934763839139295
1447,7.235,5.791179099481307,5.450275210022333,4.139416165587916
1448,7.24,5.816287874481692,5.537826493299473,4.099275923329663
1449,7.245,5.824046310223576,5.600858032044849,4.088307597918122
1450,7.25,5.816909272401807,5.643144431858315,4.117507551186883
1451,7.255,5.796436748927035,5.667818690075705,4.191009723909985
1452,7.26,5.763308185771022,5.677210796202041,4.305486343073946
1453,7.265000000000001,5.717404338263147,5.672771540582863,4.452201090033416
1454,7.27,5.657957312288923,5.6550795898380395,4.61727156978798
1455,7.275,5.583761647250554,5.623931520035487,4.781240006284074
1456,7.28,5.493434481863949,5.578508297705682,4.921557088302679
1457,7.285,5.385711825826782,5.517603862065453,5.017425769672641
1458,7.29,5.259769932519443,5.439896542096549,5.055723722232275
1459,7.295,5.1155635321453605,5.344244276646279,5.0343172984134466
1460,7.3,4.954173091872926,5.229989566605767,4.959165928224228
1461,7.305,4.7781476762112725,5.0972670879520825,4.8387446789196416
1462,7.31,4.591814818099701,4.947311904392083,4.68179427535759
1463,7.315,4.401501892797919,4.782764775014827,4.497958463827438
1464,7.32,4.215577077428424,4.607958904214389,4.298162284143287
1465,7.325,4.044184124193971,4.429146388139091,4.0941158202158086
1466,7.33,3.898540913843665,4.25458244069276,3.8978816839542643
1467,7.335,3.789735870171653,4.094339016209394,3.721845332068594
1468,7.34,3.727115123540212,3.9596898631501887,3.578310494500154
1469,7.345,3.716575485812073,3.8619396135901227,3.47846015312319
1470,7.35,3.759247123907681,3.8107108150460833,3.4315746908287004
1471,7.355,3.851017239694446,3.811965716879358,3.4445270525283647
1472,7.36,3.983067584972157,3.8663278852963208,3.520368451258058
1473,7.365,4.143216356919201,3.9683712331688854,3.6561069259029964
1474,7.37,4.31759959289453,4.107278767816227,3.8414468281855045
1475,7.375,4.492222115780696,4.268710448756009,4.059453507412168
1476,7.38,4.654091516839597,4.437208301812135,4.289035496171119
1477,7.385,4.79187030399841,4.598341175004056,4.509089712000041
1478,7.390000000000001,4.896132997254908,4.740066158857979,4.702790424230184
1479,7.395,4.959373755203599,4.853200133705897,4.858988373584424
1480,7.4,4.975905795902291,4.931203525257771,4.970540867550127
1481,7.405,4.941764760469968,4.96960256362603,5.032650460784251
1482,7.41,4.854699518264802,4.965362720248072,5.042378148081572
1483,7.415,4.714315741119501,4.916440897577228,4.998504710343519
1484,7.42,4.522429033927785,4.82163565612147,4.901417529948418
1485,7.425,4.2836763514205165,4.680761694464333,4.7531499696363175
1486,7.43,4.006407308774664,4.495125207282921,4.557626969015301
1487,7.435,3.703795257206443,4.268273591968118,4.321124916592997
1488,7.44,3.3949193327153617,4.007007782042393,4.052959523488776
1489,7.445,3.105233846623473,3.7226266395677685,3.766386552349808
1490,7.45,2.865440377302786,3.43225354635514,3.4795850228274414
1491,7.455,2.7076895931294325,3.159803406694387,3.21633426468412
1492,7.46,2.6589332654592983,2.9356647633364057,3.005574886769316
1493,7.465,2.7333387557755118,2.7937131699729467,2.878642740104883
1494,7.47,2.927528709221292,2.764542995908895,2.8632016073453204
1495,7.475,3.221571529306337,2.865780105754374,2.974639846166779
1496,7.48,3.5850672498979623,3.0937258325625443,3.208690288144145
1497,7.485,3.9847390759995274,3.4221374286389947,3.540408624653347
1498,7.49,4.390184992125486,3.810141187618888,3.931260160960481
1499,7.495,4.776646226686979,4.214641399896239,4.340160712262657
1500,7.5,5.125406959587844,4.600260126249523,4.732249093090594
1501,7.505,5.422937744910038,4.943464132861833,5.082453436191901
1502,7.51,5.659637437706144,5.231879512428781,5.374911996100576
1503,7.515000000000001,5.828624413931394,5.4611932227644395,5.600635526315666
1504,7.52,5.92474037131142,5.631421118147349,5.755097323683522
1505,7.525,5.943782441113473,5.743590254624627,5.8364112031149205
1506,7.53,5.881922237547828,5.797514398575544,5.844149724001383
1507,7.535,5.735257775671322,5.790931326787123,5.778640052171577
1508,7.54,5.499448849068638,5.719708477887062,5.640553406371401
1509,7.545,5.169396104216554,5.578479799492133,5.430641342131489
1510,7.55,4.73893494824049,5.361174369016917,5.149511377728548
1511,7.555,4.2005294279096255,5.061219894477152,4.797361863080087
1512,7.56,3.544976631589696,4.671449333381366,4.373613706844966
1513,7.565,2.761190818344344,4.183821207965032,3.876390841368554
1514,7.57,1.8362846918309503,3.5890569387171376,3.301827786320673
1515,7.575,0.756550873924219,2.8762909866558894,2.6432576687606644
1516,7.58,-0.4890442073581991,2.032889902869122,1.8905046463077384
1517,7.585,-1.898678981739749,1.0448206543372156,1.029813777712007
1518,7.59,-3.4310029510075783,-0.10142465365757758,0.045527208360044646
1519,7.595,-4.946398879318117,-1.412680983517208,-1.074015806306912
1520,7.6,-6.132413138845959,-2.8718862247970414,-2.320301016848137
1521,7.605,-6.585348373402504,-4.394116996254699,-3.624355615999516
1522,7.61,-6.201306480170214,-5.734565554680236,-4.773441594374157
1523,7.615,-5.314808834283832,-6.39964475413214,-5.3302068596927725
1524,7.62,-4.3130691290800165,-5.900578709806846,-4.856492686204016
1525,7.625,-3.409534253707624,-4.478273582123091,-3.558634963727606
1526,7.63,-2.685117908967797,-2.9652612505248648,-2.1695107304689403
1527,7.635,-2.1616062160749614,-1.8333366297661229,-1.1038592529598352
1528,7.640000000000001,-1.8406149149336968,-1.1286259676116632,-0.3964603820494883
1529,7.645,-1.7195335865489123,-0.7883913200247203,0.01813271504860392
1530,7.65,-1.797422986388114,-0.7533605449924119,0.1975768625960992
1531,7.655,-2.0767777550937456,-0.9613215941398723,0.17639391709897811
1532,7.66,-2.562916143463328,-1.3312849718179622,-0.029220191683172914
1533,7.665,-3.260023295045229,-1.7905294980578441,-0.4155261325221913
1534,7.67,-4.159047417497891,-2.324768667869198,-0.9865262524621405
1535,7.675,-5.204959893303895,-2.979013631120872,-1.749052080669638
1536,7.68,-6.223171636156485,-3.79953717603947,-2.7046788769964767
1537,7.685,-6.833146387937439,-4.786801275396876,-3.830392883896897
1538,7.69,-6.591873205449771,-5.845484629064806,-5.029203977403002
1539,7.695,-5.480008715999681,-6.676452284152546,-6.02566576836208
1540,7.7,-3.9252346394933992,-6.684161317561477,-6.278352998951769
1541,7.705,-2.314767495763851,-5.373752018533397,-5.329952553130392
1542,7.71,-0.8278210278480849,-3.2062937774099467,-3.566992588587432
1543,7.715,0.4822154763051375,-1.1182665230088702,-1.7955393969075413
1544,7.72,1.6117544333058678,0.5166997395019699,-0.32185450087137024
1545,7.725,2.57270799336108,1.7252577006910967,0.8959576151202664
1546,7.73,3.37985494754925,2.5940522798162946,1.9359376092460279
1547,7.735,4.046683902683042,3.1932598226697895,2.8369650937793414
1548,7.74,4.584270152855162,3.601494224246219,3.6072508795616836
1549,7.745,5.001168646096662,3.920635935808146,4.235845135381577
1550,7.75,5.3035954134218,4.2368641323769625,4.700378599108498
1551,7.755,5.495638673391385,4.564577781058038,4.984273631191429
1552,7.76,5.579408857150692,4.859598246611492,5.092507067375488
1553,7.765000000000001,5.5550937646120975,5.0800853978774105,5.046146068613581
1554,7.77,5.420899176623043,5.2057682930094575,4.8639137639207135
1555,7.775,5.172850343444473,5.228894802980972,4.55908281750781
1556,7.78,4.804412381602706,5.145783431381531,4.1460097715828415
1557,7.785,4.305855768463803,4.952832397160905,3.641249836937978
1558,7.79,3.663237639262123,4.64475040968935,3.060620082497451
1559,7.795,2.8567707107362845,4.213507360501949,2.41891390460303
1560,7.8,1.8581709643817943,3.6473046817209114,1.7326646665552574
1561,7.805000000000001,0.626245904207313,2.9291601023387,1.0142138173555617
1562,7.81,-0.9005536862170666,2.034700435639057,0.25227230929388345
1563,7.815,-2.8162261861954034,0.9285449754248587,-0.6008179000724665
1564,7.82,-5.260520329661597,-0.4417974066062369,-1.6219657315069815
1565,7.825,-8.370573888451045,-2.156332387125893,-2.911777766418422
1566,7.83,-11.609207420590533,-4.339172603526405,-4.613005261103355
1567,7.835,-11.774205563941631,-7.172355444204708,-6.9251706464498906
1568,7.84,-8.81955250421096,-10.78022242067572,-9.987447612850577
1569,7.845,-5.974803820191646,-13.889178706344298,-12.674092640865352
1570,7.85,-3.801484471195649,-10.442393842932852,-9.58290932274876
1571,7.855,-2.166384219338513,-3.874169411057599,-3.718942397846403
1572,7.86,-0.931660978513858,-0.9416015149742991,-1.0704967432338544
1573,7.865,-0.0056089608904124,0.5524728643923034,0.30347894512064766
1574,7.87,0.6704189135724457,1.397649745472651,1.1209441746566502
1575,7.875,1.134033711716278,1.8403101368552166,1.6451265818636922
1576,7.88,1.409136150160587,1.8522972864757694,1.9739733947448626
1577,7.885,1.5101330654470166,1.4894950932002877,2.1486479796724005
1578,7.890000000000001,1.4443145102463544,1.0378760947739654,2.186414601746406
1579,7.895,1.2131220032307153,0.8859733183182019,2.0881097972949787
1580,7.9,0.812723486785941,0.9731723654332121,1.845826600562305
1581,7.905,0.2341924965927306,0.9317412681458621,1.4544369847231722
1582,7.91,-0.5363009713816262,0.6902543886539316,0.9119995578227069
1583,7.915,-1.5162767938849162,0.25009478827563925,0.21360190219933806
1584,7.92,-2.7216687279496554,-0.39022246393816395,-0.6509352717960866
1585,7.925,-4.148187144450483,-1.2406825773491246,-1.6938118876521537
1586,7.930000000000001,-5.7136854655993865,-2.3162303351427473,-2.9290824824619195
1587,7.935,-7.12157262171633,-3.6259596119789954,-4.371857102125363
1588,7.94,-7.763690199851948,-5.139558808838148,-5.993722392640954
1589,7.945,-7.2165051951354755,-6.688057398153587,-7.593931327414149
1590,7.95,-5.868758245943617,-7.744466785087891,-8.597611819131778
1591,7.955,-4.3391651097446,-7.374612555535231,-8.109473564167581
1592,7.96,-2.940797947066913,-5.377108970187203,-5.994794376724602
1593,7.965,-1.7631649345774931,-3.0454105335006574,-3.495566499256265
1594,7.97,-0.812891758658141,-1.279480606222406,-1.435044447777627
1595,7.975,-0.0745371588428157,-0.09917554025143449,0.12620508077657533
1596,7.98,0.4696513313051862,0.6401584180743933,1.2089628301734066
1597,7.985,0.8342401509643433,1.033621769682218,1.8238529523466904
1598,7.99,1.0295806857258238,1.1513389507939213,2.0988360204402428
1599,7.995,1.0621382294755293,1.0965575542175432,2.1946439591732934
1600,8.0,0.9353380288148831,0.9939789226209306,2.1170342208726773
1601,8.005,0.650968642619849,0.9078002413803836,1.8547002458501716
1602,8.01,0.2118001018512181,0.7928201003890614,1.4262757628282827
1603,8.015,-0.373037778240722,0.5768882889493323,0.8555655370398423
1604,8.02,-1.0768947230791366,0.2229675918833145,0.16027215059852473
1605,8.025,-1.8343058451880316,-0.27673096069755143,-0.6601129741179257
1606,8.03,-2.510105153313394,-0.9081803179332715,-1.5864148812691923
1607,8.035,-2.8883416666959016,-1.6251923129935415,-2.5519358920089026
1608,8.040000000000001,-2.75582805491114,-2.3200272574656013,-3.457242218000978
1609,8.045,-2.073018995736314,-2.7839642785185346,-4.132433941236844
1610,8.05,-1.0121741965940736,-2.7194984203607886,-4.290180853804225
1611,8.055,0.1991012899174952,-1.9275265850837142,-3.680376494485012
1612,8.06,1.4013823640203822,-0.5719427965451285,-2.3971176996178674
1613,8.065,2.5139121956607333,0.9278086418297806,-0.8060363942083608
1614,8.07,3.504588394639665,2.266301827126125,0.794796303680684
1615,8.075,4.365022615910159,3.346724768743327,2.2559807194451187
1616,8.08,5.096823424979049,4.175613482697441,3.475711268616752
1617,8.085,5.705062884391715,4.790491973888925,4.4239819481696845
1618,8.09,6.1953630294685,5.242914513619839,5.143862111163351
1619,8.095,6.572656454132248,5.593696235592503,5.649554785865054
1620,8.1,6.840688097401056,5.894393101801324,5.968238142631564
1621,8.105,7.001829418883255,6.164486682525828,6.1359265155810405
1622,8.11,7.057010937430718,6.391410580076246,6.168910249676539
1623,8.115,7.005688080948333,6.552366791958088,6.079095954480775
1624,8.120000000000001,6.845809885132562,6.629864479281213,5.8811331760448144
1625,8.125,6.573796911643756,6.613487923444671,5.58976402223244
1626,8.13,6.184579396700166,6.49679517058543,5.216125101003296
1627,8.135,5.671831612653219,6.274628309888856,4.768816676023219
1628,8.14,5.028727337524195,5.941625503714756,4.257508937309568
1629,8.145,4.249974459713815,5.491617663699601,3.690999013295457
1630,8.15,3.3368581017370325,4.917756608073434,3.074707891301229
1631,8.155,2.30898150966146,4.213688779441336,2.4148029983403583
1632,8.16,1.2289984972685228,3.376882858361318,1.7208177312529735
1633,8.165000000000001,0.2430273537356546,2.416802044146374,1.0033815163331328
1634,8.17,-0.3968967997642465,1.3736114788448055,0.28470805935835486
1635,8.175,-0.4345776035356549,0.35632192978598987,-0.3636505683292137
1636,8.18,0.1632092241126157,-0.40115129594409105,-0.7691620596373019
1637,8.185,1.1703627162838257,-0.5390286941569071,-0.6525135799884358
1638,8.19,2.319010550861196,0.19061496212998819,0.180800627817451
1639,8.195,3.4398906371644946,1.5620755852849242,1.5360795903130162
1640,8.2,4.456280030783649,3.0482990521065814,2.9655158857643222
1641,8.205,5.342255495373615,4.31529766355108,4.187706279251382
1642,8.21,6.0942962871542665,5.287390069922566,5.147484071751124
1643,8.215,6.717322144833996,5.990337449858931,5.879637153123793
1644,8.22,7.218607104658189,6.471496865843742,6.43059324341106
1645,8.225,7.605302125213964,6.79012444267443,6.836551019484784
1646,8.23,7.883509518221476,7.016587195957295,7.121527733757507
1647,8.235,8.058000578349535,7.209885794040669,7.300438122526737
1648,8.24,8.132186873344597,7.3888438131833905,7.382210141727899
1649,8.245000000000001,8.108182388601813,7.5346104379924945,7.371765059636637
1650,8.25,7.986894311990583,7.620120051813076,7.272349794418405
1651,8.255,7.768129298179538,7.6274352459418076,7.088589350187886
1652,8.26,7.450734293928928,7.547635758185471,6.827909440602971
1653,8.265,7.032826703029964,7.376473760318367,6.499184203854811
1654,8.27,6.512227048246998,7.111413513799947,6.110528598913
1655,8.275,5.887316456754328,6.750276627295023,5.668183297583744
1656,8.28,5.158747297894092,6.290885528904651,5.1776415738643005
1657,8.285,4.332799777568848,5.731419373124011,4.6469474957914745
1658,8.290000000000001,3.427702666894088,5.071594204556671,4.087895364225775
1659,8.295,2.484492420411057,4.31520664843183,3.5108269589442473
1660,8.3,1.5819406868297448,3.47515944451404,2.920398653505836
1661,8.305,0.8457375033180287,2.582788711505373,2.32482060810474
1662,8.31,0.4248725762740439,1.703256321691811,1.7566820396043128
1663,8.315,0.4160213180124122,0.9542232392802164,1.293443760184235
1664,8.32,0.7920280641395947,0.5078651206682849,1.0632677268823998
1665,8.325,1.4241344750922598,0.5308304758276279,1.2008796665493309
1666,8.33,2.1678072451971886,1.052205598694528,1.736483509034204
1667,8.335,2.9179351032665286,1.8974850905039635,2.5304894306792964
1668,8.34,3.614748632217468,2.8141617038563385,3.3731099489296215
1669,8.345,4.230059368085728,3.629631850322085,4.121520291265471
1670,8.35,4.753686400746944,4.277906733912502,4.725808185327429
1671,8.355,5.184731052684727,4.755430481733756,5.188303390859017
1672,8.36,5.526787122601116,5.087175941102427,5.527861728272332
1673,8.365,5.785514774518913,5.312338144415667,5.763646660104161
1674,8.370000000000001,5.9674879030620165,5.473427771498814,5.911110545325953
1675,8.375,6.079693126629423,5.60192178554683,5.981929485160766
1676,8.38,6.129345989162548,5.70904541199527,5.984344411555462
1677,8.385,6.123843202063347,5.790414765536521,5.925241622066029
1678,8.39,6.070746371276533,5.837796382928103,5.8137540207146685
1679,8.395,5.977730351596512,5.846457955672968,5.662636549424694
1680,8.4,5.852450610824032,5.816403195838081,5.486169229862888
1681,8.405,5.702302622337915,5.7510864206201875,5.297584022298764
1682,8.41,5.534070729724611,5.655921831350251,5.107595137853155
1683,8.415000000000001,5.353496941961127,5.537142341737723,4.924209615660719
1684,8.42,5.1648373704619335,5.40093273193528,4.755300707645969
1685,8.425,4.970504099684375,5.252705827725091,4.612150979208848
1686,8.43,4.770899417382156,5.096478238561483,4.506855385385945
1687,8.435,4.564530381665358,4.934390682720504,4.443886540631912
1688,8.44,4.348451957107434,4.7664677094132815,4.4158451285780185
1689,8.445,4.119047295705048,4.590710735936057,4.4058855222286475
1690,8.45,3.873137189396862,4.403573162142987,4.391909473677632
1691,8.455,3.609426373438562,4.200804542122635,4.350482492379537
1692,8.46,3.3303236342122755,3.978611266112897,4.261838935753959
1693,8.465,3.044156531176479,3.7350913965740054,4.115477838909755
1694,8.47,2.7676237372752004,3.4719561778050982,3.912875920254902
1695,8.475,2.5278189095411467,3.196601409140521,3.6660102911273387
1696,8.48,2.362239629403809,2.9245342007714403,3.3954782169999405
1697,8.485,2.3143543662222363,2.6818155834239894,3.1312810964231286
1698,8.49,2.4231674711082194,2.5063216258143166,2.914125728314427
1699,8.495000000000001,2.70944399102041,2.445278723998159,2.7931031167566305
1700,8.5,3.1664151639296314,2.5458083157032387,2.8167303167318414
1701,8.505,3.761821454878675,2.8379717525698775,3.0175261890725316
1702,8.51,4.4496306601970845,3.3176691867355,3.396706340439418
1703,8.515,5.18320292966569,3.9428689612037386,3.920562149260779
1704,8.52,5.923566381664235,4.648963827482796,4.533896925280217
1705,8.525,6.641983022229887,5.372246936513357,5.181243486927228
1706,8.53,7.319019480178467,6.065885928677048,5.82135191886253
1707,8.535,7.942369421750794,6.703674159832267,6.429642149752982
1708,8.540000000000001,8.504679628789935,7.276296008757921,6.993219052833752
1709,8.545,9.001825854518273,7.785326535035597,7.50475132548679
1710,8.55,9.431682634613203,8.237294509141798,7.9583596534864895
1711,8.555,9.793293149891689,8.638744345071931,8.348290895188816
1712,8.56,10.086326120152036,8.99321534178545,8.670041551568263
1713,8.565,10.31072689060412,9.300629975826517,8.922039947120304
1714,8.57,10.46649634811036,9.558434293640987,9.105666180063402
1715,8.575000000000001,10.553553673139607,9.763166478689996,9.22398356556267
1716,8.58,10.57165563331726,9.911533151428717,9.280938553473064
1717,8.585,10.520357397269937,10.000829375831717,9.28122488928993
1718,8.59,10.399009557234429,10.028937940590385,9.230161160221002
1719,8.595,10.206795123863497,9.994166373976633,9.13335258375059
1720,8.6,9.942820757534134,9.89507473442368,8.996120356936615
1721,8.605,9.606290926200154,9.730360350002947,8.82267508157184
1722,8.61,9.196815313598126,9.498825586131375,8.615146805081334
1723,8.615,8.714932746642411,9.199448392264564,8.372826333247653
1724,8.620000000000001,8.162982715641343,8.83158950496421,8.092068995726805
1725,8.625,7.5465152102595665,8.39539970635019,7.767119049173324
1726,8.63,6.87647281726178,7.892536374775423,7.391825294519975
1727,8.635,6.172305948662823,7.327362065658897,6.962119184841626
1728,8.64,5.465740325008705,6.708868300184767,6.479172196581525
1729,8.645,4.803679506330288,6.05358951666593,5.953109142621736
1730,8.65,4.246569142315427,5.3895691699184765,5.406985316320367
1731,8.655,3.8572765003795735,4.7605995460084545,4.880289275177532
1732,8.66,3.679969776632861,4.227876738887856,4.429777594527132
1733,8.665000000000001,3.7199841497487047,3.863110582441955,4.122744590886098
1734,8.67,3.9410883255175335,3.7269004406587203,4.017332781314665
1735,8.675,4.282702367485102,3.8368677627388275,4.133739688504855
1736,8.68,4.682319577419665,4.149158458157807,4.437206686863686
1737,8.685,5.0894640526715484,4.5756500633867585,4.852720458386717
1738,8.69,5.469310104964185,5.024356885911818,5.300434281370486
1739,8.695,5.800566235146112,5.429315860244867,5.7217650497355095
1740,8.700000000000001,6.071841729335327,5.756854908627723,6.0843114120767225
1741,8.705,6.278484729252655,5.998485552983765,6.374794768933034
1742,8.71,6.420392029206061,6.161535018739409,6.590667825279427
1743,8.715,6.50069264809901,6.260925065013518,6.73441281467017
1744,8.72,6.525065231815223,6.312199528601517,6.810539860082249
1745,8.725,6.5014590577780575,6.3268337111475095,6.824400697640538
1746,8.73,6.440017236245943,6.31130211003539,6.782126169102806
1747,8.735,6.353008028247469,6.2693979534200315,6.691237856230649
1748,8.74,6.254558353360995,6.205404760833575,6.561548935484984
1749,8.745000000000001,6.15998243900429,6.126184196608476,6.405926796865219
1750,8.75,6.084559670882083,6.041763245393105,6.240519731641594
1751,8.755,6.041788319931677,5.964756741378343,6.084220339958322
1752,8.76,6.0414164610425525,5.908931862473315,5.957292630840188
1753,8.765,6.087804666573616,5.887095095456777,5.879127519400611
1754,8.77,6.179207244013892,5.908603856735386,5.8651982468518975
1755,8.775,6.3082645543137525,5.977116067909593,5.923710170123403
1756,8.78,6.463520017418479,6.089393631509854,6.053052504548734
1757,8.785,6.631416123436843,6.2357528743660104,6.241316479641422
1758,8.790000000000001,6.798181376283996,6.402090892666892,6.468330293577443
1759,8.795,6.951238576551287,6.57272107214664,6.70941292774214
1760,8.8,7.080047185263503,6.733011433857843,6.939517649960017
1761,8.805,7.176487748338984,6.871126699565293,7.1368236331896675
1762,8.81,7.234969652722123,6.978705675148301,7.285246310658761
1763,8.815,7.252432855429576,7.050708965831827,7.375427045373467
1764,8.82,7.228368318470451,7.084833725236267,7.404151431781884
1765,8.825000000000001,7.16492946640512,7.080876212184661,7.37292680872329
1766,8.83,7.067154479461059,7.040317278113825,7.286719239701821
1767,8.835,6.943258677442955,6.966264091752134,7.153275826734902
1768,8.84,6.804875264685278,6.8637408904609165,6.982872955154839
1769,8.845,6.667018478841907,6.740211282548257,6.788263176956755
1770,8.85,6.547445321122762,6.606136558433425,6.5847123825871865
1771,8.855,6.465087423195582,6.475301352630252,6.389967648740278
1772,8.86,6.437444490815741,6.364550338178026,6.223827693130263
1773,8.865,6.477336655963999,6.292522331220586,6.106921879745803
1774,8.870000000000001,6.590004614384597,6.277084654029944,6.0584156939105895
1775,8.875,6.771741217659333,6.331641972499938,6.092682066986764
1776,8.88,7.010682713868276,6.461307093995236,6.215637254658727
1777,8.885,7.289366457374157,6.660591094188956,6.422204161754477
1778,8.89,7.587933774564265,6.914008258631691,6.696388900856515
1779,8.895,7.886876878250717,7.199586665958378,7.014278350111644
1780,8.9,8.168770562728199,7.493709589344995,7.348746432675572
1781,8.905,8.418988220126046,7.775271472970653,7.67402777515886
1782,8.91,8.625693614649629,8.027958372248243,7.968770075985995
1783,8.915000000000001,8.77943856563571,8.240606526404903,8.21711336121328
1784,8.92,8.872612572504437,8.40625217885273,8.40823688535346
1785,8.925,8.898887384998726,8.520600753174755,8.535235145122412
1786,8.93,8.852722599144002,8.58050227578172,8.593978281704238
1787,8.935,8.728954608360686,8.582808535437433,8.582190201841719
1788,8.94,8.522474203771884,8.523751457652232,8.498747841341364
1789,8.945,8.22800150037194,8.398767709245615,8.343155257056303
1790,8.950000000000001,7.839990483839547,8.202578984469422,8.11514553148909
1791,8.955,7.352749340462563,7.929351617282663,7.814372825123387
1792,8.96,6.760974040898994,7.572857547485167,7.440179716141451
1793,8.965,6.061119119384132,7.1266789918408175,6.991468280768952
1794,8.97,5.254475590865844,6.584625756604403,6.466786224720661
1795,8.975,4.353612633359432,5.941713531688576,5.864906666275694
1796,8.98,3.394772905372413,5.196388698813059,5.186516805080192
1797,8.985,2.457867805516827,4.3553443846663775,4.438268401649549
1798,8.99,1.6854903380104562,3.443392881781017,3.6414826198082286
1799,8.995000000000001,1.264559261503493,2.521901089360612,2.8487398164391413
1800,9.0,1.328347096842479,1.7162686047013724,2.1688648151857746
1801,9.005,1.8467688537292684,1.2326983078994531,1.7827488874366755
1802,9.01,2.653337047068886,1.2980873678684253,1.8909555895561048
1803,9.015,3.568481765385316,1.9754661733802212,2.5501702544087284
1804,9.02,4.470566382941959,3.042736552316897,3.564727778599217
1805,9.025,5.2959035254726015,4.169457920523608,4.642610749199896
1806,9.03,6.017052627007176,5.147897169912562,5.600781881263412
1807,9.035,6.625177858160509,5.9134738387677634,6.383602060325956
1808,9.04,7.119894983860213,6.471975050623503,6.995843988838822
1809,9.045,7.504137131219735,6.855757340585107,7.457707232155477
1810,9.05,7.781716329181046,7.110938804399583,7.788240205120191
1811,9.055,7.956222599345468,7.287495091410721,8.001654494745043
1812,9.06,8.030569387560163,7.421165567742115,8.107734376094665
1813,9.065,8.006855396533265,7.520122280744256,8.113187435720327
1814,9.07,7.886397911660138,7.571425976828655,8.022978135026724
1815,9.075,7.669892721116401,7.557664540790922,7.841401376309181
1816,9.08,7.357722606482955,7.466217478992346,7.572948554594019
1817,9.085,6.950501443395488,7.289940744391942,7.223034107663464
1818,9.09,6.450027760965296,7.025262223071724,6.798544633677252
1819,9.095,5.860949204016942,6.670782501496037,6.308283522841247
1820,9.1,5.193605367261604,6.22697113035433,5.763740314072613
1821,9.105,4.468623455790868,5.696974421202665,5.180402870463077
1822,9.11,3.723489004533376,5.0887197287233175,4.578650606303021
1823,9.115,3.0194605285687897,4.41879978535152,3.983210198829618
1824,9.12,2.442516558465589,3.7187220227011997,3.4233125073126356
1825,9.125,2.086849446615973,3.043286042502589,2.9379887065504504
1826,9.13,2.016467043259597,2.477402557980207,2.5850637792824647
1827,9.135,2.2285130288923742,2.1300072281359195,2.4402502704793503
1828,9.14,2.6550855509871027,2.098187578048435,2.5686507063264146
1829,9.145,3.2015346239167264,2.4050845292002037,2.9738649996964273
1830,9.15,3.783613394447584,2.965816097511036,3.5729337333841586
1831,9.155,4.342285922452965,3.632458902122891,4.237524598563757
1832,9.16,4.8419983933798125,4.274109302005141,4.859865127309084
1833,9.165,5.263711575364364,4.815627354761888,5.380880834875872
1834,9.17,5.598555787333811,5.230511203492832,5.781065219501478
1835,9.175,5.843520161482813,5.522035046510133,6.0624174590557836
1836,9.18,5.998908956409435,5.709320861103424,6.235119165500453
1837,9.185,6.067014738780442,5.817046006332422,6.31038485390444
1838,9.19,6.051586562875373,5.865908121449256,6.29787785369116
1839,9.195,5.957843852161091,5.866330718227094,6.205669328779933
1840,9.2,5.79291278043558,5.819003431514125,6.04083463220592
1841,9.205,5.566627990066379,5.720519620261133,5.810399729994414
1842,9.21,5.292636980765137,5.568949483712486,5.523413225852526
1843,9.215,4.989634718954965,5.366861921478035,5.193366888793486
1844,9.22,4.682296732093129,5.122566575730245,4.839135640167856
1845,9.225,4.401080915461058,4.850855817082992,4.484420684490503
1846,9.23,4.1797614466790565,4.573658133941259,4.157074716642528
1847,9.235,4.049933330144442,4.320079912024543,3.8883948763761955
1848,9.24,4.033374078780429,4.124577136000056,3.711385432459954
1849,9.245,4.135460960134826,4.0217726006412216,3.656902192952625
1850,9.25,4.343453035359989,4.037581912116942,3.746307600309753
1851,9.255,4.630754391521322,4.17936595441145,3.981467244039449
1852,9.26,4.964477064266563,4.430852134782477,4.338772680996218
1853,9.265,5.312384890372651,4.756292239825832,4.773557795073731
1854,9.27,5.647010035322281,5.1119860052963935,5.232597242760536
1855,9.275,5.946952452522173,5.458215851487126,5.66729650684877
1856,9.28,6.196419590193932,5.766087890082388,6.042071089334801
1857,9.285,6.384038749067851,6.018655665832332,6.336218333133664
1858,9.29,6.501570472806768,6.208549694936377,6.540792371755357
1859,9.295,6.542795172330484,6.334303680426296,6.653896371183856
1860,9.3,6.502640624544335,6.39670412296984,6.677164514882479
1861,9.305,6.376531359813294,6.395987336626587,6.613856937340407
1862,9.31,6.159920811571713,6.330368239292127,6.467750164199476
1863,9.315,5.847981249168221,6.1958580376916785,6.24234232551947
1864,9.32,5.435464671032582,5.986832153262293,5.940379191311939
1865,9.325,4.916819689392106,5.6967276896169725,5.563692410342515
1866,9.33,4.2867897186595325,5.318545919616468,5.113200625303425
1867,9.335,3.542003226878252,4.845190780051515,4.589094285037286
1868,9.34,2.6846404012283265,4.2699197999336285,3.9914102442586836
1869,9.345,1.7302938629760514,3.5873992915224817,3.3210630485548056
1870,9.35,0.7233461922992421,2.7962464159574254,2.5815815822833006
1871,9.355,-0.2384936300369268,1.9047688340986646,1.7830515474755475
1872,9.36,-0.9843625390423596,0.9430859070788262,0.9517322186483659
1873,9.365,-1.3064142325331185,-0.013862059001696458,0.15012491786357618
1874,9.37,-1.091376808670779,-0.8127766056178745,-0.49229738975044945
1875,9.375,-0.4234410537831662,-1.208678547098473,-0.7650247616460923
1876,9.38,0.4946258497388371,-0.963088563134356,-0.4612564915207704
1877,9.385,1.4819395486213445,-0.07891112995850236,0.41437500341650146
1878,9.39,2.430619152482004,1.1292764372200335,1.5822217709216306
1879,9.395,3.2903751446516583,2.3128725496631266,2.733098477775216
1880,9.4,4.04304664255105,3.300787093968923,3.7166171569996873
1881,9.405,4.685724574872841,4.060767273922742,4.506775700962957
1882,9.41,5.221929267786373,4.615116920903877,5.123296505571085
1883,9.415,5.657430927804219,5.005876435604849,5.5927787713789705
1884,9.42,5.998385608925108,5.287262812148437,5.937300022839041
1885,9.425,6.250565116089986,5.513701980364529,6.173064471083309
1886,9.43,6.4190925410442725,5.718564746072109,6.3116745856461325
1887,9.435,6.508410041291639,5.903825637426727,6.361786218182256
1888,9.44,6.522356006961305,6.053275591615847,6.330542159041659
1889,9.445,6.464301234737962,6.150844767095436,6.224696162110212
1890,9.45,6.337330588689074,6.187388034197342,6.051542090614859
1891,9.455,6.144478110995858,6.159511063203139,5.819655312224874
1892,9.46,5.889039331691375,6.067094580469277,5.539296686844235
1893,9.465,5.574998956995607,5.911711213429906,5.22254400502509
1894,9.47,5.207625631444116,5.69595078496727,4.883624428533989
1895,9.475,4.794293075256545,5.423338727438789,4.5393011015671405
1896,9.48,4.345573242555114,5.098653028345535,4.207478604035401
1897,9.485,3.876578233275618,4.728572964609966,3.902623314026801
1898,9.49,3.408345153500518,4.322659910055063,3.6309615214594095
1899,9.495,2.968701077227125,3.894665988605614,3.3907960748148964
1900,9.5,2.59155631538352,3.4640530996687753,3.178141469064875
1901,9.505,2.313322129393721,3.057308966013946,2.9923222896492403
1902,9.51,2.165929284368333,2.708112293517657,2.8393030414410045
1903,9.515,2.168235386134466,2.4547862742828195,2.7348513667234915
1904,9.52,2.320062951476189,2.333511902261876,2.7046221109728292
1905,9.525,2.6026390282835576,2.367698220729519,2.7747569467125612
1906,9.53,2.985137935982272,2.5578826819300344,2.9559251895683167
1907,9.535,3.433266440762668,2.8791116811510253,3.235237387534325
1908,9.54,3.915859351672301,3.2890495475132693,3.58282819007819
1909,9.545,4.4080493492711845,3.742014149885299,3.9648844491322737
1910,9.55,4.891718494863269,4.200601968131768,4.353206939921876
1911,9.555,5.35454253059781,4.6406149255556475,4.728396593726458
1912,9.56,5.788620634097663,5.050384627785495,5.079056027453564
1913,9.565,6.189199757469522,5.427359640959365,5.399557698800167
1914,9.57,6.5536689258451775,5.774007785154453,5.687423896274802
1915,9.575,6.880834315760861,6.09416363090135,5.941747937839242
1916,9.58,7.1704265715484965,6.390570181097468,6.16360812505005
1917,9.585,7.422781982656579,6.663968462514881,6.356765969026272
1918,9.59,7.638647394737459,6.913451746097136,6.5265365880539505
1919,9.595,7.819070853991262,7.137362118622574,6.677514189314127
1920,9.6,7.965350747308326,7.3340954342445945,6.8119287231784265
1921,9.605,8.079024252161883,7.50256220880327,6.9291422687956015
1922,9.61,8.16188131697474,7.642347084719679,7.026913082366262
1923,9.615,8.215993598372947,7.753702001203596,7.104645069220269
1924,9.62,8.243749245788944,7.837481792579594,7.165724563111782
1925,9.625,8.247884554671073,7.895079150542643,7.215884614867585
1926,9.63,8.231502721365798,7.928377886375751,7.26008138708465
1927,9.635,8.198068752873782,7.9397230236509895,7.301154503910688
1928,9.64,8.151368762970838,7.931897022862988,7.3397959843144704
1929,9.645,8.095422444114629,7.908087663423055,7.374882979749963
1930,9.65,8.03434063121492,7.871831883868916,7.404149122786375
1931,9.655,7.972126569364971,7.8269205355261136,7.425119227662519
1932,9.66,7.912429946332296,7.777252179052134,7.436048229981769
1933,9.665,7.858275601405423,7.7266308655320985,7.436583531694687
1934,9.67,7.811800847525726,7.678513979838881,7.427932972546633
1935,9.675,7.774042045899003,7.635730899885872,7.412507731238587
1936,9.68,7.744808458342808,7.6002083546484025,7.393241765767928
1937,9.685,7.722668280303443,7.572748648658802,7.372877881369279
1938,9.69,7.705051115815563,7.552906542829984,7.353414364666715
1939,9.695,7.688449371636442,7.538996293795449,7.335770379057004
1940,9.7,7.66868505108984,7.528234361968753,7.319662850483548
1941,9.705,7.641202516603411,7.516993607345747,7.303671286528683
1942,9.71,7.601352068101992,7.501121944207471,7.285450913379341
1943,9.715,7.544640323182081,7.476270278713017,7.262037658709857
1944,9.72,7.466936787395786,7.438182526684065,7.230184856928281
1945,9.725,7.364637852442644,7.382919660755293,7.186670952842279
1946,9.73,7.234797690704445,7.307012075348865,7.128514971358952
1947,9.735,7.075239675947241,7.20755298706313,7.053060753621503
1948,9.74,6.884662494386895,7.082256245165032,6.957957519043631
1949,9.745,6.662752573994451,6.929504403286211,6.841132255380474
1950,9.75,6.41030898155713,6.748409080212236,6.700863737754722
1951,9.755,6.129378005856545,6.538898107105098,6.53601494749822
1952,9.76,5.823381292073206,6.301834671790282,6.3463861217586235
1953,9.765,5.49720293652075,6.039163140960573,6.133068758723652
1954,9.77,5.157178598799343,5.754063463113656,5.898675976575188
1955,9.775,4.810909066749017,5.451079239512825,5.6473992360639995
1956,9.78,4.466814376702592,5.136162806365464,5.384908000092032
1957,9.785,4.133371430638509,4.8165568074497145,5.118098278006615
1958,9.79,3.8180545756667255,4.5004158924589195,4.8546425261231825
1959,9.795,3.526120249004419,4.196084193170559,4.602271097701769
1960,9.8,3.2594998231625016,3.911009417921982,4.367761808837539
1961,9.805,3.016114238986817,3.6504058864959354,4.155728956003821
1962,9.81,2.7898432488240097,3.4159480085656675,3.967453073609668
1963,9.815,2.571192901351675,3.2048953310050603,3.800099812811664
1964,9.82,2.3485118669865663,3.010011131193795,3.6466442359887936
1965,9.825,2.109525483909091,2.820402818897738,3.4966136399744987
1966,9.83,1.84303075341649,2.6230934922511855,3.337484362202482
1967,9.835,1.5407877847606166,2.4049281515977223,3.156391298736036
1968,9.84,1.1998780531186113,2.1544564315694457,2.941847969451718
1969,9.845,0.8259866234368509,1.8636879225517045,2.6854014641215453
1970,9.85,0.4380169370104264,1.5299576163879594,2.3834423659028126
1971,9.855,0.0736698724885437,1.1584456915942214,2.0396457899321025
1972,9.86,-0.2067849312728011,0.7660486904531778,1.668636803982539
1973,9.865,-0.3254597188644774,0.38699478459822867,1.3011937629631483
1974,9.87,-0.2085338850520779,0.07901193377366056,0.9899018041455321
1975,9.875,0.1796265056259572,-0.07531408204205459,0.8104715916442569
1976,9.88,0.8152968272543359,0.01667709099087311,0.8486203910412087
1977,9.885,1.6282874227141175,0.4177902727388947,1.16442796153531
1978,9.89,2.535470961856233,1.113793191463916,1.7499658003644187
1979,9.895,3.466785698245722,2.007312040121626,2.523181185912948
1980,9.9,4.373725114170798,2.9692888591130115,3.37292565253089
1981,9.905,5.226772309931214,3.897136061101419,4.210042191353952
1982,9.91,6.009688439981396,4.734994949813408,4.98455223437633
1983,9.915,6.714459636175592,5.464795820402225,5.676323775186915
1984,9.92,7.337777459930784,6.091737300024935,6.280790399782096
1985,9.925,7.878829007436395,6.63296929793963,6.799338479488535
1986,9.93,8.337976300089915,7.108219160440999,7.234668257263218
1987,9.935,8.715983914266138,7.531778075321853,7.589157293868687
1988,9.94,9.01356807124624,7.908519632077946,7.864666216013241
1989,9.945,9.231127707545996,8.235473125606916,8.06291088094006
1990,9.95,9.368574348846757,8.506230012044288,8.185967528706062
1991,9.955,9.425211522555712,8.714399308508789,8.236711027012209
1992,9.96,9.399634393411915,8.854897323177227,8.219087612321896
1993,9.965,9.289632343384904,8.9238478096194,8.138169544168981
1994,9.97,9.092085620248232,8.918027214185472,7.99997961628471
1995,9.975,8.802855713091882,8.834312081327663,7.811057737261201
1996,9.98,8.41668278147091,8.669246906010649,7.577592021634862
1997,9.985,7.927131622170282,8.418723075664088,7.303836766367997
1998,9.99,7.326690683114236,8.077740226197518,6.9899165618949475
1999,9.995,6.607273208431733,7.640245464761694,6.62990452633535
2000,10.0,5.761702913269692,7.099099643152647,6.21133507756652
2001,10.005,4.787522169941728,6.446327524225376,5.716552234198625
2002,10.01,3.6960517874514136,5.674043409153346,5.125579459218831
2003,10.015,2.532197285350892,4.776976261857355,4.420761650193293
2004,10.02,1.410377576734124,3.758713460381743,3.594839643677309
2005,10.025,0.5499469181274595,2.646235539997183,2.6658410521015012
2006,10.03,0.2246488763726792,1.5208493646831327,1.705010472019258
2007,10.035,0.5554394303845883,0.5704849323523149,0.8822973029581007
2008,10.04,1.3811797065005773,0.12270621152904582,0.4946704871666583
2009,10.045,2.42528603746431,0.499207168594765,0.8364805799095443
2010,10.05,3.484201062528127,1.6392644647930594,1.8638819108005995
2011,10.055,4.456196585524015,3.056917245899828,3.154124591388778
2012,10.06,5.302393789233842,4.329546852152777,4.338075778513727
2013,10.065,6.013282316351257,5.316004899859708,5.295608878894014
2014,10.07,6.591011637787487,6.022128669297553,6.037078225595133
2015,10.075,7.0413955571308655,6.490197751703912,6.600395521068307
2016,10.08,7.370547014924147,6.7740662411253805,7.017589501224283
2017,10.085,7.583531894500281,6.9405354941170145,7.310152643962379
2018,10.09,7.683858770558679,7.05410912247631,7.491290575551032
2019,10.095,7.673285940120622,7.146485214889598,7.5684662408466306
2020,10.1,7.551716571601206,7.206606095704922,7.545118856685184
2021,10.105,7.3170755200249715,7.2054789167529005,7.421773013091977
2022,10.11,6.965111686996927,7.119575747773762,7.197043437151889
2023,10.115,6.489089986555857,6.934622564377215,6.868979631576894
2024,10.12,5.879350027376827,6.641359791704649,6.436558738503372
2025,10.125,5.122739893016895,6.231661209150481,5.900437352721331
2026,10.13,4.20204219635123,5.696197206749156,5.262577532634939
2027,10.135,3.095875580483809,5.022997635807631,4.525773751023507
2028,10.14,1.7807574213074062,4.196413627793543,3.6932707072960644
2029,10.145,0.2409283828776822,3.1964335386752287,2.76557119935043
2030,10.15,-1.4964270554900037,1.9991002175668777,1.7328967692199546
2031,10.155,-3.256398802432951,0.5809353197569864,0.571183017494076
2032,10.16,-4.5295984619679714,-1.0629126646557054,-0.7416158981376704
2033,10.165,-4.628756953985383,-2.856472598306964,-2.163258018715619
2034,10.17,-3.588267852676079,-4.464764337964358,-3.423353516562445
2035,10.175,-2.109231271281532,-5.023142234477207,-3.7781577662636217
2036,10.18,-0.6764513348276519,-3.6709128438104717,-2.4745630192650356
2037,10.185,0.5490511371611674,-1.2500222939965653,-0.2536219751847053
2038,10.19,1.5436680640235156,0.7886644397661913,1.6102143458718605
2039,10.195,2.3229150634266342,2.152271640474315,2.86963432746571
2040,10.2,2.908990633878193,3.0046494760355142,3.686185906307961
2041,10.205,3.32194018167268,3.4785038356725893,4.202263894694222
2042,10.21,3.5780746316918366,3.6486938659752344,4.504534252327553
2043,10.215,3.690543515945024,3.6036993130753996,4.642276947552259
2044,10.22,3.6706359772563646,3.476479271674074,4.642730977637524
2045,10.225,3.529576911399908,3.38277369711861,4.5205576374380385
2046,10.23,3.281037074297512,3.325670289379839,4.284338477218095
2047,10.235,2.944776288701412,3.230988433296597,3.9405038698034414
2048,10.24,2.5517589512692878,3.052542265857346,3.4968601313973573
2049,10.245,2.150223068291831,2.7859219639054174,2.968661370302448
2050,10.25,1.80960239847118,2.4522819011381602,2.385604825791741
2051,10.255,1.6149209241351412,2.0938677887146855,1.7968457196357086
2052,10.26,1.643719157906315,1.7770962616300734,1.2734300085407777
2053,10.265,1.9313944818256328,1.5926252243234056,0.9066223437928187
2054,10.27,2.452018853037808,1.638696890118334,0.7964231898670544
2055,10.275,3.134264176896931,1.9788883337382992,1.0219601174348814
2056,10.28,3.896060672903994,2.5952509124593655,1.5978314380960437
2057,10.285,4.669736492139844,3.3869169147808753,2.4504634736035698
2058,10.29,5.409366350651016,4.22573440320048,3.4494307294291473
2059,10.295,6.087641969342887,5.013536533263488,4.470195311207748
2060,10.3,6.690074465708876,5.6993762858274835,5.429259349148935
2061,10.305,7.210057495435973,6.269077012328814,6.267439560235735
2062,10.31,7.645511837099658,6.730658960071769,6.935227112580684
2063,10.315,7.99683883794131,7.103245455425322,7.410205449457054
2064,10.32,8.265761543937874,7.407774591478524,7.7137754880875145
2065,10.325,8.45472830345599,7.659177756808142,7.884375853734596
2066,10.33,8.566673795350754,7.862896932273955,7.942985023227808
2067,10.335,8.605023630558593,8.017023775279931,7.9015299781629285
2068,10.34,8.573889254317397,8.117021643575146,7.775773026039578
2069,10.345,8.478437370623421,8.159305564729808,7.584502320927376
2070,10.35,8.325436451033491,8.142711173700727,7.344811426030182
2071,10.355,8.123978157581735,8.068761062326018,7.070533814742488
2072,10.36,7.886329554829301,7.941685887417945,6.776907211143516
2073,10.365,7.628769290029931,7.768652275458507,6.481678772933394
2074,10.37,7.37207856310707,7.560290974918473,6.200044303968271
2075,10.375,7.1411265093280365,7.3314164933200345,5.946624369930513
2076,10.38,6.962870147063413,7.10164029471593,5.743960650916656
2077,10.385,6.862403731733905,6.895322940420723,5.621735124852478
2078,10.39,6.857692513258984,6.740047243365755,5.605491055807111
2079,10.395,6.954928051599602,6.662819276373867,5.709876595557305
2080,10.4,7.146841225149613,6.684009964162939,5.933859016332372
2081,10.405,7.4149375974565634,6.810802284390574,6.254638968315791
2082,10.41,7.734403028060654,7.033526878020419,6.633088295164594
2083,10.415,8.079297872872571,7.327654439060284,7.035754314270072
2084,10.42,8.426266275559083,7.660870882985282,7.441089471621546
2085,10.425,8.756306288947622,8.001465140305978,7.827562768801037
2086,10.43,9.055051819057082,8.324251231150809,8.175549123171416
2087,10.435,9.312248666215917,8.612723034153287,8.47289871866358
2088,10.44,9.520955131555056,8.858286663544927,8.713880934399137
2089,10.445,9.676767377148431,9.058009127714339,8.896908529945186
2090,10.45,9.777197919694412,9.212029769171926,9.02285252807907
2091,10.455,9.821241046839017,9.32140079449487,9.093898909155268
2092,10.46,9.809118852489568,9.386802684266742,9.11293119890343
2093,10.465,9.74219091415246,9.408209112869901,9.083317886746471
2094,10.47,9.623012185441665,9.385230669016817,9.009057276622173
2095,10.475,9.455526893679671,9.317738293438683,8.89516728520032
2096,10.48,9.245383542059187,9.20647917151101,8.747951911758728
2097,10.485,9.000339924833385,9.053589682548068,8.574831055478695
2098,10.49,8.73068869421595,8.863035914062161,8.383861929555945
2099,10.495,8.44956669167072,8.641038547717283,8.183361808528359
2100,10.5,8.172920826358329,8.39649486352019,7.981956926474393
2101,10.505,7.918828530981251,8.141323990946315,7.789146422948388
2102,10.51,7.705901274556717,7.890545253446927,7.616048520086414
2103,10.515,7.550749648770209,7.661776587675889,7.475513800414323
2104,10.52,7.464979055120953,7.47378312704112,7.380922645994874
2105,10.525,7.452685608752315,7.343856083621024,7.343782803200386
2106,10.53,7.509494227425712,7.284295618584457,7.3708238905542185
2107,10.535,7.6235856721375,7.299022237966772,7.461493649725451
2108,10.54,7.778238670280415,7.381841760629186,7.60692758478617
2109,10.545,7.954837577108692,7.517474068071822,7.791153278778177
2110,10.55,8.13538854027979,7.685104928934251,7.994229838393586
2111,10.555,8.304094084223973,7.862912267369691,8.195996364230796
2112,10.56,8.448021149210213,8.03179170349368,8.379004287565396
2113,10.565,8.55713984911129,8.177324774749213,8.529959258536728
2114,10.57,8.624036206784245,8.290031012582954,8.639836655322142
2115,10.575,8.64352682673075,8.364488790310928,8.703234470271678
2116,10.58,8.612314805024536,8.39799262535402,8.717501392166096
2117,10.585,8.528761433403686,8.3892827495629,8.681972477856021
2118,10.59,8.392812221554687,8.33768574618091,8.597447945635913
2119,10.595,8.206100406990009,8.242787571701458,8.465929136448786
2120,10.6,7.972245244931827,8.10457326553505,8.290570910065808
2121,10.605,7.697353164507349,7.923876746032801,8.075793649457507
2122,10.61,7.390700398034989,7.7030024234834,7.827507270204135
2123,10.615,7.065502313413719,7.446452370041671,7.553430080204978
2124,10.62,6.739531971222874,7.1617451759079565,7.263515146532568
2125,10.625,6.435138213295055,6.86029588909499,6.970481857852079
2126,10.63,6.178020870112962,6.5582135622737665,6.690347473904363
2127,10.635,5.994194740499173,6.27665180973349,6.442644516199754
2128,10.64,5.905239258213396,6.041058098345232,6.249737933639502
2129,10.645,5.923164215907525,5.87850070002208,6.134503748299275
2130,10.65,6.047173668159473,5.812626093729633,6.115971258700816
2131,10.655,6.264083018691711,5.857114271415063,6.203702032042319
2132,10.66,6.552154992609752,6.010343745536924,6.393299323493099
2133,10.665,6.886337134075804,6.2545986552760535,6.665961969824563
2134,10.67,7.242727595515602,6.560975569809974,6.993042561015297
2135,10.675,7.601213777605672,6.8975151494788145,7.343344828337362
2136,10.68,7.946382455028623,7.236462234644331,7.68949600208879
2137,10.685,8.267321856622345,7.558127787105523,8.01121330934831
2138,10.69,8.556925125445435,7.85134591220679,8.295623771367588
2139,10.695,8.811091366598477,8.111810582416236,8.535969974122729
2140,10.7,9.02801735824178,8.339588798621577,8.729919827891838
2141,10.705,9.207643485464349,8.536727147984159,8.878124826379423
2142,10.71,9.351252421923943,8.705536851455623,8.983212321529763
2143,10.715,9.461193190555534,8.84780338876008,9.049171346332301
2144,10.72,9.540696384927706,8.96479090193315,9.08102072140763
2145,10.725,9.593746854557516,9.057665969058334,9.084645054743483
2146,10.73,9.62498257397358,9.12797100279921,9.06669974687212
2147,10.735,9.63959095869624,9.177945415326825,9.034502376023699
2148,10.74,9.6431768912554,9.2106551221088,8.995844040615676
2149,10.745,9.641581647372696,9.229967891653402,8.958674879727338
2150,10.75,9.640640588349628,9.240419770304648,8.930647194299674
2151,10.755,9.645881088100076,9.24699964307025,8.918541989336132
2152,10.76,9.662179992500729,9.254863660437925,8.92765993415188
2153,10.765,9.693418418812994,9.268989150876209,8.961304779894618
2154,10.77,9.742184744597944,9.293788596900772,9.020489370862242
2155,10.775,9.809577649033995,9.33272276035309,9.103938953319133
2156,10.78,9.895146718503728,9.387969147431512,9.208388430779733
2157,10.785,9.996981230883785,9.460207388133067,9.329110726139763
2158,10.79,10.11192699167722,9.54856925244593,9.46057319809966
2159,10.795,10.2358871048297,9.650768194119598,9.597086457992212
2160,10.8,10.3641525336488,9.763381493178262,9.73331052887401
2161,10.805,10.49171304975198,9.88222302035388,9.864547301226846
2162,10.81,10.613513943512984,10.002729598346736,9.986842098613849
2163,10.815,10.724641818895462,10.120292613080268,10.09696759022669
2164,10.82,10.820438295088708,10.230492334932656,10.192348881626566
2165,10.825,10.8965506863499,10.329223443026631,10.270955044760008
2166,10.83,10.948933534545157,10.412725761153048,10.331169814072368
2167,10.835,10.973815534736966,10.477548491500958,10.37165807226788
2168,10.84,10.967644647128022,10.520478920645392,10.391245194106617
2169,10.845,10.927021511963655,10.538460906238772,10.388818253852971
2170,10.85,10.84862870271678,10.528518990682544,10.363246116125557
2171,10.855,10.729161494614718,10.48769478464611,10.313302082513914
2172,10.86,10.56526510369526,10.41299583063742,10.237564512964783
2173,10.865,10.353484189767745,10.301354286375147,10.134281156304233
2174,10.87,10.090233508833496,10.14959304478708,10.001214488641024
2175,10.875,9.771805261381123,9.954399536210886,9.83551799991035
2176,10.88,9.394441399285016,9.712312016460691,9.63370152791028
2177,10.885,8.954522494650437,9.419730114566333,9.39172022817715
2178,10.89,8.44896678664077,9.072972611913103,9.105183162718152
2179,10.895,7.876006791446929,8.668424613802799,8.76965770003929
2180,10.9,7.236633735119557,8.20285028994059,8.381079214925448
2181,10.905,6.537180096184729,7.67400788291714,7.9363693944739655
2182,10.91,5.793685651195062,7.081808844321296,7.434500128567342
2183,10.915,5.038537847639403,6.430433935624789,6.87840283197548
2184,10.92,4.328403768926419,5.732052767592878,6.278319262112248
2185,10.925,3.7479716300362775,5.012950816396136,5.657318875134381
2186,10.93,3.397300542848595,4.322343140795837,5.059239766709469
2187,10.935,3.353631267067997,3.7412534709279197,4.556731515515008
2188,10.94,3.6270139389082754,3.3811193571163987,4.2501965887049336
2189,10.945,4.153220196773381,3.3528270512383815,4.240394824086446
2190,10.95,4.8320723604551,3.70072285521584,4.569678663868801
2191,10.955,5.570852404134143,4.352159227903846,5.176647113132871
2192,10.96,6.303626748287182,5.152165020528982,5.9262538211869185
2193,10.965,6.990491079784387,5.953154990185028,6.689030065575393
2194,10.97,7.609932158866249,6.666818587823521,7.386768132342127
2195,10.975,8.151604107522537,7.2600035843193265,7.987737996599077
2196,10.98,8.61135108014339,7.733380039641471,8.4856435484368
2197,10.985,8.988189295970967,8.105572017790813,8.884061850065343
2198,10.99,9.282587521641927,8.402256025704082,9.188860856477975
2199,10.995,9.495522804404091,8.645870537231465,9.405437461958133
2200,11.0,9.627980124165488,8.847719648905606,9.538156083436826
2201,11.005,9.680705399662523,9.007061104152063,9.590622677411034
2202,11.01,9.654110163935462,9.116433569646501,9.56619208196858
2203,11.015,9.548281512088211,9.167454572456819,9.468481122876755
2204,11.02,9.363088981837349,9.15358836686882,9.301809003842079
2205,11.025,9.098413103731747,9.07045795896899,9.07151813130523
2206,11.03,8.754558395124295,8.915299401810646,8.784158900697431
2207,11.035,8.33296565474784,8.68646603878561,8.44757556102343
2208,11.04,7.83741114319842,8.383280650510919,8.070847906217313
2209,11.045,7.275966732084788,8.006324922304135,7.663778066115405
2210,11.05,6.664038734207942,7.558270599670307,7.235687934709306
2211,11.055,6.0286081509067335,7.045458624754641,6.794278772604239
2212,11.06,5.412891350564114,6.480547221923773,6.346426300992725
2213,11.065,4.878386398343399,5.886554333947942,5.9023412057926725
2214,11.07,4.498197347242968,5.30216953284836,5.482484377949938
2215,11.075,4.336373856792681,4.7865490083092626,5.124557224196058
2216,11.08,4.41972491764841,4.418129574497889,4.88546051190097
2217,11.085,4.723406057626383,4.278127908218382,4.829627919220692
2218,11.09,5.184159197389181,4.414597830173022,4.99854093424695
2219,11.095,5.7283983950917685,4.806445353464498,5.3774359805776495
2220,11.1,6.2935160739106095,5.364882268121875,5.893662787211465
2221,11.105,6.835153008044314,5.978155503105578,6.454145873900691
2222,11.11,7.325420083548733,6.557753702561476,6.985334540258829
2223,11.115,7.748289720062807,7.054396622970687,7.446411235820425
2224,11.12,8.09533709043086,7.451276428391218,7.821784918890503
2225,11.125,8.362688288402715,7.752198800005782,8.109361667585082
2226,11.13,8.549080710721428,7.971562080181955,8.312401719648586
2227,11.135,8.65472860808444,8.12585706851027,8.435424063632563
2228,11.14,8.680729321184298,8.226834446040066,8.48270890232483
2229,11.145,8.628837833394785,8.278498352102252,8.45831410274768
2230,11.15,8.50151829496124,8.27870883413296,8.366731202564148
2231,11.155,8.302241930158509,8.22299030503784,8.213309591235753
2232,11.16,8.036043543855955,8.107632240746277,8.004124960837084
2233,11.165,7.710371673135298,7.931204554181074,7.745698668361984
2234,11.17,7.336254250572709,7.695128169116959,7.445140779747923
2235,11.175,6.929712640300338,7.404100040336637,7.111100508330175
2236,11.18,6.513126038028771,7.066816193965101,6.755567993635388
2237,11.185,6.11582303951672,6.697111524765411,6.395766260389904
2238,11.19,5.772668098488769,6.31534956201166,6.054789241440199
2239,11.195,5.519344534119348,5.949485102375462,5.760462099168217
2240,11.2,5.3843121339785815,5.634598356422217,5.542936640421052
2241,11.205,5.380175477325111,5.409127785737334,5.430848214920582
2242,11.21,5.499224848347283,5.306479085852395,5.444875324052635
2243,11.215,5.71611443410622,5.343447258302243,5.589230810267926
2244,11.22,5.995867713958224,5.511250312561678,5.845710350196418
2245,11.225,6.302484765476589,5.7761639593412175,6.176212148855594
2246,11.23,6.604659066531713,6.090739317247037,6.533943521386659
2247,11.235,6.877996753475573,6.408493232990071,6.87623414163359
2248,11.24,7.104867837168531,6.693948512002302,7.1718946460645245
2249,11.245,7.273225105926993,6.925560049015564,7.40208879398386
2250,11.25,7.375265942156499,7.093778677572429,7.557723554934036
2251,11.255,7.40634748593539,7.197149722540368,7.636130619057841
2252,11.26,7.36429374531534,7.2382020143141865,7.638314865578812
2253,11.265,7.249124654324471,7.2201253386604485,7.567149717054106
2254,11.27,7.063220045145897,7.144937889836427,7.426511697246556
2255,11.275,6.81195029360676,7.013367794543139,7.221152547220443
2256,11.28,6.5048151756476855,6.826026969853615,6.9571165415796665
2257,11.285,6.157073919229724,6.585182131268188,6.642656189441403
2258,11.29,5.791622483738816,6.296682882395629,6.2895900231904065
2259,11.295,5.440350864248628,5.971987911166023,5.914862675971882
2260,11.3,5.143402471446721,5.630321677021566,5.542005645156585
2261,11.305,4.944239118345475,5.3006199331871855,5.202164340795488
2262,11.31,4.879641399101333,5.022037779581167,4.933834853659698
2263,11.315,4.967709269165916,4.840641729668373,4.77945876414339
2264,11.32,5.2007980552031805,4.79971163991395,4.7767707562937085
2265,11.325,5.54850179514217,4.924218949253124,4.945360916502398
2266,11.33,5.968431568715685,5.206916454672065,5.274727223995919
2267,11.335,6.417705258546871,5.607224558445596,5.723506713653422
2268,11.34,6.860077906574534,6.066027985651057,6.232818219302823
2269,11.345,7.2681797103231,6.526026697038937,6.744740727361437
2270,11.35,7.6227404223033,6.945043849408922,7.2145980528990235
2271,11.355,7.910694332980675,7.299002718897407,7.613844376998051
2272,11.36,8.123247200658096,7.578588652814777,7.927157248407736
2273,11.365,8.254313802882578,7.783869700383686,8.14800253750131
2274,11.37,8.29938955902116,7.918921613160209,8.27489965449336
2275,11.375,8.2547993719535,7.987425875397134,8.308945715036106
2276,11.38,8.117257639928262,7.990081930098402,8.25239935629541
2277,11.385,7.883713817320068,7.924164529810069,8.10795596767097
2278,11.39,7.551529902260023,7.78458496932404,7.878437767730427
2279,11.395,7.119150485389819,7.5653609033071145,7.5667593935800355
2280,11.4,6.587614304465282,7.260824301678137,7.176132885516688
2281,11.405,5.963557906167484,6.866596392053972,6.710571425227574
2282,11.41,5.264749639083531,6.380821641053378,6.175886061419332
2283,11.415,4.529268825901172,5.8064258446801436,5.581577112774097
2284,11.42,3.827612025505036,5.1554852718838164,4.944364287663951
2285,11.425,3.269737192765791,4.457178046278826,4.29458081371115
2286,11.43,2.986408460263856,3.770462955474783,3.686626882578678
2287,11.435,3.06937356921504,3.198704486091728,3.2114472106923535
2288,11.44,3.5090592222841632,2.8903748339868782,2.997363147775856
2289,11.445,4.201754402991787,2.9917580897922926,3.169011649515429
2290,11.45,5.017001365127936,3.542374826997982,3.7556289789991615
2291,11.455,5.8511411598920136,4.410844067390304,4.6349133490807315
2292,11.46,6.639822825210447,5.3790030427553095,5.608327218616832
2293,11.465,7.348966556327649,6.277296562486628,6.521994106592325
2294,11.47,7.962851273743441,7.027344269994592,7.304473427449372
2295,11.475,8.47554632787226,7.6131508008255295,7.939122800225409
2296,11.48,8.88582113762459,8.049922120724396,8.432312004733824
2297,11.485,9.19435459371996,8.36813126679558,8.796348970574938
2298,11.49,9.40225501729538,8.602569238650664,9.042959668749225
2299,11.495,9.510278681767574,8.779636917335086,9.181559510963082
2300,11.5,9.518405826218531,8.908283036622077,9.219277279601336
2301,11.505,9.42559285655985,8.981986051417149,9.161501502629797
2302,11.51,9.229609641867402,8.988006068419743,9.012504116166857
2303,11.515,8.926926512690123,8.914401345030184,8.776015630813445
2304,11.52,8.512663293982346,8.751914867724697,8.455708964609807
2305,11.525,7.9806803008524625,8.493184664615807,8.055503329711595
2306,11.53,7.324024757679982,8.131515115082447,7.579612482906816
2307,11.535,6.536241962338023,7.660026360307152,7.0324084451380795
2308,11.54,5.614725714813415,7.071380689390555,6.418138411667041
2309,11.545,4.568696677867844,6.358326000631287,5.740215111014842
2310,11.55,3.4368087967304146,5.515773288227178,5.000292808786566
2311,11.555,2.320203378381991,4.546210209334697,4.199843570508413
2312,11.56,1.420434763760541,3.4724668780101675,3.350289099377887
2313,11.565,1.009984354564601,2.365279482581685,2.499407050863161
2314,11.57,1.24669217580704,1.3920870629192401,1.778202992870451
2315,11.575,2.0108452483370023,0.858492272914372,1.4414308838137204
2316,11.58,3.031731337238748,1.1038224473877771,1.778928097292996
2317,11.585,4.09116972333121,2.1463528356467663,2.8037185696199987
2318,11.59,5.074217827139193,3.5469830421507758,4.130046009986931
2319,11.595,5.934821953916271,4.850739845054386,5.361517050135121
2320,11.6,6.660383850220457,5.878492783841007,6.348007586250155
2321,11.605,7.252064817886596,6.621993618382855,7.091997111745016
2322,11.61,7.715714601407252,7.120422384198848,7.634987096992493
2323,11.615,8.058031550525056,7.425594862442499,8.015647782408791
2324,11.62,8.285054053232214,7.602518349119657,8.261652611729088
2325,11.625,8.401655576360609,7.71784924916999,8.390881214216257
2326,11.63,8.411471752994666,7.810423079880869,8.414280262730518
2327,11.635,8.3170303119598,7.876092514635026,8.338429949381961
2328,11.64,8.12001652320838,7.888510429677016,8.167576642794279
2329,11.645,7.821700247510099,7.824924959959899,7.905563446116121
2330,11.65,7.423631430916368,7.672890063384493,7.557596846147097
2331,11.655,6.928812417691229,7.427109799532387,7.131095572784334
2332,11.66,6.343697675004374,7.0862060991447935,6.63543852178348
2333,11.665,5.681535903279645,6.651535382600063,6.081652512479421
2334,11.67,4.967595193111906,6.127833843233992,5.4837753601799974
2335,11.675,4.246135535859062,5.525604072976944,4.862706656374618
2336,11.68,3.586366895740623,4.865600290067462,4.250346384584951
2337,11.685,3.0792087119075,4.185801536781311,3.690649371959398
2338,11.69,2.813524174881672,3.549899893649309,3.2392362306767355
2339,11.695,2.83449920994842,3.0516536269460532,2.965094842886052
2340,11.7,3.116141085173384,2.801122414151088,2.9438413982659037
2341,11.705,3.577141320261723,2.8783218838311857,3.2217280638094814
2342,11.71,4.122629316051115,3.2724953334374143,3.763934496045957
2343,11.715,4.674825995792332,3.87088033085869,4.4505970897773
2344,11.72,5.181364569854361,4.523235925588004,5.142446468197255
2345,11.725,5.610920857210317,5.114134486870045,5.745043406766323
2346,11.73,5.9460504319618135,5.584386922823774,6.216930237165165
2347,11.735,6.177366957069484,5.917024193129985,6.548288970300017
2348,11.74,6.299720035865825,6.119409856923629,6.744078137038954
2349,11.745,6.309945528221785,6.210866794890523,6.814917183437408
2350,11.75,6.205690677620071,6.212595183670749,6.771537604356926
2351,11.755,5.985019225077485,6.138569803744357,6.62184411714415
2352,11.76,5.646756663933865,5.9910395082613235,6.370751394850374
2353,11.765,5.1918419213399165,5.763002567638483,6.021418574810366
2354,11.77,4.626385421231996,5.444348485364225,5.575924515461467
2355,11.775,3.967743023998021,5.027147379084393,5.036745473793431
2356,11.78,3.2553707494857327,4.5094152390032605,4.411370635661156
2357,11.785,2.566634577479796,3.899691991015729,3.7187351388259287
2358,11.79,2.02879661447175,3.2255363380404223,2.9961073394734186
2359,11.795,1.7992572081551057,2.5486186554347894,2.309826738217733
2360,11.8,1.9883858436298003,1.9848548268105621,1.7710850408154983
2361,11.805,2.5775239158430905,1.7110379218226566,1.5401388424510878
2362,11.81,3.435080077003253,1.9095704063084873,1.7767870751113932
2363,11.815,4.408358640976068,2.6288105517789195,2.5188352578561783
2364,11.82,5.385600281623676,3.6968062606579197,3.608006421650583
2365,11.825,6.30334850042461,4.845393205670168,4.7985640062558845
2366,11.83,7.131565622647252,5.887154344531012,5.913000387904848
2367,11.835,7.858899637925476,6.7501151190528015,6.87481994831203
2368,11.84,8.483284514514905,7.429497779257505,7.667115769561764
2369,11.845,9.006811946026055,7.950070361815268,8.296968160519548
2370,11.85,9.433129266842403,8.351109688208712,8.778965455164293
2371,11.855,9.766179715833372,8.675765165167341,9.128529690557691
2372,11.86,10.009626026883026,8.956051778965069,9.359371294281647
2373,11.865,10.166616743704695,9.202107742283282,9.483227813746414
2374,11.87,10.239725907588156,9.406235928101614,9.51052285323122
2375,11.875,10.23098603772467,9.555491105254882,9.450957632002865
2376,11.88,10.14198207471284,9.639861727767926,9.313911136409134
2377,11.885,9.974002321861954,9.653726446575213,9.108862479773506
2378,11.89,9.728263446514982,9.594576413506598,8.845803757714826
2379,11.895,9.406247340503398,9.461654459568386,8.535546911201775
2380,11.9,9.010212418312191,9.255173049886935,8.190166991470722
2381,11.905,8.54397206711062,8.976062889440653,7.823529235342819
2382,11.91,8.014062426710902,8.626133389242014,7.450589041480043
2383,11.915,7.431424969301142,8.208608502565177,7.084133787674948
2384,11.92,6.813636592090506,7.729089578005979,6.730505337148907
2385,11.925,6.187385560376725,7.197056300811932,6.388390048943847
2386,11.93,5.590120944417526,6.628006728803813,6.052685476349692
2387,11.935,5.068636987420811,6.046147789687131,5.7212468926099955
2388,11.94,4.671801197447715,5.486958366499119,5.40171595186103
2389,11.945,4.436994938017016,4.99771950495284,5.117041262232096
2390,11.95,4.375878172089712,4.632546397794695,4.905762149540662
2391,11.955,4.469143982851093,4.438623389901701,4.810730340951674
2392,11.96,4.674473036810969,4.435905032842301,4.857030641687095
2393,11.965,4.941434392677137,4.602567498262571,5.034042555393555
2394,11.97,5.2239088877936375,4.8803181692312,5.298020792256732
2395,11.975,5.485907643225994,5.197823005141648,5.592617403330734
2396,11.98,5.702110168080017,5.494488978702803,5.8694121467624125
2397,11.985,5.855962097565589,5.731360048713567,6.096453223495197
2398,11.99,5.937326235060661,5.890249122585396,6.2566463984458345
2399,11.995,5.940573420225269,5.967934410076139,6.342673991717176
2400,12.0,5.863354063800015,5.969680649387122,6.352366326684139
2401,12.005,5.706049151914603,5.903469849036706,6.285927300843265
2402,12.01,5.471865735242597,5.775825827972171,6.145382686240424
2403,12.015,5.167581167690914,5.590235791504712,5.935211716675514
2404,12.02,4.804966684561452,5.348288620072944,5.662528947645223
2405,12.025,4.4028399120200445,5.052430745150463,5.336641546714133
2406,12.03,3.989354461476291,4.709086512876105,4.969143278370943
2407,12.035,3.6033517235112726,4.331645217481126,4.575352874346246
2408,12.04,3.292476588541092,3.943308159440347,4.177390906073374
2409,12.045,3.1054043808195675,3.57935959701909,3.8083598904621043
2410,12.05,3.078192411946954,3.287084219038307,3.5143834605262443
2411,12.055,3.2207696756095547,3.1199678638147543,3.349160969809163
2412,12.06,3.5128854439518555,3.1232722916498856,3.358804435224834
2413,12.065,3.912765663056417,3.3140220562871345,3.561940287853076
2414,12.07,4.371792263194011,3.6680263737669936,3.9371128660705677
2415,12.075,4.8462540757489005,4.126871181220592,4.428735974713968
2416,12.08,5.302630715222042,4.621495089483802,4.968475913344145
2417,12.085,5.717908548143704,5.094709032812752,5.496184795864012
2418,12.09,6.077663445657028,5.510856722859684,5.969537179340376
2419,12.095,6.373763566057702,5.854461814536633,6.363781632504573
2420,12.1,6.602488097122697,6.1244333452163895,6.667499322201195
2421,12.105,6.763247689920895,6.3277158265225655,6.878114009900617
2422,12.11,6.857853398787848,6.473658041527052,6.99841745326057
2423,12.115,6.890226290598215,6.569982353887236,7.034355806401145
2424,12.12,6.866447299460614,6.621260484987573,6.993931286000974
2425,12.125,6.795056011261239,6.629834104897268,6.886860355655651
2426,12.13,6.687488097599825,6.597948350886684,6.72465464039787
2427,12.135,6.558477413560292,6.529781702391134,6.520945706272171
2428,12.14,6.426139731848086,6.432817055492183,6.291949789278421
2429,12.145,6.311340923072724,6.318586846253096,6.056917162358083
2430,12.15,6.235947752494955,6.202872635370295,5.838297045150663
2431,12.155,6.219838683423929,6.105187561697058,5.661185301689985
2432,12.16,6.277193846582632,6.047135619276955,5.551456838016611
2433,12.165,6.413309066182313,6.049293187739867,5.532126345048738
2434,12.17,6.6233483189866185,6.1268237776233825,5.618296696863481
2435,12.175,6.8936567764362975,6.2850647353766655,5.812328175239145
2436,12.18,7.204978031686631,6.517129382713944,6.101591823631458
2437,12.185,7.536151155349872,6.805109682728418,6.460388891443021
2438,12.19,7.867055831783697,7.124593066501671,6.8555524221241075
2439,12.195,8.180303736514109,7.450359056214343,7.2533839403979545
2440,12.2,8.461805661585615,7.76087304404189,7.625250766477652
2441,12.205,8.700609962405036,8.040425494549266,7.950337419708266
2442,12.21,8.88839287668434,8.27912371700336,8.215652032059063
2443,12.215,9.018858159796444,8.471568066567915,8.414432325043759
2444,12.22,9.087183395182697,8.615049860578516,8.544200354419173
2445,12.225,9.089570661422387,8.707897264983607,8.605165643730873
2446,12.23,9.022918838102813,8.748346947654147,8.599098329222205
2447,12.235,8.884622230114305,8.734049188406548,8.52856421052297
2448,12.24,8.672506016991083,8.662076801618964,8.396433410265473
2449,12.245,8.384929250903825,8.529200813857184,8.205615421708744
2450,12.25,8.021121849763974,8.332241025078384,7.958975442170287
2451,12.255,7.581878125998108,8.068423609606343,7.659404445030617
2452,12.26,7.070810157199495,7.735798230432808,7.310047545949539
2453,12.265,6.496458529670537,7.333856973508444,6.914701681321128
2454,12.27,5.875593673162699,6.864575919556133,6.47843983536242
2455,12.275,5.237777623626924,6.334191786904356,6.00871474983739
2456,12.28,4.630136432992172,5.756116081498968,5.517471221456901
2457,12.285,4.118648737413958,5.155344974087651,5.024866541596218
2458,12.29,3.779089103509757,4.574125165463372,4.564607164369929
2459,12.295,3.673077402236244,4.0765941881110175,4.18889446228013
2460,12.3,3.81913394209058,3.7458604966715567,3.966930220667342
2461,12.305,4.182443538962838,3.6633586058272183,3.967535224627489
2462,12.31,4.693491935980058,3.868681285793807,4.223932217791351
2463,12.315,5.277672467669117,4.3256787839553965,4.703512131097469
2464,12.32,5.874614967871961,4.933556675406454,5.31717709547691
2465,12.325,6.443104832078006,5.578461790622311,5.964533435401034
2466,12.33,6.958043263157039,6.177130708332065,6.571951159848544
2467,12.335,7.405481175758169,6.6870918922693905,7.1005504403653
2468,12.34,7.778398985523895,7.096972075264211,7.536104806132029
2469,12.345,8.073781148039744,7.4142459312036655,7.8771597484202145
2470,12.35,8.290769067285451,7.655336086460613,8.127358251524901
2471,12.355,8.429550149654425,7.837093719635936,8.291681289563115
2472,12.36,8.490708794334067,7.970239489495949,8.375009763819797
2473,12.365,8.474856799235805,8.057134855608549,8.381815931789893
2474,12.37,8.382431777502946,8.094092804926792,8.316319233684222
2475,12.375,8.213600061780639,8.075249131709365,8.182776706929747
2476,12.38,7.968232195876491,7.995189851946927,7.985751341934273
2477,12.385,7.645941830734724,7.849822879629203,7.730281801962381
2478,12.39,7.246198846509556,7.636263287490218,7.421928383320072
2479,12.395,6.76855047599859,7.352457202199345,7.066705000244026
2480,12.4,6.213016254879258,6.996889645390406,6.6708568563103325
2481,12.405,5.580770913967042,6.568489463825247,6.240299086614435
2482,12.41,4.875300079086097,6.06677682376279,5.779554275033103
2483,12.415,4.104301968264151,5.492320419827373,5.290526105102934
2484,12.42,3.282664396216002,4.847639875278821,4.7721221244960335
2485,12.425,2.4366896715337942,4.1387889278130645,4.2217606503314515
2486,12.43,1.6089170515772628,3.377964098506853,3.639055310019754
2487,12.435,0.8607245434878151,2.587502631795747,3.031410808077305
2488,12.44,0.2666814604021857,1.8052429881273881,2.4211122679719246
2489,12.445,-0.1052340621942756,1.0896814646353592,1.8521968188910005
2490,12.45,-0.2224248876617963,0.5197670169859085,1.3917204835874823
2491,12.455,-0.1043430564839648,0.1799229767087036,1.1162815121112666
2492,12.46,0.1889934387260237,0.12478040452260686,1.079189187104785
2493,12.465,0.5854136690386698,0.34093476149810886,1.274752010093755
2494,12.47,1.0233099468671534,0.7443087975283431,1.6346307239568905
2495,12.475,1.4599349374899258,1.2236273120189014,2.065548480755759
2496,12.48,1.86994096639562,1.689199169454128,2.4918484677555277
2497,12.485,2.2406788446665185,2.09154909259386,2.8711104201374633
2498,12.49,2.567702746253401,2.4153847530984787,3.187562260943751
2499,12.495,2.8514412785277936,2.667430522401448,3.440301268529648
2500,12.5,3.0949527759822004,2.8660427796413797,3.634812127106618
2501,12.505,3.302444536468552,3.032402673021368,3.778645241057957
2502,12.51,3.478279229943017,3.183190226869783,3.879722557363062
2503,12.515,3.6262900895296153,3.3268866631684637,3.9456943360502
2504,12.52,3.749308773562596,3.4647650592968082,3.983439397701974
2505,12.525,3.848861887781248,3.594314269735908,3.99856166527125
2506,12.53,3.925016645023809,3.7120298042911615,3.9951254830592386
2507,12.535,3.976360255587864,3.8145123691301386,3.9758622816691074
2508,12.54,4.000090340406411,3.898456515261043,3.942875691611577
2509,12.545,3.992183919184633,3.9603138849762045,3.898504569538771
2510,12.55,3.947607307999802,3.996036542516496,3.845694297636843
2511,12.555,3.860532039859368,4.000995402113219,3.787410049830312
2512,12.56,3.7245328340161823,3.970031974182541,3.7251634056992367
2513,12.565,3.532761280005446,3.897570412337629,3.657145411206913
2514,12.57,3.278112972832204,3.7777314865146696,3.5767659931064686
2515,12.575,2.953440002442326,3.6044207223468074,3.472403117397966
2516,12.58,2.551915889187676,3.371397472490716,3.328522595050411
2517,12.585,2.0677592300624243,3.0723685561620444,3.1276622578088658
2518,12.59,1.4977068491564574,2.7011969151389787,2.8528507888224985
2519,12.595,0.8439562879126365,2.2523916259678196,2.4903063286893925
2520,12.6,0.1197920862650538,1.7221870525783105,2.032030815068601
2521,12.605,-0.6405423447443996,1.1107871710078059,1.4779863668935342
2522,12.61,-1.367597731928479,0.42682318861634716,0.8388469750584298
2523,12.615,-1.9456334657753247,-0.30427454892539885,0.14192814004537446
2524,12.62,-2.22868835300364,-1.0261310255380174,-0.5571658404637319
2525,12.625,-2.1078659248832605,-1.6330282455661376,-1.1585337287224968
2526,12.63,-1.5893420318913345,-1.96312779399155,-1.5120491867515735
2527,12.635,-0.7899521428264643,-1.8448749453199245,-1.4586513995315222
2528,12.64,0.1436154208321225,-1.2200218349218162,-0.9399509412515528
2529,12.645,1.097971016939018,-0.23236996577917246,-0.07789437201580274
2530,12.65,2.0055002758054936,0.867613450063697,0.909105459794926
2531,12.655,2.8322937751343096,1.8892156310359303,1.854009273542169
2532,12.66,3.564096668369181,2.750045455310828,2.684610936929387
2533,12.665,4.196791257137382,3.437262214813372,3.387679428397847
2534,12.67,4.731008681346079,3.970329786656124,3.971756019668045
2535,12.675,5.169311809737634,4.384420259578603,4.4487334667314
2536,12.68,5.51478709584064,4.719758789948606,4.827577869489222
2537,12.685,5.77036972260229,5.007636267966015,5.113401581697981
2538,12.69,5.938543102026511,5.259539091561294,5.308655706173176
2539,12.695,6.021230320858723,5.469357064066528,5.414972491416111
2540,12.7,6.0197893485407095,5.624608659092485,5.434700355746629
2541,12.705,5.935075342801818,5.714771112407338,5.371668246712034
2542,12.71,5.767565047118229,5.733325218770104,5.23137809279447
2543,12.715,5.517563337630812,5.676791677934645,5.0210134618590745
2544,12.72,5.185539289925614,5.543438733078241,4.7494202450622955
2545,12.725,4.772675901917695,5.332478169273413,4.427142020647815
2546,12.73,4.28176954311254,5.043784133862469,4.066409325892994
2547,12.735,3.718681350416285,4.678054575843654,3.6802871480173147
2548,12.74,3.094596745581044,4.237416023656427,3.2801325315800147
2549,12.745,2.429289833549464,3.726587722349204,2.872500218052054
2550,12.75,1.7551490246407342,3.1548316718995846,2.458772158029493
2551,12.755,1.1204222935986814,2.538969022484468,2.039414154485954
2552,12.76,0.5877805345654512,1.9075654000285494,1.6211375113730933
2553,12.765,0.2227495058292649,1.3055389422944002,1.2243104254380284
2554,12.77,0.0712003045891541,0.7962368697773652,0.8886883376002137
2555,12.775,0.1377513414103904,0.4545700958052974,0.671773620697814
2556,12.78,0.3830469329234135,0.3442217527619835,0.6304174764555386
2557,12.785,0.742474849814384,0.48336480340555266,0.7874559529465559
2558,12.79,1.1499657138099797,0.8246344963957846,1.1092668346175913
2559,12.795,1.5522718202674843,1.2739845499899602,1.5200985915595724
2560,12.8,1.9121943669120085,1.734269874885837,1.9402948704706975
2561,12.805,2.2059342770150376,2.1364725354559244,2.3134038389440263
2562,12.81,2.419027961590709,2.4452332865868054,2.609731887090782
2563,12.815,2.5428657827131667,2.650624183623589,2.817722379273895
2564,12.82,2.5722454376253663,2.758081031453458,2.9349001026955017
2565,12.825,2.503837130647625,2.779732589375513,2.9620483693491604
2566,12.83,2.3353431784200147,2.726983496685007,2.900412894400021
2567,12.835,2.065211416785218,2.605447431243987,2.7512826930892014
2568,12.84,1.6928932433301056,2.4138949428090273,2.516693542007012
2569,12.845,1.2198069037732258,2.1467287822395864,2.1996453622168755
2570,12.85,0.6513954645180045,1.7975271485622648,1.8035177770591115
2571,12.855,0.0009564975871179,1.3619119137287017,1.331770031723699
2572,12.86,-0.7039059170020039,0.839892453530255,0.7890107116081291
2573,12.865,-1.4120638817306077,0.23892545865351078,0.18441158284492598
2574,12.87,-2.040325666433493,-0.42081454044711997,-0.46151432582463503
2575,12.875,-2.477340243050964,-1.0977133385082363,-1.1071032552306992
2576,12.88,-2.616937891572082,-1.7171605397281464,-1.6794461833539422
2577,12.885,-2.4148156380853507,-2.16452216097887,-2.070493456709361
2578,12.89,-1.9178863614993005,-2.303339594312055,-2.1555029382723694
2579,12.895,-1.2314781903270806,-2.041048185522639,-1.852448856772078
2580,12.9,-0.4628965799982152,-1.4106576882253625,-1.1946219621743106
2581,12.905,0.3099040829741976,-0.5693282128000288,-0.32875302893132563
2582,12.91,1.0410152388405638,0.3037251716561187,0.5770003371544661
2583,12.915,1.7078311028092097,1.0923504464960727,1.410502471916498
2584,12.92,2.302025669703468,1.7509568846522234,2.123389854131514
2585,12.925,2.823323014772616,2.2781530896873226,2.706423289198621
2586,12.93,3.2757975650362328,2.695775849412815,3.167827350023602
2587,12.935,3.665818877340464,3.0367163831759374,3.521569624532845
2588,12.94,4.000930874019685,3.3339904670839977,3.7824635440791985
2589,12.945,4.289215022810184,3.6102559928949516,3.964732138815715
2590,12.95,4.538874130370843,3.8738787725110058,4.081917406189202
2591,12.955,4.757890451244904,4.123797183565995,4.147115923628392
2592,12.96,4.9536860403713865,4.356970594142213,4.173239052231847
2593,12.965,5.1327651186544205,4.572443991206156,4.173246248520414
2594,12.97,5.300357012256903,4.771789610775979,4.16027741756874
2595,12.975,5.4601044142667385,4.958020660585317,4.147635509921349
2596,12.98,5.613851207022799,5.134343377989577,4.148667194796188
2597,12.985,5.761573841631071,5.30319580569053,4.176465639499082
2598,12.99,5.901473135341328,5.465641909012191,4.242896605696103
2599,12.995,6.030209068397237,5.621099062853447,4.356311110082861
2600,13.0,6.143232537950163,5.767356390501736,4.518244676763895
2601,13.005,6.235154644321419,5.900819441784068,4.720960031432117
2602,13.01,6.300098132587056,6.016892581508717,4.947814539866737
2603,13.015,6.331992349295046,6.1104003778199125,5.176335760293177
2604,13.02,6.324794791274972,6.17596214106986,5.382122932357663
2605,13.025,6.272642609802195,6.208265450168824,5.542485238781938
2606,13.03,6.169953448324445,6.20222287541335,5.639882991726243
2607,13.035,6.011507559109409,6.153029187044296,5.664255403903564
2608,13.04,5.79255580961928,6.056157743277788,5.6125510080150125
2609,13.045,5.50901642398946,5.907344752738421,5.485875675214461
2610,13.05,5.157854316119459,5.702614009022559,5.286918008383719
2611,13.055,4.737789407961671,5.438400705607458,5.0190388635723915
2612,13.06,4.250561724664333,5.111850712677859,4.686231320580708
2613,13.065,3.703083127366889,4.7214117458823415,4.293211167098647
2614,13.07,3.1108576560044328,4.267905690665574,3.8458949818995536
2615,13.075,2.502803266365122,3.7563816085164703,3.3528476225528454
2616,13.08,1.926446341446654,3.199169962592527,2.828020944507024
2617,13.085,1.4495904081868187,2.620551266667739,2.2950114552365615
2618,13.09,1.1509420431542063,2.06287231721412,1.792883372287088
2619,13.095,1.0944541980483349,1.5918016691252812,1.3815509015856335
2620,13.1,1.298127384078982,1.2937418852760691,1.139916563766989
2621,13.105,1.723454616686961,1.2540972201221328,1.1461608319382055
2622,13.11,2.296232110546202,1.5138888693494041,1.4381748046643588
2623,13.115,2.9383563811987297,2.0330247228288414,1.9799163543227802
2624,13.12,3.5877009131912185,2.703214789321329,2.6724610787147833
2625,13.125,4.202513088014758,3.404501601777661,3.4048392888363193
2626,13.13,4.757742201341055,4.051229133920149,4.096124389406731
2627,13.135,5.239691107648361,4.601121317134525,4.703781399341063
2628,13.14,5.6416424370446725,5.043957907579441,5.2120246412139934
2629,13.145,5.9609136260797,5.388564301754113,5.618505333133224
2630,13.15,6.197061649405655,5.652654967105407,5.926107827086211
2631,13.155,6.350870145997964,5.854068236332779,6.1392174418902234
2632,13.16,6.4238442101831685,6.004008944788724,6.2624059000949135
2633,13.165,6.418045334917569,6.104960209813353,6.300223084099386
2634,13.17,6.336182051353748,6.153463537447575,6.2574582158975565
2635,13.175,6.1819304871130045,6.144469853610055,6.139580528773031
2636,13.18,5.960498627375138,6.074304528381557,5.953242432113303
2637,13.185,5.679467197090775,5.941855340307117,5.70680280894163
2638,13.19,5.349923176670485,5.748916416101144,5.4108694346869175
2639,13.195,4.987810995002893,5.500507464524029,5.07888954584307
2640,13.2,4.61520077039557,5.205546134641972,4.727755292774487
2641,13.205,4.260770334242023,4.877936648846213,4.378186435465022
2642,13.21,3.9583357685146296,4.537876973853844,4.054521622150442
2643,13.215,3.742245915420458,4.212803661816576,3.783741461742269
2644,13.22,3.6396933609377022,3.9368163057249648,3.593689642771399
2645,13.225,3.6625556148287663,3.7469268552950403,3.5098901379885126
2646,13.23,3.803198735436689,3.67497446755967,3.549830859085673
2647,13.235,4.0369748562516,3.7366712866042153,3.7152994929345082
2648,13.24,4.329741913999986,3.9232378176537996,3.9871880361893823
2649,13.245,4.646018917319658,4.202060276127626,4.328173983200258
2650,13.25,4.954471763393952,4.527222229390782,4.693203636740735
2651,13.255,5.230081891283,4.853343334184983,5.041168164271024
2652,13.26,5.454003016390815,5.145166923431107,5.341525177242146
2653,13.265,5.612346972477087,5.380470926948581,5.57511105440254
2654,13.27,5.694724917380892,5.548281328949094,5.731774669947708
2655,13.275,5.692926081786319,5.64508322226043,5.807201946639439
2656,13.28,5.599841546455121,5.67072296805067,5.800116546346338
2657,13.285,5.408616343177716,5.624969806226332,5.7103002583148355
2658,13.29,5.111977579513302,5.50538219707587,5.537441745021996
2659,13.295,4.701697752269206,5.306645374139108,5.280559651469146
2660,13.3,4.168200597143525,5.020925099527718,4.937759013822918
2661,13.305,3.5004282522040127,4.638509277682165,4.506224202768909
2662,13.31,2.686355614941381,4.148247265552507,3.9822846534807197
2663,13.315,1.7152075410312595,3.5377379112029725,3.3612594598891006
2664,13.32,0.5841146062203821,2.793610511567853,2.6370930724123114
2665,13.325,-0.6841824405319473,1.902710342279783,1.8025819569759811
2666,13.33,-1.9998884803531207,0.8560471487007035,0.8521523742760291
2667,13.335,-3.136185641380729,-0.33995000837703415,-0.2084724964896152
2668,13.34,-3.7165101295569953,-1.634204722340204,-1.3360125682689983
2669,13.345,-3.470948537846178,-2.8648674260607443,-2.3899488037174743
2670,13.35,-2.55506349350067,-3.660616115180213,-3.0434515278983962
2671,13.355,-1.3560776949224929,-3.49299513827917,-2.828308069845499
2672,13.36,-0.155364119866228,-2.2251572191735534,-1.621887070042459
2673,13.365,0.9217205650295196,-0.4950623903330671,0.010066656368945992
2674,13.37,1.8363372370844115,1.0340465470634745,1.4770857973785132
2675,13.375,2.584717553929123,2.170206165608544,2.608275354739644
2676,13.38,3.174683438287004,2.9478819929926647,3.438695122052249
2677,13.385,3.616520647155526,3.4315227383785842,4.031799572589371
2678,13.39,3.9197985937863713,3.683743555867756,4.43552410415872
2679,13.395,4.092519055426809,3.783524578452943,4.680670193378339
2680,13.4,4.141202563766608,3.8194524660123905,4.7861712950582795
2681,13.405,4.071442965087432,3.846115952198442,4.763621594788095
2682,13.41,3.888865431273128,3.854560765848791,4.620638795409878
2683,13.415,3.6006517878673443,3.8052695169708532,4.3633113651218824
2684,13.42,3.2179773651111017,3.6699214167419827,3.9980856269429013
2685,13.425,2.75982499286704,3.438683026461698,3.5338229714159617
2686,13.43,2.2584691129810004,3.1146868714602096,2.9845245546657004
2687,13.435,1.7657692079714509,2.7117042628454864,2.372755391516715
2688,13.44,1.3561886575648634,2.2566879315568493,1.7340115494617039
2689,13.445,1.1177719724312238,1.795772952412277,1.1233724321303056
2690,13.45,1.1237945096671624,1.400677599705452,0.6235124571625672
2691,13.455,1.396422031524732,1.167546504812448,0.34345510910313326
2692,13.46,1.8939014049074112,1.1943762124967878,0.3897927812600095
2693,13.465,2.5349046729491667,1.5315760770461164,0.8097844856944318
2694,13.47,3.235170913757597,2.1374460409928755,1.5488042210010868
2695,13.475,3.9292511308746136,2.892020174784153,2.472055128917677
2696,13.48,4.574301857350173,3.663511810283925,3.430932807812437
2697,13.485,5.145261630990101,4.36077283687499,4.309399487694821
2698,13.49,5.628687215737802,4.941282407435941,5.037532580176231
2699,13.495,6.017958690473463,5.396721493374694,5.591382693265779
2700,13.5,6.310151551081098,5.7383192222032235,5.98158118874098
2701,13.505,6.5041704415208255,5.986111030181882,6.2287469619432025
2702,13.51,6.599712887954723,6.15956347038254,6.3480545979276215
2703,13.515,6.596768918462893,6.270101906627945,6.3513114687996355
2704,13.52,6.495502304996946,6.318864179826714,6.250615272023916
2705,13.525,6.296476880557408,6.300057778112949,6.0576451701181195
2706,13.53,6.00130240850817,6.20599382585895,5.781887584960946
2707,13.535,5.613901044971153,6.03039591982648,5.431178178521908
2708,13.54,5.142747034075398,5.769766539907376,5.013976573597263
2709,13.545,4.604558009867903,5.424131922440267,4.539838683615525
2710,13.55,4.029769189871304,4.998365488302943,4.020131026142222
2711,13.555,3.4689971498462824,4.504928109230719,3.4736529907153013
2712,13.56,2.996429145550454,3.9686685540894366,2.9340720153181774
2713,13.565,2.701098684218215,3.433787721284385,2.4530822937382077
2714,13.57,2.658057672747117,2.970879959401525,2.0999726548468027
2715,13.575,2.8905177496706767,2.676424576170018,1.9571808875948138
2716,13.58,3.355845926821444,2.650415112859061,2.099327572295088
2717,13.585,3.9704141365996266,2.945564089281242,2.550623866014561
2718,13.59,4.647581198247646,3.520105078544412,3.2514929784890256
2719,13.595,5.320172316288485,4.2507763190607815,4.079267022523544
2720,13.6,5.9442553548672326,5.001614757442672,4.9082185092399815
2721,13.605,6.494032523211697,5.678699251371059,5.652914343351883
2722,13.61,6.955416698725315,6.238288473513799,6.273759422495221
2723,13.615,7.321053036120895,6.6716236769193324,6.761284931331268
2724,13.62,7.587049218536647,6.989754063937501,7.119672196675967
2725,13.625,7.750964326378009,7.212575078034661,7.3572870199387275
2726,13.63,7.810583664544335,7.359222979452316,7.482606820610611
2727,13.635,7.763140624597185,7.44026261011746,7.5026899060049725
2728,13.64,7.604770204012007,7.45515697263998,7.422744530895529
2729,13.645,7.330064575248407,7.395489356331901,7.246223686555487
2730,13.65,6.931661147435944,7.2498183052977545,6.975101145831303
2731,13.655,6.399853086339959,7.006515180176421,6.610149583228157
2732,13.66,5.722317731745039,6.654234415358003,6.151218138502834
2733,13.665,4.884321294650445,6.181204334892534,5.597384859081186
2734,13.67,3.870483271530893,5.574300293938642,4.946649809005531
2735,13.675,2.6712165842822637,4.818453704056768,4.195070293880943
2736,13.68,1.3023823058333672,3.89708597075641,3.3359018145626993
2737,13.685,-0.1421321284081411,2.7953787974543496,2.3605575647862067
2738,13.69,-1.387217508200812,1.5115905727112273,1.2667076078205408
2739,13.695,-1.941851802308414,0.09061735057954401,0.08747317945957533
2740,13.7,-1.4877963073562657,-1.288882156411029,-1.029555181661297
2741,13.705,-0.309676132974551,-2.1591504682025073,-1.6809648227271428
2742,13.71,1.0940010432324545,-1.80695012157714,-1.2423647561759736
2743,13.715,2.431106848778601,-0.12152361305080728,0.3805637433622806
2744,13.72,3.598306044627507,1.935737939355823,2.3324144745597972
2745,13.725,4.575623656462444,3.6054285145112286,3.9375911087824265
2746,13.73,5.3706216727827325,4.788280791001905,5.111730962082177
2747,13.735,5.997252598029991,5.577555684036503,5.94972604120568
2748,13.74,6.468842344356855,6.055137799584101,6.5393178888876395
2749,13.745,6.796093975215355,6.290239067854245,6.937355904573986
2750,13.75,6.986772506113304,6.37624201568395,7.177887998690242
2751,13.755,7.045915074575798,6.419216348163443,7.28065385510626
2752,13.76,6.97620211680978,6.4753119381389945,7.25650941777692
2753,13.765,6.778436711605743,6.516080806247976,7.111135045367059
2754,13.77,6.452256735518467,6.48551982501535,6.8474733074937655
2755,13.775,5.997406995878035,6.349205020542225,6.467304337857025
2756,13.78,5.416252023907086,6.0927531256767615,5.972960611785401
2757,13.785,4.71885473741653,5.711077567967679,5.3695215344704765
2758,13.79,3.932891136322669,5.204046079545258,4.66690941771946
2759,13.795,3.12089626860597,4.577895525261394,3.882247221575997
2760,13.8,2.401929680532426,3.852130623593994,3.0467119765612667
2761,13.805,1.9534608643659732,3.074123341323822,2.221787346585437
2762,13.81,1.944743806478221,2.3436540295811836,1.52147002006752
2763,13.815,2.4142728762452133,1.8383612779379557,1.123634211368305
2764,13.82,3.235634302922864,1.792913583852,1.235849126512028
2765,13.825,4.222574627749212,2.357370526280409,1.969156640712296
2766,13.83,5.229707683086864,3.414728180790121,3.1899582053059445
2767,13.835,6.174105208956099,4.644182882244109,4.582068134349017
2768,13.84,7.017201060616118,5.779450008656858,5.872107365992063
2769,13.845,7.74459894278872,6.710051836888253,6.930507765134839
2770,13.85,8.353316027114767,7.422638034425895,7.7381217696939615
2771,13.855,8.845056155218847,7.941888019143464,8.330554986439775
2772,13.86,9.222915544360726,8.30924488312322,8.747777370822444
2773,13.865,9.489819672819744,8.57451283605642,9.014975877334923
2774,13.87,9.647784263189797,8.78046440279491,9.15004784170565
2775,13.875,9.697547936834592,8.945359825632037,9.169105128128459
2776,13.88,9.638354637130316,9.061441489544674,9.085492957378136
2777,13.885,9.467777169899408,9.109963209438638,8.907762846307186
2778,13.89,9.181531943736568,9.074081241879213,8.641008242633868
2779,13.895,8.773276099278155,8.941858488372517,8.289773498812615
2780,13.9,8.234433556918027,8.704419901365824,7.856824131182815
2781,13.905,7.554218434518365,8.353666600289436,7.341681781651353
2782,13.91,6.720337112457231,7.8807188633380125,6.745361982891472
2783,13.915,5.721678564090922,7.275075464122652,6.0752551551637035
2784,13.92,4.556467167890454,6.524518977418566,5.341529344817576
2785,13.925,3.2544803346726563,5.61639931191269,4.549068459869969
2786,13.93,1.929642781603266,4.542379178634463,3.6938511251760824
2787,13.935,0.8633417538878143,3.3123363975764604,2.7695918862774684
2788,13.94,0.4830096588170865,1.9913576052009119,1.8029110479324078
2789,13.945,0.9995298008472892,0.7840211783538757,0.9424619053303851
2790,13.95,2.135189932594876,0.14838062192976142,0.5741953558884791
2791,13.955,3.470965276388464,0.6578028825876343,1.1967625150247518
2792,13.96,4.756701815950226,2.269061334102203,2.768226038738684
2793,13.965,5.897080925481016,4.152312338929741,4.556099841443567
2794,13.97,6.869834737879586,5.707898330004032,6.037519261468807
2795,13.975,7.679175785167719,6.8434714150612095,7.14310399679915
2796,13.98,8.336725663425518,7.626806226260559,7.948631922130289
2797,13.985,8.85462703716017,8.127992796590426,8.529864889390002
2798,13.99,9.24332326923074,8.41512157870898,8.939128329742164
2799,13.995,9.511024170716777,8.577372434260305,9.209272265947384
2800,14.0,9.66374046705194,8.707425960598233,9.35978105690692
2801,14.005,9.705479588964325,8.848378642673962,9.40169594560441
2802,14.01,9.63846511160246,8.9747286562341,9.341164883987059
2803,14.015,9.46335053962198,9.04145939961549,9.181524956725035
2804,14.02,9.179453343108426,9.020702917641646,8.925233294047041
2805,14.025,8.785085719727748,8.900506949073868,8.57635787633431
2806,14.03,8.278138834095781,8.67602644698787,8.142010107600447
2807,14.035,7.657231105222836,8.344630957001787,7.631383023045604
2808,14.04,6.924028260778053,7.904202133056614,7.053851506810439
2809,14.045,6.087870647840901,7.353186583721671,6.419493097653426
2810,14.05,5.174552666348291,6.69205127474441,5.743293558569009
2811,14.055,4.241066042589102,5.926725783558446,5.048596057745909
2812,14.06,3.3934612326833173,5.075578062803106,4.3646081361065985
2813,14.065,2.7883198168712404,4.182422275856152,3.7258361533799764
2814,14.07,2.5794566228812728,3.3372088768198953,3.1898423375940794
2815,14.075,2.8154535882578493,2.6963944909974393,2.866336648025914
2816,14.08,3.3985368725283487,2.465535262930391,2.907380818099978
2817,14.085,4.162772850048497,2.785909729364834,3.406367982760739
2818,14.09,4.966752623071819,3.579265634351956,4.2704064364243886
2819,14.095,5.723219715783944,4.574662278128345,5.25831878569603
2820,14.1,6.3878426933500805,5.518225972965331,6.164191706725429
2821,14.105,6.941404743289085,6.28605272914925,6.897313784572862
2822,14.11,7.377267538355335,6.8505340661096845,7.443305736352071
2823,14.115,7.69429810691741,7.227102988055196,7.819135147601314
2824,14.12,7.893198890935156,7.450140518062855,8.049308374149085
2825,14.125,7.974643524665512,7.562998623000314,8.15489530746696
2826,14.13,7.938295529312108,7.604325642189739,8.149596730652185
2827,14.135,7.782220412762139,7.592319841785905,8.041077107168746
2828,14.14,7.502432421928969,7.521249066321866,7.83355996068488
2829,14.145,7.092431691929645,7.372882297977183,7.527349497374538
2830,14.15,6.542646632290898,7.128342924485056,7.119049911312002
2831,14.155,5.839746973403951,6.771852924449549,6.606283769860015
2832,14.16,4.9659054845971164,6.289373371791505,5.990965575247712
2833,14.165,3.898451719612619,5.666166603878764,5.275620530447807
2834,14.17,2.611602160316428,4.884706266991983,4.457685191955629
2835,14.175,1.0861734607861366,3.9231996157295974,3.52669769414436
2836,14.18,-0.653113438308482,2.755351492404356,2.4625350422986902
2837,14.185,-2.420355777019178,1.3542085366708165,1.2384291938454441
2838,14.19,-3.650563243519185,-0.2896329407588407,-0.15883035162614867
2839,14.195,-3.595230978228554,-2.1014142496708503,-1.667088082168564
2840,14.2,-2.3627877285333043,-3.7204193959221783,-2.974634919346732
2841,14.205,-0.7355827025763186,-4.178543649231424,-3.234733326503715
2842,14.21,0.8060058848939615,-2.549296341614884,-1.6348255171978963
2843,14.215,2.122037153388743,0.10384039095186015,0.8736235659275753
2844,14.22,3.201965319286725,2.240157790875585,2.9133045823656847
2845,14.225,4.068321781088863,3.6599922087156767,4.303383839844775
2846,14.23,4.747538958537808,4.567017543013032,5.2370245416456065
2847,14.235,5.262793737026781,5.100384504381395,5.864508859631778
2848,14.24,5.633167262331495,5.334700897863139,6.273465729768676
2849,14.245,5.874488399132288,5.364961529098722,6.513639604061592
2850,14.25,6.000588844676209,5.336087149287834,6.614867140288554
2851,14.255,6.024691126459578,5.370495073147296,6.595903814109263
2852,14.26,5.960937613580483,5.462681565174806,6.46963289462388
2853,14.265,5.82611486231202,5.530988630204427,6.247067459756362
2854,14.27,5.64152687695922,5.530646233388955,5.939967368016427
2855,14.275,5.434685753263237,5.457942772724974,5.563110236843346
2856,14.28,5.239974492495911,5.328405826118565,5.137698597685229
2857,14.285,5.096859680817208,5.167969062833021,4.695305017560271
2858,14.29,5.044277693813463,5.01098757118036,4.278776383271453
2859,14.295,5.111539899942471,4.898730498086061,3.93953647605155
2860,14.3,5.309361168921911,4.874606722120765,3.736101119020536
2861,14.305,5.626391579330598,4.974348103843405,3.7310520508840836
2862,14.31,6.033689602526921,5.213304091330124,3.9713967584095173
2863,14.315,6.494079969312687,5.578022131936187,4.454221994565337
2864,14.32,6.971017966097216,6.02943615316687,5.117477117718921
2865,14.325,7.433780390278409,6.516865454767782,5.872834702839482
2866,14.33,7.858976104443603,6.993663257956026,6.640223049755689
2867,14.335,8.229841475897166,7.426347948824518,7.343724126779819
2868,14.34,8.534698322248888,7.796086840042304,7.912815822030774
2869,14.345,8.765363009934465,8.095693350236484,8.310219491361629
2870,14.35,8.91581352327366,8.32511174058154,8.550864387375391
2871,14.355,8.981163558206175,8.486958343073027,8.667690246675466
2872,14.36,8.956891635440854,8.58302770578903,8.674168316053507
2873,14.365,8.838250487877238,8.61240187550925,8.575899658294036
2874,14.37,8.619790901768514,8.571204310818356,8.383020046235108
2875,14.375,8.29495569199102,8.453327380261781,8.10756178716996
2876,14.38,7.855733282288573,8.25127005479239,7.757443093552833
2877,14.385,7.292424772466671,7.9565896107278515,7.3344374812491475
2878,14.39,6.593726465337434,7.559921212920305,6.839001008592032
2879,14.395,5.747700542794832,7.050757336951683,6.270167146937363
2880,14.4,4.745157534329608,6.417273346211732,5.6190995743310985
2881,14.405,3.589353193893544,5.646655763170348,4.872509757937477
2882,14.41,2.321064146163648,4.7269378296431475,4.024737570637305
2883,14.415,1.0734460841405842,3.6528739838783104,3.082383244178385
2884,14.42,0.1433695642053145,2.4422421994793684,2.067399588345371
2885,14.425,-0.074597970508457,1.177002964619958,1.0498017006395748
2886,14.43,0.549433451122343,0.08903450070446439,0.22340029507682502
2887,14.435,1.7152439206168626,-0.3533658004859346,-0.01830900750255715
2888,14.44,3.043619803078024,0.3368952928864273,0.7342396414134722
2889,14.445,4.317035064251093,1.9833118746829665,2.3216703453733034
2890,14.45,5.452721896446473,3.7969261523058684,4.055505750178767
2891,14.455,6.431317424623716,5.286006453692369,5.505469821756506
2892,14.46,7.256927793043443,6.386663939002064,6.619543307179974
2893,14.465,7.940479425764733,7.160629157451131,7.462296435207742
2894,14.47,8.49354204950273,7.672786432187045,8.097967076578287
2895,14.475,8.926267891431213,7.991762815874775,8.570555773972469
2896,14.48,9.246861937213232,8.20583271575859,8.90760369478566
2897,14.485,9.461587094417595,8.399399135428624,9.125856323369995
2898,14.49,9.574928945579895,8.604372370450506,9.23547337519029
2899,14.495,9.589785174468698,8.793021404280605,9.243016096002414
2900,14.5,9.507640299468807,8.925500934027749,9.153375774150621
2901,14.505,9.32872905872973,8.978382202376594,8.971044523039259
2902,14.51,9.052220214358366,8.942023080628775,8.701219258522011
2903,14.515,8.676487954020363,8.812887115942797,8.350665625306313
2904,14.52,8.199601132345963,8.589286592574402,7.92784595624238
2905,14.525,7.620282828466044,8.269725791047966,7.442687795587065
2906,14.53,6.939826572848094,7.852551341117508,6.907935914062916
2907,14.535,6.165869661924718,7.336411723404248,6.341869498555901
2908,14.54,5.319504372549738,6.721620510796981,5.766695916225199
2909,14.545,4.447379610203393,6.013037822815868,5.199271269421497
2910,14.55,3.6376361477072754,5.225746727475538,4.6452688319744935
2911,14.555,3.026939827497083,4.3955628413227785,4.11157752201137
2912,14.56,2.767554786021381,3.5961204625132304,3.6329340017695353
2913,14.565,2.941601144475496,2.958233205038978,3.293246993244966
2914,14.57,3.497415892107941,2.666276808106806,3.2236609904687947
2915,14.575,4.291765021912775,2.8811214292282488,3.546022186343335
2916,14.58,5.180564836774004,3.597270615455897,4.25838669346794
2917,14.585,6.065516312257863,4.604399084425116,5.194343813608908
2918,14.59,6.893243148250195,5.646195319065861,6.144550072404575
2919,14.595,7.639649051240648,6.567242409214362,6.982010709191977
2920,14.6,8.29661183085323,7.316776043054577,7.670517857806218
2921,14.605,8.863867160111777,7.899279451598488,8.219967933962423
2922,14.61,9.344657680456272,8.34383236609446,8.652373360476819
2923,14.615,9.743545258499424,8.69175895622604,8.987197153534218
2924,14.62,10.065362192887545,8.985016346333481,9.238920975977713
2925,14.625,10.31474081473139,9.25120725493491,9.41813563191877
2926,14.63,10.49593232380257,9.496113417350646,9.531133784577477
2927,14.635,10.612769678251633,9.710890961428577,9.581338237027282
2928,14.64,10.66870332910846,9.884239640615162,9.574493662188374
2929,14.645,10.666876560149648,10.008655668350658,9.521560585709503
2930,14.65,10.610227128310536,10.08087790040809,9.43563158157232
2931,14.655,10.501612924873884,10.10046810586927,9.327917629311209
2932,14.66,10.343966024091262,10.068547648245334,9.205974328128603
2933,14.665,10.14048384549223,9.987066233455401,9.072872341741167
2934,14.67,9.894868818922845,9.858480738520488,8.929885201165284
2935,14.675,9.611628210967805,9.685691623889404,8.783236832561215
2936,14.68,9.296441407327375,9.472143358651362,8.644382409121775
2937,14.685,8.956588661442451,9.22204363692179,8.519680674375557
2938,14.69,8.601406599359569,8.940681787277182,8.405272243577313
2939,14.695,8.242684464920845,8.63483218734639,8.291154371117003
2940,14.7,7.894839639917804,8.313213250650408,8.165916987717164
2941,14.705,7.574629382186988,7.986931521196791,8.020273009807466
2942,14.71,7.300124309899969,7.6697680543075535,7.851567204793577
2943,14.715,7.088784087478974,7.378066586871179,7.6679032539694285
2944,14.72,6.954813450545746,7.129900136521484,7.487708169317548
2945,14.725,6.9064603683397525,6.943222494486904,7.333954395230057
2946,14.73,6.944235318060809,6.832991372117253,7.227605136294072
2947,14.735,7.060822714874123,6.807832190902038,7.183554458899479
2948,14.74,7.242727353263429,6.867448383518297,7.2084011777452845
2949,14.745,7.472939774310138,7.002104799536228,7.299549992571036
2950,14.75,7.733635097418229,7.194707470759906,7.4463310075953055
2951,14.755,8.008197883057358,7.424678833886117,7.633134089122013
2952,14.76,8.282350202923553,7.672005873140158,7.843076306604136
2953,14.765,8.544519866869177,7.920086888508451,8.06058954228655
2954,14.77,8.785721124859569,8.156892084717013,8.272871225786822
2955,14.775,8.999198952243772,8.37471840249576,8.470887844325064
2956,14.78,9.18000853024522,8.569131683178759,8.649591610460966
2957,14.785,9.324624644457796,8.737671286821689,8.806680169743334
2958,14.79,9.430622483323326,8.878739897307323,8.940523766526542
2959,14.795,9.49644136582859,8.99090395144195,9.048518168687862
2960,14.8,9.521229261981986,9.072629225251244,9.126506021740298
2961,14.805,9.504761797729634,9.122330348454138,9.169675097450305
2962,14.81,9.447430003229687,9.13856771989527,9.174793075910625
2963,14.815,9.350293416408563,9.120266185331321,9.141961075039784
2964,14.82,9.215197367234683,9.066901059008316,9.074121573729439
2965,14.825,9.044953676440684,8.978652242031062,8.975442894582383
2966,14.83,8.8435805561944,8.856552406337437,8.850429560845463
2967,14.835,8.616587329732733,8.70265785151414,8.703732398974402
2968,14.84,8.37126908147252,8.520261387681296,8.540092273679516
2969,14.845,8.116942531855546,8.314150674773462,8.36437495397831
2970,14.85,7.865008899226167,8.090892069855748,8.181792401744241
2971,14.855,7.628685751617072,7.85908520924094,7.998296446129029
2972,14.86,7.422241151261102,7.629484614843886,7.821027284021911
2973,14.865,7.259640153880498,7.414827728211524,7.658608752441973
2974,14.87,7.152712009138295,7.229169999933985,7.521020908925422
2975,14.875,7.1092259561428754,7.086561182824164,7.418804010840216
2976,14.88,7.131469135851706,6.999070455637813,7.361523164391961
2977,14.885,7.215859099492095,6.974499701121476,7.355764318303754
2978,14.89,7.353752620007603,7.014488408633334,7.403310296260001
2979,14.895,7.533138647069554,7.113828544571994,7.500283839243177
2980,14.9,7.740625099970451,7.261440057808203,7.637724259674573
2981,14.905,7.963173765870762,7.442729621695008,7.803405047328128
2982,14.91,8.189290524795956,7.6424499042736045,7.984149406656412
2983,14.915,8.409641454618486,7.84710144745223,8.167829310575758
2984,14.92,8.617221203691951,8.046324095263056,8.344591080670865
2985,14.925,8.807241040495207,8.233238908129511,8.507293850201364
2986,14.93,8.976876888455477,8.404031606408461,8.651405533682887
2987,14.935,9.124968842942986,8.557166229907853,8.774636743150445
2988,14.94,9.251719361665565,8.692566112040687,8.876509080049676
2989,14.945,9.358406338336705,8.810978434072139,8.957955186122764
2990,14.95,9.447109507149555,8.913598303600562,9.020982566689543
2991,14.955,9.520441227794068,9.001910798161425,9.068402153792263
2992,14.96,9.581272841984354,9.077648246277327,9.10360754398696
2993,14.965,9.632453237439698,9.142760031689667,9.130377748734501
2994,14.97,9.676524941494453,9.199329436832082,9.152664156302727
2995,14.975,9.71545255510596,9.249416283498242,9.174320576084456
2996,14.98,9.750385683275349,9.294837868712946,9.1987537987562
2997,14.985,9.78148082731298,9.336920573992177,9.228510574823838
2998,14.99,9.807802246202012,9.376263194834458,9.264860393519339
2999,14.995,9.827311043157165,9.412552694649072,9.307461186872485
3000,15.0,9.836937572956147,9.44446431536994,9.354193123842958
3001,15.005,9.832718978111814,9.46966171888366,9.401213072459207
3002,15.01,9.80997514680324,9.484892332166984,9.443230382208338
3003,15.015,9.76349462162464,9.486153836092944,9.47395147909294
3004,15.02,9.68770658976336,9.468895492404023,9.486603228133905
3005,15.025,9.57682404704914,9.428216055595449,9.474433021368045
3006,15.03,9.424954276485645,9.359027908101861,9.431099411726306
3007,15.035,9.22618461866543,9.256171254910063,9.350905549469521
3008,15.04,8.974664622017649,9.11447821173069,9.228874986080946
3009,15.045,8.664722839865513,8.92880113625881,9.060708171643194
3010,15.05,8.29108359433601,8.694031898758036,8.842678301374352
3011,15.055,7.849296073525906,8.405151378844192,8.571531648375299
3012,15.06,7.336571278720246,8.057367021477559,8.24446444782372
3013,15.065,6.753362741493085,7.646430438428505,7.859271083083253
3014,15.07,6.106234026271714,7.169291962727573,7.4148113794043065
3015,15.075,5.412750914077613,6.6253671419777245,6.9120468296790305
3016,15.08,4.708906845383542,6.018887002319296,6.3560687650716154
3017,15.085,4.0576943522264886,5.363074645575042,5.7597823350687225
3018,15.09,3.5518777139891955,4.687059596055626,5.150064034918823
3019,15.095,3.29663554316845,4.045739125486939,4.576593825251131
3020,15.1,3.364496354321956,3.529100668903605,4.120281804368315
3021,15.105,3.750637697214816,3.258072520031033,3.889786864935248
3022,15.11,4.375646699736327,3.3448025880106425,3.9863876008087002
3023,15.115,5.132462256373187,3.8175422436862014,4.437149337286365
3024,15.12,5.929254664123357,4.577114861863428,5.15577919781566
3025,15.125,6.7041598815156185,5.452626621496035,5.9915617553202445
3026,15.13,7.42137351994256,6.298703902984081,6.815470481408894
3027,15.135,8.062456552704326,7.0371861204255435,7.556865562411839
3028,15.14,8.61908394005481,7.643955916005233,8.190479194168404
3029,15.145,9.088313159050388,8.125785686234332,8.71350181908944
3030,15.15,9.46979834139563,8.50526556040567,9.130938473685944
3031,15.155,9.76422371233154,8.810038410588028,9.449101389721584
3032,15.16,9.972436246621603,9.062135798019355,9.673480736695932
3033,15.165,10.094959793987412,9.270627364145598,9.808463691214019
3034,15.17,10.131707485079124,9.432289359687145,9.857686723455775
3035,15.175,10.081788003909844,9.538022859994499,9.824513587112264
3036,15.18,9.943344724999326,9.578512715258602,9.712459976469223
3037,15.185,9.713389634639045,9.546339407356465,9.525497705728242
3038,15.19,9.387605621360947,9.435752931790542,9.268180462486171
3039,15.195,8.96009717833164,9.241749975563774,8.945561072682246
3040,15.2,8.423076579301211,8.959193970455626,8.56290695652358
3041,15.205,7.76649020941787,8.582117358226053,8.125057463423648
3042,15.21,6.977642810190278,8.103148884955896,7.634917016027604
3043,15.215,6.041034840681513,7.512991644197759,7.090726786854242
3044,15.22,4.939088699631356,6.799924989205484,6.482920684585141
3045,15.225,3.655782863231683,5.949414122733745,5.7924392592114575
3046,15.23,2.1890524283351294,4.944192390162263,4.991773930358072
3047,15.235,0.5875518584891122,3.765969106107254,4.048906938630839
3048,15.24,-0.9597500806742972,2.4021924150957585,2.936109360382745
3049,15.245,-2.0110671802275046,0.8677626339583577,1.6523920675603336
3050,15.25,-2.064312449374325,-0.7324982491804084,0.2822580715383012
3051,15.255,-1.1700931111186763,-2.058989423932692,-0.8736630473792237
3052,15.26,0.141640981887611,-2.404040288059406,-1.1801155472235525
3053,15.265,1.464126257138652,-1.2180611648352864,-0.13583013007825961
3054,15.27,2.634242945204201,0.8261485739778598,1.6765181923049362
3055,15.275,3.6127006309594103,2.652701262080748,3.311402143028345
3056,15.28,4.4032381560375775,3.953630720424763,4.502130966124406
3057,15.285,5.020761698755863,4.809902687957458,5.3311148899872025
3058,15.29,5.480789835100413,5.322261353050101,5.9031082295860235
3059,15.295,5.796459448816593,5.561800099057217,6.287097831865093
3060,15.3,5.978045272097648,5.61230460444521,6.52248728539347
3061,15.305,6.033285833042373,5.586105575294163,6.630526843784642
3062,15.31,5.96798883670635,5.57345471966102,6.622172946676697
3063,15.315,5.786826589433778,5.576916309160347,6.503332310496919
3064,15.32,5.49443927367784,5.539204116029842,6.277963097596883
3065,15.325,5.0971285527790124,5.4162273690052745,5.949289324950545
3066,15.33,4.6056129948515085,5.19118612806445,5.520665113134782
3067,15.335,4.039490405200867,4.862577027043295,4.997476613413905
3068,15.34,3.43390214517653,4.437502977369251,4.390411060262125
3069,15.345,2.8474629596058088,3.9319096717866135,3.719787108707682
3070,15.35,2.366141862870501,3.3755036424691665,3.022068577980011
3071,15.355,2.091174523317713,2.8201318974123404,2.3608343692711045
3072,15.36,2.1017934652167707,2.348537368752242,1.8373213613646016
3073,15.365,2.41115937214639,2.073256029895313,1.5817041282865523
3074,15.37,2.958263310587249,2.1066936384837534,1.7071237799805927
3075,15.375,3.645086926898326,2.49645656547775,2.241860565179112
3076,15.38,4.379883871861178,3.17453573085501,3.095356283936442
3077,15.385,5.097021514595187,3.9895395270914786,4.100811147056696
3078,15.39,5.756659621845697,4.795044085717258,5.090802822046198
3079,15.395,6.337290210865735,5.502458392353426,5.946708769755699
3080,15.4,6.828541597875565,6.07812942086303,6.61542117502394
3081,15.405,7.226177212968286,6.5223797934799315,7.102150032682235
3082,15.41,7.52904584611397,6.85358954616936,7.435540326195325
3083,15.415,7.737335551987461,7.097272726512075,7.63605020951114
3084,15.42,7.851610949207695,7.275837690785835,7.717002467790824
3085,15.425,7.872304665575434,7.400648550168821,7.692301360178013
3086,15.43,7.799477956559197,7.47092590250538,7.576064027266703
3087,15.435,7.632761694823556,7.4789109349904335,7.3793198835600355
3088,15.44,7.371457513211378,7.41565256721264,7.10921902452814
3089,15.445,7.014841280553572,7.273863178122678,6.772237223370764
3090,15.45,6.562788451862842,7.048350218810736,6.374815869260265
3091,15.455,6.016956437653596,6.735642069890628,5.920662352379699
3092,15.46,5.382933940222783,6.333803213509795,5.413620250225049
3093,15.465,4.673984227881421,5.842887467937345,4.865053050019102
3094,15.47,3.91707803320841,5.266374014875514,4.294607884192995
3095,15.475,3.161110358792434,4.614109042493397,3.7239874748384674
3096,15.48,2.4838444188130424,3.907536234063503,3.1750916718551165
3097,15.485,1.9870888756005844,3.187910674919652,2.6741230933390954
3098,15.49,1.766228699253039,2.526452053856499,2.2601197854443056
3099,15.495,1.860616186388966,2.029319530506617,1.9978285202854758
3100,15.5,2.2276682478590444,1.8193963101381754,1.9774214493993956
3101,15.505,2.770151650558217,1.9776733549010794,2.2647747338639963
3102,15.51,3.385678325023785,2.4732380404645204,2.8299882434499897
3103,15.515,3.996280939033301,3.1641840659294984,3.547297309677969
3104,15.52,4.552622028157831,3.884418316757536,4.273532440971104
3105,15.525,5.026853807789219,4.520069951318378,4.913410724115019
3106,15.53,5.404384995560706,5.020560678745146,5.426472768880664
3107,15.535,5.677849437180974,5.377159016903509,5.805486618906528
3108,15.54,5.843325839351348,5.6036083751851224,6.056839065427988
3109,15.545,5.898100273407384,5.723940644515831,6.189855827217582
3110,15.55,5.8393407859679645,5.761845569375933,6.2124088338092145
3111,15.555,5.663269056554688,5.730895292287306,6.129719916823701
3112,15.56,5.36458867117995,5.630607961380649,5.944443870440621
3113,15.565,4.936056120630812,5.450253914116514,5.657165657496405
3114,15.57,4.368201542570326,5.1752582714748545,5.26712146989466
3115,15.575,3.649403972225738,4.790954474020924,4.772887867626766
3116,15.58,2.7669873234404623,4.283210173282615,4.1725027681237234
3117,15.585,1.7112054356527708,3.637769863560172,3.462907788642938
3118,15.59,0.4870906047804712,2.839952847362927,2.639527838877348
3119,15.595,-0.8539739814310234,1.8762697202065826,1.6975681280464974
3120,15.6,-2.144941213516405,0.7411187670298016,0.6378795664045009
3121,15.605,-3.0247673733943,-0.5432724940382316,-0.5157169366902048
3122,15.61,-3.0740761115533903,-1.8746838144888223,-1.6710993298779213
3123,15.615,-2.2664012764099746,-2.9624596262533975,-2.572490307921181
3124,15.62,-1.004130104511879,-3.242651471294309,-2.7244327967708086
3125,15.625,0.3334222468488218,-2.2482237197916586,-1.7184127566384992
3126,15.63,1.5626275511957817,-0.3996947669295112,0.06509882145231405
3127,15.635,2.624221377229574,1.411531614428423,1.8247915392100564
3128,15.64,3.509985907648208,2.8016997113950657,3.2111774723287487
3129,15.645,4.228237704608454,3.7799009888714354,4.23222935952869
3130,15.65,4.790663875033244,4.424681306245952,4.967159678128335
3131,15.655,5.207763225128634,4.802629771826105,5.480995006702203
3132,15.66,5.4874254212357165,4.988289761400338,5.816256929803523
3133,15.665,5.634559492247101,5.077629253356136,5.999157665561389
3134,15.67,5.650983455758424,5.15160101892411,6.0454601550514635
3135,15.675,5.535257240291212,5.223122064846197,5.964273917802785
3136,15.68,5.282291624940475,5.247494797513454,5.7603729705832425
3137,15.685,4.8825777896698455,5.1791486894525836,5.435461133860176
3138,15.69,4.320801173296739,4.991173666964779,4.988883142195626
3139,15.695,3.573397969064072,4.666828214773053,4.418088885171606
3140,15.7,2.604147527951316,4.1903152154634,3.7186206767754895
3141,15.705,1.3557737072215224,3.5409737876021175,2.8827344499477148
3142,15.71,-0.2674884759667297,2.6883214303500216,1.8962952345371629
3143,15.715,-2.440869468418757,1.5851741572832396,0.7344197145803584
3144,15.72,-5.534853558989728,0.15506806452434052,-0.6484095800549392
3145,15.725,-10.551016540745035,-1.7344238313275433,-2.348267127331426
3146,15.73,-20.47334490187554,-4.3369937851587,-4.585163436571047
3147,15.735,-13.09218983271001,-8.221643681240108,-7.885341845115349
3148,15.74,-6.814476030044133,-15.046861740433377,-13.76350220398839
3149,15.745,-3.1930684632464907,-29.877042628954506,-26.777563878826093
3150,15.75,-0.7108822922946119,-3.329130977532394,-3.070309949197079
3151,15.755,1.1325343874895373,1.8879828311856572,1.8067629837454513
3152,15.76,2.5590838531983047,3.3011321099815882,3.2424897341905523
3153,15.765,3.685863881918855,4.329835288221805,4.26583809833778
3154,15.77,4.581852267637413,5.079827857114404,5.005444244061475
3155,15.775,5.290809046286387,5.725894549611402,5.57426551907215
3156,15.78,5.841961710101567,5.412218114232895,5.996903648919501
3157,15.785,6.255533459932331,4.708562542366465,6.292753735151018
3158,15.79,6.545835963957672,3.862157775435908,6.479067189989252
3159,15.795,6.72311051847484,4.83228995205453,6.5532256207061605
3160,15.8,6.794684093906208,5.595500964790097,6.512523178535182
3161,15.805,6.7657345615378,6.000001390605356,6.363016545957213
3162,15.81,6.63983147720257,6.210083617118258,6.102814628495739
3163,15.815,6.4193575545329935,6.279831449587461,5.7298084961932085
3164,15.82,6.105889528296889,6.233019438944142,5.236264881367494
3165,15.825,5.700612520490971,6.0819089144581335,4.648953689790114
3166,15.83,5.204854948981533,5.833443178995864,4.011770225947239
3167,15.835,4.620860725869497,5.491897926215437,3.3153249271846197
3168,15.84,3.952959315646396,5.060368919531863,2.5180068508791957
3169,15.845,3.209335072920936,4.541943052996192,1.7173545625297506
3170,15.85,2.4045733676737973,3.940980359047881,1.2439023744324924
3171,15.855,1.5629076143109848,3.2648282098187327,1.1038730403215795
3172,15.86,0.7212912015728403,2.526258400343041,1.0861345506794349
3173,15.865,-0.0702054328346851,1.7467915411510244,0.888039502886707
3174,15.87,-0.7548842423025708,0.9605563987340893,0.9361969828993999
3175,15.875,-1.285589697222823,0.21694148849485195,0.9156444624908047
3176,15.88,-1.6453510804354712,-0.42219037241391355,0.7851648778563574
3177,15.885,-1.858442417195932,-0.8966955054111985,0.13656363498563184
3178,15.89,-1.9825954984839944,-1.174837106720351,-0.25149437571698385
3179,15.895,-2.089754093137416,-1.278405554893249,-0.3557095533673662
3180,15.9,-2.2500133529054684,-1.2825415041027002,-0.4662490189102302
3181,15.905,-2.525707411265082,-1.2861942486345486,-0.6125085261506484
3182,15.91,-2.973999264015463,-1.3787645824777934,-0.8563539673548348
3183,15.915,-3.6544554820127,-1.6258446447717283,-1.184171947554817
3184,15.92,-4.6401935617973225,-2.073318694816515,-1.627915407871133
3185,15.925,-6.0332643177832646,-2.75936411027421,-2.3086237485045666
3186,15.93,-7.980247099328681,-3.7291947173281255,-3.242812070418182
3187,15.935,-10.617304053407308,-5.053324910334476,-4.417865594887081
3188,15.94,-13.312302377457266,-6.850833274572839,-6.031738384282509
3189,15.945,-12.6952735241911,-9.306244118080448,-8.348926464135083
3190,15.95,-9.144078923171424,-12.536684079780281,-11.434899743536997
3191,15.955,-5.819096011299097,-15.077544872554851,-13.824051736940307
3192,15.96,-3.174130008136587,-10.63411672687037,-9.98943429820072
3193,15.965,-1.060052291128673,-3.7090106409658414,-3.804377148492854
3194,15.97,0.6635781201096904,-0.45434553641882935,-0.7587995428928469
3195,15.975,2.090358406330445,1.4563863633272889,1.222701648335181
3196,15.98,3.2815642428190417,2.747240741370609,2.390395698129467
3197,15.985,4.278289922759432,3.649849437697849,3.277346763657461
3198,15.99,5.108815570184521,4.126709624255584,4.0852054792761505
3199,15.995,5.792945721642788,4.2537822590535175,4.740808362500567
3200,16.0,6.344604325914824,4.33147183893597,5.284716424238343
3201,16.005,6.773415619043645,4.757497412333898,5.725545617961513
3202,16.01,7.085670170252115,5.431932562602781,6.054842103683452
3203,16.015,7.284894571135516,6.003571741120556,6.263572578823341
3204,16.02,7.372142306064637,6.42185509113782,6.342748299256347
3205,16.025,7.346062799853944,6.701203160576126,6.285037933547507
3206,16.03,7.202763992417335,6.854261356483932,6.088201023626288
3207,16.035,6.93544834920962,6.887381715790832,5.760188414745763
3208,16.04,6.533764126682218,6.801794134342256,5.316218594076796
3209,16.045,5.982766329884028,6.594421674869347,4.764355060051146
3210,16.05,5.261325353003635,6.257993015049105,4.110726753387516
3211,16.055,4.33979174438281,5.780526874068345,3.399323267868659
3212,16.06,3.17693324157307,5.144165500610121,2.721494212259249
3213,16.065,1.717661920260856,4.323215206867488,2.1098257767866233
3214,16.07,-0.0988189866330804,3.2812223682323367,1.471882811408734
3215,16.075,-2.269700162482894,1.9673624959727225,0.6601717632701574
3216,16.080000000000002,-4.3880147898475785,0.3152992451940939,-0.40489115230583916
3217,16.085,-4.998965459871294,-1.7371734380865878,-1.8322810022460372
3218,16.09,-3.3132189763524784,-4.113124683055846,-3.673647771585804
3219,16.095,-0.857581700029359,-5.966793635302857,-5.264363611486928
3220,16.1,1.3856161759604515,-4.726189388065059,-4.2253763187475535
3221,16.105,3.2564496049887297,-0.36140633016043555,-0.38377911047498436
3222,16.11,4.797606942699039,3.0703160533714002,2.653874953077743
3223,16.115000000000002,6.071026481265767,5.123045586371418,4.467515808888706
3224,16.12,7.126783111820403,6.4458268978352065,5.651134420027232
3225,16.125,8.001792715718237,7.324964316365007,6.503646488059611
3226,16.13,8.722872566056525,7.845310693226621,7.1663747838756695
3227,16.135,9.30957751124703,8.06299174157498,7.688109019625903
3228,16.14,9.776249855346489,8.15819476311504,8.096564894905205
3229,16.145,10.133420622262108,8.372155336648861,8.421423472486957
3230,16.15,10.388758087333798,8.781827619692283,8.657462883969137
3231,16.155,10.547712549022393,9.209628531446658,8.77589855297669
3232,16.16,10.61395870133458,9.547296455924995,8.77925576036105
3233,16.165,10.589704132916683,9.7773764821699,8.707480148671815
3234,16.17,10.475913271015704,9.904304745910459,8.581098222615873
3235,16.175,10.272488198512866,9.934213087488391,8.412121288317907
3236,16.18,9.97845112648713,9.871453062329131,8.212095724320832
3237,16.185,9.59219146416421,9.718425774790596,7.963777062100909
3238,16.19,9.111882621521458,9.475941210819936,7.605707904280386
3239,16.195,8.536258348418706,9.143636553188855,7.163463934238695
3240,16.2,7.866097278743379,8.720461778460331,6.753990981065461
3241,16.205000000000002,7.107037741769879,8.205387998521212,6.42713303532688
3242,16.21,6.274726037182879,7.598630570696937,6.1585009220587015
3243,16.215,5.403485669236368,6.903909069356624,5.893197881361098
3244,16.22,4.558333334532182,6.13264920675103,5.595040950026049
3245,16.225,3.843920929995307,5.311509291197781,5.250431430672203
3246,16.23,3.391361712293825,4.494559007475879,4.832855840425517
3247,16.235,3.303605399932787,3.7783866172580227,4.36417239292832
3248,16.240000000000002,3.5880411200203035,3.306929910819492,3.9828871091211218
3249,16.245,4.151005001391263,3.233536618707809,3.9049843627330745
3250,16.25,4.86130383436358,3.6211669148708756,4.218624280217675
3251,16.255,5.609650240642139,4.361888545303154,4.827863271838671
3252,16.26,6.326520483380417,5.240005474733298,5.553106724491976
3253,16.265,6.974715572860134,6.072917955099982,6.2512386720534785
3254,16.27,7.537181968687051,6.770075563767175,6.857663565930726
3255,16.275,8.00786016957293,7.309240895392381,7.353839341673163
3256,16.28,8.386174649411712,7.703106625227664,7.742769640895615
3257,16.285,8.674019404514246,7.981529175399549,8.041496136061463
3258,16.29,8.874190700826249,8.180597466927718,8.259449732215769
3259,16.295,8.989604454469255,8.330099477405836,8.38922228839053
3260,16.3,9.022927421857208,8.443303710420944,8.430097710239574
3261,16.305,8.97642526328917,8.517296157945843,8.402729073850955
3262,16.31,8.851926460718785,8.541948826613938,8.32936913427348
3263,16.315,8.650853234530832,8.507811432895133,8.219722531572826
3264,16.32,8.37430009267783,8.408782979849288,8.078387978337108
3265,16.325,8.023159428959037,8.241675190737588,7.894525110803547
3266,16.330000000000002,7.598308605996495,8.005115750438387,7.638015561452248
3267,16.335,7.100888668603647,7.698736331056625,7.294239032817391
3268,16.34,6.532724423995465,7.32276849090692,6.89669430013692
3269,16.345,5.896960890536821,6.877969504464824,6.471959211391998
3270,16.35,5.199020038755966,6.36581787749625,6.027563116071834
3271,16.355,4.448001224746863,5.788979014934218,5.569098667376167
3272,16.36,3.658617971303277,5.152101206968935,5.097016150435503
3273,16.365000000000002,2.8535865015459394,4.463050852050542,4.606511296083977
3274,16.37,2.065890496456188,3.7347123940939975,4.092557120965927
3275,16.375,1.3394113614850156,2.987396085239903,3.5553916961342904
3276,16.38,0.7253943225972915,2.2515630631685495,3.006499672721323
3277,16.385,0.2726687967178499,1.5697542234502926,2.474272533319763
3278,16.39,0.0134910047425572,0.9952146060966176,2.0047738171997316
3279,16.395,-0.0472992546569355,0.5836377573660751,1.6525152044565794
3280,16.4,0.0682018294624017,0.3765454077005401,1.461959149432455
3281,16.405,0.3223202202633508,0.38258548703242656,1.4486362335510852
3282,16.41,0.6756265469437618,0.5708449460153835,1.5925728475934555
3283,16.415,1.0958467576958424,0.8845425521370909,1.8499435609129553
3284,16.42,1.560433199404145,1.265410046527712,2.173873178710352
3285,16.425,2.0550939963146515,1.671465878635947,2.5294292488741528
3286,16.43,2.570893350592925,2.0814967415257724,2.8970879887651657
3287,16.435,3.101510593171036,2.4908201005200192,3.268703244308564
3288,16.44,3.6413067242325954,2.9043409464944787,3.6418365738132223
3289,16.445,4.184296195348962,3.329818007234892,4.015838381448466
3290,16.45,4.723853975641158,3.772479426901434,4.390081997168453
3291,16.455000000000002,5.252889620776888,4.231992540614592,4.763101098844784
3292,16.46,5.764227367633119,4.702350740469024,5.1318211120767465
3293,16.465,6.250998668929281,5.173935902138767,5.491139290278731
3294,16.47,6.706939305023051,5.636128816358589,5.834213269149664
3295,16.475,7.126556093752294,6.079215284056973,6.153607439317923
3296,16.48,7.505174387547216,6.4952629946422045,6.443309456732605
3297,16.485,7.838897966748759,6.878226276563271,6.700714649934695
3298,16.490000000000002,8.124515799305843,7.2236482244456734,6.92695010787618
3299,16.495,8.359384242091215,7.528233705777394,7.125354909714752
3300,16.5,8.541304879974179,7.789447977384324,7.299563712049123
3301,16.505,8.668410693806024,8.005208063973813,7.451996757264644
3302,16.51,8.739067893724041,8.173678788420093,7.5827241173013995
3303,16.515,8.751797724159728,8.293155673050862,7.688879639819965
3304,16.52,8.70522162849839,8.362006856642392,7.764865789939778
3305,16.525,8.59803417022219,8.378649179051086,7.803255146448273
3306,16.53,8.429011108808266,8.341542917658941,7.7960867028764245
3307,16.535,8.197065466417076,8.249200178412435,7.736247934085067
3308,16.54,7.901373211873365,8.100211271280298,7.618590147285819
3309,16.545,7.541603754973415,7.893301646339488,7.4404099954318745
3310,16.55,7.118310494008279,7.627440784041893,7.201213591370367
3311,16.555,6.633564090269912,7.302036206451381,6.902131083762496
3312,16.56,6.09194250213471,6.917263158122795,6.545499034159038
3313,16.565,5.502009861615267,6.474605826698179,6.134890667250094
3314,16.57,4.878369195088331,5.9777192903335035,5.675640576000757
3315,16.575,4.244142357495207,5.433754436874747,5.175902410727507
3316,16.580000000000002,3.6331184383179256,4.855288778081527,4.648340957681011
3317,16.585,3.089713608873337,4.262885808668414,4.112470935397904
3318,16.59,2.6638887699035023,3.6878741397221786,3.597257297334496
3319,16.595,2.399277729204296,3.173921972986669,3.1426903653062226
3320,16.6,2.317928323258206,2.774383703911129,2.797607482762498
3321,16.605,2.410947373748768,2.541558140739286,2.610217787853171
3322,16.61,2.642345577889724,2.5074375325667475,2.61081637429255
3323,16.615000000000002,2.9629649888967045,2.6650693504858376,2.7947661034983424
3324,16.62,3.3247082871412674,2.966281918789721,3.119901161114556
3325,16.625,3.688644107854533,3.3408998850804235,3.5231535876789897
3326,16.63,4.026929943561036,3.722932819147676,3.9436312914856835
3327,16.635,4.3213359658927,4.066422588697242,4.336640155736679
3328,16.64,4.5607673617624815,4.34767488808396,4.675528311008257
3329,16.645,4.738981948310687,4.560266710707,4.947147685772453
3330,16.65,4.852863006217168,4.70838611612843,5.146479678166856
3331,16.655,4.901232533260177,4.800551440668543,5.272736390545031
3332,16.66,4.884080850690854,4.844522779575564,5.327145986826266
3333,16.665,4.802087319049189,4.8444052418236545,5.311926589023205
3334,16.67,4.656336296189535,4.800406950940402,5.229935687268604
3335,16.675,4.44816335775248,4.710366808747384,5.084648696657976
3336,16.68,4.17909159500378,4.571539631969772,4.88026405206524
3337,16.685,3.850836626337108,4.381724921988305,4.621816045375504
3338,16.69,3.4653741529804583,4.139679306134856,4.315221319875464
3339,16.695,3.02507824096482,3.84512506687548,3.9672094990090128
3340,16.7,2.5329548035339453,3.498640929278001,3.5850892231077056
3341,16.705000000000002,1.9930155028840824,3.1015946531812264,3.1762834176814323
3342,16.71,1.4108636649165385,2.656192175843462,2.7476068710947787
3343,16.715,0.7945922026395984,2.165690346725463,2.3044541811894397
3344,16.72,0.1561067114548798,1.6348300570025946,1.8503484523484008
3345,16.725,-0.4870646645716728,1.0705756728275277,1.3873917325295544
3346,16.73,-1.1096378686861574,0.48327735712845055,0.9179044199400579
3347,16.735,-1.6768439701752045,-0.1116303093708142,0.44717451147930376
3348,16.740000000000002,-2.144799029406524,-0.6914017019289149,-0.013003773626591553
3349,16.745,-2.4654712808619497,-1.2236443898792286,-0.4406888373595734
3350,16.75,-2.597651144621256,-1.6652163356239997,-0.8016432697533729
3351,16.755,-2.5207977537952746,-1.9650751263923816,-1.051491044521935
3352,16.76,-2.243591827935356,-2.074381863653822,-1.1451566689822377
3353,16.765,-1.8007175143062502,-1.9639658024741529,-1.0532918742907444
3354,16.77,-1.2403500118320352,-1.640988047183808,-0.7780146339748351
3355,16.775,-0.6108881364358406,-1.1510976525655883,-0.3556329790695347
3356,16.78,0.0470649135465408,-0.5614493934639952,0.15773983042301243
3357,16.785,0.7030422834311263,0.06312098035048841,0.7067240855144474
3358,16.79,1.3357193004372374,0.6753632176261073,1.2496473796199816
3359,16.795,1.930787675132528,1.2486223533710046,1.7606915047056844
3360,16.8,2.4788776687890173,1.7727853909788887,2.226114953400219
3361,16.805,2.9739295176505784,2.248244172096158,2.63960577685994
3362,16.81,3.4120416213915146,2.6800142468714023,2.9989109190152563
3363,16.815,3.7907009476518194,3.0729153249568055,3.303858409042696
3364,16.82,4.108288947977499,3.428746240430004,3.555256012550311
3365,16.825,4.363778991860019,3.7458840566681744,3.75426640491674
3366,16.830000000000002,4.556568849924957,4.020556717745929,3.9021244122633036
3367,16.835,4.686415195084961,4.248448245432938,4.000191617930578
3368,16.84,4.753455567033597,4.425774568811893,4.050312166921906
3369,16.845,4.758318203044692,4.549725687971725,4.055299452056607
3370,16.85,4.702333098782125,4.6185371598790645,4.019261753580881
3371,16.855,4.587869132106648,4.63145817933448,3.947526323964161
3372,16.86,4.418830308376343,4.588777898648766,3.846137313998537
3373,16.865000000000002,4.201342899351474,4.49199137522355,3.721090060697092
3374,16.87,3.944639899956992,4.34415076847565,3.5775800273733207
3375,16.875,3.662072911534086,4.150435249889378,3.419670373846312
3376,16.88,3.372017571554136,3.9189575882395875,3.250788969310129
3377,16.885,3.0981690357558964,3.661774779071906,3.0751828087276083
3378,16.89,2.8684325006313416,3.3959413468304183,2.900023626448184
3379,16.895,2.711604093314226,3.144190068655363,2.7374954678397874
3380,16.9,2.65178719117296,2.934450164458444,2.6058455643911977
3381,16.905,2.70209542867104,2.7971132262916667,2.528043734058269
3382,16.91,2.8605782158929287,2.759273120338201,2.526997632459336
3383,16.915,3.110719757694428,2.836755262202057,2.6180085793795542
3384,16.92,3.4262058974273764,3.0272837923347002,2.8018058356307076
3385,16.925,3.7772831324286456,3.309251649508953,3.062548908610756
3386,16.93,4.135946686000295,3.6477884158227667,3.372472746258537
3387,16.935,4.478771059008954,4.004850862115615,3.700236688256089
3388,16.94,4.787672099437628,4.347924413707352,4.018142625892812
3389,16.945,5.049453591514316,4.654256842115915,4.30555279211068
3390,16.95,5.25488994275297,4.910943085658437,4.5489357137597555
3391,16.955000000000002,5.397797063477191,5.112654231719378,4.740295067610179
3392,16.96,5.474299062543008,5.258587096755279,4.8754116917838655
3393,16.965,5.482363048722071,5.349659099625516,4.952528448386703
3394,16.97,5.421622472412598,5.386608307593989,4.971520851492197
3395,16.975,5.293505255850879,5.369292508584989,4.933392098171707
3396,16.98,5.10169953308866,5.297032681999954,4.840012766475075
3397,16.985,4.853004689775723,5.169560801025918,4.694173703570478
3398,16.990000000000002,4.558596909897624,4.9881855358185065,4.50007799397588
3399,16.995,4.235628193352476,4.757043638533865,4.2643423760447
3400,17.0,3.908782742494471,4.484511071293568,3.9974362920638327
3401,17.005,3.6108603845847016,4.184869671827457,3.7153137493815676
3402,17.01,3.3808042343565154,3.8801093690813504,3.4408568239509645
3403,17.015,3.2575995518168988,3.6012221504686996,3.2045404079300894
3404,17.02,3.270364057970649,3.3874937105168206,3.0431955420210217
3405,17.025,3.4286172286931165,3.281549369397265,2.9951250999840306
3406,17.03,3.718694142467161,3.3186664956605543,3.09041397672168
3407,17.035,4.108862736539715,3.5128228207790704,3.338669062395017
3408,17.04,4.55954617472597,3.847525580444932,3.72126843745677
3409,17.045,5.032701068921307,4.279557927589474,4.195224439405579
3410,17.05,5.497073645720516,4.754458896928306,4.707456318966642
3411,17.055,5.929549063962165,5.22330648617536,5.21001237308293
3412,17.06,6.31427694521102,5.652011241774233,5.668270363429482
3413,17.065,6.641049342519248,6.022377847583009,6.0615364289973765
3414,17.07,6.903737524726502,6.328644016387235,6.379767461169306
3415,17.075,7.099087458323189,6.572670436722165,6.6197582307101355
3416,17.080000000000002,7.225920720115178,6.759339439159559,6.782259300471756
3417,17.085,7.284699853981737,6.893075320905352,6.870219643739793
3418,17.09,7.277407567482984,6.9761699614911015,6.887895903959007
3419,17.095,7.2077063509491825,7.008954411396003,6.84054086508801
3420,17.1,7.081362394203347,6.991085045951425,6.734469028215123
3421,17.105,6.906916538463509,6.92304205921225,6.577376333058789
3422,17.11,6.696543069856194,6.807371735982982,6.378839007751498
3423,17.115000000000002,6.46692380821014,6.649674522823673,6.150929011751032
3424,17.12,6.239755170003297,6.459509209394655,5.908856450508855
3425,17.125,6.041234796450183,6.251280772159711,5.671477459509241
3426,17.13,5.899737835375264,6.044915253401882,5.4613811528818275
3427,17.135,5.841287405248449,5.865757419509535,5.304099673723538
3428,17.14,5.883640691484006,5.742769735993287,5.225844662917547
3429,17.145,6.031322866435835,5.704125211225362,5.249281257871111
3430,17.150000000000002,6.274240892413058,5.770270593173903,5.387617025085972
3431,17.155,6.590694761415811,5.946650962837908,5.638899339009924
3432,17.16,6.953043250165339,6.22010041212525,5.983835730027787
3433,17.165,7.333264427536266,6.5618514822237834,6.38950834956416
3434,17.17,7.706617126214605,6.935952285724944,6.81768649556507
3435,17.175,8.05314520855369,7.308440912783938,7.233375401703
3436,17.18,8.35766219977131,7.653220405833391,7.609880086866992
3437,17.185,8.60898629391362,7.9536809707705896,7.929741162726696
3438,17.19,8.798967074618053,8.201338109921425,8.183135788529336
3439,17.195,8.92158328984539,8.393116691024005,8.365554884802002
3440,17.2,8.972215899672928,8.528455429408977,8.47576118142211
3441,17.205000000000002,8.947114031972335,8.606991939779533,8.51431524181572
3442,17.21,8.843043302558758,8.627253918162932,8.482635792905784
3443,17.215,8.657111406813845,8.586369520507892,8.382477174797268
3444,17.22,8.386793388683667,8.48044452765468,8.215702268693757
3445,17.225,8.03022892199111,8.30516443151778,7.984255520624404
3446,17.23,7.586946631032485,8.056360997519182,7.690275667040081
3447,17.235,7.059302934666284,7.730538234905851,7.336311738025611
3448,17.240000000000002,6.455113076817422,7.3255452373165575,6.925656731274193
3449,17.245,5.792133554790037,6.8417221004257875,6.462967179486975
3450,17.25,5.104882602822923,6.284003544446923,5.955612279444257
3451,17.255,4.452711516535036,5.665679910624196,5.416525231867593
3452,17.26,3.92329577441785,5.014654358209177,4.869522583153461
3453,17.265,3.6188499808075343,4.382454596456628,4.357502211686814
3454,17.27,3.616295886027046,3.853163580498266,3.951025034723453
3455,17.275000000000002,3.922815458796216,3.541317628203338,3.7473816500350843
3456,17.28,4.471186164520323,3.5588323970457925,3.842141599934931
3457,17.285,5.160292288531173,3.9468341077401297,4.269206680532553
3458,17.29,5.8984419046538346,4.6268621216365835,4.95754561254732
3459,17.295,6.621538030274939,5.44070480621156,5.766267710603318
3460,17.3,7.291523997189251,6.242086752198907,6.565675385742478
3461,17.305,7.888490793318784,6.9460555198514955,7.280496765268528
3462,17.31,8.403472150162044,7.522541775262748,7.882618832835482
3463,17.315,8.83356234911781,7.974543958076559,8.369184601160073
3464,17.32,9.178995638680457,8.322488241163851,8.746976020676772
3465,17.325,9.44151154809756,8.593410365529834,9.024897514385025
3466,17.330000000000002,9.623486766845494,8.810620382509827,9.211237697029066
3467,17.335,9.727509393466033,8.985984867722618,9.313111734252061
3468,17.34,9.756210903061294,9.119457970969268,9.336755200044047
3469,17.345,9.712257420889946,9.204749483103024,9.28808203890257
3470,17.35,9.59845292147525,9.235172356297443,9.173273089540015
3471,17.355,9.417937201232258,9.206346238194797,8.999291355699953
3472,17.36,9.174479276005073,9.116498732965756,8.774247753184873
3473,17.365000000000002,8.872875428129,8.965977073542113,8.507596113695941
3474,17.37,8.519458904045559,8.756828902319663,8.210220103608115
3475,17.375,8.12270848992901,8.492687074605469,7.89437959455002
3476,17.38,7.693893829528492,8.178954845901044,7.5731489519324935
3477,17.385,7.2476029196947165,7.823230045574931,7.258962852456081
3478,17.39,6.801861904490752,7.435880402626294,6.961756874791805
3479,17.395,6.377426397646638,7.030620310275511,6.688126164367873
3480,17.400000000000002,5.9958302766586815,6.624816384446494,6.4423058685370345
3481,17.405,5.676116286752681,6.239080888690108,6.227998012232649
3482,17.41,5.4309049839694605,5.895599227336702,6.049490251976138
3483,17.415,5.263221714158156,5.6148070216302015,5.911559516452504
3484,17.42,5.165566555652603,5.410740755139859,5.818166375039094
3485,17.425,5.121723936589683,5.286546273437805,5.769754698053175
3486,17.43,5.110428279836764,5.232412184569288,5.760083828533572
3487,17.435,5.109323345544721,5.227473764101647,5.775220971164956
3488,17.44,5.098016450783685,5.2450605780549875,5.796252906876414
3489,17.445,5.059861210912823,5.2588087899995255,5.803929317253616
3490,17.45,4.98273933767065,5.247205729813134,5.782288271891246
3491,17.455000000000002,4.859344431195469,5.195628187666987,5.720093983134837
3492,17.46,4.687429103572674,5.096331653691923,5.610767165007019
3493,17.465,4.470332413177054,4.947384383189814,5.451879000446141
3494,17.47,4.217924587462573,4.7514795883438445,5.244835232921738
3495,17.475,3.9478463845252505,4.515326340269718,4.99513525552438
3496,17.48,3.686477517038613,4.250032178671656,4.7134925221447075
3497,17.485,3.468415422055501,3.97248785726586,4.417543243934158
3498,17.490000000000002,3.3327410953960817,3.7072073695816337,4.133200298125721
3499,17.495,3.315017456968928,3.487347572897434,3.894532968303208
3500,17.5,3.4367661210909257,3.3528202230843953,3.7409274224645594
3501,17.505,3.697666530347416,3.3432083970637168,3.7100908591090445
3502,17.51,4.07562767273952,3.4852589860338634,3.82698238882124
3503,17.515,4.534641419578564,3.7798777690468826,4.093002211778133
3504,17.52,5.035177519601282,4.197772150752989,4.482904343300304
3505,17.525000000000002,5.54192944712542,4.688818770807949,4.952984606057647
3506,17.53,6.027247476545659,5.1993119724217225,5.455299681568449
3507,17.535,6.47133955750485,5.686065138792584,5.9490415120792655
3508,17.54,6.8609412463151545,6.121894970743649,6.40483467487883
3509,17.545,7.187642642284394,6.494305080093376,6.803656309314068
3510,17.55,7.446429374221076,6.801196241444299,7.133905802853578
3511,17.555,7.634601644990101,7.04601687527033,7.388860056992496
3512,17.56,7.751062956433516,7.2335168543483235,7.565117664461202
3513,17.565,7.795922130463852,7.3669298488694,7.6618191395010715
3514,17.57,7.770358130792228,7.44704843240952,7.680280196821844
3515,17.575,7.67672080311125,7.472873054714226,7.623800850603172
3516,17.580000000000002,7.518865744144373,7.442939354996549,7.49756596546645
3517,17.585,7.302738341617485,7.356561404314437,7.3086350526426065
3518,17.59,7.037217294224432,7.2147485678895595,7.06603774272445
3519,17.595,6.735176381012112,7.020932123550491,6.780988051246149
3520,17.6,6.414583880449271,6.7817297253303686,6.467217925831122
3521,17.605,6.099191868007195,6.507892072092536,6.141391486509626
3522,17.61,5.818006489802453,6.21540171703392,5.823488300138464
3523,17.615000000000002,5.602529521090983,5.926415040143603,5.536932594079464
3524,17.62,5.481269085555911,5.669317553185747,5.3080369812128065
3525,17.625,5.472640830850899,5.476705833808952,5.16398873069658
3526,17.63,5.579335083570548,5.380102043190224,5.128468619072483
3527,17.635,5.7873854416272845,5.401504590345302,5.214918631888709
3528,17.64,6.070522587178509,5.544719307105247,5.41986551928656
3529,17.645,6.397180037383765,5.791707678989387,5.720722754009927
3530,17.650000000000002,6.736718643266882,6.107355834782178,6.080841833244131
3531,17.655,7.063054879462767,6.450301304107527,6.459456312673508
3532,17.66,7.355780473760955,6.783539728585961,6.820843810892486
3533,17.665,7.599722847098538,7.080277882722488,7.138881480726813
3534,17.67,7.78385588762225,7.324729087167963,7.3971412098506555
3535,17.675,7.900116854807456,7.5098443022098085,7.586690206506095
3536,17.68,7.942373739293576,7.633900996726871,7.703476052483495
3537,17.685,7.905605660984306,7.697156665753305,7.746196326989862
3538,17.69,7.785278967215108,7.699330505120157,7.71486085269134
3539,17.695,7.576879344336428,7.638322394886792,7.609946180112271
3540,17.7,7.275566235175285,7.510076745387792,7.431958639780597
3541,17.705000000000002,6.875938109491805,7.309078335725132,7.1812380613722535
3542,17.71,6.371937963946934,7.028925785804861,6.857862707718041
3543,17.715,5.757006076741362,6.662693096147735,6.461528200224171
3544,17.72,5.024746627493832,6.203080122033421,5.991318802612967
3545,17.725,4.170714032074877,5.642528548156971,5.44541711231825
3546,17.73,3.196631570999492,4.973598062231877,4.8209923002331605
3547,17.735,2.1196677324240416,4.190103375925747,4.114773933692043
3548,17.740000000000002,0.9909397886663346,3.290001769146568,3.3252959726777087
3549,17.745,-0.0751106949985749,2.2820839676299003,2.4587480744837404
3550,17.75,-0.8807098819167474,1.20043927801254,1.5420455231503754
3551,17.755,-1.2019775340701293,0.1323853938773043,0.6482215948357304
3552,17.76,-0.95290514366692,-0.7414453119979143,-0.06697491357912089
3553,17.765,-0.2702435624779495,-1.1388563871757915,-0.356399932438932
3554,17.77,0.6156235112302609,-0.8183504443258016,-0.006663734276482813
3555,17.775000000000002,1.5263105776501336,0.14164926719565774,0.9138377634890329
3556,17.78,2.365600997979331,1.3453822889897253,2.0557481715487507
3557,17.785,3.0927065303856693,2.4425893927423794,3.11020909614693
3558,17.79,3.6951287124702095,3.2976505720862304,3.9599464441600736
3559,17.795,4.172897752275894,3.9021891035607092,4.601313113144297
3560,17.8,4.530946633448679,4.28890207252241,5.06272253086932
3561,17.805,4.775760013433818,4.506089566590444,5.372697685437129
3562,17.81,4.914076134476116,4.613483737067958,5.552761942245484
3563,17.815,4.952575054649517,4.667225105271283,5.617930681007521
3564,17.82,4.898087099335267,4.696031380021319,5.578780853902591
3565,17.825,4.7581452620748745,4.695114059376198,5.443558873989263
3566,17.830000000000002,4.541841202015957,4.645792386401334,5.2199798185184765
3567,17.835,4.2609925345987385,4.53452624262774,4.91678353383056
3568,17.84,3.931592817518912,4.357837907830403,4.545254214415428
3569,17.845,3.5753510758167555,4.120746742080576,4.120738526678428
3570,17.85,3.2207719749685984,3.8353119021256927,3.6640503454862325
3571,17.855,2.902706555836696,3.5205895584743763,3.2028988904969324
3572,17.86,2.658971228026184,3.203305617414621,2.773591475960966
3573,17.865000000000002,2.5233305094944,2.9179033864812634,2.4216470702649606
3574,17.87,2.516513217199827,2.704113247614976,2.1973148233039193
3575,17.875,2.639679793036112,2.6002135167342,2.1432326537031927
3576,17.88,2.8745431756084776,2.632057173261997,2.2787196075358302
3577,17.885,3.190104057931291,2.802167435217046,2.590339796836966
3578,17.89,3.551763374419058,3.086341307379966,3.033986299640851
3579,17.895,3.928429586118468,3.4417185062251585,3.545944167328946
3580,17.900000000000002,4.296004395504985,3.8215887164331654,4.058971862154297
3581,17.905,4.637978988326329,4.18795070155969,4.5196778138012395
3582,17.91,4.944543395919715,4.516986643443369,4.899372867195921
3583,17.915,5.211265365038212,4.798533863224356,5.191667466077572
3584,17.92,5.437865793169678,5.0326439315611005,5.401297347402961
3585,17.925,5.627250192076945,5.225420750193838,5.536667362502953
3586,17.93,5.784769494312533,5.385296835568298,5.608733864257698
3587,17.935,5.917610526360004,5.520506475907837,5.630816845880533
3588,17.94,6.034201978607459,5.638122959960831,5.617284807926374
3589,17.945,6.143541134636226,5.744345566155891,5.582318771789108
3590,17.95,6.254394349428405,5.845220056353866,5.539745963610497
3591,17.955000000000002,6.374397151730494,5.9470536533934615,5.503038135764136
3592,17.96,6.509162559362991,6.056221045471864,5.484466700951347
3593,17.965,6.661566016895758,6.1784419188484065,5.4946616455893755
3594,17.97,6.831374953614059,6.3178021064438425,5.543393983487125
3595,17.975,7.015315804358765,6.4758473910529775,5.6394732420683615
3596,17.98,7.207549379647582,6.651050529975678,5.7881950524239105
3597,17.985,7.400415029808355,6.838837942471164,5.9882012779292895
3598,17.990000000000002,7.58525504848777,7.032177464948835,6.229873014328761
3599,17.995,7.753153467928381,7.222541197691489,6.495709477488696
3600,18.0,7.895490400076893,7.400955059433452,6.763556342503325
3601,18.005,8.004285699185225,7.558868828144259,7.0123720616511385
3602,18.01,8.072358016955748,7.688693776761962,7.2262163868541975
3603,18.015,8.09335078458518,7.783988859440685,7.3935513055018625
3604,18.02,8.061681785070418,7.839374594652282,7.505611433851724
3605,18.025,7.972468255889964,7.850296832149231,7.556362585434224
3606,18.03,7.821473930512811,7.8127588075318055,7.542533311738518
3607,18.035,7.605124404859418,7.723108873196579,7.4630320785790945
3608,18.04,7.32064728083424,7.577933833380179,7.318261041182758
3609,18.045,6.966417953488642,7.374081231768202,7.10961317523557
3610,18.05,6.542634916257074,7.108829203246707,6.839183600213584
3611,18.055,6.052510818271629,6.780243594012369,6.509713129746658
3612,18.06,5.504230412937714,6.3878087064205,6.124848111258238
3613,18.065,4.913919689991916,5.93348866562463,5.689869609278352
3614,18.07,4.309575354789391,5.423463867798738,5.213113216467215
3615,18.075,3.734874445623271,4.870853989067016,4.708354114839991
3616,18.08,3.2496002080012314,4.299650215007149,4.198341934529961
3617,18.085,2.9211454810237907,3.7494687076400046,3.71910550861079
3618,18.09,2.803935795754582,3.278921439258304,3.3230312580761723
3619,18.095,2.9151221054647807,2.9620069687171213,3.0757352968946456
3620,18.1,3.2253792908177465,2.8696363827755076,3.0397381265266694
3621,18.105,3.673442691559043,3.0359282458019465,3.244602508780445
3622,18.11,4.191040516474554,3.430295052200611,3.66217095507829
3623,18.115,4.720635462770739,3.9655938745127264,4.213795711173386
3624,18.12,5.2211396123154366,4.539904404293071,4.807403025650194
3625,18.125,5.66614993997125,5.074642784139289,5.371111995782643
3626,18.13,6.039859304336708,5.526279890601549,5.862940770920409
3627,18.135,6.333267000906618,5.87989661882706,6.263956352992229
3628,18.14,6.541416156646963,6.138735468351377,6.568272757259619
3629,18.145,6.6615923257677,6.315038987906439,6.775937711462628
3630,18.15,6.692230806425874,6.422170246489374,6.8891371600965154
3631,18.155,6.632312542604506,6.468618903835189,6.910561268375705
3632,18.16,6.481111973494146,6.455734828002296,6.84290976310848
3633,18.165,6.238245800285325,6.379405911834866,6.688930487589977
3634,18.17,5.904057304487978,6.23337069598159,6.451694748829733
3635,18.175,5.48047004140853,6.0118177283903504,6.1349944166608354
3636,18.18,4.972571368063747,5.710721214017167,5.7438485839189735
3637,18.185,4.391330302563239,5.328583918018243,5.285195706474131
3638,18.19,3.757908287534093,4.867438687331102,4.768954075274375
3639,18.195,3.1095983750940044,4.334816503269715,4.209726770886306
3640,18.2,2.505619733639059,3.747322402813025,3.6294728330331427
3641,18.205,2.026874051829193,3.1363116954944763,3.0614638158933527
3642,18.21,1.759903487206576,2.555186261356216,2.555389647811184
3643,18.215,1.762455607882385,2.0845353507341917,2.1810180502368053
3644,18.22,2.0317683393759896,1.8247986048862477,2.021896150063778
3645,18.225,2.5063334894465514,1.8626925277829676,2.14678760033365
3646,18.23,3.0992436427053165,2.21689026413274,2.563081691397552
3647,18.235,3.731475935988941,2.8099704906327845,3.193488699297279
3648,18.24,4.346219439035802,3.507848786948787,3.912496590778676
3649,18.245,4.908231236501434,4.189457652693063,4.609077288273821
3650,18.25,5.3978760021524135,4.7825535451672865,5.217857198493364
3651,18.255,5.8053051601078645,5.259560355980149,5.713093424329141
3652,18.26,6.126303266655074,5.6213582253247685,6.091338309197642
3653,18.265,6.359689051355387,5.884218503148113,6.358471238326047
3654,18.27,6.505803245430376,6.069793181201659,6.522998896191173
3655,18.275,6.565683888479984,6.196099655366089,6.593255603176847
3656,18.28,6.540669193053566,6.271611543545915,6.576536342346209
3657,18.285,6.432283150909797,6.295354634812091,6.479138595456128
3658,18.29,6.242341437244022,6.261454284355806,6.306799663108407
3659,18.295,5.973276502804655,6.163692137854589,6.06530273660735
3660,18.3,5.628732847244278,5.997785392185102,5.7611936742035414
3661,18.305,5.214531609530476,5.761940457605843,5.402508506689799
3662,18.31,4.740138308340221,5.456902208689373,4.999321697202108
3663,18.315,4.220745343933047,5.086260414311511,4.5640653553809445
3664,18.32,3.6798891086018433,4.657358373580681,4.111775870327287
3665,18.325,3.1519537405768667,4.182971305514151,3.660403294274548
3666,18.33,2.6827948029277406,3.6837881451866377,3.2313517852836284
3667,18.335,2.3254821042825284,3.1913569687923182,2.8506768769732447
3668,18.34,2.1287744176908285,2.7501981193956553,2.5508043970687435
3669,18.345,2.1209141628193304,2.4161077469568575,2.3703264138808433
3670,18.35,2.298242514021292,2.246371290498245,2.347285728998124
3671,18.355,2.6275515996399443,2.280286780477047,2.5039290355501493
3672,18.36,3.060244869465461,2.5181247558255238,2.8301843915733835
3673,18.365,3.5479024168989346,2.9156092910594014,3.28065760659857
3674,18.37,4.051573363621382,3.40220780383979,3.791342525288792
3675,18.375,4.544228687547624,3.9094528710459695,4.303247342494418
3676,18.38,5.00932524953198,4.389417267711132,4.776316186456824
3677,18.385,5.438166229121459,4.818118305989696,5.190439360540416
3678,18.39,5.827419044110278,5.190504932074209,5.539973967569647
3679,18.395,6.177201971187536,5.513436925092296,5.827591796083484
3680,18.4,6.489723980510246,5.799021294811604,6.059788483233606
3681,18.405,6.768339934388363,6.05906331013933,6.244314371662095
3682,18.41,7.016885207115218,6.3016559954311955,6.389016198810193
3683,18.415,7.239190993119809,6.53056059193087,6.501456861012027
3684,18.42,7.438720218208772,6.746594025232875,6.5889534384864215
3685,18.425,7.618293908957797,6.94939804751561,6.658888187677999
3686,18.43,7.779897195032717,7.138520144706877,6.718970918357973
3687,18.435,7.9245634378857535,7.3136982440283145,6.777009345979796
3688,18.44,8.052336026527389,7.474697331769518,6.840118682342838
3689,18.445,8.162302819998109,7.621028829812124,6.913741943524604
3690,18.45,8.252691348940877,7.751729366748684,7.000861403111205
3691,18.455,8.321006922203777,7.865256018317446,7.1015903368721895
3692,18.46,8.364192963445321,7.959492380060703,7.213166575349884
3693,18.465,8.378793999830275,8.031833866407862,7.330130478236311
3694,18.47,8.361106147989762,8.079314304928152,7.4444447819718444
3695,18.475,8.307306336332406,8.09874019926673,7.545760856831667
3696,18.48,8.213558486621196,8.086808989018898,7.622253666804582
3697,18.485,8.07610159501999,8.040199627371873,7.662030895675066
3698,18.49,7.891331014818036,7.955635057148758,7.65472043064822
3699,18.495,7.655890936077768,7.829925078346806,7.592721503639418
3700,18.5,7.3668044589921555,7.660004439624916,7.471664035395321
3701,18.505,7.021679751377324,7.442985806308117,7.290005358155776
3702,18.51,6.619048984867653,7.17625256311323,7.048210724309631
3703,18.515,6.158923190969887,6.857624815782124,6.748067334701595
3704,18.52,5.643680119694538,6.485646429009483,6.392358664878046
3705,18.525,5.079432383362631,6.060064426259096,5.984881132645635
3706,18.53,4.478009285736996,5.582606193289462,5.530824142635357
3707,18.535,3.8595230209116,5.058200439965106,5.03765436816269
3708,18.54,3.254975952360703,4.49681189880785,4.516672482208716
3709,18.545,2.7072904448277675,3.9159956717716,3.9853269288480058
3710,18.55,2.2678059234738543,3.3439522515715008,3.470080518898623
3711,18.555,1.98547769336968,2.8219753023812717,3.0088079444492095
3712,18.56,1.89049802746287,2.4035224673987674,2.650143624086644
3713,18.565,1.9813926138602944,2.145565989118493,2.445779026016204
3714,18.57,2.225525183242936,2.089786748633095,2.4335133360997343
3715,18.575,2.572595733403493,2.2403483642983675,2.617154800463171
3716,18.58,2.9708858980724577,2.5553581985272733,2.958655707149681
3717,18.585,3.3775987651409043,2.962917692131316,3.392323004691929
3718,18.59,3.762009349408333,3.390056830855869,3.8506686251109308
3719,18.595,4.104312480544418,3.7833880985679578,4.282777260933339
3720,18.6,4.393059671877392,4.114062615748872,4.6583011781259565
3721,18.605,4.6227238953711645,4.373223234938279,4.962829531323833
3722,18.61,4.791893129057737,4.564981059931828,5.191727011233775
3723,18.615,4.902108331870164,4.699703731385075,5.34564586523617
3724,18.62,4.95720914363387,4.788397425322965,5.428045578669086
3725,18.625,4.96303259024946,4.839188152334024,5.444123129136992
3726,18.63,4.927324429867991,4.856705000116703,5.400553286824787
3727,18.635,4.8597298901583175,4.843740715742609,5.305635380318998
3728,18.64,4.771721766171712,4.803517742834882,5.169598374916875
3729,18.645,4.676308887208486,4.74129045639519,5.004893135881375
3730,18.65,4.587373028550371,4.664979732838243,4.8263178266309685
3731,18.655,4.518545795307926,4.585028602711489,4.6508086356967135
3732,18.66,4.481687789726907,4.513656404536875,4.496702149270014
3733,18.665,4.485248119927059,4.463563842990384,4.3822662956275975
3734,18.67,4.532959120530525,4.446150170478508,4.323405612908076
3735,18.675,4.6233158965968535,4.469492207415804,4.330811760754849
3736,18.68,4.750044821686253,4.536598789957409,4.407375657011099
3737,18.685,4.903397674935668,4.6445774513204094,4.546954254422665
3738,18.69,5.071839119785492,4.785135609002065,4.735172133819604
3739,18.695,5.243661727904117,4.946317964990749,4.952057266963213
3740,18.7,5.408224089419474,5.114867973626042,5.175651595724723
3741,18.705,5.556722600674736,5.278431841722806,5.385604045154296
3742,18.71,5.682562992869084,5.427052715085055,5.565889102896086
3743,18.715,5.78146116736843,5.55380191407936,5.706076396038297
3744,18.72,5.85139775380063,5.654710887572518,5.801146757805614
3745,18.725,5.89251301617972,5.728306395061017,5.850480015184807
3746,18.73,5.9069835233022685,5.775046030263,5.8567685880156475
3747,18.735,5.898880824803684,5.796864749740814,5.825205417573474
3748,18.74,5.873978916345287,5.796923336021347,5.762910518204472
3749,18.745,5.839454265144731,5.779534281476291,5.678487862671324
3750,18.75,5.803415751434685,5.750159986488308,5.581658552004989
3751,18.755,5.774221922432462,5.715345667197218,5.4829099335894
3752,18.76,5.759597429427107,5.6824592135431224,5.393064049067608
3753,18.765,5.76564419688985,5.659152184976146,5.3226839647326925
3754,18.77,5.795927049583104,5.652528258988395,5.281271896220599
3755,18.775,5.850850652602838,5.66810839738868,5.276233839938688
3756,18.78,5.927496279654645,5.70879799223025,5.31168248127981
3757,18.785,6.019959362051635,5.774139794975411,5.387361992277356
3758,18.79,6.120080299194265,5.860112559119752,5.498126516626716
3759,18.795,6.218364819450031,5.959582810409785,5.634304674515141
3760,18.8,6.304883330113105,6.063292998450113,5.7829724077175095
3761,18.805,6.370004105576391,6.161091074418995,5.929794201355466
3762,18.81,6.40490609468742,6.243066682338611,6.060849786399236
3763,18.815,6.401893254109867,6.300357794161591,6.163927074494843
3764,18.82,6.354577520223147,6.325552782152746,6.229131344072816
3765,18.825,6.258016189789544,6.3127537106784395,6.249005817052904
3766,18.83,6.108894323026916,6.2574459069676545,6.218423391740835
3767,18.835,5.9058451962971965,6.1563378156942274,6.134415905773347
3768,18.84,5.650006618860248,6.007315196371202,5.996046001844382
3769,18.845,5.34591203290331,5.809619778649079,5.804414487393473
3770,18.85,5.002787601452537,5.5643350608127164,5.562893698761603
3771,18.855,4.63621127790954,5.27525018023682,5.277676106054406
3772,18.86,4.269785538209185,4.950164215839902,4.95871890086861
3773,18.865,3.93588670113707,4.602639814877071,4.621110573561528
3774,18.87,3.673816373394145,4.254016193864195,4.286699530033023
3775,18.875,3.523580401578901,3.934996353765907,3.985377097116503
3776,18.88,3.5154371335421173,3.685245714945338,3.7546219550956104
3777,18.885,3.659356660787188,3.5485708754283833,3.6351357700260234
3778,18.89,3.940911589161208,3.561876649252679,3.660952038501476
3779,18.895,4.326569786657816,3.7402295010431734,3.846067057353389
3780,18.9,4.77456136416581,4.066599823106135,4.175204417694169
3781,18.905,5.244825741916948,4.495418463873121,4.606852449119712
3782,18.91,5.704485400904968,4.969026718447492,5.0877800811983604
3783,18.915,6.129130113438936,5.43566778132724,5.568916672685726
3784,18.92,6.501759535398626,5.859330704785332,6.013931185037158
3785,18.925,6.8109633206412,6.22070038602368,6.3999147650156605
3786,18.93,7.049174295984369,6.513342188201486,6.714149445573115
3787,18.935,7.211284877507969,6.738539260660358,6.9503973978049345
3788,18.94,7.293650884949866,6.900366229134972,7.106128768922204
3789,18.945,7.293417319864288,7.00190666547881,7.180826045534893
3790,18.95,7.208093305493612,7.043333905620871,7.175075367040465
3791,18.955,7.0353278442458125,7.0219052203755155,7.090135806738107
3792,18.96,6.772875685040939,6.933069119810797,6.927769107064535
3793,18.965,6.4187926427099375,6.771690951143661,6.690201713786068
3794,18.97,5.971972218014433,6.532888550423044,6.380156262596192
3795,18.975,5.433248209127712,6.212518009851447,6.00094214441024
3796,18.98,4.807459599634376,5.807613265738463,5.556650309928407
3797,18.985,4.107087537434454,5.317153659009686,5.052572655756878
3798,18.99,3.358146627603586,4.743602066924,4.496103913940598
3799,18.995,2.6082499726222688,4.09582098992519,3.8986564155744836
3800,19.0,1.9335440558233867,3.3941895823006747,3.27950080418546
3801,19.005,1.4343596842481998,2.6786374564923268,2.672510822752453
3802,19.01,1.2058282792286097,2.0186321206878555,2.135261546920179
3803,19.015,1.2889701530366828,1.51829797006326,1.7544736501919735
3804,19.02,1.6437350866722975,1.299193849662526,1.632045322349057
3805,19.025,2.1744494047907903,1.4434294737444167,1.8358551430463783
3806,19.03,2.778768545313874,1.923901913806223,2.338633440468957
3807,19.035,3.377911694841789,2.602218090174818,3.016211516142666
3808,19.04,3.921562287213236,3.312780571744259,3.7217715658797026
3809,19.045,4.3810309728950285,3.9400091031345905,4.353688853524665
3810,19.05,4.741074255293007,4.4313589392213,4.865705917427098
3811,19.055,4.993834510813479,4.776634089038126,5.246131294412221
3812,19.06,5.1350323825514685,4.988546311886951,5.497986402448703
3813,19.065,5.161733209185663,5.090425833670919,5.628147954551594
3814,19.07,5.071074688398075,5.10565143660359,5.642877753836269
3815,19.075,4.859569333296701,5.0478967586903245,5.546498101146606
3816,19.08,4.522800643229672,4.9170344495670895,5.3413710453631476
3817,19.085,4.055521775529831,4.702798650045368,5.028341543138254
3818,19.09,3.452414712553991,4.391335740276145,4.607324876989204
3819,19.095,2.710219875366647,3.969447513872022,4.0779622039156225
3820,19.1,1.8328577012865497,3.4260921707738596,3.4404179597187925
3821,19.105,0.8428390891285495,2.7533219553787798,2.6967117673795458
3822,19.11,-0.1959721227254906,1.949076882171667,1.8537096394097206
3823,19.115,-1.1439552891895817,1.0248289200389262,0.930178907306721
3824,19.12,-1.77185203457979,0.023132031886548,-0.027785577093137448
3825,19.125,-1.8538706644576293,-0.9481906917793923,-0.9173676887895912
3826,19.13,-1.358706248429867,-1.6704119456024813,-1.5401887134102834
3827,19.135,-0.4825997295876253,-1.8241258954436148,-1.6126813689984498
3828,19.14,0.5306279782046395,-1.1994755814871656,-0.9527986639394985
3829,19.145,1.51742876479005,0.007746122222982876,0.2574361405767043
3830,19.15,2.397666683014398,1.336004249960613,1.5965752336033359
3831,19.155,3.1399749888388766,2.4709205380992727,2.773006629800271
3832,19.16,3.735547536888322,3.3241105678467795,3.6996188623756443
3833,19.165,4.184336651642548,3.908238056389624,4.384471731137296
3834,19.17,4.488614670388625,4.262617562157085,4.858070148778241
3835,19.175,4.650070851612226,4.439261354148139,5.148532001195798
3836,19.18,4.668458019111528,4.499264906633083,5.276141780941802
3837,19.185,4.540863538665589,4.492390367912191,5.253960355601397
3838,19.19,4.261198965855927,4.432066433802666,5.0896355712090475
3839,19.195,3.819785375796443,4.29658746695903,4.786728206457725
3840,19.2,3.203186648249094,4.053456614091727,4.345376317711779
3841,19.205,2.3950187964236878,3.674929421295018,3.7627233582901205
3842,19.21,1.3800921639752382,3.138573666789231,3.0333905512667028
3843,19.215,0.1590268583650297,2.4237741163712645,2.1501853100506803
3844,19.22,-1.2070450352107631,1.5108218786985286,1.1061934332520411
3845,19.225,-2.48671932194678,0.3871619757455802,-0.0977636718698438
3846,19.23,-3.1594497943099267,-0.9275469239276051,-1.4293629876626888
3847,19.235,-2.723471828126173,-2.3052538648010907,-2.757091985907894
3848,19.24,-1.3718605405440418,-3.331785848139578,-3.696092146102563
3849,19.245,0.3000326249310197,-3.1828540412943926,-3.5044530889063363
3850,19.25,1.9187575790507565,-1.3970392772865665,-1.7738665820557769
3851,19.255,3.357206363921284,1.055451263625876,0.6200079583656999
3852,19.26,4.595017818657908,3.1146741892370873,2.7106768217984647
3853,19.265,5.644873282875548,4.610231314419473,4.319401236876147
3854,19.27,6.526293007466518,5.666242399811249,5.538260714616824
3855,19.275,7.25766980063752,6.386991537938134,6.458241082766865
3856,19.28,7.854332770470068,6.844951303497145,7.144308704138169
3857,19.285,8.328462356426918,7.13473151869594,7.643252640285014
3858,19.29,8.689494521616817,7.379460385481128,7.9862139219083
3859,19.295,8.94458658721204,7.665293113567602,8.192727221568711
3860,19.3,9.09902545228482,7.977117227624348,8.276921901814099
3861,19.305,9.156559970347796,8.251050788051378,8.250910358946149
3862,19.31,9.11967201584618,8.447248472493312,8.125167804391166
3863,19.315,8.989812794782123,8.552348727377879,7.908883363591572
3864,19.32,8.767639871473584,8.564129421960354,7.611645322525297
3865,19.325,8.453304663986621,8.483505436911145,7.2445646186624035
3866,19.33,8.046866745110197,8.311761868444561,6.819432406822625
3867,19.335,7.548958837849189,8.049843383449609,6.34973868215435
3868,19.34,6.961905720448087,7.698422424385276,5.856964842163625
3869,19.345,6.291617608813825,7.258387754191935,5.37457043439379
3870,19.35,5.550705534944237,6.731771866851921,4.936131085468452
3871,19.355,4.763245052067645,6.123349013725894,4.552552229958218
3872,19.36,3.970945286458865,5.44332286344236,4.206096945167621
3873,19.365,3.238140950942905,4.711663300602257,3.870587727506572
3874,19.37,2.648485679772272,3.9644640928611214,3.533433140432677
3875,19.375,2.283882736705406,3.2613191232354444,3.201136553814273
3876,19.38,2.187952893857131,2.688591584925031,2.9101357397610252
3877,19.385,2.3406614702943958,2.3466201174282633,2.736217005526101
3878,19.39,2.6699211283379736,2.309103568395644,2.7666196744321905
3879,19.395,3.087837249420154,2.5700355190862303,3.025531181386463
3880,19.4,3.5198082118307066,3.031321137055022,3.4412770503775487
3881,19.405,3.9142565476903664,3.5560136414756736,3.901883757820797
3882,19.41,4.240011409605902,4.033542711834622,4.320215881414657
3883,19.415,4.480285130972739,4.40363256501169,4.652586133780288
3884,19.42,4.627528427008891,4.646793137068647,4.8848234154609225
3885,19.425,4.680156898178292,4.768540691844965,5.016258622314079
3886,19.43,4.640960065432616,4.78766678644215,5.052842452147569
3887,19.435,4.516834034736259,4.726929468227391,5.001653861102529
3888,19.44,4.319581848055309,4.605108147647157,4.866334927702876
3889,19.445,4.067574496904628,4.433388247900829,4.651845299941037
3890,19.45,3.7878674669230654,4.218276752350676,4.37332563265046
3891,19.455,3.517743696467205,3.9684369127410557,4.056597256251053
3892,19.46,3.3036244551135097,3.701109505054566,3.732857002552011
3893,19.465,3.1946951190948014,3.446068029328883,3.438032829823049
3894,19.47,3.2304750524430115,3.246278406639231,3.2117217182781346
3895,19.475,3.4269470094696204,3.153189663155492,3.0927470497670253
3896,19.48,3.7702039852304026,3.213958054373924,3.1165687364524173
3897,19.485,4.222580721113255,3.4521318194017043,3.3118637475110413
3898,19.49,4.73647322443259,3.8523572794261978,3.6807664595841505
3899,19.495,5.266865007851274,4.362783091955217,4.1862023129496775
3900,19.5,5.77781045753957,4.91573948839895,4.7685084617667535
3901,19.505,6.243553512568899,5.45114194337811,5.3681696415653235
3902,19.51,6.646903471063704,5.928743389558924,5.937102071196602
3903,19.515,6.976902732462507,6.3285954462212,6.440437303857025
3904,19.52,7.226754528582396,6.645872214060936,6.85436217778312
3905,19.525,7.392288110022688,6.884549894680506,7.164063770802306
3906,19.53,7.470944545949589,7.051566526727967,7.362647972331741
3907,19.535,7.461193399600042,7.1523209803070085,7.449801438386012
3908,19.54,7.362311686116234,7.18844771049591,7.4295725548639115
3909,19.545,7.174513366971452,7.158063340396689,7.308259221065093
3910,19.55,6.8994927976651415,7.057487055372764,7.093386384995252
3911,19.555,6.541537416003066,6.8831373789198285,6.793577856273432
3912,19.56,6.109464071885324,6.6330204715602115,6.418776481750621
3913,19.565,5.619679015189384,6.308012063959568,5.980773941863086
3914,19.57,5.100446750729127,5.9134865181374145,5.494383772177015
3915,19.575,4.596490044249794,5.461885670559722,4.9795491406113
3916,19.58,4.170704099410524,4.976678559760869,4.464533998359201
3917,19.585,3.896741204580069,4.49757963206851,3.990073487787762
3918,19.59,3.837550556714125,4.085088977000142,3.6129582460759733
3919,19.595,4.01732892914432,3.8186146505233722,3.404053928266142
3920,19.6,4.408577853892066,3.778756506017478,3.432384689076362
3921,19.605,4.94680014557737,4.010494079808973,3.7324685998079854
3922,19.61,5.558700537841678,4.488369584754298,4.273796354107948
3923,19.615,6.182682190261274,5.120879301725409,4.965681816720421
3924,19.62,6.775376351948996,5.796672275763627,5.699854423488391
3925,19.625,7.309531551610298,6.4294333989282375,6.39191576873263
3926,19.63,7.769342074205181,6.97203167172153,6.994238517977931
3927,19.635,8.14621639821165,7.409023870875571,7.487728762685579
3928,19.64,8.435750779998068,7.744802068934193,7.869175153658581
3929,19.645,8.635782786950518,7.993662548972523,8.14225872268253
3930,19.65,8.745211528437448,8.171330260432258,8.31285224460542
3931,19.655,8.763319923296232,8.288227906911219,8.386981687438704
3932,19.66,8.689427561571943,8.34667497956952,8.370122979168503
3933,19.665,8.522787289132731,8.342609300126215,8.267141594158407
3934,19.67,8.262712238465895,8.26928978564215,8.082540397492053
3935,19.675,7.90899652307265,8.120142943725087,7.820857646225657
3936,19.68,7.462792160625669,7.890008318078719,7.487148807010691
3937,19.685,6.928248092413284,7.575494422222219,7.087514689644732
3938,19.69,6.3154070337343295,7.175315306318589,6.629672076237204
3939,19.695,5.644997940859096,6.6912388087704535,6.123675911541972
3940,19.7,4.955435009920789,6.130201595716057,5.583084777917299
3941,19.705,4.310385550095473,5.508270203760634,5.027165788278941
3942,19.71,3.8001212816096896,4.857178662839826,4.485188203519071
3943,19.715,3.523919847307196,4.233328683143292,4.003576165850343
3944,19.72,3.548437212473508,3.725450417311936,3.6532542812435
3945,19.725,3.868495123450244,3.448593060073545,3.526043569917138
3946,19.73,4.410743771818154,3.505489410470638,3.70244817927542
3947,19.735,5.076024779340776,3.918900390743858,4.193455678974757
3948,19.74,5.778346236871963,4.595789427086925,4.910178749887075
3949,19.745,6.459052170878245,5.378940160557389,5.710406867907984
3950,19.75,7.08393326989407,6.133593143131625,6.475072729471209
3951,19.755,7.6355193290700125,6.785744563164305,7.140463004791772
3952,19.76,8.106405398465352,7.311809130728983,7.686233186621127
3953,19.765,8.494806683460409,7.718051849679309,8.114117769696469
3954,19.77,8.801921684865837,8.026328247843546,8.433876045478474
3955,19.775,9.030469614242936,8.263597911357817,8.65667041860947
3956,19.78,9.183927378145391,8.451924507495205,8.79265129278934
3957,19.785,9.266169888043006,8.601867719947005,8.850525569671813
3958,19.79,9.281341590450776,8.7131930681036,8.837945900253821
3959,19.795,9.233861340851549,8.780737640780103,8.762180508397378
3960,19.8,9.128503275065649,8.79970679026742,8.630898268665012
3961,19.805,8.970515671835683,8.76788365428877,8.452930031143316
3962,19.81,8.765745570444496,8.685734841626424,8.238696040714787
3963,19.815,8.520733690985265,8.555863031576886,8.000089976818646
3964,19.82,8.242735758251552,8.382496239327262,7.749966967187072
3965,19.825,7.939617682139386,8.171152282012926,7.501422606176998
3966,19.83,7.619571047359614,7.928411616120047,7.266681520102328
3967,19.835,7.290612392814237,7.661686926339417,7.055372457878004
3968,19.84,6.959873650312835,7.37888325520768,6.872641468667308
3969,19.845,6.63276064761855,7.0878683179908935,6.7180954483292785
3970,19.85,6.31213181704419,6.795722828945318,6.586042323229878
3971,19.855,5.997692914908367,6.507821828933839,6.466560645203682
3972,19.86,5.685780810902905,6.226898868506321,6.346972089516926
3973,19.865,5.369617603124266,5.952325797495945,6.213926428711973
3974,19.87,5.039998204527372,5.679846292245903,6.055772400062136
3975,19.875,4.686296255622882,5.401899861699009,5.863758394067854
3976,19.88,4.2976833971116655,5.108498892939473,5.631289725387353
3977,19.885,3.8645646367242334,4.788468795726186,5.352577105364915
3978,19.89,3.380418912004524,4.430824773668853,5.022340818548673
3979,19.895,2.844470831573644,4.026170011831556,4.63658143567277
3980,19.9,2.265839194718678,3.5682252074173046,4.193724622580253
3981,19.905,1.6697410470670004,3.055885753618891,3.6962087018582648
3982,19.91,1.1051358647243967,2.496505115708104,3.153326653044055
3983,19.915,0.649281662417704,1.91130188362783,2.5861972181230075
3984,19.92,0.3981444423802867,1.3433931683715334,2.0351735340551262
3985,19.925,0.4321877357981893,0.8665224606158128,1.567981863099949
3986,19.93,0.7713711460805437,0.5857165938126938,1.2809045573171023
3987,19.935,1.3609209011527303,0.6118701633463237,1.2766807535914002
3988,19.94,2.103856683604255,1.0007470532427303,1.6100065716324274
3989,19.945,2.9051971946623283,1.6968807748486796,2.2364230234416205
3990,19.95,3.694826701301777,2.5540097390753678,3.028915127886469
3991,19.955,4.428986150200405,3.4203390356509207,3.852747081812469
3992,19.96,5.0832268810653725,4.19828771507004,4.61854050961096
3993,19.965,5.645025016663889,4.846997881741567,5.28466688176856
3994,19.97,6.108479998239309,5.362063485580138,5.838467106693025
3995,19.975,6.471011430216076,5.758785995686365,6.280023385227393
3996,19.98,6.731421519174631,6.060907373103186,6.613079768332241
3997,19.985,6.888780870163126,6.290333757293642,6.8411801909586565
3998,19.99,6.941784166096187,6.458654010872385,6.966664621514357
3999,19.995,6.888371886437126,6.564999401504592,6.990844461219461
