Index,x[m],Actual,order-10,order-50
0,0.0,6.162241487537459,,
1,0.005,6.707918006579212,,
2,0.01,7.181342073056449,,
3,0.015,7.575659690297782,,
4,0.02,7.8892766077979,,
5,0.025,8.123547701753907,,
6,0.03,8.28150747806966,,
7,0.035,8.367239756267349,,
8,0.04,8.385630566657957,,
9,0.045,8.342350155217064,,
10,0.05,8.243967804494002,,
11,0.055,8.09812786100969,,
12,0.06,7.913716040115486,,
13,0.065,7.700929466629674,,
14,0.07,7.471142784846091,7.502290718936573,
15,0.075,7.236454999351657,7.411616538193361,
16,0.08,7.008835461289369,7.28926601053204,
17,0.085,6.798888130533412,7.142803042255036,
18,0.09,6.61441623189702,6.981658078143633,
19,0.095,6.459131654463341,6.816376632933062,
20,0.1,6.331906015256809,6.657588958945488,
21,0.105,6.226826160725778,6.51462668438217,
22,0.11,6.134039158151285,6.393914324831252,
23,0.115,6.041106345077923,6.297505996560383,
24,0.12,5.934479918355535,6.222285037195562,
25,0.125,5.800795738867569,6.160237624085999,
26,0.13,5.627858103489434,6.09982419831748,
27,0.135,5.405373916887281,6.028007383471568,
28,0.14,5.12562571718869,5.932254785966633,
29,0.145,4.784363024489821,5.801958803363923,
30,0.15,4.382267157569188,5.629077671007109,
31,0.155,3.92740224526017,5.408167061980475,
32,0.16,3.438988199805113,5.136193801760301,
33,0.165,2.952246286698566,4.812598324715891,
34,0.17,2.522255525155041,4.440069752494797,
35,0.175,2.2213969407489365,4.026479217291434,
36,0.18,2.1230763637005703,3.5883677532820473,
37,0.185,2.272273969318714,3.156085315513341,
38,0.19,2.661621103241524,2.779477595524224,
39,0.195,3.2352525119595965,2.5298295058023643,
40,0.2,3.916486771578328,2.4888282947561824,
41,0.205,4.634924489360576,2.7156578347196128,
42,0.21,5.338709934971451,3.2032026769140964,
43,0.215,5.99465713725245,3.8642752872085886,
44,0.22,6.583618239001201,4.573378572522033,
45,0.225,7.095612661084404,5.226976210717261,
46,0.23,7.526186892105263,5.7721860034556105,
47,0.235,7.874055747129366,6.200810287923639,
48,0.24,8.139695472534905,6.53106065805199,
49,0.245,8.324568593903898,6.790851871004711,
50,0.25,8.430758414834651,7.005752011446477,
51,0.255,8.460881979628745,7.1915357446300625,
52,0.26,8.418216450272064,7.351890212599879,
53,0.265,8.30701840819584,7.481378365705588,
54,0.27,8.133042564686143,7.57104242226521,7.573257515380794
55,0.275,7.90427329098776,7.612961507874603,7.358646916452065
56,0.28,7.631855831165653,7.602311671710994,7.09691497738223
57,0.285,7.331126534084071,7.537716577208694,6.804852050043938
58,0.29,7.022457727311826,7.421076675228447,6.501603775873642
59,0.295,6.731348056239964,7.257557264053061,6.207831424901528
60,0.3,6.486924183949366,7.055949587305553,5.944258118127434
61,0.305,6.318130075929837,6.829354939247195,5.729934400925048
62,0.31,6.247828509796552,6.595934307493486,5.580781477677695
63,0.315,6.2867291497534925,6.3791822343611715,5.508797347420996
64,0.32,6.430157352088158,6.2068194208005,5.521853205252654
65,0.325,6.659576659116997,6.107216287644112,5.623380962794519
66,0.33,6.947948156952388,6.102881761446499,5.810905877927883
67,0.335,7.266033346797052,6.20253014470767,6.073345881989244
68,0.34,7.587133331867131,6.3957486696188655,6.38924613674366
69,0.345,7.889441062396773,6.654500393405056,6.728910186947742
70,0.35,8.156487408905523,6.941745735138024,7.060550489996521
71,0.355,8.376547595916131,7.222449529380814,7.357019811393544
72,0.36,8.541698255749402,7.4713215766545185,7.599720718496801
73,0.365,8.646914044354816,7.675020672727163,7.7790226147424075
74,0.37,8.689368400633725,7.830064441312454,7.892444971353219
75,0.375,8.667983750033567,7.938852085807564,7.942127313237067
76,0.38,8.583230224116047,8.005717446604656,7.932618899746306
77,0.385,8.437163859061368,8.034106966308517,7.869480805952032
78,0.39,8.233700865030213,8.025311010725204,7.758772826947077
79,0.395,7.979126377159787,7.978624172816456,7.607163143370977
80,0.4,7.682815870950116,7.892398123795464,7.422265166248127
81,0.405,7.358080186421904,7.765355562530845,7.212906272557161
82,0.41,7.022901249463382,7.5977644736361665,6.989139454973458
83,0.415,6.7000964919012285,7.392390630762135,6.7619045514950304
84,0.42,6.416216942250488,7.155329090072036,6.542563073243033
85,0.425,6.198506915397642,6.896808772702954,6.342800837235991
86,0.43,6.069914743647148,6.631907025646824,6.1750719780320384
87,0.435,6.0434964748154325,6.3808364978122905,6.053147293337192
88,0.44,6.1187118139189725,6.168122951308011,5.992002851707531
89,0.445,6.2816634989651865,6.019774120548796,6.0061431836454275
90,0.45,6.509148354889098,5.957907674638491,6.105753131331379
91,0.455,6.7743251972932805,5.993755778740095,6.291504388862904
92,0.46,7.051569334203794,6.122099826851,6.550705254848702
93,0.465,7.319330756387233,6.320971739545547,6.857802607520613
94,0.47,7.56111604588296,6.5578969372669595,7.17993427415507
95,0.475,7.765294522300197,6.799561921093272,7.484816397899043
96,0.48,7.924406980911876,7.019868357986445,7.746976751839046
97,0.485,8.03441291408786,7.2034136328963045,7.950237591639114
98,0.49,8.094087482282083,7.344688765783191,8.087024714496787
99,0.495,8.104638479625896,7.444936566306429,8.156239795398442
100,0.5,8.069540488043627,7.5085580619165855,8.161088165455402
101,0.505,7.994545369104275,7.540282481990651,8.107484074808577
102,0.51,7.887798187955583,7.543669907625401,8.003125319422113
103,0.515,7.759949028576115,7.520976273854963,7.8571086524956915
104,0.52,7.624100202858416,7.4739814496766535,7.6799014344420415
105,0.525,7.495381169594625,7.405190759923972,7.48348057262452
106,0.53,7.389944444665202,7.318921764442408,7.281455410741465
107,0.535,7.323290543061631,7.222020612040679,7.088997107237238
108,0.54,7.308097253381756,7.1241082210302915,6.922404510052654
109,0.545,7.352074688622704,7.037271604430115,6.798163770018645
110,0.55,7.456572113139596,6.975069490355196,6.73143069871881
111,0.555,7.616496919215452,6.9507509288635045,6.733997171746783
112,0.56,7.821587110284707,6.974809445178501,6.812016421664168
113,0.5650000000000001,8.05853134103888,7.052418114708324,6.964053799952161
114,0.5700000000000001,8.313206328937278,7.181692081689324,7.180254832502129
115,0.5750000000000001,8.572464152576272,7.353703164382895,7.443289665119716
116,0.58,8.825242181268578,7.554500627741254,7.731100285067901
117,0.585,9.063051365927144,7.768409413213484,8.020657941512903
118,0.59,9.280029217155452,7.981299005674256,8.29151445327977
119,0.595,9.472750118452392,8.182732236518389,8.528180642606683
120,0.6,9.639933514070668,8.366622508400182,8.721020805655247
121,0.605,9.782129029021377,8.530687386991909,8.865944571765205
122,0.61,9.90140878732232,8.675284209647383,8.963441996149124
123,0.615,10.001065797113162,8.802186621179288,9.017457085634064
124,0.62,10.0853013034185,8.913669340482999,9.034388338691913
125,0.625,10.15888076236742,9.012037264544173,9.02230592664884
126,0.63,10.2267457637619,9.099539191565569,8.990361167387844
127,0.635,10.293586055254414,9.178493199661325,8.948322336333913
128,0.64,10.363398227431134,9.251434736448683,8.906158965245993
129,0.645,10.439078976294445,9.321153390374697,8.873593278638618
130,0.65,10.52211237377578,9.390563313052393,8.85954983706922
131,0.655,10.612404885657282,9.462420551076487,8.87147614795784
132,0.66,10.708297737805951,9.538947066214593,8.914577696961716
133,0.665,10.806750823479526,9.621447776530129,8.991094767465391
134,0.67,10.903658544635384,9.710014445798262,9.099813105447973
135,0.675,10.994237774819393,9.803395355753935,9.23599988353725
136,0.68,11.073426658521148,9.899071133383671,9.391864598724904
137,0.685,11.136247143229014,9.993523169508428,9.557492947073186
138,0.6900000000000001,11.178105975604955,10.08263012812983,9.722061482180628
139,0.6950000000000001,11.195030265790791,10.162099971704391,9.875072061580855
140,0.7000000000000001,11.183849552113216,10.227849580203353,10.0073710267513
141,0.705,11.14234503371869,10.276276022626767,10.111818396723667
142,0.71,11.069388998941898,10.304406731055476,10.18359000480234
143,0.715,10.965094759767933,10.309953163373908,10.220178298205337
144,0.72,10.830990209575964,10.291313695978776,10.221193256143042
145,0.725,10.67021574223007,10.247574864900892,10.18806677900648
146,0.73,10.487727781203214,10.178550263395893,10.12374533791477
147,0.735,10.29046053759136,10.084880093512087,10.032427612161174
148,0.74,10.087361515266986,9.96819685573576,9.919376165396484
149,0.745,9.889179141358545,9.83134583554152,9.79080876237962
150,0.75,9.707865797577863,9.678631039128831,9.653852639268392
151,0.755,9.555502364425818,9.516033754044956,9.516519246679088
152,0.76,9.442783413281216,9.351318477874896,9.387626380955474
153,0.765,9.37731330558657,9.193902470790631,9.276563823498329
154,0.77,9.362158767209497,9.054337763789118,9.192781582937046
155,0.775,9.395134836474046,8.943275551696818,9.144903874975057
156,0.78,9.46908503305899,8.869902429134317,9.139472140906639
157,0.785,9.573045765745045,8.840078834144393,9.179510145540014
158,0.79,9.693881227578638,8.854701047439091,9.263325400213805
159,0.795,9.817903009913096,8.90895409393946,9.38406318414214
160,0.8,9.932132886105007,8.992915988297876,9.530355342727901
161,0.805,10.025089307536405,9.093423058252629,9.687970626932362
162,0.81,10.087152160471549,9.196533457401372,9.841934714432622
163,0.8150000000000001,10.110642082762652,9.289720287453546,9.978447902547469
164,0.8200000000000001,10.08975985534784,9.363183278578145,10.086146433214967
165,0.8250000000000001,10.020506427631306,9.410144754838928,10.156620096207517
166,0.8300000000000001,9.900673913534932,9.426383397187102,10.184369857764318
167,0.835,9.729975521496206,9.409420462607578,10.166475125330972
168,0.84,9.51036853158707,9.35774155159326,10.102193979000003
169,0.845,9.246610542414604,9.27030610729497,9.992630782572913
170,0.85,8.94705685820934,9.146446354784972,9.840531442811482
171,0.855,8.624624638074378,8.98614040322232,9.650224738184377
172,0.86,8.297675416698185,8.79058817084024,9.427713531718654
173,0.865,7.990279758480749,8.56301970779969,9.180919197669933
174,0.87,7.731014160515772,8.309687687083423,8.92007938738709
175,0.875,7.549430259268565,8.040983553006862,8.658269174628165
176,0.88,7.470150556453382,7.772507369579277,8.411921423173066
177,0.885,7.506279240019835,7.52566114591029,8.201019858113721
178,0.89,7.65527092925142,7.326937634047163,8.048327276643889
179,0.895,7.8996834815239,7.204773013625705,7.976765143370203
180,0.9,8.212342773294187,7.183238098302333,8.004369099331322
181,0.905,8.562996468405045,7.273674245188028,8.137689564203614
182,0.91,8.923586258580947,7.468161508697624,8.366718282880823
183,0.915,9.271007415444144,7.739648226886173,8.665164939741832
184,0.92,9.58774657340643,8.05002139512118,8.99705584590161
185,0.925,9.861314660418826,8.361737831745355,9.326116991395246
186,0.93,10.083242489704968,8.646732386686205,9.62297290792534
187,0.935,10.24807961547964,8.889521279518782,9.867876054214832
188,0.94,10.352581906873189,9.0854468508145,10.049919270064787
189,0.945,10.395133091147796,9.236604482644324,10.164794645364593
190,0.95,10.375387514081222,9.347587065895478,10.212579808343692
191,0.955,10.294107173322896,9.422292355450839,10.196135775077744
192,0.96,10.153170307849733,9.462318416670872,10.120148430946227
193,0.965,9.955737352335415,9.46688686214847,9.990644037222996
194,0.97,9.70656431700027,9.433764540251747,9.814788566096873
195,0.975,9.41244578364696,9.360490248347563,9.60081818585341
196,0.98,9.08273965260478,9.245417028212726,9.357989303194131
197,0.985,8.729861667830383,9.088427129906082,9.096467247604899
198,0.99,8.369533914783647,8.891411579289347,8.827100260376902
199,0.995,8.020450157765094,8.65866365314345,8.561067370135074
200,1.0,7.702965367553243,8.397278526414295,8.309451200594523
201,1.005,7.436579986758365,8.117542774012888,8.082839158224274
202,1.01,7.236496325370743,7.833157970631003,7.891038981060052
203,1.015,7.11023996442418,7.5609802591886695,7.742867299506004
204,1.02,7.055739046422361,7.31982418203131,7.6457657460621835
205,1.025,7.061802652824689,7.12792343994536,7.604862367600877
206,1.03,7.110786353707207,6.999086820457573,7.621269173037524
207,1.035,7.182251553327564,6.938504197573097,7.690036643596863
208,1.04,7.256304791826005,6.9400759879972735,7.7989509840637155
209,1.045,7.315893599549698,6.987066818778473,7.929434879722253
210,1.05,7.348025373734241,7.0563045509752556,8.059721343739358
211,1.055,7.344264871480965,7.12408747743031,8.168997857571743
212,1.06,7.300935065042362,7.171201121454254,8.24073902415988
213,1.065,7.219341168346235,7.185453319552503,8.26426428138116
214,1.07,7.106171042453538,7.161736057279494,8.234711504923386
215,1.075,6.974022770546693,7.100606553161764,8.152213954936208
216,1.08,6.84174605094669,7.006535287932852,8.021031915953365
217,1.085,6.733959741861865,6.886673334932496,7.849078817918968
218,1.09,6.6788753092704765,6.750566235986736,7.647967043489773
219,1.095,6.703809234252043,6.610791625205473,7.433450317989887
220,1.1,6.828916925663561,6.48404417841444,7.225916457809896
221,1.105,7.061392328917537,6.391766606006158,7.05032769128881
222,1.11,7.393106230554728,6.359108008475137,6.934740957176811
223,1.115,7.803055103209299,6.411046600397588,6.906528289545581
224,1.12,8.26312191422182,6.565514757383459,6.98618684488668
225,1.125,8.744149057505432,6.825648866767308,7.180465820712059
226,1.13,9.22013258669338,7.175581110922615,7.478392934801876
227,1.135,9.67005680533621,7.583525401800152,7.853256707370573
228,1.14,10.077995354728271,8.011294615396622,8.269908865277754
229,1.145,10.4323285114217,8.424896000103685,8.693188963105985
230,1.15,10.72469381340358,8.801046988352704,9.09350110289976
231,1.155,10.94899155766536,9.12821585549151,9.448612157498335
232,1.16,11.100562544120269,9.403869542613638,9.74306918928533
233,1.165,11.175550361236116,9.630303035788573,9.96690091745225
234,1.17,11.170419732858212,9.810778625086332,10.11448462821865
235,1.175,11.0815948570515,9.946902172582496,10.183750969272621
236,1.18,10.90518942373368,10.037527528581311,10.175596533917638
237,1.185,10.636816325595198,10.07894378950898,10.09335214447723
238,1.19,10.271491520988471,10.06573723626985,9.942226631355748
239,1.195,9.803693285385815,9.991698773173436,9.728700948018867
240,1.2,9.227729434790293,9.850418547378798,9.459858591567759
241,1.205,8.538752356839405,9.635521166829392,9.142631138905198
242,1.21,7.73514569487992,9.340673492958446,8.782951656792768
243,1.215,6.823747689887387,8.959550999623078,8.384873225631601
244,1.22,5.830532087561581,8.485973115733165,7.949835755842798
245,1.225,4.8198462547808125,7.914508574816814,7.476450915966522
246,1.23,3.919259335405716,7.24210799991816,6.961445552235317
247,1.235,3.321492907850914,6.471893998786093,6.402855167822873
248,1.24,3.205363969224968,5.621338776767583,5.807362229041951
249,1.245,3.59656188644333,4.7385909587686115,5.2047815694630355
250,1.25,4.342870016813602,3.930201928472778,4.672162652977253
251,1.255,5.242051942474415,3.3895767220332678,4.358644368834465
252,1.26,6.146097133400241,3.367321722511787,4.463140942951591
253,1.265,6.974939788488318,3.993265234345408,5.091290346767564
254,1.27,7.693184426065743,5.07118202684933,6.089003148610427
255,1.275,8.288469544419936,6.204018753136344,7.142213278264887
256,1.28,8.758721964535887,7.114402057488915,8.033498130758707
257,1.285,9.105716043260069,7.726819389059217,8.703245636842807
258,1.29,9.332010365978787,8.07760505671992,9.169484614278925
259,1.295,9.439518027420776,8.241758601422998,9.466130589752229
260,1.3,9.428824904196016,8.298339150569543,9.621202798526323
261,1.305,9.29883061625038,8.312747750459744,9.653520234385441
262,1.31,9.046516945179064,8.323063959236615,9.574713456203941
263,1.315,8.66677306302297,8.330785302680741,9.39199160549591
264,1.32,8.15230643760204,8.309228211415014,9.110506898113268
265,1.325,7.493820446179834,8.225556402316377,8.735067704241738
266,1.33,6.680982716954778,8.054525966665185,8.271221426388244
267,1.335,5.705566895874271,7.779255502378275,7.725841207592328
268,1.34,4.570283186648921,7.38746742001873,7.107564494428464
269,1.345,3.311477584573747,6.868392605892449,6.42736684671106
270,1.35,2.04930221741073,6.211483017354236,5.698530348182757
271,1.355,1.0579282281580893,5.4074089005890755,4.935116372914214
272,1.36,0.7249576370982218,4.453243071667931,4.1511075357371325
273,1.365,1.222207723655173,3.3674329261001805,3.367108849148497
274,1.37,2.2921829045210345,2.2276462157198016,2.6370136771943327
275,1.375,3.554793947995574,1.2502984947268212,2.1116636133288424
276,1.38,4.775879283873597,0.8773707600038154,2.114111262419725
277,1.385,5.861072122064299,1.593424299828266,3.0018693370874674
278,1.39,6.785323878579924,3.2523263828385676,4.631589138544575
279,1.395,7.550176143167445,5.027474528396468,6.322826213666845
280,1.4,8.165351941116532,6.360457346299357,7.627143682829937
281,1.405,8.641773302381248,7.1858115409339645,8.506089230980876
282,1.41,8.989171618870513,7.612550024699322,9.054138711753463
283,1.415,9.215447092160144,7.776869357124784,9.360346256841586
284,1.42,9.326674840793288,7.806064199610207,9.484773693880157
285,1.425,9.327351401676674,7.80597217096159,9.465257192509617
286,1.43,9.220757350829288,7.8490466511148025,9.325883788482498
287,1.435,9.009441617511047,7.9482356351495245,9.0823201186152
288,1.44,8.695918491975362,8.05686363380955,8.745198456861235
289,1.445,8.283759247835038,8.119136345466913,8.32320034057824
290,1.45,7.779381948804223,8.102499135084091,7.826308665111971
291,1.455,7.194987085554222,7.994177813066192,7.26822063063859
292,1.46,6.5531375211891945,7.791310435715051,6.667811089414004
293,1.465,5.893017892981538,7.495800808635749,6.051490936265112
294,1.47,5.276443294563162,7.11319201863356,5.45512223918394
295,1.475,4.787247895235765,6.6541209721928904,4.920485628557886
296,1.48,4.513741547489111,6.137969160876808,4.488060042986198
297,1.485,4.512303727223632,5.598794530661866,4.1940624360522065
298,1.49,4.775671533075602,5.092774349058646,4.072025809903336
299,1.495,5.237461281212244,4.702773797693756,4.153978775649586
300,1.5,5.808015822981979,4.528543384018526,4.467109580228391
301,1.505,6.40780513464148,4.648277323711958,5.016794906187133
302,1.51,6.980607376135433,5.060949651142467,5.755238292677859
303,1.515,7.491929310372986,5.664248119899237,6.569334104452708
304,1.52,7.922652693760448,6.30798457824886,7.324754284263241
305,1.525,8.263154036640207,6.872242033475075,7.931055361449934
306,1.53,8.509225481202039,7.300688248670776,8.361102430980466
307,1.535,8.659597116942924,7.589306995528487,8.62366728680209
308,1.54,8.714578716483274,7.76281187714549,8.738685064541453
309,1.545,8.675444670917308,7.855193892759937,8.728723415637447
310,1.55,8.544350046490228,7.8963767619741,8.615432368620858
311,1.555,8.324707065786905,7.903983483131881,8.417462349465186
312,1.56,8.0220652681276,7.880915691761224,8.148720678447535
313,1.565,7.645625469949319,7.819373755637093,7.818634953261504
314,1.57,7.210541708845604,7.708142403409567,7.435832965048103
315,1.575,6.741002195080688,7.538377026643255,7.011688778498901
316,1.58,6.273459860997405,7.306330270021913,6.561700309779066
317,1.585,5.857990698323094,7.014433519431695,6.1075405024096705
318,1.59,5.553959417892223,6.672454873771424,5.679186231461721
319,1.595,5.4164812776115205,6.299611971273173,5.311066681969928
320,1.6,5.476459176046745,5.927566931693427,5.035966481916375
321,1.605,5.726555889710175,5.60287514767152,4.886752962539266
322,1.61,6.124834981595154,5.385189577334602,4.898485606080068
323,1.615,6.612840480142507,5.335442762213657,5.099939222435588
324,1.62,7.134122306161782,5.491348445949987,5.4987469491279795
325,1.625,7.644122799931549,5.841115794066803,6.066158478173694
326,1.63,8.111831195276576,6.319326304846069,6.731784800990651
327,1.635,8.517351663361678,6.835204679682417,7.4049372023743025
328,1.64,8.848570880625308,7.3109562148404725,8.008266084374704
329,1.645,9.098316444984569,7.702319634843363,8.495464362976218
330,1.65,9.26231402859917,7.997391315365878,8.849189269953985
331,1.655,9.3378376214166,8.205241844351463,9.070627092416732
332,1.66,9.322865520762168,8.343688864521923,9.169703560940043
333,1.665,9.215589593485712,8.429737450431027,9.159147612208296
334,1.67,9.014188091870716,8.473584886691913,9.051837550918014
335,1.675,8.71683999916176,8.476648220664377,8.859860320215335
336,1.68,8.32203718479031,8.433308307571085,8.594281775826296
337,1.685,7.8293598803088384,8.334515313699793,8.265314107141156
338,1.69,7.241051689875806,8.170950087409365,7.882830343002163
339,1.695,6.564988995762107,7.934715707203482,7.457034715177546
340,1.7,5.819933158132821,7.619924722449076,6.998965315817987
341,1.705,5.043874285307872,7.223017408528499,6.520622650407308
342,1.71,4.3043966182927695,6.7435680502580375,6.034695884495471
343,1.715,3.703580129063406,6.18628733782254,5.554231089656411
344,1.72,3.360044649760146,5.5651085634716235,5.093550420830402
345,1.725,3.356784211465753,4.910478773837738,4.672621637798527
346,1.73,3.687773780226573,4.280385961289451,4.326257104433933
347,1.735,4.262341504184624,3.771622627735362,4.11538613850675
348,1.74,4.961896328361964,3.5161841476056805,4.127717886250368
349,1.745,5.688483027838622,3.6344070089717606,4.443760880932934
350,1.75,6.378843223747878,4.142739870113321,5.064989262125335
351,1.755,6.998077167504045,4.903856299297916,5.874321451287895
352,1.76,7.52930398074822,5.707566710936884,6.700632248132668
353,1.765,7.965698691526665,6.396469672084123,7.417657977246154
354,1.77,8.305557902343637,6.908703055865036,7.974056819061481
355,1.775,8.54951834556014,7.251194679397896,8.367425463337648
356,1.78,8.699065029909283,7.4636871091762425,8.614441376109294
357,1.785,8.755762273808847,7.594056884757803,8.734870750100873
358,1.79,8.720883908638024,7.68278253484136,8.745887074514592
359,1.795,8.595273071378474,7.752938053528945,8.661133437369326
360,1.8,8.37935542527393,7.8068423543609855,8.49153716681953
361,1.805,8.073291869442285,7.831894938341559,8.246660502732215
362,1.81,7.677310050601247,7.8111249330801895,7.936055453162281
363,1.815,7.192316042592718,7.730447348464301,7.570333407360296
364,1.82,6.620974195345742,7.580526271040541,7.161819328297124
365,1.825,5.969563265944043,7.355895977921796,6.724756451180326
366,1.83,5.251044103811951,7.053739080771788,6.274932729897186
367,1.835,4.489755033563053,6.673255826951426,5.828450361594403
368,1.84,3.727498806380797,6.215848334161183,5.399678461272844
369,1.845,3.0285037140463364,5.686257459817432,4.9992282132733985
370,1.85,2.476300980654933,5.094945565196152,4.633294854627249
371,1.855,2.1531873368575143,4.462176662017661,4.305692911500732
372,1.86,2.1042497612798274,3.8240609792439484,4.0236762248129665
373,1.865,2.3118267015168046,3.2394356020090553,3.807168229994299
374,1.87,2.706222767395908,2.792312632632576,3.6963892611077127
375,1.875,3.2013221362424837,2.577901176641018,3.7460449753631266
376,1.88,3.7237497766314114,2.660881550470987,3.9951749210586645
377,1.885,4.222931689131645,3.0226909518277014,4.425753954289867
378,1.89,4.6686832930470406,3.5527293927767003,4.954053504775803
379,1.895,5.045194873947146,4.107783941018472,5.474300922100807
380,1.9,5.345735217719807,4.581809361857181,5.909630199752845
381,1.905,5.569073178593386,4.929660139032125,6.227057077162801
382,1.91,5.717381716219549,5.153355766072053,6.424526619168624
383,1.915,5.79517705372621,5.279903900474089,6.513978690723969
384,1.92,5.808936759074747,5.343565842816585,6.510652068193461
385,1.925,5.767158913028761,5.373776841918633,6.428544809999049
386,1.93,5.680694585139313,5.388080950208917,6.279728920520707
387,1.935,5.563192911492532,5.390951753977607,6.075521496368609
388,1.94,5.431442439119447,5.378536868166188,5.82809452536931
389,1.945,5.305291575013604,5.345706868427619,5.551865129358679
390,1.95,5.206747909176258,5.2911149404707984,5.264366544868446
391,1.955,5.157924665485315,5.219171328195736,4.98619634895685
392,1.96,5.177880004285012,5.140103926793562,4.740127459405875
393,1.965,5.279072699325868,5.069159160600414,4.550148819649191
394,1.97,5.464747697758016,5.025129755997644,4.4403643730949005
395,1.975,5.728459394940316,5.027884430301302,4.4326002217655684
396,1.98,6.055974778395315,5.094680471838628,4.542378961024636
397,1.985,6.428643616095097,5.235769974204098,4.77411367917126
398,1.99,6.826852448508417,5.450833094417424,5.1169823710250215
399,1.995,7.232561304636277,5.728195237245815,5.54403292410586
400,2.0,7.630632188701164,6.047750398442721,6.016557912005588
401,2.005,8.009169186758141,6.386438865233998,6.492361348054954
402,2.01,8.359258505011798,6.72373401024016,6.934082805076753
403,2.015,8.674443579044219,7.045012904275525,7.314681746725446
404,2.02,8.950148277627926,7.342229387979327,7.6193208258326095
405,2.025,9.18315452430912,7.612587976720343,7.844085493950637
406,2.03,9.37117229738469,7.856342589201242,7.992732234917061
407,2.035,9.512504388611069,8.074667664923872,8.07329187808498
408,2.04,9.605793554013554,8.268168695214515,8.095771288649285
409,2.045,9.649836056086093,8.436214201574938,8.070886263698995
410,2.05,9.643447094229314,8.576957138509847,8.009266641859115
411,2.055,9.585367176376796,8.687737705180346,7.92085805926172
412,2.06,9.47420284822771,8.76555767054944,7.814562015839299
413,2.065,9.308400189390431,8.807435891592082,7.698165853374443
414,2.07,9.0862556335613,8.810592111030722,7.578380317400779
415,2.075,8.805977128891078,8.772491827875395,7.460706934118794
416,2.08,8.465821361696996,8.690811967064116,7.34900620628964
417,2.085,8.064352729805952,8.563380707010472,7.244735988929982
418,2.09,7.600901246211347,8.388130117268213,7.1459394185884655
419,2.095,7.076344378737112,8.163090487216628,7.046491736035578
420,2.1,6.494402957842454,7.886455003066146,6.936371917262382
421,2.105,5.863705602081758,7.556754309244816,6.803170233563389
422,2.11,5.200860412161696,7.17320455448052,6.634369497353903
423,2.115,4.534449697770494,6.736333564667617,6.419861088803972
424,2.12,3.908777005478006,6.249051553646291,6.154231474323162
425,2.125,3.3839582179423475,5.718410254402396,5.838582983188548
426,2.13,3.0267834612610827,5.158345884195057,5.4823579086130865
427,2.135,2.8896181840035737,4.59357676944713,5.105911454989895
428,2.14,2.986494365859188,4.0641323041996085,4.743693624800789
429,2.145,3.285258436430458,3.628027937019827,4.446013633670038
430,2.15,3.7231689168594135,3.3561285006480266,4.274541162223578
431,2.155,4.231749239000434,3.3114646532443293,4.285255670537365
432,2.16,4.753817148352489,3.5144332769429827,4.499902035081039
433,2.165,5.248617697325509,3.9178953832147547,4.885248959809855
434,2.17,5.689816119558331,4.4223592559124825,5.364476246710801
435,2.1750000000000003,6.061377351050529,4.923596049472013,5.854453430588532
436,2.18,6.353814392486516,5.351351320842152,6.295566082463047
437,2.185,6.5614624166976485,5.677690156621268,6.657273121643394
438,2.19,6.68069080589771,5.905732305377911,6.92910738903838
439,2.195,6.708797710502637,6.054289201619004,7.1103640357838955
440,2.2,6.643369383217267,6.145160270831048,7.203597321071818
441,2.205,6.48197202825183,6.1943861783959475,7.211722244234441
442,2.21,6.222134768099191,6.207842629578139,7.1372798901215795
443,2.215,5.861684134519828,6.181563219163401,6.982730414498159
444,2.22,5.399631521114129,6.105587957985737,6.751103259801895
445,2.225,4.838039708045174,5.968401425466283,6.446653261846873
446,2.23,4.185645140313231,5.759760002061693,6.075372056580655
447,2.235,3.464419372619472,5.471807877768462,5.645334806120377
448,2.24,2.720105594594488,5.0995296473614005,5.166933824026239
449,2.245,2.034862450815297,4.641651532250689,4.653127194902078
450,2.25,1.5305050000613074,4.103000806484123,4.1201292633643085
451,2.255,1.3382925867872104,3.499534299297193,3.589643018265366
452,2.26,1.5287464353974485,2.86755905630796,3.0944344836019595
453,2.265,2.060300667860114,2.2777646273630485,2.6885057116146758
454,2.27,2.8104477229149505,1.8484943087391756,2.4580434866014405
455,2.275,3.649310046479485,1.7353537800826824,2.514948825379249
456,2.28,4.482641678627738,2.0594115386170047,2.941988006458229
457,2.285,5.255277575292246,2.791161141761506,3.702228722918978
458,2.29,5.939319784946461,3.728572565817122,4.6234016892091745
459,2.295,6.522534690256634,4.635333480837516,5.509942132706933
460,2.3000000000000003,7.000696026648962,5.371323394839904,6.246178309147487
461,2.305,7.373211941472995,5.902749969367802,6.799623885803067
462,2.31,7.640775534654683,6.257350688484625,7.180282503655068
463,2.315,7.804129850809654,6.486639815740583,7.41034676239401
464,2.32,7.863414918986432,6.64321726646608,7.511258718852286
465,2.325,7.817809668892859,6.766539415965199,7.5002698936120495
466,2.33,7.665323500629599,6.873759047712797,7.390574181887791
467,2.335,7.402677717076821,6.958974002587098,7.192480973015805
468,2.34,7.025283964212358,7.002955040405821,6.914810303605974
469,2.345,6.527412090985241,6.985146570656477,6.5662154983423395
470,2.35,5.902798624512977,6.889516122926198,6.156218794003035
471,2.355,5.146288157549953,6.704666658978157,5.695831017137882
472,2.36,4.257843657029151,6.422015737060077,5.197699850205805
473,2.365,3.251758927448866,6.034220947160623,4.675457714789622
474,2.37,2.1760946773491483,5.534490471353855,4.141757895661341
475,2.375,1.146260108040677,4.917081681596235,3.605421406209289
476,2.38,0.3743715438651477,4.179761557423738,3.0697119934735237
477,2.385,0.1152576399901272,3.3302290278193345,2.5348175343614865
478,2.39,0.4758298533400069,2.400833933177931,2.009050590462749
479,2.395,1.3043377939592635,1.4787446592603448,1.5355463424295572
480,2.4,2.342377593969336,0.7533887587210994,1.2362567167635126
481,2.405,3.3961782573446664,0.5355661223508594,1.3347197100208334
482,2.41,4.366092405216605,1.0986161089384203,2.0335922234609978
483,2.415,5.212476462224749,2.3272953062392303,3.2334609107934216
484,2.42,5.924635309687867,3.7182999029393304,4.532994288050708
485,2.4250000000000003,6.503821080876461,4.860818610397515,5.614279537538829
486,2.43,6.95534997996034,5.637128929978129,6.396767407367124
487,2.435,7.285220435601813,6.090753348455915,6.91780794717352
488,2.44,7.498764701278341,6.314646590962177,7.234185954430682
489,2.445,7.6001941346792865,6.40682974109519,7.391222856040328
490,2.45,7.592544758862795,6.451503094316172,7.419645371069363
491,2.455,7.477830730606071,6.5051482579011966,7.338873541675676
492,2.46,7.257365130928132,6.581207571430549,7.160896788625581
493,2.465,6.932308165974023,6.652528115640844,6.894004508111875
494,2.47,6.504605893078751,6.680148144570888,6.545989094780464
495,2.475,5.978623069969494,6.636083743059947,6.126428550708534
496,2.48,5.3639647281799485,6.5058860238078156,5.648098888265974
497,2.485,4.680149121337694,6.283680310787992,5.127653622445177
498,2.49,3.963566988357712,5.968434454302706,4.585838094316014
499,2.495,3.2754458406637705,5.56285992590085,4.047432027167788
500,2.5,2.704611373229639,5.074598707552468,3.540393320440694
501,2.505,2.352234244518515,4.519703694938404,3.0942409660300907
502,2.51,2.291073465465129,3.928842138198171,2.7399621545647257
503,2.515,2.5227451086630066,3.3561038083150523,2.5132318941512324
504,2.52,2.97631027392363,2.886906389284106,2.4588127485658045
505,2.525,3.549788905759673,2.6329784936126965,2.6285524893814385
506,2.53,4.151911761529615,2.6944228983329506,3.0593170985229756
507,2.535,4.718636791433571,3.0892855887289308,3.7275349037595773
508,2.54,5.210909137928361,3.712547326343108,4.522817648140975
509,2.545,5.606672304109836,4.390393164700503,5.293845442559212
510,2.5500000000000003,5.893685368582223,4.978729869506246,5.9276631864860505
511,2.555,6.064577404653243,5.408828508583355,6.379745712471829
512,2.56,6.113718748618214,5.674128474733273,6.651193709168889
513,2.565,6.035202901926801,5.801374669169016,6.760303364144778
514,2.57,5.821365950924026,5.827743889404868,6.728397836560466
515,2.575,5.461412510876221,5.7855627599935895,6.574454394921279
516,2.58,4.939763012491437,5.69244198745991,6.312978908782403
517,2.585,4.233646289468939,5.547295625394569,5.952968984539054
518,2.59,3.30914877623528,5.333724774284771,5.498201144327924
519,2.595,2.114153103652371,5.0275613266161905,4.949090942670671
520,2.6,0.5646666312692812,4.602240378164777,4.304152748112388
521,2.605,-1.4840046471780886,4.029251616437458,3.5595939853853773
522,2.61,-4.302490401870955,3.2746655312494015,2.70748177637252
523,2.615,-8.405526657977033,2.2925844002105586,1.73086297790433
524,2.62,-13.440071100843738,1.0140443845769487,0.5911670516967886
525,2.625,-10.91869003924037,-0.6740026333268494,-0.7944659971505876
526,2.63,-6.042297540748283,-2.9736908997026834,-2.591856403349399
527,2.635,-2.700807305316801,-6.280388529242453,-5.134068439504045
528,2.64,-0.3379879976969719,-11.354063100969755,-9.060703717499129
529,2.645,1.4171349366720865,-16.736302492213078,-13.22202713212396
530,2.65,2.7561397997992247,-4.326007612068466,-2.966375748949263
531,2.655,3.785437583121437,3.6141987853626034,3.709458491860082
532,2.66,4.568375230854476,5.178882130154552,5.238206293448654
533,2.665,5.144342776524207,5.921323716484556,6.129196976577534
534,2.67,5.538127975740482,5.809296689166041,6.63336986613881
535,2.6750000000000003,5.764770791555752,5.231444151568441,6.939976048867921
536,2.68,5.83212432823589,4.527161628855891,7.081881978211651
537,2.685,5.742102070825579,3.859912818184621,7.0718030518471755
538,2.69,5.4910434521558535,3.38084351200599,6.914703675148388
539,2.695,5.06934645539578,3.8135245359548327,6.605509637560065
540,2.7,4.460336488645084,4.382593712807529,6.137088268737052
541,2.705,3.638217573487302,4.630685413735961,5.50761342651724
542,2.71,2.5649899809233965,4.630612934294421,4.712575560288094
543,2.715,1.18713209580763,4.422290701461732,3.7586664338555695
544,2.72,-0.561544841027316,4.015757398035272,2.659459357842936
545,2.725,-2.713847708008972,3.4022010820409063,1.4002749005747726
546,2.73,-5.001211669988362,2.556809619178119,-0.021800495505956086
547,2.735,-6.097612198263147,1.437471010429348,-1.5344336889160708
548,2.74,-4.699678381799879,-0.016948856569264592,-3.0533410995126546
549,2.745,-2.214163520287576,-1.875045655093528,-4.5823484029346275
550,2.75,0.1050748827663565,-4.115235482115395,-6.040646406068925
551,2.755,2.023564235337267,-6.1000027441874,-6.931998300032241
552,2.76,3.581035849558881,-5.273766881975224,-5.274446981746504
553,2.765,4.845376436108737,-0.5058909175118576,-0.44406530608564765
554,2.77,5.871475605366455,3.4023175448658938,3.553556488852254
555,2.775,6.699274634504576,5.368719206987368,5.823819097021272
556,2.78,7.357303727411462,6.299354866693795,7.120673525645669
557,2.785,7.865937235796157,6.59172030175993,7.65654794601279
558,2.79,8.23971087440523,6.527995790547569,7.871526403893798
559,2.795,8.488884802885382,6.331790079501388,7.951008914546893
560,2.8000000000000003,8.6204948909885,6.171807771271163,7.8520869296944635
561,2.805,8.63907709617228,6.224819008008563,7.615559680344058
562,2.81,8.547200329157416,6.564135960929367,7.256906185777721
563,2.815,8.345921098364634,6.963871024862902,6.805041624756915
564,2.82,8.03528366262224,7.260645595270194,6.303990253817658
565,2.825,7.6150437669637725,7.426031222039118,5.74294568325868
566,2.83,7.085918157292209,7.465801647489838,5.095863409036969
567,2.835,6.451899183343082,7.3883181802737035,4.386558165877304
568,2.84,5.724559340486353,7.199571307580802,3.6502664430528977
569,2.845,4.930677766954931,6.903466115538118,2.900873091623004
570,2.85,4.1240861678007725,6.5032250042831485,2.1930028142550437
571,2.855,3.398500989131162,6.003589605519929,1.7356575790759297
572,2.86,2.886141796487124,5.414514802809009,1.5727558499668808
573,2.865,2.7159866391129905,4.757677682701935,1.619117262260393
574,2.87,2.9368429827621023,4.07749825174799,1.8597134158301576
575,2.875,3.4803740983578613,3.45684660951646,2.2826796072907
576,2.88,4.212033019442234,3.0290935952823617,2.7040934505010776
577,2.885,5.00544451517086,2.957333642167902,3.2450118078972316
578,2.89,5.775302333068964,3.3432751495493553,4.035265772913216
579,2.895,6.474288558565879,4.111410657686307,4.948823994865784
580,2.9,7.079779318337055,5.027797845243158,5.806102600252676
581,2.905,7.582767546924566,5.864469470620809,6.523522322715671
582,2.91,7.980991759561133,6.507556207655887,7.0588115066599695
583,2.915,8.275144103713355,6.94367211224262,7.4024996531728995
584,2.92,8.466888400675534,7.211304978311059,7.583284137301151
585,2.9250000000000003,8.557856344471867,7.366106791567985,7.636650730324794
586,2.93,8.549156472064098,7.460600648052328,7.597687647733508
587,2.935,8.441155825346863,7.531080621333517,7.49003105676959
588,2.94,8.233424533369021,7.589745364249307,7.316521538501733
589,2.945,7.924816573456173,7.62666020761055,7.075228535566291
590,2.95,7.513731713140493,7.621606072249961,6.773427427048899
591,2.955,6.998696652411781,7.555580588057422,6.419061596135245
592,2.96,6.379558228543633,7.415146872266476,6.019153285468196
593,2.965,5.65985415308919,7.191801304644841,5.6030383194445905
594,2.97,4.851364110373783,6.880205559643614,5.2152494525858435
595,2.975,3.982310909403796,6.477046714136266,4.859037545904731
596,2.98,3.1101929810885043,5.980976988566198,4.515864494979334
597,2.985,2.3354768288742385,5.39390570792445,4.182023128441937
598,2.99,1.79870033591648,4.7243007817826275,3.8452231474826255
599,2.995,1.632309540278797,3.993812245186307,3.4899304283583206
600,3.0,1.8776728951533213,3.249012019226702,3.1588648699109454
601,3.005,2.453445197882957,2.5783634013138537,2.9191885016394488
602,3.01,3.217513659315543,2.124746931131226,2.855305954888651
603,3.015,4.043950213925688,2.0601200342565007,3.0800639515774453
604,3.02,4.851950386233516,2.482177415720722,3.6574731504892037
605,3.025,5.59946301088787,3.293453487367179,4.503897400254194
606,3.03,6.268786468463434,4.239740421868979,5.419167654843981
607,3.035,6.855473651167583,5.0924182277046555,6.23003872061752
608,3.04,7.361722320299443,5.748978390965373,6.863729218684928
609,3.045,7.79283566721769,6.207517356619991,7.3196229610191725
610,3.0500000000000003,8.15542433674057,6.51490747269321,7.624482577434245
611,3.055,8.456520517204103,6.732688170647429,7.808407392649801
612,3.06,8.703146868793093,6.917554660211471,7.896689936082478
613,3.065,8.902099469992695,7.108553461517175,7.908561225543222
614,3.0700000000000003,9.059820541192996,7.319601789707022,7.8585453145839255
615,3.075,9.182298993064794,7.5427815854792115,7.758840666086501
616,3.08,9.27497148609473,7.761535884392332,7.621639792464118
617,3.085,9.342617438776234,7.962192392016005,7.460745493190553
618,3.09,9.389254624337903,8.137568019819394,7.29243413995014
619,3.095,9.418049974823392,8.285707228674148,7.135357782718426
620,3.1,9.431263414347224,8.407666493343342,7.009177705835032
621,3.105,9.430241021822392,8.50582763253699,6.932456860421715
622,3.11,9.41546822158858,8.582860909616196,6.920473249114167
623,3.115,9.386685641710969,8.641141423763322,6.982695161646209
624,3.12,9.34306207903909,8.682449519089523,7.12009543410699
625,3.125,9.28341290167902,8.707855925796668,7.323358032722753
626,3.13,9.206449535138676,8.71773711760927,7.572485074096398
627,3.135,9.111046400429622,8.711885918875321,7.838513709400255
628,3.14,8.996514518622751,8.689688164580087,8.088529328016612
629,3.145,8.862873874776794,8.650337887283138,8.29251891396724
630,3.15,8.711117172029304,8.593066747061275,8.428768821073382
631,3.155,8.54345357851086,8.51736997356701,8.486737745720562
632,3.16,8.36351082657864,8.423219675911563,8.467479835711009
633,3.165,8.176457291541956,8.31126408856882,8.38085775892116
634,3.17,7.988985148383133,8.183014987456982,8.240832681026491
635,3.1750000000000003,7.809079372154496,8.041022601454753,8.062297176627034
636,3.18,7.64550008685722,7.889026390207032,7.860222891874596
637,3.185,7.506946440334731,7.732051000138586,7.649466326543424
638,3.19,7.400959785105236,7.5763919126950565,7.444265234651364
639,3.1950000000000003,7.332746152924409,7.429411762378493,7.25751384559848
640,3.2,7.304197693026778,7.299060481853349,7.100343375140475
641,3.205,7.313396955441592,7.193062496271363,6.982131830174208
642,3.21,7.354761859485517,7.1178034385042,6.91037395408586
643,3.215,7.419781532674453,7.077095328024784,6.890097191858944
644,3.22,7.498113221768953,7.071150295975579,6.923091933629561
645,3.225,7.578746608736077,7.096146083151181,7.006909716883216
646,3.23,7.651000990388168,7.144631254527095,7.133553159496401
647,3.235,7.7052421944793,7.206714228042003,7.289137323125104
648,3.24,7.733320063515849,7.271667017017759,7.455799685697491
649,3.245,7.728797009863424,7.32944112257889,7.614890290237175
650,3.25,7.687062430297596,7.371702662826473,7.749945657324101
651,3.255,7.605422823615131,7.392247590511321,7.848980254000448
652,3.26,7.48323945084323,7.386899667583476,7.905229029931288
653,3.265,7.322162509285544,7.353126959526437,7.915962763849952
654,3.27,7.126481992712503,7.289627891784695,7.880991194489599
655,3.275,6.903571652059618,7.196075778872384,7.802052101223111
656,3.28,6.664329895725509,7.073119417859771,7.682732920282325
657,3.285,6.423410351124965,6.922653209473791,7.528504300179593
658,3.29,6.198901692211467,6.748311091031688,7.346837659681911
659,3.295,6.01103988814454,6.556100065397114,7.147405851437808
660,3.3000000000000003,5.879673569359666,6.355047105000047,6.942287275062974
661,3.305,5.82070219432055,6.157656052805123,6.746021004747301
662,3.31,5.8424623358788335,5.9798449896209505,6.575260637433365
663,3.315,5.94351953213495,5.839904882532551,6.4476731036751245
664,3.3200000000000003,6.112925529510189,5.75604034742499,6.37974696750004
665,3.325,6.332805739250094,5.742469095559647,6.383507897510303
666,3.33,6.582053809740039,5.804986762423703,6.462881032792172
667,3.335,6.83971726211624,5.937919020294713,6.611246826674018
668,3.34,7.087253771011102,6.124438495002475,6.811771526440441
669,3.345,7.309571597471658,6.340656387356457,7.040828454052162
670,3.35,7.495190463112726,6.561673680216599,7.273049187598083
671,3.355,7.635940355358204,6.766824461050988,7.4858100977652295
672,3.36,7.726520569609204,6.942316672797804,7.661771392605093
673,3.365,7.764113605220877,7.081176397853926,7.789438509446477
674,3.37,7.748151538565869,7.181485398951911,7.862508688221988
675,3.375,7.680274011935978,7.244091219932064,7.878809839698247
676,3.38,7.564482369381683,7.270672466313539,7.839330272403954
677,3.385,7.407463633588243,7.262630070706106,7.7475328173752285
678,3.39,7.219010534514046,7.220893285362035,7.608967428543665
679,3.395,7.012382262820248,7.146439675217561,7.431123647431349
680,3.4,6.804332205472303,7.041197246700087,7.223446722764873
681,3.405,6.614412663732603,6.909031697602783,6.997438047552364
682,3.41,6.463166131391628,6.756629889231773,6.76674741327145
683,3.415,6.3690983129523335,6.594149253428277,6.5471282487498845
684,3.42,6.344968501689915,6.435448478234974,6.3560639712826825
685,3.4250000000000003,6.394640427895566,6.29757269390797,6.211798492907509
686,3.43,6.511878393206635,6.199056075181007,6.131477334044286
687,3.435,6.681669945876472,6.156747320443825,6.128265360356618
688,3.44,6.883397940043877,6.1814920726697835,6.207813585969803
689,3.4450000000000003,7.094449082443612,6.274046133715396,6.365234802889648
690,3.45,7.293053175695213,6.4233085526547695,6.584239304576001
691,3.455,7.459868537424356,6.608316599159751,6.8394765971231255
692,3.46,7.578444086750799,6.803406111508463,7.101447381588086
693,3.465,7.634943583146208,6.984097549860234,7.341898426894813
694,3.47,7.617498647247548,7.131205239206909,7.537651488760542
695,3.475,7.5154343820476015,7.232129692060219,7.672081981583343
696,3.48,7.31849393279359,7.27980652320192,7.73470567779124
697,3.485,7.01611600710457,7.27044509548756,7.719804531866395
698,3.49,6.5968011129931,7.201111360759515,7.624857313754134
699,3.495,6.0476542387117815,7.0678355636726184,7.4491713218390085
700,3.5,5.354379349807847,6.864520161780815,7.192817969983886
701,3.505,4.502524728552953,6.582579463757419,6.855826707579595
702,3.51,3.48218793617985,6.21103341529377,6.437553766485493
703,3.515,2.302009915349431,5.736776492142289,5.936173130438921
704,3.52,1.025890330525371,5.144967441523299,5.348344210349708
705,3.525,-0.1506980302261554,4.41996216896736,4.6693946200730085
706,3.53,-0.8356835430667907,3.5482039489205355,3.895112139398004
707,3.535,-0.6419629206587268,2.52690573527321,3.0282359342969762
708,3.54,0.3639335570706231,1.388396075370609,2.097731479725032
709,3.545,1.751271134403676,0.2617957654271885,1.208638087755281
710,3.5500000000000003,3.1721632622557068,-0.5088711834210642,0.6383670732191202
711,3.555,4.4709208991424685,-0.32389561442756065,0.8714797331088953
712,3.56,5.60133888794272,1.142462716612568,2.172938306398041
713,3.565,6.5602089043627965,3.212835245659543,3.9981256357673507
714,3.5700000000000003,7.357723687970185,4.973375328210971,5.612762978748069
715,3.575,8.006456409894069,6.153199115231703,6.804771834338607
716,3.58,8.517649518147662,6.838467269770225,7.644248861826385
717,3.585,8.90015100259886,7.178019393773111,8.225921279592601
718,3.59,9.160240557007542,7.317121342759522,8.613331262066128
719,3.595,9.301694681408666,7.380702135601895,8.842831159739728
720,3.6,9.325845357821525,7.466359272567754,8.934377780670534
721,3.605,9.23152910531434,7.623211539581617,8.899094073997798
722,3.61,9.014862179924828,7.824019420811364,8.744084238700779
723,3.615,8.668768093269074,8.00036473223457,8.475615738069882
724,3.62,8.182136675319056,8.101029008246362,8.101099293770325
725,3.625,7.53839377788287,8.101350084827516,7.630275325072056
726,3.63,6.713054886717663,7.990046029835392,7.075529872032742
727,3.635,5.669387698020847,7.759405679078882,6.452261957532889
728,3.64,4.350243363023656,7.400458848946839,5.780626773969447
729,3.645,2.66128270104171,6.900256390939543,5.085026098824182
730,3.65,0.432099524483607,6.239374643377534,4.38582510228494
731,3.655,-2.6909839271894875,5.388369019882907,3.685700894534392
732,3.66,-7.6246798952394945,4.301598400267945,2.95582370829365
733,3.665,-16.571273957703244,2.9052663280438487,2.1190715756360117
734,3.67,-10.687630134681427,1.0718116474333161,1.0262840401653626
735,3.675,-4.577622944592903,-1.4424919975264556,-0.5861102646837635
736,3.68,-1.0538491711402678,-5.179795554308027,-3.2241402700476876
737,3.685,1.321261066181206,-11.66774031209612,-8.179938994504337
738,3.69,3.04420057630042,-24.4980464975446,-18.408984371916283
739,3.695,4.335829560855864,0.34181313235377964,1.7431018085087442
740,3.7,5.311718419330646,6.7734629395791615,6.9804380536576005
741,3.705,6.038601363527707,7.475905277158823,7.553064495662621
742,3.71,6.55722178542576,7.971337713451531,7.91615866599526
743,3.715,6.892892060144124,7.485821979719706,8.059254017330161
744,3.72,7.060799523980834,6.582786529948289,8.112046388580755
745,3.725,7.06875717978506,5.627408451903911,8.07543915433703
746,3.73,6.918540568010814,4.7488369203235115,7.9462767990257674
747,3.735,6.606306146047299,3.8989293685860593,7.719750404821298
748,3.74,6.12227493301712,4.746417378920604,7.372775714058191
749,3.745,5.449689933810494,5.430396590118306,6.8843571302551645
750,3.75,4.562976799518573,5.658205709412022,6.247763294989834
751,3.755,3.425223892045897,5.614562177691017,5.4471675467302445
752,3.76,1.9865057010539844,5.3556133952245935,4.49400843187726
753,3.765,0.1918774994300602,4.895203608155808,3.417986109981467
754,3.77,-1.9566441847532967,4.225853506055833,2.179554601745349
755,3.775,-4.105510501762594,3.323844918384311,0.7451992633198357
756,3.78,-4.949802652686474,2.149373955263535,-0.7851108928773378
757,3.785,-3.570666648837473,0.6478333529673925,-2.2848798759328153
758,3.79,-1.2961510142872577,-1.229509308353598,-3.7893530126848773
759,3.795,0.8242802894488844,-3.3998313118128767,-5.104903614952484
760,3.8,2.5777306140075584,-5.085885356084548,-5.635684356173552
761,3.805,3.990238810664104,-3.889958939343945,-3.465794355500609
762,3.81,5.118563297353832,0.5015199562032882,1.1626401479365152
763,3.815,6.01051036112895,3.9461254714100815,4.845516440486186
764,3.82,6.701257971189422,5.707528070121904,6.973406814133661
765,3.825,7.21570944445201,6.507314087440834,8.207572317137107
766,3.83,7.571075674751013,6.705263342603529,8.467979748698463
767,3.835,7.778794201293153,6.567562288815178,8.522606135119926
768,3.84,7.845832713566282,6.3034402975249275,8.4835849875711
769,3.845,7.775559652944586,6.075350098538658,8.221730889024926
770,3.85,7.568362524803531,6.04613244725013,7.833939065738185
771,3.855,7.22221077025369,6.249809289053742,7.304971320315657
772,3.86,6.733461822663212,6.476474452541486,6.679115269729074
773,3.865,6.098495300840313,6.585750459509796,6.024792542206766
774,3.87,5.317441177055216,6.5480390309991146,5.305564463002193
775,3.875,4.402719618572074,6.363220442698859,4.46600434197951
776,3.88,3.3974984874750684,6.0339231538147775,3.546719722061704
777,3.885,2.4094427489027384,5.561428645540155,2.5951548058560956
778,3.89,1.6465291835478166,4.947735918245147,1.5984997866936443
779,3.895,1.3787005623967044,4.201877324671436,0.5668982379024134
780,3.9,1.74691424531355,3.353985862700585,-0.1273545734024948
781,3.905,2.6172763274888493,2.4845351801796203,-0.440902025457822
782,3.91,3.721010778578736,1.7736797224915257,-0.4133269244806419
783,3.915,4.84833752399949,1.5344860956794188,0.19073199574519695
784,3.92,5.890311371838685,2.0801279123410725,1.6203347670396675
785,3.925,6.80364003490315,3.351841380755375,3.355793539285055
786,3.93,7.576593469080949,4.842425012998297,5.14057611528801
787,3.935,8.210257799404529,6.09404701941816,6.681330704685015
788,3.94,8.709884705674945,6.962940675851616,7.740602393178648
789,3.945,9.081174496888902,7.488138298690757,8.375129215831592
790,3.95,9.32873476406582,7.764722521334335,8.723992965699876
791,3.955,9.455438995557516,7.894433065764792,8.868055418318347
792,3.96,9.462112915324346,7.9657030239970466,8.844359059415146
793,3.965,9.34728137057962,8.039988425280583,8.684743631689326
794,3.97,9.106829341255322,8.135251284278079,8.415050903247382
795,3.975,8.73346183017945,8.224718322094517,8.05956232642132
796,3.98,8.215822130713192,8.265428593142065,7.63351494466469
797,3.985,7.537043081744211,8.22398489737816,7.137691569463637
798,3.99,6.67232122303674,8.080009753250291,6.572989935573552
799,3.995,5.584710614449838,7.820033259725045,5.949843773993533
800,4.0,4.217457896674111,7.431838507049433,5.279844056415928
801,4.005,2.479145961405905,6.900622127938513,4.5759385750067985
802,4.01,0.2130806239321073,6.205816763337078,3.8680129586157546
803,4.015,-2.864629284365826,5.317244143737446,3.1799669701297035
804,4.0200000000000005,-7.176781035789354,4.1890100437012,2.472637260794347
805,4.025,-10.916388441928934,2.748376478934664,1.651967291716065
806,4.03,-7.499443526090308,0.8736266362318945,0.5767024902696054
807,4.035,-3.3635301365814025,-1.6528405645071214,-0.9980194977171202
808,4.04,-0.4724797534861111,-5.238772796745575,-3.476654841813799
809,4.045,1.592344279744588,-10.425145598866516,-7.327221529806675
810,4.05,3.11679036532126,-12.698863006502064,-8.912834800213023
811,4.055,4.257304176751971,0.009165131629096379,1.5493813178078142
812,4.0600000000000005,5.103598753332973,5.166728202484107,5.86107308757313
813,4.065,5.7096737120964525,6.5661365979123065,7.104163886557329
814,4.07,6.108725938053604,7.0513239772752785,7.676954229890649
815,4.075,6.320662511545018,6.757267088209771,7.929913342558083
816,4.08,6.35598965051404,6.0839076409490955,8.008489366874937
817,4.085,6.217737946436532,5.315672445442073,7.950471731647841
818,4.09,5.9021710384487225,4.596928190338291,7.768443358534574
819,4.095,5.398607508369242,4.17658834448566,7.4633154681332705
820,4.1,4.688525663666338,4.552100249345589,7.022810476831267
821,4.105,3.744282275388957,4.8624799975396575,6.43315291461632
822,4.11,2.528944679858898,4.874617730676712,5.684605938478045
823,4.115,1.0039682327099095,4.635783512384145,4.767195287051959
824,4.12,-0.8266503176657061,4.166854545422729,3.6839301190974734
825,4.125,-2.73314101296793,3.4633675205230223,2.4377910807090126
826,4.13,-3.840162060951479,2.502688116283454,1.0058621203971034
827,4.135,-3.100617588103476,1.2497277302406893,-0.6112986564142009
828,4.14,-1.119810379020626,-0.32381335494772223,-2.3337869138344596
829,4.1450000000000005,0.9966067488844512,-2.1517645305142574,-4.0058317064821285
830,4.15,2.8502377531854406,-3.7303029549112647,-5.182044634236496
831,4.155,4.395690424950713,-3.440256979327975,-4.496395205748179
832,4.16,5.66879187719231,-0.13122255562254548,-1.0396367152516897
833,4.165,6.712493344584605,3.484486519528996,2.8928924875027926
834,4.17,7.562304389639564,5.659979747016209,5.624955172991224
835,4.175,8.245362130406605,6.797417206995897,7.426252061742108
836,4.18,8.782047259686879,7.281191214438495,8.599920807040746
837,4.1850000000000005,9.187690201270485,7.373752266367044,9.268703066980283
838,4.19,9.473934915289448,7.289220583137357,9.4242677608337
839,4.195,9.649782379462325,7.194035583992042,9.393660822370244
840,4.2,9.72241931551824,7.237110091596268,9.237389885882568
841,4.205,9.697941309069774,7.49980497996222,8.916426743693492
842,4.21,9.582074492040128,7.858648211161008,8.472196604880658
843,4.215,9.381002034582798,8.163036927385345,7.91862037021351
844,4.22,9.102408999460671,8.363462154204953,7.299110502304584
845,4.225,8.756856069649599,8.45708288146322,6.657674143858035
846,4.23,8.359538899142233,8.451873914034369,5.989112630697759
847,4.235,7.932301922103675,8.357464479456894,5.289755911712447
848,4.24,7.505329018490894,8.184048529936963,4.612990217715413
849,4.245,7.117176886970562,7.943419694051977,4.027956057112129
850,4.25,6.811134540879377,7.650756708087563,3.576630888074294
851,4.255,6.626524167553381,7.326804906766959,3.331344446183002
852,4.26,6.586825815705972,7.000022720172432,3.453632120065519
853,4.265,6.6908245562212265,6.707590160499793,3.904723449304128
854,4.2700000000000005,6.912946948216993,6.493121447095799,4.550491404686249
855,4.275,7.212523917595415,6.398442399195879,5.317295275149248
856,4.28,7.545583182249555,6.449121898214597,6.121426801462303
857,4.285,7.873188771326143,6.639874557357227,6.775956021306957
858,4.29,8.164736912219453,6.931258621439577,7.323103878476995
859,4.295,8.397706569298236,7.263390755272523,7.765426463781346
860,4.3,8.555853710974011,7.57799258689791,8.076298369540655
861,4.305,8.62712053575501,7.83431740646043,8.274861895585673
862,4.3100000000000005,8.601787689625247,8.012958012676965,8.362262003487192
863,4.315,8.470967379200395,8.111058437738844,8.343676599532042
864,4.32,8.225353002686346,8.134555296190875,8.232233112476164
865,4.325,7.854082572854893,8.090955207469715,8.044514166368668
866,4.33,7.343559067502705,7.984171780275,7.793712430653805
867,4.335,6.676068961759823,7.811984835238386,7.480330756182969
868,4.34,5.828066877885934,7.565952884366613,7.098472865052528
869,4.345,4.768178763318,7.232750488477551,6.646208391366477
870,4.3500000000000005,3.4558784008651355,6.79550838885926,6.122117614875746
871,4.355,1.845811745999613,6.23417713265355,5.5213877853317355
872,4.36,-0.0798457117926188,5.524671522667402,4.846530865999061
873,4.365,-2.162738815463189,4.6370176244635335,4.105135728273334
874,4.37,-3.644617979044516,3.5331172034840286,3.272265074851312
875,4.375,-3.3077538756035896,2.1663520127687406,2.2897754482404475
876,4.38,-1.4795006364937406,0.49273701614576026,1.1030170633727479
877,4.385,0.6109344979368376,-1.4639792115886356,-0.2913080092742151
878,4.39,2.454332257959581,-3.329866750294153,-1.6192492836828682
879,4.3950000000000005,3.979640422481284,-3.6497199771363285,-1.7018102273458053
880,4.4,5.220842772125515,-0.7472793368209496,0.8364511954574771
881,4.405,6.222776410051615,3.0599155812177132,4.129192107551087
882,4.41,7.022563716804156,5.408418910339804,6.2709295629950175
883,4.415,7.648136234124422,6.607961326182424,7.536811790266851
884,4.42,8.119902609936783,7.096896907437138,8.31656369033705
885,4.425,8.452536368518382,7.15114344393821,8.80473026400491
886,4.43,8.65635108148225,6.995782633008362,9.090335791590121
887,4.4350000000000005,8.738271713041069,6.804264816597837,9.214114484374557
888,4.44,8.702502915694442,6.728228666128328,9.195584261338265
889,4.445,8.550992670812978,6.876036407054949,9.044028319022559
890,4.45,8.283780018016744,7.149142468382077,8.764638254065462
891,4.455,7.899324658923037,7.37504545968151,8.362781178114934
892,4.46,7.394963267554008,7.4869043255319685,7.8460747106294155
893,4.465,6.767757429907883,7.474980138796402,7.226620947407131
894,4.47,6.016263460737466,7.342142709262962,6.520780154894242
895,4.4750000000000005,5.144296493346692,7.0916365440515925,5.747972896561977
896,4.48,4.168726881750305,6.724909915618417,4.939382236428777
897,4.485,3.134416091304141,6.24198932582944,4.147149620142185
898,4.49,2.1376134809445992,5.64295357235488,3.431554006053081
899,4.495,1.3443528686289774,4.930914962543675,2.83912164362335
900,4.5,0.9558099080607474,4.118072671806489,2.399040704338834
901,4.505,1.0841344535268218,3.2378587140810975,2.1198251986893233
902,4.51,1.6531800067303737,2.3672483424756847,1.9949371234270963
903,4.515,2.469472278198755,1.6579403902773335,2.0367456825836547
904,4.5200000000000005,3.35656338841724,1.3450232422114459,2.338901217537523
905,4.525,4.207620875531103,1.6452828699268895,3.0218528345860705
906,4.53,4.972771699962534,2.5275570570230985,4.030495404576109
907,4.535,5.634944650237895,3.653874281028171,5.0888247001849765
908,4.54,6.193390803494826,4.666520218027985,5.965424973868757
909,4.545,6.654990817544855,5.405388820648189,6.593327806392514
910,4.55,7.030173034972074,5.868691127514051,6.985563264019395
911,4.555,7.33114863659643,6.122233150318302,7.187908009880822
912,4.5600000000000005,7.571200804491943,6.249909331351995,7.2504015833155755
913,4.565,7.764363869980278,6.330471203137781,7.2158517770859705
914,4.57,7.925124410668889,6.4231820323744335,7.117544062550681
915,4.575,8.06792899442394,6.555623632461321,6.972261026176275
916,4.58,8.20639694957223,6.722717607166528,6.787321695929684
917,4.585,8.352265463121734,6.904805282326185,6.575217558883969
918,4.59,8.514241607227415,7.0871714509873485,6.354033673344152
919,4.595,8.697051623480439,7.265816638154613,6.142799686634696
920,4.6000000000000005,8.90098680961336,7.444250640541383,5.972069198688478
921,4.605,9.122111490918456,7.6287961910243265,5.889782435469318
922,4.61,9.3530760440775,7.824965056946849,5.925750857474588
923,4.615,9.58428650790085,8.035158351231031,6.079209562421375
924,4.62,9.80511720402503,8.257632137052225,6.3451631060619285
925,4.625,10.004919076025937,8.486672410765475,6.710583876623096
926,4.63,10.173706624855626,8.713746582790069,7.140106391671031
927,4.635,10.302525422772398,8.929149011187182,7.608091301820556
928,4.64,10.383572611729194,9.123562001575321,8.093334012289555
929,4.6450000000000005,10.41016576175208,9.289097484617338,8.553062938407752
930,4.65,10.376650564959098,9.419668480188157,8.94195389020939
931,4.655,10.278325282835926,9.510799534711293,9.228152425668204
932,4.66,10.111453642738164,9.559123251452593,9.394159787014784
933,4.665,9.87344644968366,9.561821789781686,9.437634335230744
934,4.67,9.563321193071587,9.51620478556536,9.36894660895232
935,4.675,9.182601750368688,9.419522558367,9.204096055334045
936,4.68,8.736891011681049,9.26903828851377,8.959139836980903
937,4.6850000000000005,8.238396673380908,9.062351628573346,8.649157182211328
938,4.69,7.709571758677399,8.79798801731167,8.288737824922169
939,4.695,7.187390673151118,8.476336952499528,7.89212257225075
940,4.7,6.726060758812004,8.101123499628041,7.473273925174983
941,4.705,6.3932400154372,7.681700342362988,7.04711662489793
942,4.71,6.25419212859088,7.236464938095296,6.632992221533763
943,4.715,6.346135173272462,6.797380088929556,6.259549936740276
944,4.72,6.659379283699866,6.414318975163093,5.969048152264465
945,4.7250000000000005,7.1422533143687685,6.155020038729699,5.8178950729840855
946,4.73,7.725064065956858,6.09272522607192,5.866817853234419
947,4.735,8.343196979440677,6.2758074889229025,6.154646850623162
948,4.74,8.947937482710687,6.691849804060144,6.66667940805867
949,4.745,9.50700024480689,7.260207010410584,7.328409666074931
950,4.75,10.000729861749797,7.86959397695496,8.037756059033319
951,4.755,10.417842184542652,8.428409390444191,8.707072303946688
952,4.76,10.75209254662246,8.888692863912564,9.283493254786851
953,4.765,11.000005894052084,9.241541732019025,9.74603695986815
954,4.7700000000000005,11.159419479828966,9.501605207476224,10.092648757758624
955,4.775,11.228560483294592,9.692272292247157,10.328726815900936
956,4.78,11.205447304191944,9.834708143821704,10.461503282624527
957,4.785,11.087472466451572,9.941106667732214,10.498295163792555
958,4.79,10.871076075610144,10.012666643543337,10.44615925426302
959,4.795,10.551453543619091,10.042095422879747,10.312073667608443
960,4.8,10.12226826956419,10.018231715699493,10.103290346241494
961,4.805,9.575372240562798,9.92971376173474,9.827611225945798
962,4.8100000000000005,8.900600349206968,9.766474470265926,9.493446764174013
963,4.815,8.085857795785508,9.51964387060503,9.109548386968289
964,4.82,7.11812088027504,9.180799284117736,8.684246730727427
965,4.825,5.987032851153009,8.741131658507186,8.224001860790139
966,4.83,4.695510622791553,8.190764078598466,7.731292280574783
967,4.835,3.287882780037386,7.5183782960830134,7.202335310988457
968,4.84,1.912444849378084,6.711506084296248,6.625624147288351
969,4.845,0.8999850500208834,5.758512161623059,5.982850454586909
970,4.8500000000000005,0.6686546051162441,4.655092846302949,5.255066585842904
971,4.855,1.3051678544862546,3.4226916789925967,4.440205698558172
972,4.86,2.4498179403044977,2.1559558764358506,3.5952819898685315
973,4.865,3.714269576284481,1.122180329278049,2.9209447536294064
974,4.87,4.896174494630172,0.8499435810753271,2.8369021511485193
975,4.875,5.925836477154548,1.8155278531178585,3.7305422571528877
976,4.88,6.791314359114752,3.64303174190763,5.3088506825141115
977,4.885,7.500728230071668,5.384579885621819,6.821801952605399
978,4.89,8.067476177256976,6.589445575511821,7.924849283470576
979,4.8950000000000005,8.505095520195425,7.277889089927362,8.65071136860263
980,4.9,8.8257812168002,7.587439573690789,9.104464314943217
981,4.905,9.040242135900955,7.664366599508797,9.365966814120455
982,4.91,9.15803961740785,7.639334964129191,9.483817758001631
983,4.915,9.18810687947797,7.618743424350024,9.48566283748018
984,4.92,9.139354510511083,7.670251476963855,9.3871771136626
985,4.925,9.021338055129998,7.792437599447167,9.198280861665506
986,4.93,8.8449720543207,7.928483824913898,8.92753529640217
987,4.9350000000000005,8.623240571274222,8.02661728543364,8.58507979783915
988,4.94,8.371777573506167,8.063981793378577,8.184474162061782
989,4.945,8.109075958371896,8.037424599793292,7.743533717464462
990,4.95,7.855970464936024,7.953354311379079,7.2849047701575325
991,4.955,7.634033301013201,7.823117323014047,6.838448950913687
992,4.96,7.462780770444178,7.661494412977731,6.443793220839281
993,4.965,7.356183924499002,7.486237665369785,6.147085842170661
994,4.97,7.319650647199482,7.317459338577379,5.991442593515412
995,4.9750000000000005,7.348815391432549,7.176098995472449,6.006814817875766
996,4.98,7.430755329749611,7.081042163166391,6.200258750461608
997,4.985,7.547063604843568,7.045133320544672,6.54758549079208
998,4.99,7.677465009904987,7.07133635588119,6.994148054458449
999,4.995,7.802802258470484,7.151012982604836,7.470344580991388
1000,5.0,7.906892656812301,7.265753324467925,7.910743997392247
1001,5.005,7.977365436090247,7.392315763924101,8.263458434832504
1002,5.01,8.005868806561887,7.508439369370784,8.496738714707575
1003,5.015,7.988043217600658,7.59711749999197,8.606333146822523
1004,5.0200000000000005,7.923547781328336,7.648245137113049,8.607562497252394
1005,5.025,7.816298536394121,7.658024991232807,8.516997475379014
1006,5.03,7.674949902520309,7.627220267539752,8.34886133285331
1007,5.035,7.513494332105695,7.559320766835,8.11879511942159
1008,5.04,7.351628887798562,7.459350445394799,7.844503850374104
1009,5.045,7.214250988006466,7.333647617618023,7.5445768520657595
1010,5.05,7.129262390673428,7.190576009384083,7.236446761936191
1011,5.055,7.123162320776425,7.041812066393884,6.937003456398855
1012,5.0600000000000005,7.215049017341891,6.903614133272862,6.6664423734739655
1013,5.065,7.411233171107473,6.7972660960195315,6.450198315855529
1014,5.07,7.703228140065148,6.747692320485429,6.31727721404448
1015,5.075,8.070275966611863,6.779326249182256,6.297817756301569
1016,5.08,8.484902978930885,6.909281491102876,6.417363667063714
1017,5.085,8.918686332746086,7.140010282149396,6.683170793725491
1018,5.09,9.346216282348896,7.455634684375703,7.074417434781759
1019,5.095,9.746827510719712,7.825261654103901,7.549164578162358
1020,5.1000000000000005,10.10468978375509,8.212190032324377,8.05728074783828
1021,5.105,10.40805260390879,8.583902766817324,8.550485773502539
1022,5.11,10.648222897330765,8.918111593325282,8.993646018089311
1023,5.115,10.818578708611842,9.203647224206449,9.368608512645302
1024,5.12,10.913728313125024,9.437798772438128,9.66582538996864
1025,5.125,10.928821304538074,9.62232871512735,9.879224550717513
1026,5.13,10.858973917682986,9.759791767946655,10.006525351629282
1027,5.135,10.69875494620193,9.85103344598669,10.048779740477247
1028,5.14,10.441671720706502,9.894131190261398,10.009280943809781
1029,5.1450000000000005,10.079586169442935,9.88452492043622,9.892812094187999
1030,5.15,9.6019703332738,9.815745285575794,9.705048556304577
1031,5.155,8.994868186985567,9.680133199841737,9.451941912515519
1032,5.16,8.239347401506391,9.469191422418104,9.139003894079046
1033,5.165,7.309063163467777,9.173479655066549,8.77041175577244
1034,5.17,6.166240055907836,8.78209474966983,8.347852320770688
1035,5.175,4.754766337383193,8.28176219716832,7.869032190763518
1036,5.18,2.988069230159052,7.655461070821865,7.3257970457778825
1037,5.1850000000000005,0.7293830344503892,6.880337072736181,6.701777032257383
1038,5.19,-2.2177807466979567,5.924388722022899,5.969321525707022
1039,5.195,-5.834132618492545,4.740923500770078,5.085078931462766
1040,5.2,-7.661822340072982,3.258862950376817,3.9827368160648002
1041,5.205,-4.905340969703838,1.3655537245381226,2.560120846135624
1042,5.21,-1.57696804840646,-1.1200047971609939,0.6586882099202889
1043,5.215,0.9884761246732936,-4.441375038447632,-1.9307869042003825
1044,5.22,2.925555383789185,-8.289487643955583,-4.968667329591497
1045,5.2250000000000005,4.415450738363869,-7.307148392969681,-4.117498110974859
1046,5.23,5.576684830893354,1.4510595799511554,3.032699983249584
1047,5.235,6.484176478013871,5.584454332075856,6.470611761954921
1048,5.24,7.186690329231284,7.095731498877651,7.830903326739293
1049,5.245,7.717080554200849,7.631970585901601,8.540578562698238
1050,5.25,8.098142463032902,7.504608394915818,8.953646438216573
1051,5.255,8.346068580315531,7.058075932602177,9.199700167853752
1052,5.26,8.472598479481894,6.53833318743628,9.3187995279851
1053,5.265,8.48645348442914,6.105974163493799,9.32380740059972
1054,5.2700000000000005,8.394399108329836,6.038916473900672,9.21635715517252
1055,5.275,8.202161891623753,6.488398931459628,8.991112606444615
1056,5.28,7.915383556683404,6.914920109330018,8.644264718975606
1057,5.285,7.540794274804407,7.161478428019228,8.176111426390962
1058,5.29,7.087804972574002,7.251823575199257,7.5918721133809335
1059,5.295,6.570712526392746,7.213467062988305,6.908526103006039
1060,5.3,6.011574772004944,7.06552731852145,6.144468562916336
1061,5.305,5.443322357354203,6.822435087285503,5.316585421514096
1062,5.3100000000000005,4.911543572075211,6.497625633564522,4.480374788759353
1063,5.315,4.471755267256024,6.106825423663903,3.7441288011840865
1064,5.32,4.178646502394173,5.671494009794352,3.210744721763414
1065,5.325,4.068206393170348,5.2225524992894305,2.95232502668997
1066,5.33,4.142327355479715,4.803503610926105,3.032818194236926
1067,5.335,4.367938280596524,4.470144014485851,3.4534306696002957
1068,5.34,4.691438355295987,4.281976745093072,4.126804198607278
1069,5.345,5.0569376304573606,4.281876016109447,4.886839406092413
1070,5.3500000000000005,5.417957280539555,4.470795575751251,5.653036123112912
1071,5.355,5.740912068519545,4.79777110184487,6.343696457675831
1072,5.36,6.003724709338804,5.179714833199862,6.8393371568894334
1073,5.365,6.192919233649849,5.537198976170386,7.078674369369249
1074,5.37,6.300937475261049,5.819061475719014,7.201373835788784
1075,5.375,6.324234013684783,6.006113773983654,7.216580946651726
1076,5.38,6.26218389317008,6.102279342607779,7.104835565337112
1077,5.385,6.1167073559935,6.12300675267611,6.892677095817639
1078,5.39,5.892541449356916,6.0855757483354775,6.599608030011488
1079,5.3950000000000005,5.598144871900921,6.002674731423848,6.260591157716533
1080,5.4,5.247232128495879,5.879825407228601,5.898052497057994
1081,5.405,4.860799524366481,5.716664910888468,5.501178878675759
1082,5.41,4.469080743796385,5.510761365661,5.06430741387991
1083,5.415,4.112040798086223,5.261869934190941,4.608400616146346
1084,5.42,3.836096291397817,4.975375013609238,4.150800107120086
1085,5.425,3.6850874750266582,4.664921847309187,3.701467981763982
1086,5.43,3.686968704280095,4.354525953128516,3.3254346922062314
1087,5.4350000000000005,3.84303996034111,4.079603322959573,3.129828636097989
1088,5.44,4.127391422979826,3.8848515759719264,3.1189945359606863
1089,5.445,4.496988838079083,3.815826283550251,3.2754203205155465
1090,5.45,4.905081546878124,3.902978434380679,3.6182149766287486
1091,5.455,5.310729961961115,4.144100630092154,4.102143876057013
1092,5.46,5.682511564935658,4.498517265785842,4.623548971231742
1093,5.465,5.99820923848778,4.901282603329676,5.183360294822587
1094,5.47,6.242836496769448,5.28833168676517,5.739184687804748
1095,5.4750000000000005,6.406468979219467,5.615191304018481,6.219246275258474
1096,5.48,6.482484194383924,5.861590153144321,6.59196106915931
1097,5.485,6.466344818399792,6.0261002506570716,6.843793195413014
1098,5.49,6.35490008767619,6.117502405926563,6.971345403266142
1099,5.495,6.146180412510756,6.146881755293472,6.97854425478941
1100,5.5,5.839742486131183,6.12208655580717,6.873291522259221
1101,5.505,5.437762550293025,6.0451858804021015,6.665346274838951
1102,5.51,4.947272569754234,5.912875639568347,6.365359064068774
1103,5.515,4.384143078269752,5.7188514207071295,5.984638151125754
1104,5.5200000000000005,3.77937638123085,5.456712394584231,5.5353787758218
1105,5.525,3.187122197828112,5.122564269444594,5.03137271030351
1106,5.53,2.6898615331329423,4.7175449496504145,4.489428508401549
1107,5.535,2.389293948595465,4.2512186528947575,3.931846663830621
1108,5.54,2.371517985673433,3.746992790362054,3.390381540735701
1109,5.545,2.660178947747665,3.2501818484814486,2.9119269646593553
1110,5.55,3.201217645306473,2.8367223990325248,2.5643884392676672
1111,5.555,3.896668416989053,2.613281700441512,2.435611658851505
1112,5.5600000000000005,4.650703103014484,2.689541693650878,2.610339311041752
1113,5.565,5.393198302419328,3.1126719053080674,3.1175670210305473
1114,5.57,6.081048607195992,3.8092366291771,3.8849375299838047
1115,5.575,6.690788265947605,4.613667262471928,4.763663094482959
1116,5.58,7.211003877584937,5.366760362161087,5.60962883662191
1117,5.585,7.636962196995998,5.980573466538659,6.335862374260454
1118,5.59,7.967312152216714,6.436571304749093,6.909714619097668
1119,5.595,8.20219028715966,6.757392567982747,7.329375970266231
1120,5.6000000000000005,8.34216970365452,6.98178580663501,7.605532849775709
1121,5.605,8.387692697358935,7.147670716039643,7.75208317905369
1122,5.61,8.338780729317808,7.2811227647234364,7.782603485285813
1123,5.615,8.194915663454742,7.390912359380755,7.709554900004627
1124,5.62,7.95505349910391,7.470448761909952,7.544563334394427
1125,5.625,7.61778730421007,7.505551506095234,7.299002303853999
1126,5.63,7.181740106564036,7.481943291063149,6.984585863825739
1127,5.635,6.646365091268525,7.388633856213106,6.613887477719365
1128,5.64,6.013490920599393,7.2180626212484835,6.200731587459199
1129,5.6450000000000005,5.290204231993036,6.9651572958725385,5.76028422175968
1130,5.65,4.4939717294244765,6.62656911842946,5.308442233501155
1131,5.655,3.660908463669768,6.200545943989692,4.86018251795136
1132,5.66,2.856448203772292,5.687686354854239,4.427268781284039
1133,5.665,2.1815423948289268,5.092974285983926,4.016699502398219
1134,5.67,1.7570541169639835,4.42985216337049,3.631838051735155
1135,5.675,1.672502853109725,3.7274536986519844,3.2782794737653758
1136,5.68,1.9288948363394132,3.041721774465083,2.9757184402104864
1137,5.6850000000000005,2.4380424404584065,2.467504169569428,2.77303236817868
1138,5.69,3.07924446974956,2.1374444411405293,2.7532760085098786
1139,5.695,3.7511641091005137,2.178603400806203,3.0030214040355396
1140,5.7,4.388101223224959,2.619146496231663,3.5388829615472748
1141,5.705,4.954080199898235,3.3288633051838343,4.258728274090771
1142,5.71,5.432259113198313,4.093601191958894,4.998481652900885
1143,5.715,5.816718513321856,4.747109660536886,5.633464625540884
1144,5.72,6.10745049692238,5.221390503895901,6.113479096945381
1145,5.7250000000000005,6.307666118211255,5.52121923955768,6.438073119726418
1146,5.73,6.422531889157698,5.686799855950089,6.625988006522824
1147,5.735,6.4587558268164935,5.768040338679777,6.698510004131029
1148,5.74,6.424692050920423,5.808567837060611,6.6736304310337475
1149,5.745,6.33077054674348,5.8354459073785545,6.56551686472271
1150,5.75,6.190099511002245,5.8554235069003475,6.386128994565304
1151,5.755,6.01904327993833,5.860655386572591,6.147352045953961
1152,5.76,5.837461286352994,5.839927911212597,5.862882951608445
1153,5.765,5.668151750116124,5.786983927519469,5.54959570127876
1154,5.7700000000000005,5.535014465123625,5.703262144400342,5.228162018255898
1155,5.775,5.459750915539877,5.597543966135317,4.922904709951912
1156,5.78,5.457678049102541,5.484772129841287,4.661269931139437
1157,5.785,5.534120786055975,5.384532851678662,4.472745370475045
1158,5.79,5.683064151066223,5.318697904034333,4.386046820735264
1159,5.795,5.888770488682129,5.307642632116839,4.423982504027546
1160,5.8,6.129517096672487,5.365188476196954,4.596933064166526
1161,5.805,6.381741553028061,5.493752343782716,4.8968714964565105
1162,5.8100000000000005,6.6231975202454505,5.682190479753152,5.294955083316718
1163,5.815,6.834628934104412,5.908128320761558,5.745642398297523
1164,5.82,7.000186749551393,6.144056317226394,6.196663854628305
1165,5.825,7.10707010065653,6.364191688923823,6.6000630692145235
1166,5.83,7.144816196521844,6.549110349954892,6.919867213533565
1167,5.835,7.104504521931073,6.687030082260286,7.135208076171274
1168,5.84,6.978002115683197,6.772440041572814,7.239293193035105
1169,5.845,6.757291485133675,6.803461322120017,7.2351050791740725
1170,5.8500000000000005,6.43388638700274,6.779146174053842,7.130346573446353
1171,5.855,5.998345413801218,6.697458845383803,6.934170935287371
1172,5.86,5.439948116512521,6.554217304869445,6.655711758364158
1173,5.865,4.746752130008234,6.342885195303364,6.303218313804312
1174,5.87,3.9066451415912407,6.054857908852558,5.883219680797135
1175,5.875,2.9110143342677035,5.67986134683397,5.399848218123403
1176,5.88,1.765138003953908,5.20625495831411,4.854662119721051
1177,5.885,0.51457782851618,4.621308379657995,4.246954391931521
1178,5.89,-0.6989657685122372,3.91189302596563,3.5743771442841745
1179,5.8950000000000005,-1.5719485889030025,3.066722265013212,2.834509534676526
1180,5.9,-1.72423683201804,2.0829399912188675,2.0295823451232753
1181,5.905,-1.0594386147972537,0.9839163831579665,1.1797492336605346
1182,5.91,0.1127235361829638,-0.13689974508155078,0.35735283552075625
1183,5.915,1.4277992796317318,-1.0289632796085186,-0.24244442468149607
1184,5.92,2.680861742844733,-1.215305095346138,-0.24296734729761926
1185,5.925,3.794267253889119,-0.26773342113803444,0.6950025421842989
1186,5.93,4.749889370741086,1.508999984175007,2.322022083485559
1187,5.9350000000000005,5.551679874751665,3.267193927008373,3.954301636496408
1188,5.94,6.210005485460592,4.549214511515601,5.22835762950743
1189,5.945,6.735786841849151,5.340886789352279,6.138209208660063
1190,5.95,7.138516346630698,5.761257658443025,6.767774191169218
1191,5.955,7.425729415351753,5.946510965292614,7.18747917365687
1192,5.96,7.602986222378439,6.020841016963988,7.4419846266734275
1193,5.965,7.674005152212965,6.085519686104009,7.557562454270802
1194,5.97,7.640817649798802,6.2046957221924695,7.54964578810838
1195,5.9750000000000005,7.503906780404693,6.379052626720986,7.428060925569735
1196,5.98,7.26233604279673,6.555974139925823,7.20065753829353
1197,5.985,6.913909852361835,6.682277573886449,6.87575896415407
1198,5.99,6.455458701127488,6.728713867187998,6.463793857058162
1199,5.995,5.883443277873248,6.6831900446848875,5.978203664760934
1200,6.0,5.195282184165436,6.540988683275142,5.436039781021064
1201,6.005,4.392236503304154,6.299611026213613,4.859612152247143
1202,6.01,3.4854836209192315,5.956771549436981,4.277810595348973
1203,6.015000000000001,2.508121889625624,5.509986711216111,3.7224727583394697
1204,6.0200000000000005,1.5356253688975603,4.957235595849342,3.2199183495196215
1205,6.025,0.7085687498649831,4.298981467424807,2.783718673831087
1206,6.03,0.222732776666827,3.542703114754094,2.411583994874334
1207,6.035,0.2341430895644842,2.7123380873501297,2.089057904859555
1208,6.04,0.7320101339359255,1.866423475110233,1.8085551814545227
1209,6.045,1.5493578955011655,1.1267440396351294,1.6085287925872587
1210,6.05,2.4950954541176023,0.7004884169123038,1.6088305820848374
1211,6.055,3.438268482404752,0.8273766456924543,1.9748616227333353
1212,6.0600000000000005,4.311156921475374,1.5821310660585621,2.7601814840175147
1213,6.065,5.085816053826989,2.71662691819616,3.7812445845212324
1214,6.07,5.75466850721689,3.8481678629292833,4.7601899947484
1215,6.075,6.319439595190285,4.7455924497447155,5.53730552594032
1216,6.08,6.7856717451254855,5.362372643264932,6.088604406551683
1217,6.085,7.16020304241097,5.745706639909361,6.449521201064175
1218,6.09,7.450099056520432,5.973464258527807,6.664543489051249
1219,6.095,7.662276975378371,6.1243705816550005,6.769657146518419
1220,6.1000000000000005,7.803456461457847,6.261781007244765,6.788560815161995
1221,6.105,7.88026337912796,6.420583376064112,6.73493384938684
1222,6.11,7.899401514737434,6.600730818771757,6.618161236351238
1223,6.115,7.867845767765047,6.779345693715204,6.44780782233096
1224,6.12,7.793022960521129,6.932209611869002,6.2356032955023135
1225,6.125,7.682945448272116,7.044811705920171,5.997887079288665
1226,6.13,7.54625524102792,7.112107604513007,5.7566995182261
1227,6.135,7.392129090961637,7.135110052328296,5.534390296957687
1228,6.140000000000001,7.229996589579527,7.11825152472885,5.348393359548544
1229,6.1450000000000005,7.069043907263934,7.06792468732704,5.213951692203097
1230,6.15,6.917522541700625,6.991731050136941,5.145678130960367
1231,6.155,6.781951044795664,6.898014744136988,5.153845992482151
1232,6.16,6.666365376745765,6.795417060475408,5.243613794840821
1233,6.165,6.571803244304094,6.692308718898772,5.412776939465533
1234,6.17,6.496169511403003,6.596057408343668,5.644204154591656
1235,6.175,6.43452730594277,6.512192118905347,5.906351792755568
1236,6.18,6.379736870751933,6.443627729765371,6.163172744605871
1237,6.1850000000000005,6.3232794359456985,6.3901747411723715,6.3830402272254645
1238,6.19,6.256089372271027,6.348530715826591,6.543355111617579
1239,6.195,6.169265862129249,6.312816267963317,6.63305189615989
1240,6.2,6.054610361993868,6.275530509830922,6.652533368987829
1241,6.205,5.905004635468875,6.228657018787207,6.6088181134984465
1242,6.21,5.714690036683718,6.164628464171592,6.509782928739023
1243,6.215,5.47953286201845,6.076956405263239,6.362436405182288
1244,6.22,5.197371597834081,5.960486355395437,6.173491460013217
1245,6.2250000000000005,4.868546901127375,5.81137072560944,5.949502134862418
1246,6.23,4.496712328518474,5.626922602273437,5.696234984615323
1247,6.235,4.089994027636629,5.405521940810791,5.418102046045956
1248,6.24,3.662462776580984,5.146716495375357,5.1187621823587435
1249,6.245,3.235618708684836,4.8516199992223195,4.8027166908907315
1250,6.25,2.839090119562304,4.523677152684683,4.4767775171037325
1251,6.255,2.5091181800558875,4.169835397250809,4.151290126054299
1252,6.26,2.283259621231692,3.8021000652335424,3.841339523177063
1253,6.265000000000001,2.191221558125273,3.43926781046458,3.5667065217353118
1254,6.2700000000000005,2.2450738997637782,3.1082078049847963,3.34994963617864
1255,6.275,2.434490389777462,2.8433270477577297,3.214628344961179
1256,6.28,2.730305698382652,2.6821508318476757,3.183488860742968
1257,6.285,3.093866586355867,2.6555027418202926,3.2730070462547993
1258,6.29,3.486520459041777,2.774261410493077,3.484843157603432
1259,6.295,3.875474615284769,3.0201235531721577,3.8002152779554885
1260,6.3,4.235709652857481,3.3487840551499994,4.181797133720553
1261,6.305,4.54942640940566,3.705498133153796,4.583413154516797
1262,6.3100000000000005,4.804533431456325,4.042893634586694,4.962591470012926
1263,6.315,4.99307392905912,4.331053476196055,5.288515162451433
1264,6.32,5.109966384580237,4.55803046803655,5.542954115191696
1265,6.325,5.152152398508068,4.724685785872163,5.717277365666466
1266,6.33,5.118145264389784,4.8380574948173685,5.808961348010871
1267,6.335,5.007969347219508,4.905708749968906,5.819064316197332
1268,6.34,4.823522563045817,4.932164622350949,5.750811811995189
1269,6.345,4.569456335706972,4.91778225545295,5.608992797995704
1270,6.3500000000000005,4.254725244095457,4.859686020788084,5.399849863196498
1271,6.355,3.894953583939854,4.753795618074308,5.1312542995270505
1272,6.36,3.515547052008511,4.596967654720168,4.813069412403412
1273,6.365,3.1547499314560774,4.388845503668929,4.457694810337751
1274,6.37,2.864334728114871,4.133618972499841,4.080849181143227
1275,6.375,2.70392294165272,3.8421586499298055,3.7026890178735226
1276,6.38,2.7259919781573267,3.534870303634694,3.3493382556027305
1277,6.385,2.955920901483367,3.2450340682668966,3.054637057335454
1278,6.390000000000001,3.38033981689424,3.0210016137334526,2.8610010108322776
1279,6.3950000000000005,3.953735727358656,2.9232248394220166,2.816450690932631
1280,6.4,4.617506041780049,3.010383718408365,2.963450151064828
1281,6.405,5.317372045582225,3.3134787333196103,3.3187224312431907
1282,6.41,6.011725533299317,3.811539756078181,3.8548890737247397
1283,6.415,6.672362572639713,4.4328794223732295,4.502843360907425
1284,6.42,7.281772141016811,5.087010854136745,5.178474906773584
1285,6.425,7.82985190361797,5.701378068975493,5.812493240822846
1286,6.43,8.311209419635146,6.237975263957145,6.363334614728132
1287,6.4350000000000005,8.723253430832317,6.689711960775684,6.813787744922371
1288,6.44,9.064938030682118,7.0684999976306795,7.161943204509964
1289,6.445,9.3359646405581,7.3933754339707605,7.413516701149113
1290,6.45,9.536280543717364,7.6815045037535885,7.5772651772346205
1291,6.455,9.665760539220695,7.942827443503067,7.662822320554056
1292,6.46,9.723997087092767,8.178741351605035,7.6799292298720605
1293,6.465,9.710151094328223,8.384277477591517,7.638341336534522
1294,6.47,9.62283271941407,8.551713122357967,7.5480125124598665
1295,6.4750000000000005,9.459992406472876,8.67341153341065,7.419329176321491
1296,6.48,9.218809491387644,8.743078941018085,7.263216875166135
1297,6.485,8.895571537011131,8.755845899149563,7.090930910391416
1298,6.49,8.48554488531547,8.707837269803935,6.913318992859747
1299,6.495,7.982850559726261,8.595649482644726,6.739406373421851
1300,6.5,7.380389655917256,8.415895829768989,6.574418493041301
1301,6.505,6.669931625428775,8.164845839150498,6.417730999376441
1302,6.51,5.8426411911548986,7.838140841714108,6.261438470245482
1303,6.515000000000001,4.890701235660636,7.4305686992509346,6.090139569038224
1304,6.5200000000000005,3.811570369468187,6.935905798637902,5.882239034831173
1305,6.525,2.618298146359205,6.346888670864267,5.612621478473595
1306,6.53,1.3623402796070323,5.655494514396129,5.256108399224255
1307,6.535,0.174560889164059,4.85397618886243,4.791123512538655
1308,6.54,-0.6992612341417049,3.9377173839757207,4.203801380953795
1309,6.545,-0.9740425183427428,2.912393075661157,3.4943508241488677
1310,6.55,-0.5652648205050824,1.810865467339854,2.6901553399006017
1311,6.555,0.3164289037608723,0.7293340766435348,1.8737762931364785
1312,6.5600000000000005,1.3816751087004584,-0.11343499172859328,1.2297805477666088
1313,6.565,2.4389320345433023,-0.3533602737380086,1.0628032063831077
1314,6.57,3.4000806394027543,0.3044893633887309,1.6240636317729833
1315,6.575,4.235054869090627,1.654245251837689,2.7613774721516164
1316,6.58,4.939392445197004,3.08785963461051,3.99735723666658
1317,6.585,5.518264324339814,4.197524073839083,5.015147874697526
1318,6.59,5.979597578747354,4.910110917320939,5.762420399512363
1319,6.595,6.331329927171884,5.298481309359012,6.287987677195487
1320,6.6000000000000005,6.580419114941347,5.471082035866631,6.646388428331008
1321,6.605,6.73257243860164,5.534324183317178,6.875443235687932
1322,6.61,6.7922604677169,5.576806292076413,6.997450743331861
1323,6.615,6.762836185099369,5.655133223435943,7.024144125475106
1324,6.62,6.646691993305026,5.77640541969617,6.96095892908113
1325,6.625,6.445437805848183,5.905225010161102,6.810528317953096
1326,6.63,6.160110837201705,5.999694724937752,6.575622428289563
1327,6.635,5.791448948682518,6.0334619170799435,6.261538267354919
1328,6.640000000000001,5.340284113365903,5.994667083747447,5.87778898168307
1329,6.6450000000000005,4.808147679346408,5.879219555523816,5.43918888785416
1330,6.65,4.1982294114900505,5.686335255349846,4.966944778084107
1331,6.655,3.5168945200161077,5.416499957960466,4.488850839205723
1332,6.66,2.7760052432479343,5.070809060711111,4.0358307514213285
1333,6.665,1.996204378789911,4.651062532249055,3.6347757056903656
1334,6.67,1.2108183404717807,4.160406374161747,3.301351497297386
1335,6.675,0.4686710103622331,3.6045617009255,3.034964044343223
1336,6.68,-0.1681959918375808,2.9938329819078584,2.817294497638809
1337,6.6850000000000005,-0.6369782412740783,2.3461290953007166,2.61828406094303
1338,6.69,-0.8964649830943162,1.6909887993741348,2.4113480747609164
1339,6.695,-0.9467614848971652,1.0736240173709453,2.190244654737477
1340,6.7,-0.8298017872206138,0.5556567257756564,1.976661302406209
1341,6.705,-0.6101883757736243,0.20600046356914614,1.815707497568495
1342,6.71,-0.3526375911673842,0.07603553916897621,1.7573762924230758
1343,6.715,-0.1090583003668557,0.16651127935068377,1.8235571798107828
1344,6.72,0.084035803919938,0.4137794256882801,1.9846372308978375
1345,6.7250000000000005,0.2028105315429962,0.716131699973098,2.1752924384752697
1346,6.73,0.2322062246931287,0.9800753349658615,2.332125455131483
1347,6.735,0.1626555929367988,1.1490952128578948,2.416335342783092
1348,6.74,-0.0121565139852043,1.2049072634684257,2.413163779102777
1349,6.745,-0.2965627960957324,1.1547446073891159,2.320899935627391
1350,6.75,-0.6933145854702791,1.0171366164274396,2.1419297712043823
1351,6.755,-1.203047504936304,0.8107519768820737,1.8795709790839674
1352,6.76,-1.8224529092298964,0.5471838009718821,1.5376891290174615
1353,6.765000000000001,-2.540386282294795,0.22820063710328675,1.1208354639270035
1354,6.7700000000000005,-3.3307498451393114,-0.15238467147221257,0.635496041757869
1355,6.775,-4.141418722415064,-0.6038032240353877,0.09095990084860262
1356,6.78,-4.882331231380651,-1.1328216333982795,-0.5030354881968186
1357,6.785,-5.426778469072971,-1.7384863969967634,-1.1373679838626245
1358,6.79,-5.649916739660156,-2.4057065852658104,-1.7966139460184607
1359,6.795,-5.500775909843276,-3.0953317946163796,-2.446966432631375
1360,6.8,-5.03983503186483,-3.730107765948505,-3.0227659837220413
1361,6.805,-4.394465768001527,-4.184145676686539,-3.4155281634707713
1362,6.8100000000000005,-3.688013687937168,-4.302623842027977,-3.490050937975937
1363,6.815,-3.0056011806144904,-3.9861061421070296,-3.1583342479707373
1364,6.82,-2.395061336057838,-3.299841435073759,-2.4724325582080535
1365,6.825,-1.8790369995640297,-2.4627514721383923,-1.615835702806077
1366,6.83,-1.465556143374836,-1.6966000221846782,-0.7806271250976637
1367,6.835,-1.154600267247611,-1.1179355752627433,-0.07982493269020541
1368,6.84,-0.9415286450007704,-0.7447842837466334,0.44669047927757344
1369,6.845,-0.8185158570053206,-0.541829973139869,0.7963027417654214
1370,6.8500000000000005,-0.7747909690129351,-0.45453825814375204,0.980279097830528
1371,6.855,-0.7961586722133202,-0.42938650542863765,1.0143656945075357
1372,6.86,-0.8641685639485992,-0.42663408209975096,0.9159147599735822
1373,6.865,-0.955383578687196,-0.4276733917878959,0.7033645021715351
1374,6.87,-1.0414415635957743,-0.4329303598441392,0.396828249820504
1375,6.875,-1.090831094095693,-0.4500145117160912,0.019322980679547186
1376,6.88,-1.0730966461711695,-0.48148789616809395,-0.4018319825145049
1377,6.885,-0.9650706292102488,-0.5193137922686342,-0.8338572980608383
1378,6.890000000000001,-0.7569283107615541,-0.5449467064351028,-1.2379984172450067
1379,6.8950000000000005,-0.4549222857687754,-0.5324321262018321,-1.5703807467064896
1380,6.9,-0.0791365875086043,-0.45392402273248944,-1.7856329710085328
1381,6.905,0.3423803437678201,-0.2876562848651014,-1.8444873182844876
1382,6.91,0.7799908700295198,-0.026611284249137945,-1.7240776359108851
1383,6.915,1.206959135899207,0.31637778936701366,-1.4264041213985825
1384,6.92,1.601463918505036,0.7111174717537754,-0.9802713111636034
1385,6.925,1.9467571853689083,1.1196117101814562,-0.4356270959902524
1386,6.93,2.230362509225958,1.5072328533468302,0.14698097143684485
1387,6.9350000000000005,2.4429712622595607,1.849887075641655,0.7078620664114652
1388,6.94,2.577380640708503,2.135434236732386,1.1971706412263265
1389,6.945,2.6275989236427533,2.361009714067164,1.5797478147421629
1390,6.95,2.588131146931806,2.5287423626256755,1.8364447962203614
1391,6.955,2.4534165518711166,2.641709138276126,1.9629149579804555
1392,6.96,2.217386416899902,2.7011215385690903,1.9657289280705816
1393,6.965,1.873133086518778,2.7050784052092176,1.8569049714473027
1394,6.97,1.4127331773613725,2.6486633245546884,1.6498398371933285
1395,6.9750000000000005,0.8273816785215081,2.5247704805550404,1.3576465244727731
1396,6.98,0.1082530974233508,2.3249982857525366,0.9924824566508605
1397,6.985,-0.7508891951321616,2.0402309547890707,0.56477350740749
1398,6.99,-1.7469400564590385,1.6608832342098392,0.08228359654084993
1399,6.995,-2.8514374360872714,1.1770374530722836,-0.4504464782628119
1400,7.0,-3.977302368082846,0.5789048111491919,-1.031830244702575
1401,7.005,-4.93068972235628,-0.14158543015916258,-1.6619228630408944
1402,7.01,-5.413131234017783,-0.9863378576240471,-2.3389838429762255
1403,7.015000000000001,-5.20402348621597,-1.939888115086168,-3.050589317740786
1404,7.0200000000000005,-4.39099633789127,-2.943444301692912,-3.7528149520929723
1405,7.025,-3.2707299495537976,-3.843549683482342,-4.32896105409244
1406,7.03,-2.0962460415875155,-4.3312195347574605,-4.539621588751999
1407,7.035,-1.0003766721120764,-4.01149294033258,-4.076245926719938
1408,7.04,-0.0346719204225043,-2.803909747033691,-2.881826516630933
1409,7.045,0.7878226030985866,-1.2160739300942724,-1.3703849424164973
1410,7.05,1.469270957253386,0.16999678114681327,-0.010716001856213353
1411,7.055,2.0166764716290624,1.141138877433094,1.0302442283177178
1412,7.0600000000000005,2.437649675050759,1.7277658032175824,1.7760206506546559
1413,7.065,2.7388023683682188,2.032789042500829,2.2890869979473387
1414,7.07,2.925215932002689,2.1687759083312796,2.6201131507071973
1415,7.075,3.0003323774839474,2.2357682640793004,2.8023338410251357
1416,7.08,2.966004978520544,2.3086456735447305,2.856215978842281
1417,7.085,2.8226167165818787,2.4191378190347317,2.7944334551545507
1418,7.09,2.569263844783495,2.5460755941653868,2.625717233142272
1419,7.095,2.2040744917360016,2.64295075631457,2.3576926590580816
1420,7.1000000000000005,1.7248351830819009,2.6725417253791175,1.9988635620470623
1421,7.105,1.1302891868036622,2.6147170484012876,1.5599078966400661
1422,7.11,0.422840796564694,2.46005524218294,1.0544156882707378
1423,7.115,-0.3859380094834108,2.203885659977541,0.49981949281952875
1424,7.12,-1.2647335878503785,1.843451615710181,-0.0811970492569758
1425,7.125,-2.144868798613307,1.3773979950872675,-0.6611458801306709
1426,7.13,-2.90062384468197,0.8071763348768863,-1.2118827428443861
1427,7.135,-3.355067643346933,0.14099261266501895,-1.7091588891383074
1428,7.140000000000001,-3.355744023916593,-0.5978506561600403,-2.1324514537700097
1429,7.1450000000000005,-2.888594484233323,-1.3552334309631524,-2.4567475636269283
1430,7.15,-2.0894447436638277,-2.0218828319223077,-2.6326340576650527
1431,7.155,-1.1360674947004092,-2.414107997715856,-2.561889036351743
1432,7.16,-0.1610517181165141,-2.313642221926261,-2.114664459478379
1433,7.165,0.7621130607431346,-1.6279483001163921,-1.248440290524556
1434,7.17,1.600735560507668,-0.5438915964133235,-0.12909886521117198
1435,7.175,2.344401060960821,0.5948726899160182,0.9694558252680898
1436,7.18,2.9934919486139173,1.5477033304408185,1.8717686843120949
1437,7.1850000000000005,3.553172256787467,2.2450611621828727,2.540400330330202
1438,7.19,4.030471912685491,2.718059918260073,3.003868381145969
1439,7.195,4.432947183491056,3.03574884725969,3.304533137145693
1440,7.2,4.768103764996742,3.2727561932945117,3.4802868378991683
1441,7.205,5.043174336124111,3.4918185901967655,3.560692122086219
1442,7.21,5.265049077989237,3.7309197720736247,3.5670642134473685
1443,7.215,5.440259328077167,3.9961475992341104,3.513815882260564
1444,7.22,5.574964724406547,4.270113194798199,3.4118735440244885
1445,7.225,5.674920158510864,4.530858947064148,3.2726587084369845
1446,7.23,5.74541394707191,4.763741796962207,3.110253128346181
1447,7.235,5.791179099481307,4.962628883155689,2.94260221594791
1448,7.24,5.816287874481692,5.1270003927978465,2.792702443257366
1449,7.245,5.824046310223576,5.2592252667624395,2.6865540657346587
1450,7.25,5.816909272401807,5.362858634667019,2.6468426169113517
1451,7.255,5.796436748927035,5.441692645728992,2.6885717651075915
1452,7.26,5.763308185771022,5.499230618407218,2.8179677198054893
1453,7.265000000000001,5.717404338263147,5.538388087382572,3.030371195063741
1454,7.27,5.657957312288923,5.561329075913294,3.309361694036882
1455,7.275,5.583761647250554,5.569402357643157,3.6295264398345317
1456,7.28,5.493434481863949,5.5631659117259655,3.95857957347228
1457,7.285,5.385711825826782,5.542492250664103,4.260975937557859
1458,7.29,5.259769932519443,5.506742799883693,4.505373340952679
1459,7.295,5.1155635321453605,5.454993348847882,4.670686337507996
1460,7.3,4.954173091872926,5.38628970011294,4.748791045173358
1461,7.305,4.7781476762112725,5.299915091912203,4.744299150321468
1462,7.31,4.591814818099701,5.195657868997196,4.670107162326084
1463,7.315,4.401501892797919,5.074076035449323,4.541475217350083
1464,7.32,4.215577077428424,4.936760415276023,4.373377071591726
1465,7.325,4.044184124193971,4.786595754864477,4.180528500461399
1466,7.33,3.898540913843665,4.628005374839182,3.977535102007381
1467,7.335,3.789735870171653,4.467137354969458,3.77844417240037
1468,7.34,3.727115123540212,4.311909458354146,3.5961523000979163
1469,7.345,3.716575485812073,4.17178490205028,3.4424589266562027
1470,7.35,3.759247123907681,4.057125964949889,3.3286102811630345
1471,7.355,3.851017239694446,3.9780112169493584,3.2652433873316586
1472,7.36,3.983067584972157,3.9425540745714,3.2614134291813848
1473,7.365,4.143216356919201,3.955030565018624,3.323127358289236
1474,7.37,4.31759959289453,4.014405606067606,3.4510892722300817
1475,7.375,4.492222115780696,4.1139188366171195,3.6378997192845057
1476,7.38,4.654091516839597,4.242075229247211,3.8674001268905003
1477,7.385,4.79187030399841,4.384778834293316,4.1177052748673715
1478,7.390000000000001,4.896132997254908,4.527833635642796,4.365654269288582
1479,7.395,4.959373755203599,4.658959896555792,4.590775185696786
1480,7.4,4.975905795902291,4.768829327286835,4.778345948264921
1481,7.405,4.941764760469968,4.851108302910374,4.91988116661191
1482,7.41,4.854699518264802,4.901834159107459,5.011043947074144
1483,7.415,4.714315741119501,4.918551329553137,5.049836942616394
1484,7.42,4.522429033927785,4.89956464011646,5.036074220457277
1485,7.425,4.2836763514205165,4.843521963348286,4.971228354912624
1486,7.43,4.006407308774664,4.749391154705008,4.8582988662782425
1487,7.435,3.703795257206443,4.616794018872452,4.701805120579995
1488,7.44,3.3949193327153617,4.446623893070976,4.50793523250389
1489,7.445,3.105233846623473,4.24189190435346,4.284844935053602
1490,7.45,2.865440377302786,4.008779604177981,4.04311560059634
1491,7.455,2.7076895931294325,3.7578653487744793,3.7963638958432537
1492,7.46,2.6589332654592983,3.5053718982933004,3.561898963560893
1493,7.465,2.7333387557755118,3.2739853393938474,3.361092927861219
1494,7.47,2.927528709221292,3.0923112976018112,3.2187484213473505
1495,7.475,3.221571529306337,2.9916003493063847,3.1603906287464723
1496,7.48,3.5850672498979623,2.998725429398738,3.2066682006010465
1497,7.485,3.9847390759995274,3.1265073472847185,3.3657133530301357
1498,7.49,4.390184992125486,3.3659571685093255,3.6270788855122076
1499,7.495,4.776646226686979,3.686362030280562,3.9619516642763597
1500,7.5,5.125406959587844,4.044810885930227,4.330865867179665
1501,7.505,5.422937744910038,4.399719306305882,4.6945272220241385
1502,7.51,5.659637437706144,4.720769614316755,5.021754821715532
1503,7.515000000000001,5.828624413931394,4.991901403566863,5.292072332333251
1504,7.52,5.92474037131142,5.208835178630051,5.4943778525362985
1505,7.525,5.943782441113473,5.374217500949935,5.624204594522602
1506,7.53,5.881922237547828,5.492765208194869,5.681205490589485
1507,7.535,5.735257775671322,5.567702092278708,5.66740794560452
1508,7.54,5.499448849068638,5.598999453313667,5.586187416999549
1509,7.545,5.169396104216554,5.583300290648108,5.441723815549409
1510,7.55,4.73893494824049,5.514876246756405,5.238708088367604
1511,7.555,4.2005294279096255,5.386789878719089,4.98211831304387
1512,7.56,3.544976631589696,5.191697877693214,4.676930987243604
1513,7.565,2.761190818344344,4.922145155558887,4.327663835797554
1514,7.57,1.8362846918309503,4.570462534539822,3.9376745331535075
1515,7.575,0.756550873924219,4.12844196825147,3.5081939713697667
1516,7.58,-0.4890442073581991,3.586928384241378,3.037176071074451
1517,7.585,-1.898678981739749,2.9354403903580906,2.5181878945781353
1518,7.59,-3.4310029510075783,2.161983481443951,1.9397156715311912
1519,7.595,-4.946398879318117,1.2534438447487255,1.2854524523382094
1520,7.6,-6.132413138845959,0.1975886122579329,0.5365496724913692
1521,7.605,-6.585348373402504,-1.010609947045836,-0.3219962257889115
1522,7.61,-6.201306480170214,-2.3513466769470117,-1.2853866344772218
1523,7.615,-5.314808834283832,-3.7351673008244486,-2.290917305260816
1524,7.62,-4.3130691290800165,-4.909943497887902,-3.140865098532039
1525,7.625,-3.409534253707624,-5.375862405038765,-3.431853126930008
1526,7.63,-2.685117908967797,-4.664131206269698,-2.7790446512337477
1527,7.635,-2.1616062160749614,-3.0932909134618107,-1.4288547459676177
1528,7.640000000000001,-1.8406149149336968,-1.5760322631735528,-0.10500171335833919
1529,7.645,-1.7195335865489123,-0.5907858351186741,0.8221025622440328
1530,7.65,-1.797422986388114,-0.14359976892346094,1.3604495337709306
1531,7.655,-2.0767777550937456,-0.11070688778431759,1.6020638168067558
1532,7.66,-2.562916143463328,-0.3561801683576471,1.6177241176633115
1533,7.665,-3.260023295045229,-0.7594340774037986,1.447196943112242
1534,7.67,-4.159047417497891,-1.2253069731307367,1.108305756091024
1535,7.675,-5.204959893303895,-1.6980416579657769,0.60544532456304
1536,7.68,-6.223171636156485,-2.189757512067259,-0.06421915290424618
1537,7.685,-6.833146387937439,-2.768282944458787,-0.9049881350278746
1538,7.69,-6.591873205449771,-3.492785479422066,-1.914184269409187
1539,7.695,-5.480008715999681,-4.367304813448902,-3.063476289969036
1540,7.7,-3.9252346394933992,-5.293443703277164,-4.252870575582477
1541,7.705,-2.314767495763851,-5.96346385858768,-5.21430159710906
1542,7.71,-0.8278210278480849,-5.774396841806167,-5.434324215466264
1543,7.715,0.4822154763051375,-4.2601256142698,-4.498726419337892
1544,7.72,1.6117544333058678,-1.9779333330451259,-2.8135466797184643
1545,7.725,2.57270799336108,0.05766284144771827,-1.1579203586978482
1546,7.73,3.37985494754925,1.4822396027779337,0.20240634233626587
1547,7.735,4.046683902683042,2.370437107178297,1.3297688517412922
1548,7.74,4.584270152855162,2.877668824702487,2.299267114608616
1549,7.745,5.001168646096662,3.157138627623685,3.1286959981361115
1550,7.75,5.3035954134218,3.341718571393929,3.797574659506312
1551,7.755,5.495638673391385,3.537682719356518,4.277362108824087
1552,7.76,5.579408857150692,3.807164033811868,4.546690138096342
1553,7.765000000000001,5.5550937646120975,4.134434752096688,4.5991702123037665
1554,7.77,5.420899176623043,4.451186077830054,4.450938505651252
1555,7.775,5.172850343444473,4.702335714660631,4.134724034866464
1556,7.78,4.804412381602706,4.8624970537092596,3.6835790080691444
1557,7.785,4.305855768463803,4.922658816900961,3.1276481682183648
1558,7.79,3.663237639262123,4.879342204251901,2.498755101307866
1559,7.795,2.8567707107362845,4.7296420503075165,1.8336970123092393
1560,7.8,1.8581709643817943,4.469123859278158,1.174280052194641
1561,7.805000000000001,0.626245904207313,4.0906843107894675,0.5589327635658501
1562,7.81,-0.9005536862170666,3.58352332781464,0.01075532767075238
1563,7.815,-2.8162261861954034,2.931768507124907,-0.46984805903296145
1564,7.82,-5.260520329661597,2.112328679395383,-0.9122324818869076
1565,7.825,-8.370573888451045,1.0913566967476664,-1.3827056466946752
1566,7.83,-11.609207420590533,-0.18175094434165917,-1.981884584407485
1567,7.835,-11.774205563941631,-1.7846156343625639,-2.8325770190584096
1568,7.84,-8.81955250421096,-3.8381901261042373,-4.0818899278273975
1569,7.845,-5.974803820191646,-6.519433097985788,-5.914070814654291
1570,7.85,-3.801484471195649,-9.937438344836714,-8.443832363669726
1571,7.855,-2.166384219338513,-12.728832613277516,-10.56702921076971
1572,7.86,-0.931660978513858,-8.582429712218826,-7.1460825859774815
1573,7.865,-0.0056089608904124,-1.5275853244455684,-1.3969362672062449
1574,7.87,0.6704189135724457,1.2337251111093481,0.8879426001182944
1575,7.875,1.134033711716278,2.3209297990525526,1.8758934676788095
1576,7.88,1.409136150160587,2.5401525493740027,2.3466500920334816
1577,7.885,1.5101330654470166,2.210015461509725,2.5751106928726917
1578,7.890000000000001,1.4443145102463544,1.6370948215105217,2.653492954864443
1579,7.895,1.2131220032307153,1.023813483827475,2.609366455284627
1580,7.9,0.812723486785941,0.5375274757077486,2.447963609996748
1581,7.905,0.2341924965927306,0.4706229762495697,2.1647842113739206
1582,7.91,-0.5363009713816262,0.6845260493412146,1.7510750335115266
1583,7.915,-1.5162767938849162,0.7568565476656559,1.2025682248275125
1584,7.92,-2.7216687279496554,0.6147151563635234,0.5195831440759235
1585,7.925,-4.148187144450483,0.2672297833701345,-0.29828769475341677
1586,7.930000000000001,-5.7136854655993865,-0.28091550487702044,-1.2563839017802074
1587,7.935,-7.12157262171633,-1.0350992671353438,-2.37000659179981
1588,7.94,-7.763690199851948,-2.0063630560272045,-3.6456019585064467
1589,7.945,-7.2165051951354755,-3.1997337303764155,-5.036794824432876
1590,7.95,-5.868758245943617,-4.579352664423489,-6.424291988897345
1591,7.955,-4.3391651097446,-5.966437298513368,-7.590380240983194
1592,7.96,-2.940797947066913,-6.8163830706212405,-8.044890202093619
1593,7.965,-1.7631649345774931,-6.186419999562338,-7.012884586662235
1594,7.97,-0.812891758658141,-3.9526000379178736,-4.449493548216266
1595,7.975,-0.0745371588428157,-1.5559260172667502,-1.6705809903934847
1596,7.98,0.4696513313051862,0.06831967803043337,0.42928093761126185
1597,7.985,0.8342401509643433,0.9515457218284693,1.8343533557256921
1598,7.99,1.0295806857258238,1.302700522087163,2.678725705163007
1599,7.995,1.0621382294755293,1.3134056976331876,3.0259120986178187
1600,8.0,0.9353380288148831,1.1477219579140168,3.017317692323507
1601,8.005,0.650968642619849,0.938648962360412,2.8154898424761083
1602,8.01,0.2118001018512181,0.7879354765295865,2.4368036992755795
1603,8.015,-0.373037778240722,0.7222428866817951,1.8910990901523306
1604,8.02,-1.0768947230791366,0.6623118289583978,1.201450827693685
1605,8.025,-1.8343058451880316,0.5154681861720682,0.38888438141463677
1606,8.03,-2.510105153313394,0.23723079468706665,-0.5134222119655316
1607,8.035,-2.8883416666959016,-0.18114580709358474,-1.4874560079457737
1608,8.040000000000001,-2.75582805491114,-0.7241932847136328,-2.522385342554192
1609,8.045,-2.073018995736314,-1.343315482146358,-3.5631274428591606
1610,8.05,-1.0121741965940736,-1.9278424531809994,-4.480458992211563
1611,8.055,0.1991012899174952,-2.2667857499668296,-5.066044828571716
1612,8.06,1.4013823640203822,-2.0665184299875134,-5.041281059641737
1613,8.065,2.5139121956607333,-1.1506573455099849,-4.178577545392198
1614,8.07,3.504588394639665,0.27062910503291615,-2.607959817283282
1615,8.075,4.365022615910159,1.736407446215705,-0.7779138339988751
1616,8.08,5.096823424979049,2.9353053408545446,0.9647679257186565
1617,8.085,5.705062884391715,3.7960478487834823,2.474127328625185
1618,8.09,6.1953630294685,4.368899866182501,3.6509715409531998
1619,8.095,6.572656454132248,4.741575314154407,4.479818998893238
1620,8.1,6.840688097401056,5.003591807058082,5.028084653197631
1621,8.105,7.001829418883255,5.229081259795529,5.327208325347134
1622,8.11,7.057010937430718,5.462657648830467,5.415736797182324
1623,8.115,7.005688080948333,5.7079178082732565,5.3399866930992115
1624,8.120000000000001,6.845809885132562,5.936419040509042,5.12824984577261
1625,8.125,6.573796911643756,6.114090211350801,4.804244627337191
1626,8.13,6.184579396700166,6.217189830275293,4.3926860937700765
1627,8.135,5.671831612653219,6.232465423360997,3.9194290385336075
1628,8.14,5.028727337524195,6.152490841393298,3.408518215321945
1629,8.145,4.249974459713815,5.972040099905138,2.880133987027383
1630,8.15,3.3368581017370325,5.686137703312197,2.354445117116178
1631,8.155,2.30898150966146,5.289253939211401,1.8530383354756759
1632,8.16,1.2289984972685228,4.7753631389449955,1.392379489213675
1633,8.165000000000001,0.2430273537356546,4.139119986398258,0.9789900569821106
1634,8.17,-0.3968967997642465,3.3792471036713034,0.6119807352101301
1635,8.175,-0.4345776035356549,2.506843421644108,0.28260165639516277
1636,8.18,0.1632092241126157,1.5643442580796134,-0.021354265377274473
1637,8.185,1.1703627162838257,0.6639560455750102,-0.2712374087781866
1638,8.19,2.319010550861196,0.04301048817102249,-0.32942641365595104
1639,8.195,3.4398906371644946,0.058788469196644044,0.05384742858287339
1640,8.2,4.456280030783649,0.9336370305226267,1.0422141231727822
1641,8.205,5.342255495373615,2.3850554459880047,2.4244679595879144
1642,8.21,6.0942962871542665,3.8365834839240183,3.767769729498164
1643,8.215,6.717322144833996,4.9505322529455,4.827560052098921
1644,8.22,7.218607104658189,5.6823946034451716,5.58552891370794
1645,8.225,7.605302125213964,6.108195493482289,6.102114871715802
1646,8.23,7.883509518221476,6.332844364415642,6.438258093510669
1647,8.235,8.058000578349535,6.4573168066366184,6.637204187201421
1648,8.24,8.132186873344597,6.563596035952233,6.725452844050064
1649,8.245000000000001,8.108182388601813,6.699726775289805,6.717857660984755
1650,8.25,7.986894311990583,6.865050336027577,6.623325584363145
1651,8.255,7.768129298179538,7.022634819328658,6.449241942414438
1652,8.26,7.450734293928928,7.133409095918134,6.204208207103784
1653,8.265,7.032826703029964,7.173279303855317,5.899937634288321
1654,8.27,6.512227048246998,7.130775773536403,5.551346926709557
1655,8.275,5.887316456754328,7.000884879123333,5.174015429271162
1656,8.28,5.158747297894092,6.781104021428488,4.782882656777185
1657,8.285,4.332799777568848,6.4696361398943125,4.393970787823785
1658,8.290000000000001,3.427702666894088,6.064844213064687,4.023757455033968
1659,8.295,2.484492420411057,5.565536036307341,3.6848193893928176
1660,8.3,1.5819406868297448,4.972125433236565,3.382337548412602
1661,8.305,0.8457375033180287,4.289180377636666,3.111168679128271
1662,8.31,0.4248725762740439,3.5304604303736875,2.8548596887332973
1663,8.315,0.4160213180124122,2.728234574791359,2.5958559939651513
1664,8.32,0.7920280641395947,1.9485303813199484,2.3401819071153565
1665,8.325,1.4241344750922598,1.3091232288250185,2.144752264787753
1666,8.33,2.1678072451971886,0.9792600241801215,2.1233663027240524
1667,8.335,2.9179351032665286,1.1145475872721415,2.3969898025550864
1668,8.34,3.614748632217468,1.720221309261711,2.9837751368131196
1669,8.345,4.230059368085728,2.591386185272612,3.7428447689868465
1670,8.35,4.753686400746944,3.456862836683488,4.478630318026456
1671,8.355,5.184731052684727,4.148100019021906,5.07176453419861
1672,8.36,5.526787122601116,4.622298523372543,5.49499769582334
1673,8.365,5.785514774518913,4.909718707121472,5.767399171699117
1674,8.370000000000001,5.9674879030620165,5.069003019433167,5.918447886566818
1675,8.375,6.079693126629423,5.161675414141001,5.97271074118915
1676,8.38,6.129345989162548,5.236815781870886,5.947129295104055
1677,8.385,6.123843202063347,5.320518991210722,5.853902426188191
1678,8.39,6.070746371276533,5.413350254693018,5.7037644661261515
1679,8.395,5.977730351596512,5.5003051101736995,5.508213799913396
1680,8.4,5.852450610824032,5.565183378542887,5.281575674258869
1681,8.405,5.702302622337915,5.598204806662542,5.0411809605683375
1682,8.41,5.534070729724611,5.596433284899748,4.803681973096719
1683,8.415000000000001,5.353496941961127,5.561616618854892,4.582402939480587
1684,8.42,5.1648373704619335,5.498094308996949,4.3896357060747
1685,8.425,4.970504099684375,5.4113121709890875,4.238574222787967
1686,8.43,4.770899417382156,5.3067812693730465,4.142045340590087
1687,8.435,4.564530381665358,5.189283601519916,4.110888027367304
1688,8.44,4.348451957107434,5.06224309957089,4.149735900616654
1689,8.445,4.119047295705048,4.927285592318688,4.2501127926063935
1690,8.45,3.873137189396862,4.7840665209727815,4.388540422328706
1691,8.455,3.609426373438562,4.63044269813165,4.531736793130552
1692,8.46,3.3303236342122755,4.463015566862389,4.644764987856814
1693,8.465,3.044156531176479,4.278010635340334,4.698303531507943
1694,8.47,2.7676237372752004,4.072422909906075,4.673514926275841
1695,8.475,2.5278189095411467,3.845378294817458,4.564761502968306
1696,8.48,2.362239629403809,3.5997269977661213,4.379645482014503
1697,8.485,2.3143543662222363,3.343941941828467,4.13620002056693
1698,8.49,2.4231674711082194,3.094333040658235,3.8603108377692523
1699,8.495000000000001,2.70944399102041,2.877224947810854,3.58569334125356
1700,8.5,3.1664151639296314,2.7298615421728236,3.354399460883484
1701,8.505,3.761821454878675,2.6974481858878416,3.214183280469289
1702,8.51,4.4496306601970845,2.8231177585551483,3.2097986982974236
1703,8.515,5.18320292966569,3.1306549374615527,3.368535470076441
1704,8.52,5.923566381664235,3.6080398589032163,3.6869674365590708
1705,8.525,6.641983022229887,4.205810365079578,4.129897838107952
1706,8.53,7.319019480178467,4.855399714948771,4.644996338652029
1707,8.535,7.942369421750794,5.494736776206564,5.182801321878931
1708,8.540000000000001,8.504679628789935,6.08424916881672,5.708637635062267
1709,8.545,9.001825854518273,6.608659672059508,6.202659127352522
1710,8.55,9.431682634613203,7.07025286634374,6.653548217042942
1711,8.555,9.793293149891689,7.480025268820066,7.053025524581814
1712,8.56,10.086326120152036,7.8500990089861205,7.393881054948696
1713,8.565,10.31072689060412,8.188705550865869,7.67028071480418
1714,8.57,10.46649634811036,8.498215204082928,7.879100453960342
1715,8.575000000000001,10.553553673139607,8.775925222950633,8.021235374319506
1716,8.58,10.57165563331726,9.016350391284016,8.101376038319067
1717,8.585,10.520357397269937,9.213459418500946,8.126646223766473
1718,8.59,10.399009557234429,9.361993136777915,8.105692418293803
1719,8.595,10.206795123863497,9.457872422354667,8.048292915911036
1720,8.6,9.942820757534134,9.498084174219647,7.964750539690814
1721,8.605,9.606290926200154,9.480391732007323,7.864816250241475
1722,8.61,9.196815313598126,9.403057697234178,7.756252156755078
1723,8.615,8.714932746642411,9.264651934762824,7.643312033480304
1724,8.620000000000001,8.162982715641343,9.063966521176559,7.525561050249767
1725,8.625,7.5465152102595665,8.800050592590358,7.397491125804342
1726,8.63,6.87647281726178,8.47239267185036,7.249267378779461
1727,8.635,6.172305948662823,8.081308555563226,7.068662476848736
1728,8.64,5.465740325008705,7.628639083703595,6.8438851346126075
1729,8.645,4.803679506330288,7.118924766514615,6.566812415881952
1730,8.65,4.246569142315427,6.561291441594321,6.236244092532831
1731,8.655,3.8572765003795735,5.972294640489146,5.861054285892229
1732,8.66,3.679969776632861,5.379748541166814,5.463204838832166
1733,8.665000000000001,3.7199841497487047,4.826687654565527,5.080159603645921
1734,8.67,3.9410883255175335,4.372477752908962,4.764737851250011
1735,8.675,4.282702367485102,4.085000634451119,4.577882557376922
1736,8.68,4.682319577419665,4.0179184878993155,4.569574297431379
1737,8.685,5.0894640526715484,4.178525604086778,4.752182244638743
1738,8.69,5.469310104964185,4.5113838296145055,5.086456892597458
1739,8.695,5.800566235146112,4.92013522464761,5.498205144288853
1740,8.700000000000001,6.071841729335327,5.312167842356732,5.913248742588742
1741,8.705,6.278484729252655,5.629528641608478,6.28119146316307
1742,8.71,6.420392029206061,5.85284463848912,6.57782815142041
1743,8.715,6.50069264809901,5.989938773116387,6.796497554794367
1744,8.72,6.525065231815223,6.061932621946109,6.939131290160789
1745,8.725,6.5014590577780575,6.092046892409471,7.010697801920696
1746,8.73,6.440017236245943,6.09819863001667,7.016753489983586
1747,8.735,6.353008028247469,6.089867936046788,6.963023058878738
1748,8.74,6.254558353360995,6.069363193621304,6.856125007236609
1749,8.745000000000001,6.15998243900429,6.035918978416956,6.704770943673484
1750,8.75,6.084559670882083,5.989822152431734,6.520916482308776
1751,8.755,6.041788319931677,5.934743062281547,6.320454310265379
1752,8.76,6.0414164610425525,5.8781725343245,6.12313674540072
1753,8.765,6.087804666573616,5.830570437778053,5.951507612624274
1754,8.77,6.179207244013892,5.803680719981669,5.828685972282926
1755,8.775,6.3082645543137525,5.808260668509316,5.775011976721407
1756,8.78,6.463520017418479,5.85156369971713,5.804025613016897
1757,8.785,6.631416123436843,5.935213104479572,5.9188281478318645
1758,8.790000000000001,6.798181376283996,6.054277271418061,6.110147382437807
1759,8.795,6.951238576551287,6.198077323254127,6.357117972870659
1760,8.8,7.080047185263503,6.352534895650655,6.63088101711533
1761,8.805,7.176487748338984,6.503156251738476,6.899944153725322
1762,8.81,7.234969652722123,6.637561402746377,7.1355527670243735
1763,8.815,7.252432855429576,6.746871618322578,7.315618431623803
1764,8.82,7.228368318470451,6.825890842750216,7.42662235210029
1765,8.825000000000001,7.16492946640512,6.872462626349249,7.463575004199896
1766,8.83,7.067154479461059,6.886526315818905,7.428522912766724
1767,8.835,6.943258677442955,6.869315254451416,7.328499607557367
1768,8.84,6.804875264685278,6.822959038437739,7.173830124505821
1769,8.845,6.667018478841907,6.750558609627687,6.977125200029219
1770,8.85,6.547445321122762,6.656648422329599,6.752784827256568
1771,8.855,6.465087423195582,6.547865306574678,6.51676003745717
1772,8.86,6.437444490815741,6.433593342675415,6.286438985514406
1773,8.865,6.477336655963999,6.326306523318112,6.080523360917971
1774,8.870000000000001,6.590004614384597,6.241262167898214,5.918583494576813
1775,8.875,6.771741217659333,6.195157353248375,5.81982516894414
1776,8.88,7.010682713868276,6.20349923142575,5.800726424520949
1777,8.885,7.289366457374157,6.276939952473562,5.871681610828869
1778,8.89,7.587933774564265,6.417655867398301,6.033537313439037
1779,8.895,7.886876878250717,6.617483513956933,6.275598306000001
1780,8.9,8.168770562728199,6.859148547517668,6.576565945883733
1781,8.905,8.418988220126046,7.120375594472687,6.908484418878559
1782,8.91,8.625693614649629,7.379042160075175,7.242081147166765
1783,8.915000000000001,8.77943856563571,7.6171920218131115,7.551411350174316
1784,8.92,8.872612572504437,7.822741396610786,7.816541324595358
1785,8.925,8.898887384998726,7.9890277277612585,8.024123956253277
1786,8.93,8.852722599144002,8.11308317687275,8.166522183234592
1787,8.935,8.728954608360686,8.193583908772395,8.240404941843416
1788,8.94,8.522474203771884,8.229155333768327,8.245448831461418
1789,8.945,8.22800150037194,8.217361661763828,8.183333740320268
1790,8.950000000000001,7.839990483839547,8.15438857420063,8.056994508283665
1791,8.955,7.352749340462563,8.035207015989055,7.870049649691751
1792,8.96,6.760974040898994,7.853935843786662,7.626334347037156
1793,8.965,6.061119119384132,7.604192334770391,7.329479541200449
1794,8.97,5.254475590865844,7.279359373720029,6.982507856747936
1795,8.975,4.353612633359432,6.87283690221974,6.587471834957524
1796,8.98,3.394772905372413,6.378473422619682,6.14526214148772
1797,8.985,2.457867805516827,5.791547188073539,5.655899178336865
1798,8.99,1.6854903380104562,5.110998080695745,5.119950912643934
1799,8.995000000000001,1.264559261503493,4.344266326010566,4.542293939857713
1800,9.0,1.328347096842479,3.517203840994238,3.940337044510156
1801,9.005,1.8467688537292684,2.6924992592365657,3.3595757706891827
1802,9.01,2.653337047068886,1.9967182164547137,2.8965700862350974
1803,9.015,3.568481765385316,1.6348445248209833,2.7121543351903674
1804,9.02,4.470566382941959,1.8236520067788162,2.978984480674094
1805,9.025,5.2959035254726015,2.5985951436482546,3.726128678551884
1806,9.03,6.017052627007176,3.6982009295924305,4.745235521049645
1807,9.035,6.625177858160509,4.766640160292135,5.7530781355937615
1808,9.04,7.119894983860213,5.6003575536176395,6.588230184105048
1809,9.045,7.504137131219735,6.1622623084172305,7.2169263976128395
1810,9.05,7.781716329181046,6.498637517281859,7.659896943600934
1811,9.055,7.956222599345468,6.682852092389643,7.9470334679466
1812,9.06,8.030569387560163,6.787793890903444,8.102616961070282
1813,9.065,8.006855396533265,6.8701326716973545,8.143587974295075
1814,9.07,7.886397911660138,6.95781860290821,8.081471068412133
1815,9.075,7.669892721116401,7.045560573251315,7.924800281774154
1816,9.08,7.357722606482955,7.107832509845577,7.681223382261039
1817,9.085,6.950501443395488,7.118482181773916,7.359103937225912
1818,9.09,6.450027760965296,7.059958521022626,6.9686382354616185
1819,9.095,5.860949204016942,6.922754370721565,6.522605733289808
1820,9.1,5.193605367261604,6.702370882381144,6.037037010452424
1821,9.105,4.468623455790868,6.397218739842417,5.531732535093789
1822,9.11,3.723489004533376,6.007942430215481,5.02954844276158
1823,9.115,3.0194605285687897,5.538039056534239,4.553626178976672
1824,9.12,2.442516558465589,4.995859453707751,4.123893505321352
1825,9.125,2.086849446615973,4.3984121210307965,3.7553276842279546
1826,9.13,2.016467043259597,3.77749145076272,3.4598835615905217
1827,9.135,2.2285130288923742,3.1877758028237153,3.2535318634743238
1828,9.14,2.6550855509871027,2.712952878907241,3.1668421757963223
1829,9.145,3.2015346239167264,2.4581135484069963,3.2481261414141427
1830,9.15,3.783613394447584,2.5114848254014746,3.540557853464536
1831,9.155,4.342285922452965,2.8809205011010626,4.034972642452212
1832,9.16,4.8419983933798125,3.4633190219339274,4.646330529686282
1833,9.165,5.263711575364364,4.098348062655225,5.254640062135361
1834,9.17,5.598555787333811,4.655578568982057,5.767786130036069
1835,9.175,5.843520161482813,5.073460443234608,6.144722264138899
1836,9.18,5.998908956409435,5.347478415257758,6.382086849562858
1837,9.185,6.067014738780442,5.5043678130464375,6.494095765119578
1838,9.19,6.051586562875373,5.581208165456622,6.499313219506
1839,9.195,5.957843852161091,5.611302444313978,6.414414307885502
1840,9.2,5.79291278043558,5.615367495859774,6.252355410464181
1841,9.205,5.566627990066379,5.598669916650006,6.023407464482325
1842,9.21,5.292636980765137,5.555148824740929,5.737481950696456
1843,9.215,4.989634718954965,5.475385149224305,5.4062061929046274
1844,9.22,4.682296732093129,5.353037000703601,5.044504375502191
1845,9.225,4.401080915461058,5.18775340480195,4.671721905467709
1846,9.23,4.1797614466790565,4.985945536321205,4.311230593322861
1847,9.235,4.049933330144442,4.76103889642105,3.9885352847629187
1848,9.24,4.033374078780429,4.533707734011707,3.73020308105577
1849,9.245,4.135460960134826,4.331542279273276,3.563721610137466
1850,9.25,4.343453035359989,4.186849896511749,3.5154538503652657
1851,9.255,4.630754391521322,4.131124315726417,3.605729482053981
1852,9.26,4.964477064266563,4.185995498316885,3.8416790677417736
1853,9.265,5.312384890372651,4.35367254286228,4.209144750869505
1854,9.27,5.647010035322281,4.6128785423287,4.669649549804597
1855,9.275,5.946952452522173,4.924594336804174,5.1679972316768295
1856,9.28,6.196419590193932,5.245045011501902,5.646884736121633
1857,9.285,6.384038749067851,5.538179288026087,6.059914209737517
1858,9.29,6.501570472806768,5.781831546765074,6.377898112991132
1859,9.295,6.542795172330484,5.967242740065574,6.588390086560628
1860,9.3,6.502640624544335,6.094808581034336,6.691043946667971
1861,9.305,6.376531359813294,6.1689312525819044,6.692208047318273
1862,9.31,6.159920811571713,6.193732205654245,6.601109187933239
1863,9.315,5.847981249168221,6.170451874613313,6.4278396800110755
1864,9.32,5.435464671032582,6.096689202869602,6.182314218422356
1865,9.325,4.916819689392106,5.967034342959674,5.873624260158476
1866,9.33,4.2867897186595325,5.774281936535132,5.509701747646355
1867,9.335,3.542003226878252,5.510513439290238,5.097358726520688
1868,9.34,2.6846404012283265,5.167762809578097,4.642545934583647
1869,9.345,1.7302938629760514,4.7383826432218,4.150506562685544
1870,9.35,0.7233461922992421,4.215464162415437,3.625713905294708
1871,9.355,-0.2384936300369268,3.5938527439119445,3.071806705761226
1872,9.36,-0.9843625390423596,2.872669767096517,2.4921845013829933
1873,9.365,-1.3064142325331185,2.061068938779402,1.893132938867907
1874,9.37,-1.091376808670779,1.1904154569051486,1.2931331377066546
1875,9.375,-0.4234410537831662,0.3373107433180973,0.7426142560269344
1876,9.38,0.4946258497388371,-0.34343388888044224,0.3531564086059671
1877,9.385,1.4819395486213445,-0.6085902135083101,0.3090156042141796
1878,9.39,2.430619152482004,-0.23352661192664037,0.7835566818371911
1879,9.395,3.2903751446516583,0.743785364064955,1.7431999991207245
1880,9.4,4.04304664255105,1.9653387604043195,2.900239726095391
1881,9.405,4.685724574872841,3.0622168994911054,3.960948637620338
1882,9.41,5.221929267786373,3.875824784726297,4.800620794921953
1883,9.415,5.657430927804219,4.4083208250007235,5.416136971168124
1884,9.42,5.998385608925108,4.727555088688607,5.842794046715037
1885,9.425,6.250565116089986,4.91740711341173,6.11628653210596
1886,9.43,6.4190925410442725,5.054825089399029,6.263525599117329
1887,9.435,6.508410041291639,5.195413749109429,6.303285118105857
1888,9.44,6.522356006961305,5.360743180647216,6.248927573426008
1889,9.445,6.464301234737962,5.537471376776815,6.11109630670755
1890,9.45,6.337330588689074,5.696636873135298,5.899923082544417
1891,9.455,6.144478110995858,5.8140321510331185,5.626672470754494
1892,9.46,5.889039331691375,5.876195588256258,5.3048413114818125
1893,9.465,5.574998956995607,5.8777247720224315,4.950840076255713
1894,9.47,5.207625631444116,5.817679198935396,4.584574466475871
1895,9.475,4.794293075256545,5.69736796901553,4.229586582405606
1896,9.48,4.345573242555114,5.519358481720041,3.9112186407405796
1897,9.485,3.876578233275618,5.287239403483001,3.6521087223576947
1898,9.49,3.408345153500518,5.005856832840868,3.4667658930350553
1899,9.495,2.968701077227125,4.6819117442868565,3.3573146042104423
1900,9.5,2.59155631538352,4.324893798818173,3.3116899924653964
1901,9.505,2.313322129393721,3.948329264558189,3.3062988851344945
1902,9.51,2.165929284368333,3.5712071498562263,3.3145052695420802
1903,9.515,2.168235386134466,3.2191474389318477,3.317791156651306
1904,9.52,2.320062951476189,2.9243396561093293,3.3132001904138346
1905,9.525,2.6026390282835576,2.7226887418032986,3.3145831776347374
1906,9.53,2.985137935982272,2.646718318152561,3.348143144642002
1907,9.535,3.433266440762668,2.714867489128395,3.440894038264343
1908,9.54,3.915859351672301,2.9219314134752685,3.605261582593355
1909,9.545,4.4080493492711845,3.2378125664696755,3.832059203744287
1910,9.55,4.891718494863269,3.6174603021336678,4.09707540918022
1911,9.555,5.35454253059781,4.0162838926455695,4.37333435204255
1912,9.56,5.788620634097663,4.401930704503824,4.639862331437121
1913,9.565,6.189199757469522,4.758056243262573,4.8838803194681955
1914,9.57,6.5536689258451775,5.081693931989272,5.09903619391859
1915,9.575,6.880834315760861,5.377858351094148,5.283427240811964
1916,9.58,7.1704265715484965,5.654131777620583,5.438411738146704
1917,9.585,7.422781982656579,5.916682161413389,5.567712019391908
1918,9.59,7.638647394737459,6.168296457734007,5.676985921699251
1919,9.595,7.819070853991262,6.408342844525371,5.773388843888805
1920,9.6,7.965350747308326,6.633963378795475,5.863444512357985
1921,9.605,8.079024252161883,6.841551042874625,5.950201523794982
1922,9.61,8.16188131697474,7.02784668106111,6.033202502664687
1923,9.615,8.215993598372947,7.190480791388824,6.110896864126463
1924,9.62,8.243749245788944,7.328100349396913,6.182690633126709
1925,9.625,8.247884554671073,7.440287433998041,6.25061928034282
1926,9.63,8.231502721365798,7.527416874997173,6.319928261692194
1927,9.635,8.198068752873782,7.590525044542561,6.396447589666755
1928,9.64,8.151368762970838,7.631211785156241,6.4831697805984145
1929,9.645,8.095422444114629,7.651572250747184,6.579143671704038
1930,9.65,8.03434063121492,7.654145081931625,6.680053837196354
1931,9.655,7.972126569364971,7.641859951359505,6.7793866006953944
1932,9.66,7.912429946332296,7.617967169519581,6.869971177075507
1933,9.665,7.858275601405423,7.585933654239773,6.945592505851882
1934,9.67,7.811800847525726,7.549293625896286,7.0022409785094535
1935,9.675,7.774042045899003,7.511449917546858,7.038708077206353
1936,9.68,7.744808458342808,7.475433332036139,7.056455584795581
1937,9.685,7.722668280303443,7.443642043196611,7.0589019029444104
1938,9.69,7.705051115815563,7.417597306009661,7.050429418244011
1939,9.695,7.688449371636442,7.397760289311504,7.0354315917734835
1940,9.7,7.66868505108984,7.383452029236016,7.017592510275228
1941,9.705,7.641202516603411,7.372901683056227,6.9994506698683105
1942,9.71,7.601352068101992,7.36342062428491,6.982229775986916
1943,9.715,7.544640323182081,7.351670457722326,6.965901308371894
1944,9.72,7.466936787395786,7.3339727665548615,6.94942460719944
1945,9.725,7.364637852442644,7.306604755397915,6.931078478748939
1946,9.73,7.234797690704445,7.266038035665375,6.908781179382966
1947,9.735,7.075239675947241,7.2091010058419425,6.880313945942449
1948,9.74,6.884662494386895,7.133069318467051,6.843410194117203
1949,9.745,6.662752573994451,7.035706303412603,6.795738016011192
1950,9.75,6.41030898155713,6.915282665562383,6.7348733377923375
1951,9.755,6.129378005856545,6.770603115369308,6.658386618220419
1952,9.76,5.823381292073206,6.601060001389704,6.564105833397516
1953,9.765,5.49720293652075,6.406723970542999,6.450512282527274
1954,9.77,5.157178598799343,6.1884714084171755,6.317152421019813
1955,9.775,4.810909066749017,5.948138186616981,6.164939559336203
1956,9.78,4.466814376702592,5.688677596166396,5.996267568919853
1957,9.785,4.133371430638509,5.414285081513622,5.8149389230908195
1958,9.79,3.8180545756667255,5.130432475781346,5.625957397291864
1959,9.795,3.526120249004419,4.843732878192986,5.435208976229525
1960,9.8,3.2594998231625016,4.561544699910451,5.248994420300331
1961,9.805,3.016114238986817,4.29123995487659,5.0733530759477325
1962,9.81,2.7898432488240097,4.03913248651969,4.913161121975967
1963,9.815,2.571192901351675,3.8091973691006222,4.771094003674489
1964,9.82,2.3485118669865663,3.601879957248567,4.646677882578798
1965,9.825,2.109525483909091,3.4133993620981053,4.535743798928194
1966,9.83,1.84303075341649,3.2358862842028273,4.430552916213809
1967,9.835,1.5407877847606166,3.058432116441806,4.320659294789079
1968,9.84,1.1998780531186113,2.868791643354991,4.194317883328702
1969,9.845,0.8259866234368509,2.655288115714336,4.0400971625220645
1970,9.85,0.4380169370104264,2.4085468540105515,3.8484177013753706
1971,9.855,0.0736698724885437,2.122985561878331,3.612968904918805
1972,9.86,-0.2067849312728011,1.7983642512578735,3.3322357048473825
1973,9.865,-0.3254597188644774,1.4420066915587904,3.0115921290832066
1974,9.87,-0.2085338850520779,1.0724243840085754,2.6665019193480712
1975,9.875,0.1796265056259572,0.7247000323157433,2.3270710630914366
1976,9.88,0.8152968272543359,0.45629372909634114,2.0428505506322656
1977,9.885,1.6282874227141175,0.34762617935706874,1.8833206175350474
1978,9.89,2.535470961856233,0.48583929000420945,1.9246538579729515
1979,9.895,3.466785698245722,0.9232025667500983,2.215774664220149
1980,9.9,4.373725114170798,1.6302823145193117,2.7398575584685063
1981,9.905,5.226772309931214,2.49467960906517,3.412262478030754
1982,9.91,6.009688439981396,3.3798613695937862,4.126600674481093
1983,9.915,6.714459636175592,4.187470773672713,4.803122584321741
1984,9.92,7.337777459930784,4.876272535852292,5.4019516379556265
1985,9.925,7.878829007436395,5.448396623286213,5.9110716833006105
1986,9.93,8.337976300089915,5.928589816287593,6.331225582733013
1987,9.935,8.715983914266138,6.347540483092434,6.66671077322551
1988,9.94,9.01356807124624,6.730406478174943,6.92164561287586
1989,9.945,9.231127707545996,7.090198796823591,7.099292094120169
1990,9.95,9.368574348846757,7.426847870720977,7.202680695474676
1991,9.955,9.425211522555712,7.731597313037036,7.235594113148055
1992,9.96,9.399634393411915,7.993103121835523,7.2034534733913835
1993,9.965,9.289632343384904,8.201446560380361,7.113904955913428
1994,9.97,9.092085620248232,8.349304575969079,6.977029039525549
1995,9.975,8.802855713091882,8.431509948394895,6.805102496864346
1996,9.98,8.41668278147091,8.444178100210156,6.611722626004166
1997,9.985,7.927131622170282,8.383927063869773,6.410038966978157
1998,9.99,7.326690683114236,8.247302562938618,6.210123170528007
1999,9.995,6.607273208431733,8.030374732332652,6.016026653484042
2000,10.0,5.761702913269692,7.728456747474586,5.823382634071372
2001,10.005,4.787522169941728,7.335926837559423,5.61841426588518
2002,10.01,3.6960517874514136,6.846195073395464,5.379035774153362
2003,10.015,2.532197285350892,6.251968970681956,5.078204320665238
2004,10.02,1.410377576734124,5.546211856262044,4.688900420976588
2005,10.025,0.5499469181274595,4.724728431695462,4.190054819672733
2006,10.03,0.2246488763726792,3.79252177184154,3.5742093747191355
2007,10.035,0.5554394303845883,2.7785378580837916,2.860354497042527
2008,10.04,1.3811797065005773,1.7669001601194325,2.1184914773831047
2009,10.045,2.42528603746431,0.9490382760603366,1.5101025377862993
2010,10.05,3.484201062528127,0.6530180987930505,1.31048521849837
2011,10.055,4.456196585524015,1.1843249576836463,1.7793811422255268
2012,10.06,5.302393789233842,2.4338284332831357,2.8430510914380287
2013,10.065,6.013282316351257,3.858400548046383,4.07701724151415
2014,10.07,6.591011637787487,5.016861081419399,5.137838440575754
2015,10.075,7.0413955571308655,5.79050245037944,5.9374191158488285
2016,10.08,7.370547014924147,6.230109429924923,6.5098466389688205
2017,10.085,7.583531894500281,6.434916146296165,6.906546234768054
2018,10.09,7.683858770558679,6.507670231362452,7.165812811856161
2019,10.095,7.673285940120622,6.536234517150262,7.311145241700464
2020,10.1,7.551716571601206,6.579856578568532,7.3554437653874585
2021,10.105,7.3170755200249715,6.652366934735944,7.304748317608443
2022,10.11,6.965111686996927,6.7236546697195365,7.161008750487579
2023,10.115,6.489089986555857,6.750817856962628,6.924519541426592
2024,10.12,5.879350027376827,6.7026859105957435,6.596278094240333
2025,10.125,5.122739893016895,6.561677120615196,6.179987742156985
2026,10.13,4.20204219635123,6.3175151079432705,5.68351763961899
2027,10.135,3.095875580483809,5.962142200354262,5.12004561441415
2028,10.14,1.7807574213074062,5.486817969581147,4.507981268187066
2029,10.145,0.2409283828776822,4.880455579952449,3.8672628887613456
2030,10.15,-1.4964270554900037,4.128521883239958,3.2117369506468787
2031,10.155,-3.256398802432951,3.212383581051486,2.540974946466514
2032,10.16,-4.5295984619679714,2.109839752237523,1.834574283475448
2033,10.165,-4.628756953985383,0.7998192681030076,1.0524608040103822
2034,10.17,-3.588267852676079,-0.7187709805234981,0.15246289435123828
2035,10.175,-2.109231271281532,-2.3629177013708293,-0.847289295890647
2036,10.18,-0.6764513348276519,-3.782844181403286,-1.706493836920279
2037,10.185,0.5490511371611674,-4.09181165449683,-1.734102088331503
2038,10.19,1.5436680640235156,-2.4550628672103025,-0.259360974992747
2039,10.195,2.3229150634266342,0.1347678252154303,1.9320686760742096
2040,10.2,2.908990633878193,2.1182176008292455,3.611194272061267
2041,10.205,3.32194018167268,3.237942483205141,4.610184950909268
2042,10.21,3.5780746316918366,3.7188265844098805,5.145866058416988
2043,10.215,3.690543515945024,3.777600357975447,5.387941705965282
2044,10.22,3.6706359772563646,3.6010102748126,5.433529826704371
2045,10.225,3.529576911399908,3.342325616306267,5.334087363661535
2046,10.23,3.281037074297512,3.126477913810603,5.115424886670237
2047,10.235,2.944776288701412,3.0312919520888464,4.788956828455136
2048,10.24,2.5517589512692878,3.0201285360231456,4.360302121529549
2049,10.245,2.150223068291831,2.989978879200316,3.8362219079283744
2050,10.25,1.80960239847118,2.8817644139754854,3.2292432941014493
2051,10.255,1.6149209241351412,2.687714551189039,2.562360603559503
2052,10.26,1.643719157906315,2.428938536377477,1.873196179196595
2053,10.265,1.9313944818256328,2.1482305396237162,1.2159217453213031
2054,10.27,2.452018853037808,1.9119438263800261,0.6665116531363138
2055,10.275,3.134264176896931,1.808939896362109,0.32791410791608566
2056,10.28,3.896060672903994,1.9322573773920841,0.3117745756476671
2057,10.285,4.669736492139844,2.335111039086598,0.6898977850716257
2058,10.29,5.409366350651016,2.984580344394602,1.449060914952279
2059,10.295,6.087641969342887,3.765448948587455,2.4858196741955245
2060,10.3,6.690074465708876,4.543299164334304,3.6455346199804612
2061,10.305,7.210057495435973,5.225575618936342,4.773598149731575
2062,10.31,7.645511837099658,5.777110017925169,5.756072653319198
2063,10.315,7.99683883794131,6.204615953436938,6.530204346626772
2064,10.32,8.265761543937874,6.5357845538714745,7.068117833429907
2065,10.325,8.45472830345599,6.802948179804658,7.3699892423846265
2066,10.33,8.566673795350754,7.031987440508588,7.472332650889419
2067,10.335,8.605023630558593,7.236163031156375,7.424964489461086
2068,10.34,8.573889254317397,7.415778079127286,7.26121944644653
2069,10.345,8.478437370623421,7.5631062049960605,7.00603078759117
2070,10.35,8.325436451033491,7.668719183065408,6.685128377009805
2071,10.355,8.123978157581735,7.725542486410609,6.325522903728103
2072,10.36,7.886329554829301,7.730153928781434,5.953762375379224
2073,10.365,7.628769290029931,7.682682490192692,5.591313735980399
2074,10.37,7.37207856310707,7.586489345045428,5.2555735305719375
2075,10.375,7.1411265093280365,7.448138799272719,4.965476020548511
2076,10.38,6.962870147063413,7.277736645363195,4.741297140945238
2077,10.385,6.862403731733905,7.089494108589957,4.600988470927726
2078,10.39,6.857692513258984,6.902188406353635,4.5627651117728245
2079,10.395,6.954928051599602,6.7389430904423,4.646053198649435
2080,10.4,7.146841225149613,6.6255076320984525,4.855758304178199
2081,10.405,7.4149375974565634,6.586283812167769,5.1740587635148465
2082,10.41,7.734403028060654,6.6382255409419795,5.573349526465825
2083,10.415,8.079297872872571,6.784557418030081,6.020935418951346
2084,10.42,8.426266275559083,7.011832353971769,6.4773983866691385
2085,10.425,8.756306288947622,7.292999328649357,6.912777218620404
2086,10.43,9.055051819057082,7.595498822287116,7.311498335899996
2087,10.435,9.312248666215917,7.8901113315669615,7.659568218908623
2088,10.44,9.520955131555056,8.156520958757884,7.945607362204539
2089,10.445,9.676767377148431,8.384418925579803,8.16551988649911
2090,10.45,9.777197919694412,8.571395535227712,8.320753432853582
2091,10.455,9.821241046839017,8.719533615681074,8.41577077320779
2092,10.46,9.809118852489568,8.832188303416576,8.45639752653265
2093,10.465,9.74219091415246,8.911792325900068,8.448896370432609
2094,10.47,9.623012185441665,8.958964799171245,8.399752856528831
2095,10.475,9.455526893679671,8.972733933348067,8.315891188467301
2096,10.48,9.245383542059187,8.951385348573666,8.204942582559505
2097,10.485,9.000339924833385,8.893430079640027,8.075313508652968
2098,10.49,8.73068869421595,8.798396385006171,7.935861885953077
2099,10.495,8.44956669167072,8.667392342701007,7.795135892484282
2100,10.5,8.172920826358329,8.503520445253331,7.66058540941458
2101,10.505,7.918828530981251,8.312238369269059,7.538350365276278
2102,10.51,7.705901274556717,8.101698787335405,7.433730230567721
2103,10.515,7.550749648770209,7.8830017104591334,7.351971871700039
2104,10.52,7.464979055120953,7.670170570281387,7.2989722195873945
2105,10.525,7.452685608752315,7.479542077246187,7.28139713337899
2106,10.53,7.509494227425712,7.328214402002603,7.305781805722564
2107,10.535,7.6235856721375,7.2313709698991,7.376736083186845
2108,10.54,7.778238670280415,7.198818753663637,7.494811057309929
2109,10.545,7.954837577108692,7.231841007684678,7.654739332559411
2110,10.55,8.13538854027979,7.321920887963046,7.844939451970906
2111,10.555,8.304094084223973,7.452366552595494,8.048924998500741
2112,10.56,8.448021149210213,7.6023952300567235,8.248289666891871
2113,10.565,8.55713984911129,7.751893427768071,8.426011946694329
2114,10.57,8.624036206784245,7.884947203241701,8.568796989187494
2115,10.575,8.64352682673075,7.9912327700260395,8.667940619567078
2116,10.58,8.612314805024536,8.065503869985562,8.718996976320783
2117,10.585,8.528761433403686,8.106008298168325,8.720861052402498
2118,10.59,8.392812221554687,8.112694026688764,8.674790662127915
2119,10.595,8.206100406990009,8.085809900602502,8.583652127713219
2120,10.6,7.972245244931827,8.02518443107089,8.451462470077644
2121,10.605,7.697353164507349,7.930180256320225,8.283176730860855
2122,10.61,7.390700398034989,7.800134929134176,8.084626665133685
2123,10.615,7.065502313413719,7.635050772456965,7.862530557502316
2124,10.62,6.739531971222874,7.436365310430325,7.624537553080439
2125,10.625,6.435138213295055,7.207740604030209,7.379322351247293
2126,10.63,6.178020870112962,6.955875949008359,7.136778932478459
2127,10.635,5.994194740499173,6.691330112566301,6.908337068517784
2128,10.64,5.905239258213396,6.429218234337434,6.707315856839163
2129,10.645,5.923164215907525,6.189420262342125,6.549034048604819
2130,10.65,6.047173668159473,5.995650118389028,6.450159400503244
2131,10.655,6.264083018691711,5.872590682918753,6.426655558437293
2132,10.66,6.552154992609752,5.84072797043168,6.490013322327354
2133,10.665,6.886337134075804,5.9099056727992885,6.6425405033923415
2134,10.67,7.242727595515602,6.074485029313907,6.873945330831878
2135,10.675,7.601213777605672,6.313473361914149,7.161807709823119
2136,10.68,7.946382455028623,6.596512459120471,7.476561830658832
2137,10.685,8.267321856622345,6.892762848279231,7.788589670514398
2138,10.69,8.556925125445435,7.178189614038822,8.073916841164706
2139,10.695,8.811091366598477,7.438671551944675,8.316650165168937
2140,10.7,9.02801735824178,7.6692164461663594,8.508594767951227
2141,10.705,9.207643485464349,7.8710244075843026,8.647511175377463
2142,10.71,9.351252421923943,8.048111407743633,8.735225109281052
2143,10.715,9.461193190555534,8.204610265178587,8.776164329688594
2144,10.72,9.540696384927706,8.343268994981775,8.776426861186332
2145,10.725,9.593746854557516,8.465159777452175,8.743271066397709
2146,10.73,9.62498257397358,8.570221948723974,8.684862250055009
2147,10.735,9.63959095869624,8.658105721592074,8.610119610159325
2148,10.74,9.6431768912554,8.728897657915274,8.52853530861541
2149,10.745,9.641581647372696,8.783550361046949,8.449870130077567
2150,10.75,9.640640588349628,8.824028026988529,8.383669767463541
2151,10.755,9.645881088100076,8.85325201271451,8.33860078965235
2152,10.76,9.662179992500729,8.87492297387928,8.321676361425002
2153,10.765,9.693418418812994,8.89326397480135,8.337509303133862
2154,10.77,9.742184744597944,8.912704751846187,8.387764033073882
2155,10.775,9.809577649033995,8.937520679232104,8.4709608576515
2156,10.78,9.895146718503728,8.971448840263157,8.582716466833629
2157,10.785,9.996981230883785,9.017320660383522,8.716398791100156
2158,10.79,10.11192699167722,9.076765682593313,8.864065460768591
2159,10.795,10.2358871048297,9.150043509523496,9.017487021139841
2160,10.8,10.3641525336488,9.236043614526213,9.169054123584452
2161,10.805,10.49171304975198,9.3324571224483,9.312420705412354
2162,10.81,10.613513943512984,9.436082323101331,9.442817261304732
2163,10.815,10.724641818895462,9.543193405417059,9.557060137688993
2164,10.82,10.820438295088708,9.649892675154009,9.65335485773635
2165,10.825,10.8965506863499,9.752382404938185,9.731008326513328
2166,10.83,10.948933534545157,9.847124437555102,9.790128854414753
2167,10.835,10.973815534736966,9.930889741777126,9.831348436756658
2168,10.84,10.967644647128022,10.000724748216694,9.855581131322673
2169,10.845,10.927021511963655,10.053871451388048,9.863827816727243
2170,10.85,10.84862870271678,10.087675345383744,9.857029806466514
2171,10.855,10.729161494614718,10.099504426818793,9.83595615469078
2172,10.86,10.56526510369526,10.086689649367024,9.801094528932204
2173,10.865,10.353484189767745,10.04648681668862,9.752516341614655
2174,10.87,10.090233508833496,9.976054080001408,9.689706158605993
2175,10.875,9.771805261381123,9.872437969169411,9.611378351966515
2176,10.88,9.394441399285016,9.732563039805154,9.515336788263879
2177,10.885,8.954522494650437,9.553224439432782,9.398441674369122
2178,10.89,8.44896678664077,9.331088331566317,9.2567175311721
2179,10.895,7.876006791446929,9.06271264526768,9.085587029813844
2180,10.9,7.236633735119557,8.744611961720944,8.880183908870572
2181,10.905,6.537180096184729,8.373409396228276,8.635707577967935
2182,10.91,5.793685651195062,7.9461519975047015,8.347837298799496
2183,10.915,5.038537847639403,7.460926124988141,8.013317117184846
2184,10.92,4.328403768926419,6.918013357896729,7.630938862255551
2185,10.925,3.7479716300362775,6.321996002473295,7.203288760984851
2186,10.93,3.397300542848595,5.685448055977752,6.7397912720127
2187,10.935,3.353631267067997,5.034984672378458,6.261684248734083
2188,10.94,3.6270139389082754,4.419859916860139,5.8090886273141225
2189,10.945,4.153220196773381,3.920259773501222,5.447875016887965
2190,10.95,4.8320723604551,3.644501800823403,5.267586196372482
2191,10.955,5.570852404134143,3.6955414157967015,5.354472234995442
2192,10.96,6.303626748287182,4.102763749393027,5.736197719617456
2193,10.965,6.990491079784387,4.773920227406532,6.34240224089287
2194,10.97,7.609932158866249,5.538750298752969,7.038885169387596
2195,10.975,8.151604107522537,6.247426396534442,7.705468249121022
2196,10.98,8.61135108014339,6.823871426083546,8.276626741242588
2197,10.985,8.988189295970967,7.257151937940547,8.732239929843665
2198,10.99,9.282587521641927,7.573039183822425,9.074611165580825
2199,10.995,9.495522804404091,7.810437097464439,9.312923354220992
2200,11.0,9.627980124165488,8.005595023946741,9.45651346428525
2201,11.005,9.680705399662523,8.18194374944734,9.513109664692504
2202,11.01,9.654110163935462,8.345709835883962,9.489134992144821
2203,11.015,9.548281512088211,8.488991451871557,9.390653512955968
2204,11.02,9.363088981837349,8.597824784461949,9.22435768808655
2205,11.025,9.098413103731747,8.659095880545351,8.998365179796135
2206,11.03,8.754558395124295,8.663288384479367,8.72275423271369
2207,11.035,8.33296565474784,8.604339889815964,8.4098198785153
2208,11.04,7.83741114319842,8.478634554517862,8.073923792939688
2209,11.045,7.275966732084788,8.284174569016017,7.730570412450772
2210,11.05,6.664038734207942,8.020222826747826,7.394415920589557
2211,11.055,6.0286081509067335,7.687466402013621,7.076578408867091
2212,11.06,5.412891350564114,7.2887690015291735,6.782302748221079
2213,11.065,4.878386398343399,6.830691259870463,6.5102380578827646
2214,11.07,4.498197347242968,6.3260753330516115,6.254564003388856
2215,11.075,4.336373856792681,5.797985732393099,6.010828206572347
2216,11.08,4.41972491764841,5.284817559392389,5.784866169536803
2217,11.085,4.723406057626383,4.844657763977747,5.60151810331169
2218,11.09,5.184159197389181,4.553235137561792,5.506870206150099
2219,11.095,5.7283983950917685,4.486040147238312,5.555762194711903
2220,11.1,6.2935160739106095,4.681154471544419,5.781468916151761
2221,11.105,6.835153008044314,5.104145013914465,6.164689913951048
2222,11.11,7.325420083548733,5.65405578342712,6.634541597147478
2223,11.115,7.748289720062807,6.214162103366516,7.106189098065343
2224,11.12,8.09533709043086,6.70121522432348,7.518068185124214
2225,11.125,8.362688288402715,7.079981904766416,7.841616477556871
2226,11.13,8.549080710721428,7.352100789710375,8.071471030567235
2227,11.135,8.65472860808444,7.538762644138231,8.212974809249383
2228,11.14,8.680729321184298,7.666244174693427,8.274406246603341
2229,11.145,8.628837833394785,7.755827008879062,8.263902327527436
2230,11.15,8.50151829496124,7.818253137781337,8.188976032078894
2231,11.155,8.302241930158509,7.853326728639844,8.056996556821094
2232,11.16,8.036043543855955,7.853914571904392,7.875756744361272
2233,11.165,7.710371673135298,7.811203935773248,7.653589193203346
2234,11.17,7.336254250572709,7.718301313914475,7.399021568389955
2235,11.175,6.929712640300338,7.57166727467998,7.120735912486969
2236,11.18,6.513126038028771,7.371398286056461,6.82838559365032
2237,11.185,6.11582303951672,7.121356251983366,6.533762532268086
2238,11.19,5.772668098488769,6.82964883293042,6.251533489473393
2239,11.195,5.519344534119348,6.509569345531453,5.9991782180610915
2240,11.2,5.3843121339785815,6.180795070684667,5.795973705756628
2241,11.205,5.380175477325111,5.870225868878282,5.661318314382156
2242,11.21,5.499224848347283,5.611226525018953,5.612922803211263
2243,11.215,5.71611443410622,5.439503518232224,5.664418697729245
2244,11.22,5.995867713958224,5.384409124484305,5.821153909056846
2245,11.225,6.302484765476589,5.457411157103232,6.07445524487049
2246,11.23,6.604659066531713,5.6439221754726585,6.398062265786961
2247,11.235,6.877996753475573,5.9055662498216375,6.751629261468418
2248,11.24,7.104867837168531,6.193265893563979,7.091322631019574
2249,11.245,7.273225105926993,6.463035447217672,7.381049145250065
2250,11.25,7.375265942156499,6.685741221296736,7.598020214919968
2251,11.255,7.40634748593539,6.84850241689556,7.732120809817846
2252,11.26,7.36429374531534,6.950636640649078,7.78229846540037
2253,11.265,7.249124654324471,6.997857392285912,7.752776736141374
2254,11.27,7.063220045145897,6.997112498128207,7.650259251556937
2255,11.275,6.81195029360676,6.953230062343775,7.482318708232284
2256,11.28,6.5048151756476855,6.867775108047119,7.2568495309646375
2257,11.285,6.157073919229724,6.739858425821972,6.982338885222132
2258,11.29,5.791622483738816,6.5680958425294635,6.668608680931194
2259,11.295,5.440350864248628,6.352858392048893,6.327720153538189
2260,11.3,5.143402471446721,6.098384743295345,5.974870147855738
2261,11.305,4.944239118345475,5.814782911588994,5.629157521188085
2262,11.31,4.879641399101333,5.5200302492606514,5.314127413975989
2263,11.315,4.967709269165916,5.241660200722296,5.058028165712116
2264,11.32,5.2007980552031805,5.016896085924064,4.893209461344327
2265,11.325,5.54850179514217,4.888839207577919,4.852914090681597
2266,11.33,5.968431568715685,4.896231945790005,4.963364745861426
2267,11.335,6.417705258546871,5.057727786296239,5.231752877229032
2268,11.34,6.860077906574534,5.358723221191476,5.636404521778836
2269,11.345,7.2681797103231,5.752259980165951,6.128191321285657
2270,11.35,7.6227404223033,6.176396835159078,6.6451226169994495
2271,11.355,7.910694332980675,6.576217781192325,7.1306157828803105
2272,11.36,8.123247200658096,6.916925466091554,7.544484521267314
2273,11.365,8.254313802882578,7.18490890973836,7.864269815093797
2274,11.37,8.29938955902116,7.3816675749687235,8.08114878213798
2275,11.375,8.2547993719535,7.51593836455654,8.194867292807494
2276,11.38,8.117257639928262,7.596955736753166,8.209807128872047
2277,11.385,7.883713817320068,7.6300657458432415,8.132556437116895
2278,11.39,7.551529902260023,7.615109530409451,7.970642857226212
2279,11.395,7.119150485389819,7.547229276466449,7.731979046774715
2280,11.4,6.587614304465282,7.418947628992921,7.424693572666785
2281,11.405,5.963557906167484,7.222233529869353,7.0571700682127325
2282,11.41,5.264749639083531,6.949936223934301,6.638212844824045
2283,11.415,4.529268825901172,6.596763759428352,6.177314512563954
2284,11.42,3.827612025505036,6.160428687024004,5.685104828569282
2285,11.425,3.269737192765791,5.643801284540568,5.174323067501369
2286,11.43,2.986408460263856,5.059182500155952,4.662154512272778
2287,11.435,3.06937356921504,4.436147443237401,4.175373614923132
2288,11.44,3.5090592222841632,3.8339974445813922,3.7596386489153
2289,11.445,4.201754402991787,3.3556967956626096,3.4909326188015597
2290,11.45,5.017001365127936,3.1466179288783196,3.4759173519235063
2291,11.455,5.8511411598920136,3.3432288801096304,3.8127402723410015
2292,11.46,6.639822825210447,3.9647820676495495,4.505878948872117
2293,11.465,7.348966556327649,4.85354602764813,5.419462378370232
2294,11.47,7.962851273743441,5.773369377948004,6.357265610988556
2295,11.475,8.47554632787226,6.555832234594997,7.179271907328406
2296,11.48,8.88582113762459,7.141532221979712,7.83122918065507
2297,11.485,9.19435459371996,7.544129163339868,8.311425966363473
2298,11.49,9.40225501729538,7.809730850217875,8.637209284496821
2299,11.495,9.510278681767574,7.991019337859342,8.828382068028874
2300,11.5,9.518405826218531,8.131403374872137,8.901805583591432
2301,11.505,9.42559285655985,8.254556255316583,8.870768375433947
2302,11.51,9.229609641867402,8.360926458396928,8.74591152449855
2303,11.515,8.926926512690123,8.434692285035212,8.536497339944715
2304,11.52,8.512663293982346,8.455797519762072,8.251595741988398
2305,11.525,7.9806803008524625,8.407615296404938,7.901010817841745
2306,11.53,7.324024757679982,8.278325789426338,7.495862055159628
2307,11.535,6.536241962338023,8.0593947259715,7.0487944572427494
2308,11.54,5.614725714813415,7.7437900398151935,6.573607701676622
2309,11.545,4.568696677867844,7.324797996801681,6.083728561177811
2310,11.55,3.4368087967304146,6.79557674768297,5.589284432183836
2311,11.555,2.320203378381991,6.149629642049573,5.0938015576865086
2312,11.56,1.420434763760541,5.382884946277991,4.592574932080103
2313,11.565,1.009984354564601,4.499183494613518,4.075397472810037
2314,11.57,1.24669217580704,3.523218292176085,3.5380127554434067
2315,11.575,2.0108452483370023,2.5283765902861166,3.009024225919041
2316,11.58,3.031731337238748,1.685509414095912,2.5961985715547664
2317,11.585,4.09116972333121,1.3016123343562036,2.524491392811088
2318,11.59,5.074217827139193,1.7036497692201942,3.0466478363555662
2319,11.595,5.934821953916271,2.8668200625343325,4.144051063217272
2320,11.6,6.660383850220457,4.293572801531397,5.426795169705379
2321,11.605,7.252064817886596,5.503102700893292,6.524578452007331
2322,11.61,7.715714601407252,6.333476300114259,7.323667338247164
2323,11.615,8.058031550525056,6.8182438656587765,7.856086560177328
2324,11.62,8.285054053232214,7.052120690792339,8.181854595763157
2325,11.625,8.401655576360609,7.1382336148904555,8.349447780082086
2326,11.63,8.411471752994666,7.167315084006214,8.390929311894753
2327,11.635,8.3170303119598,7.2041995984279446,8.325671904784937
2328,11.64,8.12001652320838,7.271176751578915,8.165120286737395
2329,11.645,7.821700247510099,7.3448579180815985,7.917085419024016
2330,11.65,7.423631430916368,7.3840531680443995,7.589005188563137
2331,11.655,6.928812417691229,7.357444129783328,7.19010616194092
2332,11.66,6.343697675004374,7.248651904360148,6.732550587086607
2333,11.665,5.681535903279645,7.050961798895679,6.231427482931547
2334,11.67,4.967595193111906,6.7627502400744905,5.704568901232896
2335,11.675,4.246135535859062,6.385636034728606,5.173475050910181
2336,11.68,3.586366895740623,5.924821564610573,4.663744152190761
2337,11.685,3.0792087119075,5.391332905978308,4.20307087259783
2338,11.69,2.813524174881672,4.8064010879297205,3.8191663692231916
2339,11.695,2.83449920994842,4.208277196133999,3.540306602188794
2340,11.7,3.116141085173384,3.6603485655293673,3.3978990344025464
2341,11.705,3.577141320261723,3.254590749523224,3.4293673349564835
2342,11.71,4.122629316051115,3.0959759254084647,3.6737849025554503
2343,11.715,4.674825995792332,3.25373175939435,4.145457970576931
2344,11.72,5.181364569854361,3.7003373651774263,4.793104222302783
2345,11.725,5.610920857210317,4.305743483172536,5.4979149924622135
2346,11.73,5.9460504319618135,4.910977171073027,6.133781370266058
2347,11.735,6.177366957069484,5.405514188362617,6.624935556233448
2348,11.74,6.299720035865825,5.747030596255462,6.94925736934756
2349,11.745,6.309945528221785,5.94180164351675,7.114101517109038
2350,11.75,6.205690677620071,6.0196257550315515,7.137785392513183
2351,11.755,5.985019225077485,6.0151551552769345,7.040248624848797
2352,11.76,5.646756663933865,5.955446586109515,6.838765306480535
2353,11.765,5.1918419213399165,5.852713365595167,6.54601149651706
2354,11.77,4.626385421231996,5.703525042370321,6.170073651288507
2355,11.775,3.967743023998021,5.494564860945147,5.716889125589174
2356,11.78,3.2553707494857327,5.210643166767235,5.193414807030177
2357,11.785,2.566634577479796,4.840514042944413,4.609961383128323
2358,11.79,2.02879661447175,4.380420597358896,3.9830048636412148
2359,11.795,1.7992572081551057,3.8382539058258387,3.33937035740128
2360,11.8,1.9883858436298003,3.2416765762964865,2.720384297367784
2361,11.805,2.5775239158430905,2.6528569433080107,2.1886665378088974
2362,11.81,3.435080077003253,2.187860019300524,1.8419949476082818
2363,11.815,4.408358640976068,2.021036097708339,1.8182413668804966
2364,11.82,5.385600281623676,2.3245041233930968,2.247237997774507
2365,11.825,6.30334850042461,3.12278596915786,3.135157770641746
2366,11.83,7.131565622647252,4.211730047353792,4.301922566033703
2367,11.835,7.858899637925476,5.301924330732063,5.4969342291129175
2368,11.84,8.483284514514905,6.208552910784607,6.551200957415702
2369,11.845,9.006811946026055,6.882742346700024,7.402057979569582
2370,11.85,9.433129266842403,7.354536365521367,8.046130363918712
2371,11.855,9.766179715833372,7.684267874864208,8.501547180766861
2372,11.86,10.009626026883026,7.935476840651393,8.79136194167596
2373,11.865,10.166616743704695,8.158983693227624,8.93768249026079
2374,11.87,10.239725907588156,8.381622682870521,8.96001897625341
2375,11.875,10.23098603772467,8.602583275606417,8.875659149875164
2376,11.88,10.14198207471284,8.803182675693908,8.70078591776363
2377,11.885,9.974002321861954,8.962332591811824,8.451462899077368
2378,11.89,9.728263446514982,9.065057025662828,8.144282255336291
2379,11.895,9.406247340503398,9.103092136011181,7.7969163872850755
2380,11.9,9.010212418312191,9.072674516724245,7.42883929642597
2381,11.905,8.54397206711062,8.972542109410455,7.061845600510159
2382,11.91,8.014062426710902,8.802786433387956,6.719164380518592
2383,11.915,7.431424969301142,8.564405592657517,6.42231804979473
2384,11.92,6.813636592090506,8.259360325464943,6.186404583912671
2385,11.925,6.187385560376725,7.891049057340947,6.015444262605439
2386,11.93,5.590120944417526,7.4652256258424,5.899715106293616
2387,11.935,5.068636987420811,6.991451212020497,5.8174062101270625
2388,11.94,4.671801197447715,6.485161531676328,5.741911474007402
2389,11.945,4.436994938017016,5.970231474588251,5.652901200942144
2390,11.95,4.375878172089712,5.48131172260693,5.546468479878352
2391,11.955,4.469143982851093,5.063966136474672,5.440099295271093
2392,11.96,4.674473036810969,4.769108295316792,5.369646209298366
2393,11.965,4.941434392677137,4.638592242696478,5.375694193503527
2394,11.97,5.2239088877936375,4.684796345211955,5.481683022155784
2395,11.975,5.485907643225994,4.877353570301391,5.6776243385921745
2396,11.98,5.702110168080017,5.151325450769535,5.9238508282652855
2397,11.985,5.855962097565589,5.43371546270604,6.171227333469815
2398,11.99,5.937326235060661,5.6686318778631435,6.38026606782833
2399,11.995,5.940573420225269,5.827156053995977,6.527893104729854
2400,12.0,5.863354063800015,5.903695915486089,6.604393639780012
2401,12.005,5.706049151914603,5.906843155510352,6.607993948223419
2402,12.01,5.471865735242597,5.850286442523517,6.541077852228689
2403,12.015,5.167581167690914,5.7460536589595375,6.4082798723110574
2404,12.02,4.804966684561452,5.600933680613489,6.2158531184607675
2405,12.025,4.4028399120200445,5.416326252381699,5.971639281628695
2406,12.03,3.989354461476291,5.190817828035083,5.684565692065371
2407,12.035,3.6033517235112726,4.923911642962782,5.363769990450967
2408,12.04,3.292476588541092,4.619574722085289,5.019363420648982
2409,12.045,3.1054043808195675,4.28924262179186,4.665560592987675
2410,12.05,3.078192411946954,3.954442397893565,4.324505158015984
2411,12.055,3.2207696756095547,3.648684508516034,4.02926036185941
2412,12.06,3.5128854439518555,3.4168459988445843,3.823832435255455
2413,12.065,3.912765663056417,3.3086757927297663,3.7562414585767536
2414,12.07,4.371792263194011,3.363693896083115,3.8632172806050313
2415,12.075,4.8462540757489005,3.5911178473947354,4.151823695069071
2416,12.08,5.302630715222042,3.9582619641584493,4.589543796621472
2417,12.085,5.717908548143704,4.400401623415243,5.112796268123384
2418,12.09,6.077663445657028,4.847274991985688,5.649610008128141
2419,12.095,6.373763566057702,5.2467524202850955,6.140362504481207
2420,12.1,6.602488097122697,5.573308525996512,6.546305902321
2421,12.105,6.763247689920895,5.82384820061707,6.847990309486944
2422,12.11,6.857853398787848,6.0086440980983,7.039949850903188
2423,12.115,6.890226290598215,6.142528392975949,7.125586856823874
2424,12.12,6.866447299460614,6.238420066639019,7.113462717787104
2425,12.125,6.795056011261239,6.303964719257449,7.015066174923183
2426,12.13,6.687488097599825,6.341430640269002,6.843766233653083
2427,12.135,6.558477413560292,6.350015012344294,6.614520245631681
2428,12.14,6.426139731848086,6.328898106115846,6.3439663099215124
2429,12.145,6.311340923072724,6.279672534848238,6.050687394766674
2430,12.15,6.235947752494955,6.207745017872235,5.755514248783466
2431,12.155,6.219838683423929,6.122925580786234,5.481649019635056
2432,12.16,6.277193846582632,6.039405595805355,5.254220886577543
2433,12.165,6.413309066182313,5.9750106059186825,5.0988109274388655
2434,12.17,6.6233483189866185,5.949351484607166,5.038619350441165
2435,12.175,6.8936567764362975,5.980559695788159,5.090333278570643
2436,12.18,7.204978031686631,6.080893632738325,5.259469919594483
2437,12.185,7.536151155349872,6.252555698040321,5.536888753353449
2438,12.19,7.867055831783697,6.485820454645506,5.898534183694091
2439,12.195,8.180303736514109,6.760971256987304,6.309418059086502
2440,12.2,8.461805661585615,7.0534975330513054,6.730682334745589
2441,12.205,8.700609962405036,7.34010364444817,7.126939645087768
2442,12.21,8.88839287668434,7.602970205573219,7.471276615411867
2443,12.215,9.018858159796444,7.831177960045154,7.7469119859274205
2444,12.22,9.087183395182697,8.019755665042815,7.946143542209352
2445,12.225,9.089570661422387,8.167501620884329,8.067988099074753
2446,12.23,9.022918838102813,8.274658399965073,8.115765842773076
2447,12.235,8.884622230114305,8.34114485789834,8.095244754984485
2448,12.24,8.672506016991083,8.365639893290673,8.013398609024971
2449,12.245,8.384929250903825,8.345460624340678,7.877616797064189
2450,12.25,8.021121849763974,8.276950387967672,7.69523008133385
2451,12.255,7.581878125998108,8.156047046826313,7.4732745376453185
2452,12.26,7.070810157199495,7.978813893083148,7.2184087116175775
2453,12.265,6.496458529670537,7.741881992493029,6.936870426232259
2454,12.27,5.875593673162699,7.442887757747545,6.634395512824661
2455,12.275,5.237777623626924,7.0810759009336985,6.316133160738275
2456,12.28,4.630136432992172,6.658305848338193,5.986762454305654
2457,12.285,4.118648737413958,6.180779530982203,5.651251389577369
2458,12.29,3.779089103509757,5.661885313203538,5.316907977437557
2459,12.295,3.673077402236244,5.126487843889241,4.997266717651115
2460,12.3,3.81913394209058,4.616353831129919,4.717574611585646
2461,12.305,4.182443538962838,4.194284711642237,4.519663602174596
2462,12.31,4.693491935980058,3.940200375043125,4.460349703740695
2463,12.315,5.277672467669117,3.9289726971578305,4.594676871584361
2464,12.32,5.874614967871961,4.189120836828884,4.942970545816116
2465,12.325,6.443104832078006,4.670401649282707,5.4642839642479695
2466,12.33,6.958043263157039,5.260236141167293,6.068614020282503
2467,12.335,7.405481175758169,5.841372150757517,6.661827451519979
2468,12.34,7.778398985523895,6.337810987378996,7.180625241452674
2469,12.345,8.073781148039744,6.722760441191616,7.597009125601052
2470,12.35,8.290769067285451,7.004044857635083,7.9060212579558495
2471,12.355,8.429550149654425,7.2062067755724915,8.113230883513369
2472,12.36,8.490708794334067,7.356442293403909,8.22735822016156
2473,12.365,8.474856799235805,7.475093350461024,8.257168946046932
2474,12.37,8.382431777502946,7.570864362827139,8.210719406855118
2475,12.375,8.213600061780639,7.641379536053498,8.095621228184681
2476,12.38,7.968232195876491,7.677824476704757,7.919610169051198
2477,12.385,7.645941830734724,7.6701006714760895,7.691074991804628
2478,12.39,7.246198846509556,7.609806368925262,7.419400598652933
2479,12.395,6.76855047599859,7.490954986686467,7.11506931029153
2480,12.4,6.213016254879258,7.3095609543691635,6.789438513825833
2481,12.405,5.580770913967042,7.062994488381034,6.453998615232873
2482,12.41,4.875300079086097,6.749496488610842,6.118928911147423
2483,12.415,4.104301968264151,6.367958187666721,5.791099492917906
2484,12.42,3.282664396216002,5.9179901477066075,5.472109394452752
2485,12.425,2.4366896715337942,5.400329028522746,5.15718269345636
2486,12.43,1.6089170515772628,4.817703168660976,4.835763882147498
2487,12.435,0.8607245434878151,4.176380184531608,4.494465397961797
2488,12.44,0.2666814604021857,3.4887262585522714,4.122435197453258
2489,12.445,-0.1052340621942756,2.7771140609323592,3.718405809422629
2490,12.45,-0.2224248876617963,2.079094751592656,3.2981467786448304
2491,12.455,-0.1043430564839648,1.4521457723620252,2.9002577950879207
2492,12.46,0.1889934387260237,0.9726345953018876,2.5857130915713378
2493,12.465,0.5854136690386698,0.7194656669727504,2.423444608705278
2494,12.47,1.0233099468671534,0.7374695702254028,2.458539721131349
2495,12.475,1.4599349374899258,0.9997594724825638,2.6795472770747146
2496,12.48,1.86994096639562,1.4094223498238736,3.0179543559205766
2497,12.485,2.2406788446665185,1.8491905877272967,3.386550694915435
2498,12.49,2.567702746253401,2.2336712985609313,3.719647631440552
2499,12.495,2.8514412785277936,2.5268116855124814,3.9853299249821497
2500,12.5,3.0949527759822004,2.7315720775757124,4.176572417831982
2501,12.505,3.302444536468552,2.872229189996159,4.298817900816864
2502,12.51,3.478279229943017,2.979311127872802,4.361889875380757
2503,12.515,3.6262900895296153,3.0789365662330805,4.376272221788107
2504,12.52,3.749308773562596,3.1866366483879354,4.351816308270076
2505,12.525,3.848861887781248,3.3062867796657684,4.29733435706572
2506,12.53,3.925016645023809,3.4336056569259545,4.220368870322762
2507,12.535,3.976360255587864,3.5611544254860448,4.1272027562236415
2508,12.54,4.000090340406411,3.6817256837324788,4.0233842158040645
2509,12.545,3.992183919184633,3.7894308296658856,3.9146382676464713
2510,12.55,3.947607307999802,3.8794530331390336,3.8076971695868718
2511,12.555,3.860532039859368,3.9474650045855766,3.710481082310158
2512,12.56,3.7245328340161823,3.9891833789670312,3.631059922772115
2513,12.565,3.532761280005446,4.000151394929529,3.575349361778275
2514,12.57,3.278112972832204,3.9756876045376375,3.544367454542643
2515,12.575,2.953440002442326,3.9109113458818006,3.532146207912401
2516,12.58,2.551915889187676,3.800779339279698,3.5250658922967695
2517,12.585,2.0677592300624243,3.640105598523202,3.503031703167146
2518,12.59,1.4977068491564574,3.423575013067113,3.4424111995215267
2519,12.595,0.8439562879126365,3.1457981448888575,3.319902010072755
2520,12.6,0.1197920862650538,2.801499764372767,3.1161478592398106
2521,12.605,-0.6405423447443996,2.3860069834217947,2.818367527627469
2522,12.61,-1.367597731928479,1.8963421460803453,2.421911364757104
2523,12.615,-1.9456334657753247,1.333492430891142,1.9311743004298694
2524,12.62,-2.22868835300364,0.7068972935148192,1.3612117062203142
2525,12.625,-2.1078659248832605,0.04283260083543272,0.7424825519675906
2526,12.63,-1.5893420318913345,-0.601539839154416,0.1309100704673316
2527,12.635,-0.7899521428264643,-1.1203124638756172,-0.37825693111470216
2528,12.64,0.1436154208321225,-1.3539620532836505,-0.6466848308922053
2529,12.645,1.097971016939018,-1.1403019676072113,-0.5341833897881694
2530,12.65,2.0055002758054936,-0.442706627456114,-0.0025092532976218607
2531,12.655,2.8322937751343096,0.5649372613178008,0.8155216931501821
2532,12.66,3.564096668369181,1.610601125813576,1.7060491360900332
2533,12.665,4.196791257137382,2.5037784954808444,2.517578969228008
2534,12.67,4.731008681346079,3.182404346532791,3.195200088141836
2535,12.675,5.169311809737634,3.666034005620972,3.7386156219888598
2536,12.68,5.51478709584064,4.008355278273774,4.163442099059424
2537,12.685,5.77036972260229,4.269162035644336,4.483907754060471
2538,12.69,5.938543102026511,4.497855108233017,4.708652981285748
2539,12.695,6.021230320858723,4.72212068669325,4.841872313413433
2540,12.7,6.0197893485407095,4.943544379168026,4.885967363915545
2541,12.705,5.935075342801818,5.1454572294479215,4.844129130092266
2542,12.71,5.767565047118229,5.307228364951958,4.722142036593593
2543,12.715,5.517563337630812,5.413195720889765,4.529172481170666
2544,12.72,5.185539289925614,5.4540226423597495,4.277857287767862
2545,12.725,4.772675901917695,5.424855564654885,3.9842215040596667
2546,12.73,4.28176954311254,5.32339459680743,3.667417519492417
2547,12.735,3.718681350416285,5.148711981622442,3.348440600294081
2548,12.74,3.094596745581044,4.900765213747973,3.0470814952487655
2549,12.745,2.429289833549464,4.580448527694242,2.7777350763713704
2550,12.75,1.7551490246407342,4.190135488988864,2.5456637376979057
2551,12.755,1.1204222935986814,3.734799798711774,2.3452130725163944
2552,12.76,0.5877805345654512,3.223920067597872,2.1615277319000037
2553,12.765,0.2227495058292649,2.6744257967529146,1.9770671962743807
2554,12.77,0.0712003045891541,2.1147473479014525,1.7820487669308043
2555,12.775,0.1377513414103904,1.5891452076597403,1.5849245878950091
2556,12.78,0.3830469329234135,1.15922743699964,1.418073264137702
2557,12.785,0.742474849814384,0.8961066748037654,1.333453840612807
2558,12.79,1.1499657138099797,0.8563938385381356,1.3823895190625883
2559,12.795,1.5522718202674843,1.0475473087035119,1.583306827754225
2560,12.8,1.9121943669120085,1.4100757254714669,1.90210971945965
2561,12.805,2.2059342770150376,1.8413229050792093,2.2681747156136414
2562,12.81,2.419027961590709,2.2435886794766,2.611514989438236
2563,12.815,2.5428657827131667,2.556387748139786,2.8871385441051496
2564,12.82,2.5722454376253663,2.759454298128149,3.0759688180991884
2565,12.825,2.503837130647625,2.8600008145848332,3.174669388538914
2566,12.83,2.3353431784200147,2.8778963328932443,3.186480609435753
2567,12.835,2.065211416785218,2.8339145483885857,3.1165016063214743
2568,12.84,1.6928932433301056,2.7419589284548724,2.970063166741265
2569,12.845,1.2198069037732258,2.6057215459503507,2.7525535702691926
2570,12.85,0.6513954645180045,2.419986148150416,2.4696837033594736
2571,12.855,0.0009564975871179,2.1749810217718304,2.1271585735603504
2572,12.86,-0.7039059170020039,1.8609219692898815,1.729740814716882
2573,12.865,-1.4120638817306077,1.4711441717566904,1.281523983042831
2574,12.87,-2.040325666433493,1.0043163482236386,0.7885408090914909
2575,12.875,-2.477340243050964,0.46724916027702346,0.26291750784509826
2576,12.88,-2.616937891572082,-0.1200903473650623,-0.2716961949689729
2577,12.885,-2.4148156380853507,-0.716139431847747,-0.773114076068655
2578,12.89,-1.9178863614993005,-1.2466766333249586,-1.1735548398330193
2579,12.895,-1.2314781903270806,-1.5989642075106376,-1.3780296765768307
2580,12.9,-0.4628965799982152,-1.6424841556458825,-1.283069227675587
2581,12.905,0.3099040829741976,-1.2981638222785357,-0.8326010552552896
2582,12.91,1.0410152388405638,-0.6203351635719487,-0.08266449997800596
2583,12.915,1.7078311028092097,0.21290493065291471,0.8086275200364144
2584,12.92,2.302025669703468,1.0137971583649272,1.6752238539668483
2585,12.925,2.823323014772616,1.674683153061558,2.4159251688287666
2586,12.93,3.2757975650362328,2.171756203331677,2.9958019309601625
2587,12.935,3.665818877340464,2.5314037759234704,3.41759863975345
2588,12.94,4.000930874019685,2.8003652485769406,3.6988693071919974
2589,12.945,4.289215022810184,3.026378551823171,3.8605505441825425
2590,12.95,4.538874130370843,3.2456914554011553,3.9227921240251558
2591,12.955,4.757890451244904,3.4759826444853186,3.904214845259539
2592,12.96,4.9536860403713865,3.717206098348815,3.8224057813293424
2593,12.965,5.1327651186544205,3.9600841918206786,3.694641629036508
2594,12.97,5.300357012256903,4.195248828100127,3.5385257998185824
2595,12.975,5.4601044142667385,4.417463369869993,3.3725099481819933
2596,12.98,5.613851207022799,4.625553558261297,3.216260321428162
2597,12.985,5.761573841631071,4.8207623916830045,3.090663579911692
2598,12.99,5.901473135341328,5.005113411872856,3.016981100759022
2599,12.995,6.030209068397237,5.180235379795805,3.0145465550157216
2600,13.0,6.143232537950163,5.346664298243292,3.097011899317975
2601,13.005,6.235154644321419,5.503549173664441,3.2682204932269654
2602,13.01,6.300098132587056,5.648679083408338,3.519301246057551
2603,13.015,6.331992349295046,5.778737737332615,3.8283238895210188
2604,13.02,6.324794791274972,5.889677308143441,4.16326631469579
2605,13.025,6.272642609802195,5.977103437799864,4.487915829100452
2606,13.03,6.169953448324445,6.036586559827192,4.7686632143885275
2607,13.035,6.011507559109409,6.0638549804045265,4.979649918733898
2608,13.04,5.79255580961928,6.0548683067982845,5.105313554206978
2609,13.045,5.50901642398946,6.005802867540348,5.140564603049229
2610,13.05,5.157854316119459,5.912998054953283,5.088587062449478
2611,13.055,4.737789407961671,5.772916281113731,4.957099901932229
2612,13.06,4.250561724664333,5.582167063399288,4.755279428047018
2613,13.065,3.703083127366889,5.337647509172675,4.49238906962156
2614,13.07,3.1108576560044328,5.036867350057884,4.1774000122453545
2615,13.075,2.502803266365122,4.6785666817774185,3.8189260852158604
2616,13.08,1.926446341446654,4.263807956564246,3.425570105918207
2617,13.085,1.4495904081868187,3.797833328405318,3.007264445714333
2618,13.09,1.1509420431542063,3.293094292407824,2.5781047056249333
2619,13.095,1.0944541980483349,2.7738367702167688,2.160674666918357
2620,13.1,1.298127384078982,2.2820028438930646,1.7913073980900012
2621,13.105,1.723454616686961,1.8819841042646934,1.5241805052520236
2622,13.11,2.296232110546202,1.6569957694189594,1.428182204586589
2623,13.115,2.9383563811987297,1.685699073389923,1.5671482696131807
2624,13.12,3.5877009131912185,1.997524876112141,1.9628219020006572
2625,13.125,4.202513088014758,2.537490578989556,2.5663409122555088
2626,13.13,4.757742201341055,3.1848707000764485,3.273926161748734
2627,13.135,5.239691107648361,3.8162369784151737,3.9782148326030295
2628,13.14,5.6416424370446725,4.353726920074942,4.606956783049947
2629,13.145,5.9609136260797,4.771615000165061,5.127329673675188
2630,13.15,6.197061649405655,5.079778548374473,5.531873984192362
2631,13.155,6.350870145997964,5.304726311927935,5.824502830160114
2632,13.16,6.4238442101831685,5.475104431150937,6.012617448472566
2633,13.165,6.418045334917569,5.612018500268343,6.104039199595625
2634,13.17,6.336182051353748,5.724266899404782,6.106366682750707
2635,13.175,6.1819304871130045,5.80922668846112,6.02732341996446
2636,13.18,5.960498627375138,5.858055137181474,5.875422761194209
2637,13.185,5.679467197090775,5.861324683040618,5.660643338821876
2638,13.19,5.349923176670485,5.812294770272232,5.39499077475268
2639,13.195,4.987810995002893,5.707892953797678,5.092899734824241
2640,13.2,4.61520077039557,5.548714722287663,4.771394403314608
2641,13.205,4.260770334242023,5.33903383293675,4.449805663554856
2642,13.21,3.9583357685146296,5.087235411317841,4.148867618015004
2643,13.215,3.742245915420458,4.806712437495804,3.889346619312832
2644,13.22,3.6396933609377022,4.516989521670433,3.6906810778985104
2645,13.225,3.6625556148287663,4.244452754027927,3.5699964134551245
2646,13.23,3.803198735436689,4.021495799393541,3.5413180998294864
2647,13.235,4.0369748562516,3.882435528670808,3.614113795337672
2648,13.24,4.329741913999986,3.855153348906823,3.790032436813096
2649,13.245,4.646018917319658,3.9502138305661223,4.058082027160864
2650,13.25,4.954471763393952,4.153281752462772,4.391602656583662
2651,13.255,5.230081891283,4.427337306353665,4.75156025946784
2652,13.26,5.454003016390815,4.72497389520104,5.096189392141357
2653,13.265,5.612346972477087,5.003276169615254,5.391081247608567
2654,13.27,5.694724917380892,5.2331411600673405,5.614109762828988
2655,13.275,5.692926081786319,5.400741095761614,5.754816754912031
2656,13.28,5.599841546455121,5.5037218612874295,5.811080481045695
2657,13.285,5.408616343177716,5.545601105884524,5.785501019418142
2658,13.29,5.111977579513302,5.530660560566568,5.682584949831646
2659,13.295,4.701697752269206,5.46046598018651,5.506986955306129
2660,13.3,4.168200597143525,5.332386306469327,5.262732769919497
2661,13.305,3.5004282522040127,5.139827052529832,4.9531347291724215
2662,13.31,2.686355614941381,4.873362874948123,4.580956777206859
2663,13.315,1.7152075410312595,4.521883495787312,4.148447610235485
2664,13.32,0.5841146062203821,4.073275373242273,3.657023653214151
2665,13.325,-0.6841824405319473,3.5146819527944477,3.106496042153437
2666,13.33,-1.9998884803531207,2.832783518780398,2.4940858706024938
2667,13.335,-3.136185641380729,2.0149826023927626,1.8142644488626956
2668,13.34,-3.7165101295569953,1.0534171690060097,1.06143779886039
2669,13.345,-3.470948537846178,-0.04356255030442302,0.23932786200861145
2670,13.35,-2.55506349350067,-1.2216218466991737,-0.6142695364588429
2671,13.355,-1.3560776949224929,-2.3134142575428536,-1.3719811647899371
2672,13.36,-0.155364119866228,-2.940727202278241,-1.7357869831875723
2673,13.365,0.9217205650295196,-2.5801339564047643,-1.2878303257786472
2674,13.37,1.8363372370844115,-1.1452040555189154,0.04015512787813513
2675,13.375,2.584717553929123,0.6396272933244749,1.6643194351923558
2676,13.38,3.174683438287004,2.07164003977562,3.0221404130635365
2677,13.385,3.616520647155526,2.9822105138305206,3.9853165445068788
2678,13.39,3.9197985937863713,3.4559054848715425,4.6208987301903575
2679,13.395,4.092519055426809,3.6263680671373,5.01032698394877
2680,13.4,4.141202563766608,3.6243631470162123,5.209991848061512
2681,13.405,4.071442965087432,3.561645970255857,5.254026988076011
2682,13.41,3.888865431273128,3.521179341987364,5.1625307120343145
2683,13.415,3.6006517878673443,3.533966889306072,4.947812635922328
2684,13.42,3.2179773651111017,3.5656068154571106,4.61881447919959
2685,13.425,2.75982499286704,3.5581422160980534,4.184378062275746
2686,13.43,2.2584691129810004,3.4737494932087514,3.655797731279293
2687,13.435,1.7657692079714509,3.2989673399611705,3.049061045198549
2688,13.44,1.3561886575648634,3.0360322119519587,2.387069272579215
2689,13.445,1.1177719724312238,2.6988475156082696,1.7033172586913863
2690,13.45,1.1237945096671624,2.314737167296392,1.0478362773488867
2691,13.455,1.396422031524732,1.929970090493196,0.4915326996070908
2692,13.46,1.8939014049074112,1.615563243875712,0.12393411152670986
2693,13.465,2.5349046729491667,1.4649899674619298,0.04197733646991786
2694,13.47,3.235170913757597,1.5697078741422357,0.3228661843326961
2695,13.475,3.9292511308746136,1.9680087992627708,0.9771170388402726
2696,13.48,4.574301857350173,2.601925449226364,1.913201908737654
2697,13.485,5.145261630990101,3.3375741348900863,2.964003010765227
2698,13.49,5.628687215737802,4.039154700824131,3.9637065892155876
2699,13.495,6.017958690473463,4.624006891677482,4.801528634267525
2700,13.5,6.310151551081098,5.067733059047784,5.4265008307328895
2701,13.505,6.5041704415208255,5.384016311996031,5.834122595482866
2702,13.51,6.599712887954723,5.603349254159216,6.050211775643614
2703,13.515,6.596768918462893,5.7574603563208395,6.107628905538061
2704,13.52,6.495502304996946,5.869025664265925,6.032691572824639
2705,13.525,6.296476880557408,5.9465540265344945,5.846918433770857
2706,13.53,6.00130240850817,5.985509807518823,5.570090636660202
2707,13.535,5.613901044971153,5.974332020219025,5.220824816369755
2708,13.54,5.142747034075398,5.900817825412639,4.815525092555036
2709,13.545,4.604558009867903,5.7556958009954435,4.367678427010945
2710,13.55,4.029769189871304,5.53371977203225,3.8904118879328817
2711,13.555,3.4689971498462824,5.2340253459746755,3.4001069040730125
2712,13.56,2.996429145550454,4.86112637773361,2.9177816287209737
2713,13.565,2.701098684218215,4.427410723305817,2.4702971715972524
2714,13.57,2.658057672747117,3.957729931733346,2.093227039804222
2715,13.575,2.8905177496706767,3.4960861234931815,1.8307283627534816
2716,13.58,3.355845926821444,3.112133712688804,1.731563939284038
2717,13.585,3.9704141365996266,2.8995345470666765,1.8472879675398088
2718,13.59,4.647581198247646,2.9516247051432707,2.2207642475645994
2719,13.595,5.320172316288485,3.3087612420739614,2.8504696688247853
2720,13.6,5.9442553548672326,3.912431548241404,3.660744650137856
2721,13.605,6.494032523211697,4.624860876812107,4.525312473849409
2722,13.61,6.955416698725315,5.30566973431789,5.32623795541027
2723,13.615,7.321053036120895,5.869373372684226,5.9921914448976885
2724,13.62,7.587049218536647,6.290610454926916,6.498771453310709
2725,13.625,7.750964326378009,6.583072597126473,6.849829044217049
2726,13.63,7.810583664544335,6.777536127806781,7.06012147462181
2727,13.635,7.763140624597185,6.905891686687896,7.146078741559421
2728,13.64,7.604770204012007,6.990569295822606,7.122385164018886
2729,13.645,7.330064575248407,7.039152256922052,7.001194061820598
2730,13.65,6.931661147435944,7.045322331808708,6.7923673035834975
2731,13.655,6.399853086339959,6.994826499198851,6.504184261893638
2732,13.66,5.722317731745039,6.871722210554589,6.144234438625993
2733,13.665,4.884321294650445,6.6614892794231,5.720136953786341
2734,13.67,3.870483271530893,6.351230540002468,5.239786197034094
2735,13.675,2.6712165842822637,5.928589287726814,4.710890003966118
2736,13.68,1.3023823058333672,5.380534381411227,4.139439510968951
2737,13.685,-0.1421321284081411,4.692604531535948,3.527065540633405
2738,13.69,-1.387217508200812,3.849295276590862,2.868519348288993
2739,13.695,-1.941851802308414,2.8374160622829456,2.1520920654214564
2740,13.7,-1.4877963073562657,1.6577266281963468,1.3681635525127214
2741,13.705,-0.309676132974551,0.35934102198245643,0.5380860542980965
2742,13.71,1.0940010432324545,-0.87135984545003,-0.21053600076939283
2743,13.715,2.431106848778601,-1.5547281080150466,-0.5122655799280187
2744,13.72,3.598306044627507,-0.9788734246445552,0.192747395170775
2745,13.725,4.575623656462444,0.8993821728514355,1.9334759393178138
2746,13.73,5.3706216727827325,3.004749958444238,3.843960847717714
2747,13.735,5.997252598029991,4.54325810631223,5.295293914763689
2748,13.74,6.468842344356855,5.454064345628853,6.25829281562483
2749,13.745,6.796093975215355,5.889726769977964,6.864141637192956
2750,13.75,6.986772506113304,6.015671626390986,7.219318022163421
2751,13.755,7.045915074575798,5.980304738123448,7.388774439180343
2752,13.76,6.97620211680978,5.9062649931084445,7.409237888168057
2753,13.765,6.778436711605743,5.884187484162037,7.300903839737473
2754,13.77,6.452256735518467,5.939090056245313,7.074613808094505
2755,13.775,5.997406995878035,6.0127999390218605,6.736736975976871
2756,13.78,5.416252023907086,6.030061873492842,6.292771655886757
2757,13.785,4.71885473741653,5.948100612161242,5.749978965787102
2758,13.79,3.932891136322669,5.750229724000669,5.1192284317801695
2759,13.795,3.12089626860597,5.431490282831336,4.416051113769411
2760,13.8,2.401929680532426,4.992737810543824,3.663131768544158
2761,13.805,1.9534608643659732,4.441519783936659,2.8957682950855537
2762,13.81,1.944743806478221,3.798843156649207,2.1663356820540356
2763,13.815,2.4142728762452133,3.1137659301898823,1.5469343674013536
2764,13.82,3.235634302922864,2.4877530648358275,1.1389236888391938
2765,13.825,4.222574627749212,2.0988471739032115,1.0857253278385266
2766,13.83,5.229707683086864,2.176224536056724,1.5465266810200617
2767,13.835,6.174105208956099,2.8497570017637615,2.574709052022575
2768,13.84,7.017201060616118,3.965551196418784,3.9822139182371714
2769,13.845,7.74459894278872,5.169267314770147,5.42874513263647
2770,13.85,8.353316027114767,6.187638988182485,6.657644066669101
2771,13.855,8.845056155218847,6.930106641832306,7.574365583221187
2772,13.86,9.222915544360726,7.419992851721938,8.190087808018244
2773,13.865,9.489819672819744,7.7244566561005055,8.560871731249094
2774,13.87,9.647784263189797,7.918406666991105,8.740976696744093
2775,13.875,9.697547936834592,8.065778973807339,8.76725718576106
2776,13.88,9.638354637130316,8.206100594409929,8.666463103403682
2777,13.885,9.467777169899408,8.345510382563415,8.460525780381914
2778,13.89,9.181531943736568,8.462916342589978,8.168176228041128
2779,13.895,8.773276099278155,8.529368272469211,7.803965636670991
2780,13.9,8.234433556918027,8.521882939003902,7.377644878331781
2781,13.905,7.554218434518365,8.425469826882996,6.898004887981368
2782,13.91,6.720337112457231,8.230051972176556,6.376999356038649
2783,13.915,5.721678564090922,7.927338871619364,5.830017635795333
2784,13.92,4.556467167890454,7.508816813434518,5.275700896536327
2785,13.925,3.2544803346726563,6.964700792021386,4.73548342738862
2786,13.93,1.929642781603266,6.283773938162928,4.223854870975234
2787,13.935,0.8633417538878143,5.4547021870363075,3.7333137650035733
2788,13.94,0.4830096588170865,4.470921502604701,3.2358502187112927
2789,13.945,0.9995298008472892,3.3448908587384265,2.7020931609597105
2790,13.95,2.135189932594876,2.145872949387068,2.1375259454119218
2791,13.955,3.470965276388464,1.0854708465816936,1.6646603537676747
2792,13.96,4.756701815950226,0.6300051455251925,1.6310852718158988
2793,13.965,5.897080925481016,1.3424585801817734,2.4816379385513665
2794,13.97,6.869834737879586,3.1111804969540504,4.129059440753091
2795,13.975,7.679175785167719,5.013903212177767,5.843885299646369
2796,13.98,8.336725663425518,6.428350325266466,7.149677502860609
2797,13.985,8.85462703716017,7.297595443940338,8.027727284774272
2798,13.99,9.24332326923074,7.746906958832593,8.587980107469978
2799,13.995,9.511024170716777,7.923245446788,8.924485273070575
2800,14.0,9.66374046705194,7.961560126229008,9.09762849462112
2801,14.005,9.705479588964325,7.973796615098489,9.142896777776716
2802,14.01,9.63846511160246,8.038441858742022,9.07982573054182
2803,14.015,9.46335053962198,8.171009766782525,8.918584647992725
2804,14.02,9.179453343108426,8.319882757979506,8.665459099383511
2805,14.025,8.785085719727748,8.423074319192393,8.326857941411777
2806,14.03,8.278138834095781,8.444933918602288,7.9117689651627465
2807,14.035,7.657231105222836,8.370956748530325,7.433142105454573
2808,14.04,6.924028260778053,8.19596859791764,6.907725567588983
2809,14.045,6.087870647840901,7.917833227083341,6.355359952654489
2810,14.05,5.174552666348291,7.5352124252127455,5.799670250818994
2811,14.055,4.241066042589102,7.047438716126622,5.2673569261868165
2812,14.06,3.3934612326833173,6.455929073296899,4.78287336199346
2813,14.065,2.7883198168712404,5.767640387312172,4.363484937554703
2814,14.07,2.5794566228812728,5.0020783719401685,4.019413519381293
2815,14.075,2.8154535882578493,4.204309252912162,3.759125045234318
2816,14.08,3.3985368725283487,3.465422994268047,3.6055489188898258
2817,14.085,4.162772850048497,2.9417107832750515,3.6245887380836486
2818,14.09,4.966752623071819,2.8333967567896576,3.9278539751580186
2819,14.095,5.723219715783944,3.26416692452976,4.584254031031142
2820,14.1,6.3878426933500805,4.123808716146901,5.494106285458818
2821,14.105,6.941404743289085,5.1104642284367285,6.426543772347386
2822,14.11,7.377267538355335,5.961062303547458,7.199345452222246
2823,14.115,7.69429810691741,6.567400484515783,7.750222150906504
2824,14.12,7.893198890935156,6.934174067280043,8.090218824077747
2825,14.125,7.974643524665512,7.1156223451265825,8.254382559255067
2826,14.13,7.938295529312108,7.178394383231103,8.277926697333207
2827,14.135,7.782220412762139,7.1815833815137164,8.188392206014777
2828,14.14,7.502432421928969,7.163302016392316,8.003335788128847
2829,14.145,7.092431691929645,7.131917862106425,7.731238858565771
2830,14.15,6.542646632290898,7.069694320629968,7.376349832036524
2831,14.155,5.839746973403951,6.948643126475901,6.943078874889126
2832,14.16,4.9659054845971164,6.74372422308411,6.437221232763569
2833,14.165,3.898451719612619,6.4359910578607,5.867373094584117
2834,14.17,2.611602160316428,6.010173409606063,5.246469819537086
2835,14.175,1.0861734607861366,5.451445873222086,4.586337608919516
2836,14.18,-0.653113438308482,4.74289670313827,3.8884613736379015
2837,14.185,-2.420355777019178,3.863866250721569,3.1431754501128135
2838,14.19,-3.650563243519185,2.7897156506339433,2.332047564598851
2839,14.195,-3.595230978228554,1.4958988816481265,1.4284458045424633
2840,14.2,-2.3627877285333043,-0.02310069270824222,0.41367365056355787
2841,14.205,-0.7355827025763186,-1.6849792340514487,-0.6640643625731615
2842,14.21,0.8060058848939615,-3.112375919462279,-1.5248175321964776
2843,14.215,2.122037153388743,-3.3108940377030365,-1.3928449656820305
2844,14.22,3.201965319286725,-1.3837635126155954,0.43698790393361087
2845,14.225,4.068321781088863,1.4339238984318774,2.958341578151436
2846,14.23,4.747538958537808,3.494234959032641,4.844335903830092
2847,14.235,5.262793737026781,4.645697806738561,5.997184945693715
2848,14.24,5.633167262331495,5.155086777357553,6.6640016991640305
2849,14.245,5.874488399132288,5.251248925174045,7.020955937447354
2850,14.25,6.000588844676209,5.12815283984232,7.166235041918111
2851,14.255,6.024691126459578,4.943520982779189,7.152587980982949
2852,14.26,5.960937613580483,4.827588155507585,7.009670923248899
2853,14.265,5.82611486231202,4.860821148428368,6.755126991377638
2854,14.27,5.64152687695922,4.995819334593797,6.400791678193036
2855,14.275,5.434685753263237,5.121657697914178,5.957532519397705
2856,14.28,5.239974492495911,5.181319425882802,5.439408737621554
2857,14.285,5.096859680817208,5.168122160386929,4.867518326964472
2858,14.29,5.044277693813463,5.097498292681988,4.272168245677481
2859,14.295,5.111539899942471,4.99565717114652,3.6945511422135606
2860,14.3,5.309361168921911,4.896728228129876,3.1919957518476543
2861,14.305,5.626391579330598,4.8408092507264415,2.8395631695828967
2862,14.31,6.033689602526921,4.868809181027729,2.7153225576090785
2863,14.315,6.494079969312687,5.0123529897774,2.875972757889982
2864,14.32,6.971017966097216,5.281243548860063,3.338386604869269
2865,14.325,7.433780390278409,5.6560857931507735,4.065360337469519
2866,14.33,7.858976104443603,6.093392797348676,4.963173135157544
2867,14.335,8.229841475897166,6.541575115331667,5.902843152818637
2868,14.34,8.534698322248888,6.957545417049895,6.76548498930104
2869,14.345,8.765363009934465,7.315253880498291,7.470209456740239
2870,14.35,8.91581352327366,7.605332801064775,7.969971077476865
2871,14.355,8.981163558206175,7.8297891616416475,8.25138850273707
2872,14.36,8.956891635440854,7.995593849658679,8.345481078967824
2873,14.365,8.838250487877238,8.109345272090522,8.297635331418384
2874,14.37,8.619790901768514,8.173976971418135,8.134864203036567
2875,14.375,8.29495569199102,8.187739599663274,7.8763553742610615
2876,14.38,7.855733282288573,8.144971369413435,7.541659192031844
2877,14.385,7.292424772466671,8.037624151856503,7.150042455351482
2878,14.39,6.593726465337434,7.8565637132653245,6.71783399587398
2879,14.395,5.747700542794832,7.592202969058354,6.252730916862355
2880,14.4,4.745157534329608,7.234538011890159,5.755275720531363
2881,14.405,3.589353193893544,6.772878916756196,5.225466233339581
2882,14.41,2.321064146163648,6.19562321607998,4.662792564519278
2883,14.415,1.0734460841405842,5.490561795988743,4.063496079050833
2884,14.42,0.1433695642053145,4.646747931147928,3.426389462477574
2885,14.425,-0.074597970508457,3.660508451390435,2.758838397795895
2886,14.43,0.549433451122343,2.55209795366776,2.0718581265778315
2887,14.435,1.7152439206168626,1.407616987884158,1.4075337623132085
2888,14.44,3.043619803078024,0.4656338015920163,0.9275607583149967
2889,14.445,4.317035064251093,0.20022212400726236,0.9886122336666157
2890,14.45,5.452721896446473,1.0806565698754698,1.9488786492534027
2891,14.455,6.431317424623716,2.858030278326722,3.6079415535938884
2892,14.46,7.256927793043443,4.663214208568813,5.282771874426607
2893,14.465,7.940479425764733,5.992858687394895,6.584928859224871
2894,14.47,8.49354204950273,6.820079310044573,7.505279702606172
2895,14.475,8.926267891431213,7.264966139292884,8.136182731435564
2896,14.48,9.246861937213232,7.466574888027829,8.556151065270917
2897,14.485,9.461587094417595,7.552256389758913,8.815146952659928
2898,14.49,9.574928945579895,7.626640552836663,8.942488535494345
2899,14.495,9.589785174468698,7.7585183672859594,8.955119539118769
2900,14.5,9.507640299468807,7.953394014564469,8.863357513226108
2901,14.505,9.32872905872973,8.1595279209416,8.67493500079661
2902,14.51,9.052220214358366,8.321917581466888,8.397773808985807
2903,14.515,8.676487954020363,8.410201489705084,8.041818508885097
2904,14.52,8.199601132345963,8.412384909795641,7.620021393136389
2905,14.525,7.620282828466044,8.32454294598822,7.148836323278556
2906,14.53,6.939826572848094,8.145340529979938,6.649745614943608
2907,14.535,6.165869661924718,7.873893508549403,6.150859713451781
2908,14.54,5.319504372549738,7.509248845876501,5.683844488334742
2909,14.545,4.447379610203393,7.050796453216316,5.275607877640228
2910,14.55,3.6376361477072754,6.4996323996662095,4.940586355561131
2911,14.555,3.026939827497083,5.861459406517026,4.676287407440178
2912,14.56,2.767554786021381,5.152286789601922,4.463428796782452
2913,14.565,2.941601144475496,4.408935923658978,4.277756972130113
2914,14.57,3.497415892107941,3.705956613461745,4.119003106550357
2915,14.575,4.291765021912775,3.1741488388918295,4.043735946664141
2916,14.58,5.180564836774004,2.994173315641694,4.167484738210262
2917,14.585,6.065516312257863,3.313727175939837,4.600106367167616
2918,14.59,6.893243148250195,4.100606350579099,5.330245181249664
2919,14.595,7.639649051240648,5.1135090385980915,6.193678889586771
2920,14.6,8.29661183085323,6.08049082943827,6.998844422426452
2921,14.605,8.863867160111777,6.8543268463978295,7.644708339506522
2922,14.61,9.344657680456272,7.410723348340632,8.118527440084932
2923,14.615,9.743545258499424,7.78983619247038,8.446536336766428
2924,14.62,10.065362192887545,8.054086180016608,8.661051459174175
2925,14.625,10.31474081473139,8.264852394272955,8.78691196409893
2926,14.63,10.49593232380257,8.468025473670167,8.839382875852657
2927,14.635,10.612769678251633,8.684071329527567,8.828393772096868
2928,14.64,10.66870332910846,8.907484239138727,8.762752974354134
2929,14.645,10.666876560149648,9.119010624196829,8.652047197814463
2930,14.65,10.610227128310536,9.299980627840608,8.509077778121535
2931,14.655,10.501612924873884,9.438490639734342,8.35139140601969
2932,14.66,10.343966024091262,9.528924879089617,8.196044507859654
2933,14.665,10.14048384549223,9.569674896777755,8.053614600167718
2934,14.67,9.894868818922845,9.561317298069335,7.931334497933942
2935,14.675,9.611628210967805,9.505568171945704,7.837053469413888
2936,14.68,9.296441407327375,9.40479486354293,7.777550602991205
2937,14.685,8.956588661442451,9.261864017120878,7.758739306416191
2938,14.69,8.601406599359569,9.080192847055912,7.7843536269324005
2939,14.695,8.242684464920845,8.863936970178859,7.847417419833084
2940,14.7,7.894839639917804,8.61828331701002,7.927491595032139
2941,14.705,7.574629382186988,8.349826682150185,7.9976869553249585
2942,14.71,7.300124309899969,8.066995265637999,8.033553081368582
2943,14.715,7.088784087478974,7.780450438593705,8.019593530335882
2944,14.72,6.954813450545746,7.503314703655961,7.952929646954716
2945,14.725,6.9064603683397525,7.2509872627520675,7.84431706054559
2946,14.73,6.944235318060809,7.04023175361127,7.715382479985385
2947,14.735,7.060822714874123,6.887266662706709,7.592054679341038
2948,14.74,7.242727353263429,6.804893123924978,7.497886620770148
2949,14.745,7.472939774310138,6.799297037504846,7.449881931340144
2950,14.75,7.733635097418229,6.867787808093304,7.456317407755131
2951,14.755,8.008197883057358,6.998786692856699,7.516204881411627
2952,14.76,8.282350202923553,7.17446044482949,7.620648020105648
2953,14.765,8.544519866869177,7.374988797632042,7.755933255893336
2954,14.77,8.785721124859569,7.582658794807257,7.907415427036776
2955,14.775,8.999198952243772,7.784360689237843,8.062652940477118
2956,14.78,9.18000853024522,7.972109936104207,8.212864096279883
2957,14.785,9.324624644457796,8.1420874126564,8.353031665624957
2958,14.79,9.430622483323326,8.293007649246789,8.480998472814562
2959,14.795,9.49644136582859,8.42452442872232,8.595352891046343
2960,14.8,9.521229261981986,8.53611027681212,8.693113907194672
2961,14.805,9.504761797729634,8.626552588856903,8.769297768060463
2962,14.81,9.447430003229687,8.693971994014731,8.818403751577984
2963,14.815,9.350293416408563,8.736141961525554,8.836272845420577
2964,14.82,9.215197367234683,8.750888529910846,8.821779774321715
2965,14.825,9.044953676440684,8.73643234388168,8.777651804074615
2966,14.83,8.8435805561944,8.691631742799327,8.709303094918466
2967,14.835,8.616587329732733,8.616148953224,8.622791788213071
2968,14.84,8.37126908147252,8.510584285776616,8.523637106838144
2969,14.845,8.116942531855546,8.376619744407506,8.416438599680909
2970,14.85,7.865008899226167,8.2171982722094,8.304756880169563
2971,14.855,7.628685751617072,8.03674461700993,8.191235996849924
2972,14.86,7.422241151261102,7.841407791166768,8.078047321871885
2973,14.865,7.259640153880498,7.639269088807717,7.967591091201552
2974,14.87,7.152712009138295,7.440410973949908,7.863270538999713
2975,14.875,7.1092259561428754,7.256687638161235,7.770066229192592
2976,14.88,7.131469135851706,7.10100490752458,7.694604371666086
2977,14.885,7.215859099492095,6.985960734386644,7.64448081692285
2978,14.89,7.353752620007603,6.921884227550649,7.626814381885108
2979,14.895,7.533138647069554,6.914652381026595,7.646347941483717
2980,14.9,7.740625099970451,6.96401955858877,7.70375897434867
2981,14.905,7.963173765870762,7.0632704429518265,7.79492979164424
2982,14.91,8.189290524795956,7.200575191991177,7.91157866419052
2983,14.915,8.409641454618486,7.361643725090056,8.043009081983262
2984,14.92,8.617221203691951,7.532671683438608,8.178234235296632
2985,14.925,8.807241040495207,7.7025628670821975,8.307713081123435
2986,14.93,8.976876888455477,7.86391755728988,8.424311272673977
2987,14.935,9.124968842942986,8.01287002040829,8.523526883305852
2988,14.94,9.251719361665565,8.148213312545769,8.60324597859579
2989,14.945,9.358406338336705,8.270312222216665,8.663302870783545
2990,14.95,9.447109507149555,8.380182529069739,8.705026600356247
2991,14.955,9.520441227794068,8.478923700910435,8.730857880818768
2992,14.96,9.581272841984354,8.567511510194407,8.744057112941865
2993,14.965,9.632453237439698,8.646836230959906,8.748488413886157
2994,14.97,9.676524941494453,8.717832600002776,8.748441032996636
2995,14.975,9.71545255510596,8.781576351150827,8.748433271963073
2996,14.98,9.750385683275349,8.839281797836533,8.752942540558594
2997,14.985,9.78148082731298,8.892190919839527,8.766027014753373
2998,14.99,9.807802246202012,8.94138087484017,8.790849228336448
2999,14.995,9.827311043157165,8.987534250926018,8.829166666815631
3000,15.0,9.836937572956147,9.030720546198918,8.880896255436795
3001,15.005,9.832718978111814,9.070232344298608,8.943867862539719
3002,15.01,9.80997514680324,9.104506905904216,9.013850094353174
3003,15.015,9.76349462162464,9.131144849100743,9.084869503045974
3004,15.02,9.68770658976336,9.147015877605899,9.149772049577692
3005,15.025,9.57682404704914,9.148422872669723,9.200916813973393
3006,15.03,9.424954276485645,9.131285660746826,9.230865563167015
3007,15.035,9.22618461866543,9.09130707117274,9.232944624835316
3008,15.04,8.974664622017649,9.024095042039606,9.201599871713494
3009,15.045,8.664722839865513,8.92523096659551,9.13252418683227
3010,15.05,8.29108359433601,8.79029104706562,9.022590051842846
3011,15.055,7.849296073525906,8.61484080772359,8.86965341387041
3012,15.06,7.336571278720246,8.394432933958365,8.672305569964175
3013,15.065,6.753362741493085,8.12464845580314,8.4296467222917
3014,15.07,6.106234026271714,7.801237438699758,8.141153547150653
3015,15.075,5.412750914077613,7.420447865737109,7.806728009329343
3016,15.08,4.708906845383542,6.979695454799694,7.427058727678334
3017,15.085,4.0576943522264886,6.478844630859999,7.004516131364915
3018,15.09,3.5518777139891955,5.922565981073943,6.544958653869362
3019,15.095,3.29663554316845,5.324499465885711,6.061044247422289
3020,15.1,3.364496354321956,4.714098092594901,5.577768911168023
3021,15.105,3.750637697214816,4.146253420208314,5.140340766006821
3022,15.11,4.375646699736327,3.709933633063259,4.82136903094377
3023,15.115,5.132462256373187,3.522364933754294,4.716463910407501
3024,15.12,5.929254664123357,3.686400928874828,4.910052771969256
3025,15.125,6.7041598815156185,4.213301528636154,5.41297772477235
3026,15.13,7.42137351994256,4.982964873038082,6.12992592492632
3027,15.135,8.062456552704326,5.810094427698286,6.911961701530183
3028,15.14,8.61908394005481,6.549761755285539,7.640131229468702
3029,15.145,9.088313159050388,7.139021498158847,8.256507638217958
3030,15.15,9.46979834139563,7.578233617900393,8.74689983496085
3031,15.155,9.76422371233154,7.900123841578544,9.116432976059919
3032,15.16,9.972436246621603,8.146763069800745,9.375214836244488
3033,15.165,10.094959793987412,8.35456486447345,9.532799754341754
3034,15.17,10.131707485079124,8.54476083745658,9.5970641672752
3035,15.175,10.081788003909844,8.720168419499032,9.574751632230942
3036,15.18,9.943344724999326,8.869937227018008,9.472447003686405
3037,15.185,9.713389634639045,8.978497561262081,9.29748311652034
3038,15.19,9.387605621360947,9.032056222712022,9.058599331376943
3039,15.195,8.96009717833164,9.020502182060454,8.766304238119542
3040,15.2,8.423076579301211,8.936655518849967,8.43292092172379
3041,15.205,7.76649020941787,8.774881615085102,8.07212091934654
3042,15.21,6.977642810190278,8.52990176321232,7.697471059158078
3043,15.215,6.041034840681513,8.195915381755263,7.3196733916795775
3044,15.22,4.939088699631356,7.765933784588352,6.942932757107811
3045,15.225,3.655782863231683,7.231219064190178,6.561488996509503
3046,15.23,2.1890524283351294,6.580782815753629,6.1574198506871465
3047,15.235,0.5875518584891122,5.8010217160740725,5.700790175121549
3048,15.24,-0.9597500806742972,4.875860373768316,5.152986027642009
3049,15.245,-2.0110671802275046,3.788581484069253,4.473412740873339
3050,15.25,-2.064312449374325,2.5288556570923237,3.6304028994561053
3051,15.255,-1.1700931111186763,1.1150989058635203,2.6229838391279516
3052,15.26,0.141640981887611,-0.34151270174455917,1.5345565760729336
3053,15.265,1.464126257138652,-1.4897712118692166,0.6522807267160369
3054,15.27,2.634242945204201,-1.6109617521451076,0.5692322289995646
3055,15.275,3.6127006309594103,-0.19022757062018592,1.7204282022196367
3056,15.28,4.4032381560375775,1.9821107430793745,3.488561645341582
3057,15.285,5.020761698755863,3.749169333480973,4.960839611138395
3058,15.29,5.480789835100413,4.825022245691555,5.930604214231396
3059,15.295,5.796459448816593,5.344817650826059,6.5240328746841705
3060,15.3,5.978045272097648,5.485873560652971,6.867673274818507
3061,15.305,6.033285833042373,5.411377566426055,7.038322504315187
3062,15.31,5.96798883670635,5.2588697881453035,7.076372648413226
3063,15.315,5.786826589433778,5.13786013057164,7.00175687468243
3064,15.32,5.49443927367784,5.1087550738788154,6.8238515824850765
3065,15.325,5.0971285527790124,5.140767062480099,6.547333384760921
3066,15.33,4.6056129948515085,5.151665132552254,6.175571213995212
3067,15.335,4.039490405200867,5.085003768859544,5.712388639964361
3068,15.34,3.43390214517653,4.919936780981457,5.163894990582631
3069,15.345,2.8474629596058088,4.654414768310345,4.540881212168017
3070,15.35,2.366141862870501,4.296146941482208,3.862605013125449
3071,15.355,2.091174523317713,3.8619537096538314,3.1643432970878735
3072,15.36,2.1017934652167707,3.3823348268338695,2.5050500516803593
3073,15.365,2.41115937214639,2.9095646348940454,1.9672732680577805
3074,15.37,2.958263310587249,2.525866421013988,1.6504761473146528
3075,15.375,3.645086926898326,2.3409469163288206,1.6587908715383155
3076,15.38,4.379883871861178,2.4596093989931647,2.066481392735165
3077,15.385,5.097021514595187,2.914883661815165,2.8588827134190717
3078,15.39,5.756659621845697,3.6194662228404435,3.900531219093409
3079,15.395,6.337290210865735,4.406708826696136,4.991316232998839
3080,15.4,6.828541597875565,5.127712002864993,5.961670267685197
3081,15.405,7.226177212968286,5.705797214407503,6.715947193123835
3082,15.41,7.52904584611397,6.129264350424134,7.227232999510507
3083,15.415,7.737335551987461,6.423424300245955,7.520362676357848
3084,15.42,7.851610949207695,6.627029411132493,7.638427335009714
3085,15.425,7.872304665575434,6.776408697431667,7.614635457696729
3086,15.43,7.799477956559197,6.895234187926436,7.473593585813515
3087,15.435,7.632761694823556,6.990007155871132,7.237254391601043
3088,15.44,7.371457513211378,7.052924474863449,6.926016943544747
3089,15.445,7.014841280553572,7.069802218314283,6.557690465268957
3090,15.45,6.562788451862842,7.0270117000907675,6.145054260250584
3091,15.455,6.016956437653596,6.9143428131946365,5.697692798809079
3092,15.46,5.382933940222783,6.724994047084318,5.227079196534117
3093,15.465,4.673984227881421,6.454741711032096,4.747983615893267
3094,15.47,3.91707803320841,6.1014238016457725,4.27731725084492
3095,15.475,3.161110358792434,5.665184166920523,3.8355169000825002
3096,15.48,2.4838444188130424,5.149781553837482,3.4445028622226346
3097,15.485,1.9870888756005844,4.56544589993869,3.1156644255585144
3098,15.49,1.766228699253039,3.934022415056989,2.8469341544078706
3099,15.495,1.860616186388966,3.297023486421851,2.6386319771248967
3100,15.5,2.2276682478590444,2.7253642389854402,2.50906988405379
3101,15.505,2.770151650558217,2.323262999699657,2.5037841931968683
3102,15.51,3.385678325023785,2.2077699266480693,2.6933309699572336
3103,15.515,3.996280939033301,2.447233491056692,3.126261862413042
3104,15.52,4.552622028157831,2.9913627119932906,3.7624332681049357
3105,15.525,5.026853807789219,3.6794361525369137,4.477077681212235
3106,15.53,5.404384995560706,4.3376404892163976,5.138791983010563
3107,15.535,5.677849437180974,4.8598888314250965,5.669676257106693
3108,15.54,5.843325839351348,5.215791982966664,6.046566971903985
3109,15.545,5.898100273407384,5.4225513841375,6.276212139884917
3110,15.55,5.8393407859679645,5.51748172994632,6.37499758289176
3111,15.555,5.663269056554688,5.539266132648153,6.358967329101798
3112,15.56,5.36458867117995,5.5156961905636015,6.240501691793758
3113,15.565,4.936056120630812,5.456768157019067,6.028246889527974
3114,15.57,4.368201542570326,5.3550516347375465,5.728362598828858
3115,15.575,3.649403972225738,5.192899310190587,5.345937422200027
3116,15.58,2.7669873234404623,4.950544431019776,4.885991420686527
3117,15.585,1.7112054356527708,4.610133603423448,4.353848349427325
3118,15.59,0.4870906047804712,4.155966911699085,3.7547221295517734
3119,15.595,-0.8539739814310234,3.5733644593853535,3.0926998980306064
3120,15.6,-2.144941213516405,2.84803138222939,2.369946358144254
3121,15.605,-3.0247673733943,1.9675319736576982,1.5872509266483537
3122,15.61,-3.0740761115533903,0.928061935827595,0.7481996811144009
3123,15.615,-2.2664012764099746,-0.24519231407760955,-0.1260288734501014
3124,15.62,-1.004130104511879,-1.4448711498096927,-0.9548417930655191
3125,15.625,0.3334222468488218,-2.3718390075598768,-1.5094813945304812
3126,15.63,1.5626275511957817,-2.4559516141327853,-1.3464968398889239
3127,15.635,2.624221377229574,-1.2583587305049297,-0.12847535314349834
3128,15.64,3.509985907648208,0.7093583649999982,1.717505330628037
3129,15.645,4.228237704608454,2.479935072495887,3.4028978400192806
3130,15.65,4.790663875033244,3.6758840515642115,4.625680086651089
3131,15.655,5.207763225128634,4.352238408170251,5.436670592617941
3132,15.66,5.4874254212357165,4.654158639758415,5.941514379561491
3133,15.665,5.634559492247101,4.728415028498983,6.219163611062843
3134,15.67,5.650983455758424,4.703105980007832,6.318925096169249
3135,15.675,5.535257240291212,4.6801688618134,6.270328248630504
3136,15.68,5.282291624940475,4.718250157152515,6.091103248384267
3137,15.685,4.8825777896698455,4.801354207724492,5.792248456650598
3138,15.69,4.320801173296739,4.861285761495615,5.381296928353967
3139,15.695,3.573397969064072,4.839374398403466,4.864494215401146
3140,15.7,2.604147527951316,4.703640279529858,4.248423726707449
3141,15.705,1.3557737072215224,4.4362535645314845,3.54073524746407
3142,15.71,-0.2674884759667297,4.021957565105825,2.7501738864514294
3143,15.715,-2.440869468418757,3.4412996410971486,1.8872026852694384
3144,15.72,-5.534853558989728,2.665357675801638,0.9620588399378578
3145,15.725,-10.551016540745035,1.648796248202916,-0.02667111772643338
3146,15.73,-20.47334490187554,0.31728842811480007,-1.11365073960161
3147,15.735,-13.09218983271001,-1.4592920610123032,-2.3977391543152864
3148,15.74,-6.814476030044133,-3.932993589534691,-4.102088413771908
3149,15.745,-3.1930684632464907,-7.676007269448602,-6.738317844985975
3150,15.75,-0.7108822922946119,-14.378832122507665,-11.748452976842126
3151,15.755,1.1325343874895373,-29.227633222107855,-23.419732438634092
3152,15.76,2.5590838531983047,0.14849926515050882,0.6282262411865993
3153,15.765,3.685863881918855,5.044622675945907,4.838591407074331
3154,15.77,4.581852267637413,5.82229839707685,5.630218077073654
3155,15.775,5.290809046286387,6.374728544515715,6.1170453572818975
3156,15.78,5.841961710101567,5.924011474947635,6.399266312533764
3157,15.785,6.255533459932331,5.098845428074829,6.5743483093484825
3158,15.79,6.545835963957672,4.257263764506008,6.645187196832207
3159,15.795,6.72311051847484,3.520469066067644,6.612607693125769
3160,15.8,6.794684093906208,2.7799552846537403,6.483841556609967
3161,15.805,6.7657345615378,4.012674023648829,6.2476573775553295
3162,15.81,6.63983147720257,4.947715459582535,5.892726234259993
3163,15.815,6.4193575545329935,5.455669056367325,5.419528199695872
3164,15.82,6.105889528296889,5.740439655298449,4.816135769072444
3165,15.825,5.700612520490971,5.871228723003389,4.102702089208215
3166,15.83,5.204854948981533,5.879108367059182,3.3222421553049744
3167,15.835,4.620860725869497,5.780391338860024,2.4528937296011866
3168,15.84,3.952959315646396,5.584503328889253,1.5036790873073929
3169,15.845,3.209335072920936,5.2973669522024895,0.6424914882549011
3170,15.85,2.4045733676737973,4.923247875220228,0.06054452655283882
3171,15.855,1.5629076143109848,4.46611238023105,-0.2534194168656292
3172,15.86,0.7212912015728403,3.931005851622301,-0.15878074079768378
3173,15.865,-0.0702054328346851,3.325806617366072,0.2838591457323911
3174,15.87,-0.7548842423025708,2.663653317462527,1.0622190645304226
3175,15.875,-1.285589697222823,1.9661955175580674,1.613974734317353
3176,15.88,-1.6453510804354712,1.2672698953646564,1.9387670289203278
3177,15.885,-1.858442417195932,0.6151708415600723,2.0345367332734754
3178,15.89,-1.9825954984839944,0.0691761678054803,2.001542127736778
3179,15.895,-2.089754093137416,-0.3156082048511992,1.4099444049469758
3180,15.9,-2.2500133529054684,-0.5155919894046921,1.036355824222707
3181,15.905,-2.525707411265082,-0.5628689590983278,0.8592296806029056
3182,15.91,-2.973999264015463,-0.5416234960688895,0.6446141193684145
3183,15.915,-3.6544554820127,-0.5541795092306936,0.42363262293548765
3184,15.92,-4.6401935617973225,-0.6851930186612805,0.0960140326002179
3185,15.925,-6.0332643177832646,-0.9882170389873286,-0.334055907087226
3186,15.93,-7.980247099328681,-1.493062790035438,-0.8274983288828492
3187,15.935,-10.617304053407308,-2.2220063121356795,-1.4658524438579068
3188,15.94,-13.312302377457266,-3.208015740620624,-2.3606151748260924
3189,15.945,-12.6952735241911,-4.514390431445147,-3.5375553043525123
3190,15.95,-9.144078923171424,-6.257056240321875,-5.064052646687292
3191,15.955,-5.819096011299097,-8.618344743018973,-7.148896175042591
3192,15.96,-3.174130008136587,-11.703036425501603,-9.942956060664653
3193,15.965,-1.060052291128673,-13.95039207957229,-11.83500322510128
3194,15.97,0.6635781201096904,-8.81366480160944,-7.587412819278381
3195,15.975,2.090358406330445,-1.4715389360842153,-1.5617424522317878
3196,15.98,3.2815642428190417,1.5572394914144012,1.0316669707609032
3197,15.985,4.278289922759432,3.020332628777791,2.567697000195051
3198,15.99,5.108815570184521,3.6391548874974005,3.3366511299204324
3199,15.995,5.792945721642788,3.734979528279883,3.88805692227463
3200,16.0,6.344604325914824,3.6136772387105447,4.413283946483478
3201,16.005,6.773415619043645,3.475816064353084,4.821919099161857
3202,16.01,7.085670170252115,3.496251583377213,5.13876396115152
3203,16.015,7.284894571135516,3.9788694458712115,5.356258346567355
3204,16.02,7.372142306064637,4.7442658727766185,5.451875270552694
3205,16.025,7.346062799853944,5.389574073619433,5.407263979674424
3206,16.03,7.202763992417335,5.864093304579757,5.210466874016959
3207,16.035,6.93544834920962,6.189524412590426,4.861971282903854
3208,16.04,6.533764126682218,6.38383941942923,4.375934463294553
3209,16.045,5.982766329884028,6.45691021745094,3.7671964280726042
3210,16.05,5.261325353003635,6.41239275475057,3.0636743880697574
3211,16.055,4.33979174438281,6.249021312374802,2.3385579159598073
3212,16.06,3.17693324157307,5.961015901531449,1.6899083553987184
3213,16.065,1.717661920260856,5.53775889705022,1.1813966699442857
3214,16.07,-0.0988189866330804,4.962770160139542,0.8474323841956979
3215,16.075,-2.269700162482894,4.211872497556518,0.6726987736251449
3216,16.080000000000002,-4.3880147898475785,3.2504065347333517,0.5589850756813011
3217,16.085,-4.998965459871294,2.029827159950389,0.2963624673681142
3218,16.09,-3.3132189763524784,0.4870155515474863,-0.31578363638170437
3219,16.095,-0.857581700029359,-1.4346107832067823,-1.3826328848941305
3220,16.1,1.3856161759604515,-3.6439445297489055,-2.8705706016467074
3221,16.105,3.2564496049887297,-5.248657796655072,-4.1083526887027855
3222,16.11,4.797606942699039,-3.5932446552347237,-2.844903645656955
3223,16.115000000000002,6.071026481265767,1.1581755560787963,0.9316563662257638
3224,16.12,7.126783111820403,4.588965196624751,3.6629087043697908
3225,16.125,8.001792715718237,6.350461012620495,5.094587651673878
3226,16.13,8.722872566056525,7.194789991849147,5.905000845065812
3227,16.135,9.30957751124703,7.470886982256153,6.413692748287146
3228,16.14,9.776249855346489,7.446937513766702,6.776214219031479
3229,16.145,10.133420622262108,7.330993930110399,7.0449349543027955
3230,16.15,10.388758087333798,7.287171896045754,7.220014918575533
3231,16.155,10.547712549022393,7.486164971275562,7.30305056695269
3232,16.16,10.61395870133458,7.9425128092103225,7.3007513601721525
3233,16.165,10.589704132916683,8.42867663514481,7.204752479482568
3234,16.17,10.475913271015704,8.818369635001998,7.014965357900776
3235,16.175,10.272488198512866,9.093487665511603,6.794597244751406
3236,16.18,9.97845112648713,9.261121112343316,6.580921869148776
3237,16.185,9.59219146416421,9.329888395044351,6.333055359002782
3238,16.19,9.111882621521458,9.306036723139368,6.038678685756668
3239,16.195,8.536258348418706,9.193386223974468,5.735404674505915
3240,16.2,7.866097278743379,8.99384473656977,5.429706225470802
3241,16.205000000000002,7.107037741769879,8.707945913646691,5.179824318603092
3242,16.21,6.274726037182879,8.335418944344914,5.082504969850785
3243,16.215,5.403485669236368,7.875955592667365,5.147236674941736
3244,16.22,4.558333334532182,7.330475014330511,5.322137488901338
3245,16.225,3.843920929995307,6.703413242898498,5.511850505693128
3246,16.23,3.391361712293825,6.006941102646845,5.603765479426713
3247,16.235,3.303605399932787,5.268473461527417,5.543745561783235
3248,16.240000000000002,3.5880411200203035,4.542713185215491,5.333042759110031
3249,16.245,4.151005001391263,3.9262190747098598,5.021967679786968
3250,16.25,4.86130383436358,3.5605619476132313,4.7527160727318405
3251,16.255,5.609650240642139,3.59065581761248,4.73084039746722
3252,16.26,6.326520483380417,4.0607515333559645,5.034906213045616
3253,16.265,6.974715572860134,4.8365993728703485,5.572996811671491
3254,16.27,7.537181968687051,5.682208416453921,6.17701681891986
3255,16.275,8.00786016957293,6.413077215065903,6.717628108076728
3256,16.28,8.386174649411712,6.955417240117656,7.150615675984599
3257,16.285,8.674019404514246,7.315679040619731,7.4770974801350825
3258,16.29,8.874190700826249,7.5380189889366935,7.70325287669329
3259,16.295,8.989604454469255,7.676315858716645,7.838248808740367
3260,16.3,9.022927421857208,7.777251317891203,7.89635777360869
3261,16.305,8.97642526328917,7.8691318960456424,7.886377202975967
3262,16.31,8.851926460718785,7.9570827617569115,7.81544555913676
3263,16.315,8.650853234530832,8.028617392702262,7.7118944031790555
3264,16.32,8.37430009267783,8.065748492674118,7.606198213608663
3265,16.325,8.023159428959037,8.05378624792756,7.486869354171728
3266,16.330000000000002,7.598308605996495,7.983588358004351,7.332161821595273
3267,16.335,7.100888668603647,7.850371710657512,7.137533179789838
3268,16.34,6.532724423995465,7.652010975390463,6.891217142672094
3269,16.345,5.896960890536821,7.387844827345087,6.59228804996113
3270,16.35,5.199020038755966,7.058054071729023,6.283613738867034
3271,16.355,4.448001224746863,6.663467355255262,5.9947152420376195
3272,16.36,3.658617971303277,6.205688859297776,5.728990579986963
3273,16.365000000000002,2.8535865015459394,5.687521135596997,5.482091080599774
3274,16.37,2.065890496456188,5.113726415644349,5.240522881718356
3275,16.375,1.3394113614850156,4.492222724281943,4.983858660025695
3276,16.38,0.7253943225972915,3.835826773369202,4.692935603184223
3277,16.385,0.2726687967178499,3.1645666406070028,4.358400222257596
3278,16.39,0.0134910047425572,2.508239698441558,3.987236068449132
3279,16.395,-0.0472992546569355,1.9080487604517193,3.6061822184829087
3280,16.4,0.0682018294624017,1.4147507159856838,3.259837388552391
3281,16.405,0.3223202202633508,1.0797677846827427,3.000201705503688
3282,16.41,0.6756265469437618,0.938084729345416,2.868536048503504
3283,16.415,1.0958467576958424,0.9899381885087646,2.877803888564851
3284,16.42,1.560433199404145,1.1960696187772433,3.0076042018957843
3285,16.425,2.0550939963146515,1.4944609785572869,3.216649125106725
3286,16.43,2.570893350592925,1.8271312272636204,3.463057681464724
3287,16.435,3.101510593171036,2.1582338946589665,3.7177828848815357
3288,16.44,3.6413067242325954,2.4767330624916033,3.9666837820129137
3289,16.445,4.184296195348962,2.789158651746654,4.206163268868002
3290,16.45,4.723853975641158,3.1096857868235817,4.437803590722546
3291,16.455000000000002,5.252889620776888,3.451601653013139,4.6644988710257005
3292,16.46,5.764227367633119,3.821790425069544,4.888381552876739
3293,16.465,6.250998668929281,4.218832323310109,5.109635700166792
3294,16.47,6.706939305023051,4.634431812097347,5.325624719291349
3295,16.475,7.126556093752294,5.056735472354378,5.53112755794665
3296,16.48,7.505174387547216,5.473615172648525,5.720169688207976
3297,16.485,7.838897966748759,5.874714303248752,5.888379169038204
3298,16.490000000000002,8.124515799305843,6.252144047483427,6.03486217565734
3299,16.495,8.359384242091215,6.600296067424485,6.1631011083287985
3300,16.5,8.541304879974179,6.915275947746911,6.279985285786175
3301,16.505,8.668410693806024,7.194290514001935,6.393103595111063
3302,16.51,8.739067893724041,7.435152304178672,6.507950022371325
3303,16.515,8.751797724159728,7.635950021864069,6.626079466501503
3304,16.52,8.70522162849839,7.794869468978536,6.744267675199802
3305,16.525,8.59803417022219,7.910121806686149,6.854732942647345
3306,16.53,8.429011108808266,7.979933170147703,6.946458554761886
3307,16.535,8.197065466417076,8.002560763377588,7.007274371196865
3308,16.54,7.901373211873365,7.9763163124276755,7.0260512834811735
3309,16.545,7.541603754973415,7.899592215693842,6.994394272183129
3310,16.55,7.118310494008279,7.7708968155460365,6.907480559160454
3311,16.555,6.633564090269912,7.588913753512887,6.763973995317033
3312,16.56,6.09194250213471,7.352608693101361,6.565242333215615
3313,16.565,5.502009861615267,7.061417630785366,6.31437156613247
3314,16.57,4.878369195088331,6.715567406334723,6.01547927069334
3315,16.575,4.244142357495207,6.316603154306328,5.673564165962263
3316,16.580000000000002,3.6331184383179256,5.868229074665029,5.294905397793504
3317,16.585,3.089713608873337,5.377599122083907,4.8880100364020285
3318,16.59,2.6638887699035023,4.857189558132243,4.465170040590059
3319,16.595,2.399277729204296,4.327254825961774,4.044613612972767
3320,16.6,2.317928323258206,3.8184189400222177,3.6528318027904048
3321,16.605,2.410947373748768,3.3729163393101245,3.325777059566278
3322,16.61,2.642345577889724,3.0413999747714007,3.106339827113203
3323,16.615000000000002,2.9629649888967045,2.8715179572264926,3.0349512450029668
3324,16.62,3.3247082871412674,2.8882586267322234,3.1332762044419047
3325,16.625,3.688644107854533,3.076038447214886,3.3891334794538808
3326,16.63,4.026929943561036,3.3788626199397784,3.756010565444331
3327,16.635,4.3213359658927,3.722828573359064,4.170730921705473
3328,16.64,4.5607673617624815,4.044455915065348,4.575916943572686
3329,16.645,4.738981948310687,4.306279611969202,4.932336417880409
3330,16.65,4.852863006217168,4.496736566838605,5.219081447808905
3331,16.655,4.901232533260177,4.621835248529148,5.428023004196232
3332,16.66,4.884080850690854,4.695476232210433,5.558135375836829
3333,16.665,4.802087319049189,4.73158468064576,5.611757673866907
3334,16.67,4.656336296189535,4.739164423687729,5.59274458012136
3335,16.675,4.44816335775248,4.720680377221539,5.505840937721167
3336,16.68,4.17909159500378,4.673354235581852,5.356674826639079
3337,16.685,3.850836626337108,4.591875991878926,5.151973661199198
3338,16.69,3.4653741529804583,4.47082386139198,4.899771924741483
3339,16.695,3.02507824096482,4.305981865543359,4.609469544256239
3340,16.7,2.5329548035339453,4.094695852432488,4.291629409040206
3341,16.705000000000002,1.9930155028840824,3.8357406816860147,3.957399698103418
3342,16.71,1.4108636649165385,3.529069006988153,3.617486369171335
3343,16.715,0.7945922026395984,3.1756303113526023,3.2807600043115213
3344,16.72,0.1561067114548798,2.7773371475140203,2.9528188611081205
3345,16.725,-0.4870646645716728,2.337218529655726,2.635005650002367
3346,16.73,-1.1096378686861574,1.8598084409540605,2.3244016957185143
3347,16.735,-1.6768439701752045,1.351846682631134,2.0151828481951832
3348,16.740000000000002,-2.144799029406524,0.8233992042504186,1.7013998168699649
3349,16.745,-2.4654712808619497,0.28949830948336785,1.3808109260364452
3350,16.75,-2.597651144621256,-0.22772708629540528,1.0590447805771452
3351,16.755,-2.5207977537952746,-0.6968868705262619,0.7531252605390932
3352,16.76,-2.243591827935356,-1.0765277322794393,0.49290715636202
3353,16.765,-1.8007175143062502,-1.318459284740432,0.31813385196332256
3354,16.77,-1.2403500118320352,-1.3784413036887377,0.26874237326457884
3355,16.775,-0.6108881364358406,-1.2339516830295425,0.3691047372689269
3356,16.78,0.0470649135465408,-0.9001298653571874,0.6137795794199752
3357,16.785,0.7030422834311263,-0.4297070715969804,0.9663221430275666
3358,16.79,1.3357193004372374,0.10695058149379832,1.3742041068580058
3359,16.795,1.930787675132528,0.6476332691838689,1.7885028131362661
3360,16.8,2.4788776687890173,1.153359574905596,2.1752604203709356
3361,16.805,2.9739295176505784,1.6092461288929698,2.516196185460977
3362,16.81,3.4120416213915146,2.0173578148853943,2.8041503410620896
3363,16.815,3.7907009476518194,2.387829973956832,3.0382191826955305
3364,16.82,4.108288947977499,2.7314311300123153,3.220439868551126
3365,16.825,4.363778991860019,3.0547752896574902,3.3539652737586074
3366,16.830000000000002,4.556568849924957,3.358615482598,3.4421893679973827
3367,16.835,4.686415195084961,3.638856613402166,3.488469819053025
3368,16.84,4.753455567033597,3.8889578124620776,3.4963180006021375
3369,16.845,4.758318203044692,4.102176846820647,3.4699162412874633
3370,16.85,4.702333098782125,4.2728678116895855,3.4146978188247283
3371,16.855,4.587869132106648,4.396903285098869,3.3376666469958387
3372,16.86,4.418830308376343,4.471632431467913,3.24715489532785
3373,16.865000000000002,4.201342899351474,4.495724623366318,3.151871106970434
3374,16.87,3.944639899956992,4.46909102411718,3.059425224085956
3375,16.875,3.662072911534086,4.392969500856076,2.9748246260732323
3376,16.88,3.372017571554136,4.27021210657103,2.899511276862423
3377,16.885,3.0981690357558964,4.105799302393704,2.83140898514399
3378,16.89,2.8684325006313416,3.907588774705128,2.7662494230176295
3379,16.895,2.711604093314226,3.6872549221630244,2.700093656082808
3380,16.9,2.65178719117296,3.461244162863749,2.632478542525905
3381,16.905,2.70209542867104,3.2513157161276904,2.5691843515633264
3382,16.91,2.8605782158929287,3.0838680050980734,2.523397736157024
3383,16.915,3.110719757694428,2.98697766875358,2.514072805322381
3384,16.92,3.4262058974273764,2.984461847418054,2.560865738589797
3385,16.925,3.7772831324286456,3.0879672148572204,2.676672503964879
3386,16.93,4.135946686000295,3.2906740455751606,2.8611153367520172
3387,16.935,4.478771059008954,3.567159906780975,3.0990539467136493
3388,16.94,4.787672099437628,3.880804222170305,3.3653998975767507
3389,16.945,5.049453591514316,4.19483100926937,3.633108873811287
3390,16.95,5.25488994275297,4.481064916131396,3.87966302169691
3391,16.955000000000002,5.397797063477191,4.723262954526168,4.089717637103118
3392,16.96,5.474299062543008,4.915708288767583,4.254625572561276
3393,16.965,5.482363048722071,5.059424552217839,4.370655294649683
3394,16.97,5.421622472412598,5.158095975552406,4.4372068580959505
3395,16.975,5.293505255850879,5.214953451867139,4.455510192515563
3396,16.98,5.10169953308866,5.231185764783594,4.427803160226455
3397,16.985,4.853004689775723,5.2058672042069425,4.3568724527662015
3398,16.990000000000002,4.558596909897624,5.136942638063253,4.24594380816204
3399,16.995,4.235628193352476,5.022647753632939,4.0989958036054235
3400,17.0,3.908782742494471,4.862931893145297,3.921495827255543
3401,17.005,3.6108603845847016,4.660788986259746,3.721415986786239
3402,17.01,3.3808042343565154,4.42363038752853,3.5103249406449546
3403,17.015,3.2575995518168988,4.16483833374056,3.3043549976554996
3404,17.02,3.270364057970649,3.9053927451370765,3.124841192061514
3405,17.025,3.4286172286931165,3.6749122872779387,2.9982784190882374
3406,17.03,3.718694142467161,3.510589328519684,2.954725258024416
3407,17.035,4.108862736539715,3.451789353762754,3.0231522891547575
3408,17.04,4.55954617472597,3.5289889412478717,3.2227729186319998
3409,17.045,5.032701068921307,3.7499298345879533,3.552591289875937
3410,17.05,5.497073645720516,4.091526751458935,3.985812138374369
3411,17.055,5.929549063962165,4.505665626579473,4.475354598941257
3412,17.06,6.31427694521102,4.936807906449006,4.968508238406305
3413,17.065,6.641049342519248,5.339750015593112,5.421244116687052
3414,17.07,6.903737524726502,5.688213363630699,5.804882365243199
3415,17.075,7.099087458323189,5.973892367035711,6.105294791734856
3416,17.080000000000002,7.225920720115178,6.2005188930493516,6.318744396160274
3417,17.085,7.284699853981737,6.377054831915005,6.447699671519016
3418,17.09,7.277407567482984,6.512210300355215,6.497924019371652
3419,17.095,7.2077063509491825,6.611235707960866,6.476867408712755
3420,17.1,7.081362394203347,6.6752058155760325,6.392984825440077
3421,17.105,6.906916538463509,6.70226409843373,6.255619303671217
3422,17.11,6.696543069856194,6.689719257232056,6.0751933688204485
3423,17.115000000000002,6.46692380821014,6.635980626403516,5.863532369885641
3424,17.12,6.239755170003297,6.5419324387687645,5.6341849419833405
3425,17.125,6.041234796450183,6.411872493554324,5.402624532143881
3426,17.13,5.899737835375264,6.2542830261651705,5.1862295273681855
3427,17.135,5.841287405248449,6.0825507100030265,5.003968305997524
3428,17.14,5.883640691484006,5.915451220965525,4.8757328199206516
3429,17.145,6.031322866435835,5.776829084752603,4.821170698190344
3430,17.150000000000002,6.274240892413058,5.693554661714996,4.85764219067626
3431,17.155,6.590694761415811,5.690899228645715,4.996864392246374
3432,17.16,6.953043250165339,5.785538828466732,5.240439646784973
3433,17.165,7.333264427536266,5.978589719977113,5.575951773966408
3434,17.17,7.706617126214605,6.252831739151851,5.976513160447129
3435,17.175,8.05314520855369,6.576932196954306,6.405551315706793
3436,17.18,8.35766219977131,6.914961542205329,6.825169105025962
3437,17.185,8.60898629391362,7.2359848677967396,7.2038537816707375
3438,17.19,8.798967074618053,7.519430835362441,7.520318407427496
3439,17.195,8.92158328984539,7.755481670828464,7.763317931825014
3440,17.2,8.972215899672928,7.942231308175422,7.929270083383903
3441,17.205000000000002,8.947114031972335,8.081765547118566,8.019510993735533
3442,17.21,8.843043302558758,8.17668179775731,8.038111587551509
3443,17.215,8.657111406813845,8.227842144904656,7.990443322568756
3444,17.22,8.386793388683667,8.233563905459564,7.882372888772647
3445,17.225,8.03022892199111,8.189960837648211,7.719904392153376
3446,17.23,7.586946631032485,8.091857663009186,7.509088254268759
3447,17.235,7.059302934666284,7.933741383160647,7.256023128346392
3448,17.240000000000002,6.455113076817422,7.710497895613106,6.966811486385456
3449,17.245,5.792133554790037,7.417984550082334,6.6474065893395995
3450,17.25,5.104882602822923,7.053683384417173,6.303421997159786
3451,17.255,4.452711516535036,6.617800083938735,5.940198334037475
3452,17.26,3.92329577441785,6.115311105063717,5.563717807112836
3453,17.265,3.6188499808075343,5.559656650891374,5.1832062398313585
3454,17.27,3.616295886027046,4.978888184118162,4.816285625461397
3455,17.275000000000002,3.922815458796216,4.424434132149042,4.496869214437538
3456,17.28,4.471186164520323,3.9794027140551433,4.283205460188345
3457,17.285,5.160292288531173,3.7549998036970553,4.2565718947913895
3458,17.29,5.8984419046538346,3.854830231785133,4.493873800575842
3459,17.295,6.621538030274939,4.304534900028517,5.011670675238735
3460,17.3,7.291523997189251,5.005710902777117,5.728987179649455
3461,17.305,7.888490793318784,5.785064950992602,6.506146851305323
3462,17.31,8.403472150162044,6.494737655207903,7.223880569849282
3463,17.315,8.83356234911781,7.062736393858864,7.821048507730379
3464,17.32,9.178995638680457,7.48174312482011,8.282688885919354
3465,17.325,9.44151154809756,7.780030283448849,8.616079849961393
3466,17.330000000000002,9.623486766845494,7.998060459592205,8.835063551397873
3467,17.335,9.727509393466033,8.172943933303905,8.95332111715453
3468,17.34,9.756210903061294,8.328483662344393,8.982589299916278
3469,17.345,9.712257420889946,8.47112036404529,8.932950242138244
3470,17.35,9.59845292147525,8.593470701506483,8.813795038863837
3471,17.355,9.417937201232258,8.682677070857265,8.634848403422183
3472,17.36,9.174479276005073,8.727293639485719,8.406994464937934
3473,17.365000000000002,8.872875428129,8.719916413697337,8.142813588075468
3474,17.37,8.519458904045559,8.657003948938927,7.85681828650114
3475,17.375,8.12270848992901,8.5379178699534,7.56528912674575
3476,17.38,7.693893829528492,8.364164722305324,7.285378014427842
3477,17.385,7.2476029196947165,8.139062523044501,7.033205029813251
3478,17.39,6.801861904490752,7.86778636477801,6.82127228658809
3479,17.395,6.377426397646638,7.55769491790487,6.656073739142605
3480,17.400000000000002,5.9958302766586815,7.218823723823773,6.536836063343131
3481,17.405,5.676116286752681,6.86437717183993,6.456182504456122
3482,17.41,5.4309049839694605,6.510934067140124,6.4030732566502255
3483,17.415,5.263221714158156,6.177921683872984,6.3671418052255895
3484,17.42,5.165566555652603,5.885817902348079,6.342229810518788
3485,17.425,5.121723936589683,5.652744194984047,6.32721416123683
3486,17.43,5.110428279836764,5.489866550823326,6.323924813909473
3487,17.435,5.109323345544721,5.39720538217899,6.33325162226541
3488,17.44,5.098016450783685,5.362177716637168,6.351333545835475
3489,17.445,5.059861210912823,5.36230359663693,6.3683067058729925
3490,17.45,4.98273933767065,5.371151866267219,6.370638752026661
3491,17.455000000000002,4.859344431195469,5.364716112190547,6.345123667203115
3492,17.46,4.687429103572674,5.32563213110115,6.281832356421491
3493,17.465,4.470332413177054,5.244400869593423,6.175020465335096
3494,17.47,4.217924587462573,5.118365305547756,6.022711434526221
3495,17.475,3.9478463845252505,4.949770131151062,5.8261635406056484
3496,17.48,3.686477517038613,4.744070742706591,5.5898852304758995
3497,17.485,3.468415422055501,4.509239766958,5.322192406396326
3498,17.490000000000002,3.3327410953960817,4.2563639283667705,5.03613092549779
3499,17.495,3.315017456968928,4.001344597560611,4.750513985317506
3500,17.5,3.4367661210909257,3.766973326000161,4.490470484635732
3501,17.505,3.697666530347416,3.5839885637720466,4.286742369361258
3502,17.51,4.07562767273952,3.4889899626037426,4.172974301093799
3503,17.515,4.534641419578564,3.517007902439957,4.179783010439146
3504,17.52,5.035177519601282,3.6887962361134488,4.3251666146302625
3505,17.525000000000002,5.54192944712542,3.998289747931885,4.6049533400798355
3506,17.53,6.027247476545659,4.409755230728664,4.990548086284208
3507,17.535,6.47133955750485,4.869351215122839,5.437367471200216
3508,17.54,6.8609412463151545,5.324108504800356,5.8985742812534925
3509,17.545,7.187642642284394,5.736290685050578,6.335496398485941
3510,17.55,7.446429374221076,6.087541439067477,6.721049928549856
3511,17.555,7.634601644990101,6.375255034741035,7.038245410034309
3512,17.56,7.751062956433516,6.60591742898884,7.277312801343775
3513,17.565,7.795922130463852,6.78868707881922,7.433461338670007
3514,17.57,7.770358130792228,6.930779766944684,7.505648753204651
3515,17.575,7.67672080311125,7.0352731100268135,7.496022129966199
3516,17.580000000000002,7.518865744144373,7.101241051106659,7.409639838836931
3517,17.585,7.302738341617485,7.125390435267333,7.254251033633251
3518,17.59,7.037217294224432,7.104043514493892,7.04006141109792
3519,17.595,6.735176381012112,7.034683053513481,6.779481584941353
3520,17.6,6.414583880449271,6.916922604939847,6.486854544063227
3521,17.605,6.099191868007195,6.753157495354385,6.178138749915442
3522,17.61,5.818006489802453,6.549204210573912,5.87053073373946
3523,17.615000000000002,5.602529521090983,6.315107120089324,5.582066023415713
3524,17.62,5.481269085555911,6.06608568972593,5.331288090406592
3525,17.625,5.472640830850899,5.823298970862283,5.136998195521428
3526,17.63,5.579335083570548,5.61367850127254,5.01779848841878
3527,17.635,5.7873854416272845,5.46764037919822,4.99069474682878
3528,17.64,6.070522587178509,5.413539454345473,5.067851926117683
3529,17.645,6.397180037383765,5.469141364915694,5.251456179365189
3530,17.650000000000002,6.736718643266882,5.633335681971979,5.528815494837702
3531,17.655,7.063054879462767,5.883520101438765,5.871609809360543
3532,17.66,7.355780473760955,6.1818515058201,6.241560176626786
3533,17.665,7.599722847098538,6.4873386266218995,6.600001256452726
3534,17.67,7.78385588762225,6.766816629759214,6.915963751397561
3535,17.675,7.900116854807456,7.000056182321263,7.169445654094256
3536,17.68,7.942373739293576,7.17901934068992,7.3504372573670835
3537,17.685,7.905605660984306,7.3038621530472465,7.456053156005403
3538,17.69,7.785278967215108,7.378220633734697,7.487640457292171
3539,17.695,7.576879344336428,7.405344425284,7.448655944103357
3540,17.7,7.275566235175285,7.385809658846323,7.343401210317371
3541,17.705000000000002,6.875938109491805,7.316906518098245,7.1764195179192765
3542,17.71,6.371937963946934,7.193247861753866,6.952281590535842
3543,17.715,5.757006076741362,7.0078481947412135,6.675497755630291
3544,17.72,5.024746627493832,6.75304386904917,6.35035082976344
3545,17.725,4.170714032074877,6.421002509921337,5.980523267076177
3546,17.73,3.196631570999492,6.003899640755803,5.568496680205633
3547,17.735,2.1196677324240416,5.494007231085687,5.114859766991563
3548,17.740000000000002,0.9909397886663346,4.884032761753505,4.617861516002556
3549,17.745,-0.0751106949985749,4.168233820184501,4.073777244773075
3550,17.75,-0.8807098819167474,3.345313778201409,3.4790425701625898
3551,17.755,-1.2019775340701293,2.4251683893383755,2.8359399692309295
3552,17.76,-0.95290514366692,1.4434659924378241,2.1651262316070197
3553,17.765,-0.2702435624779495,0.4896566073246662,1.5295396254655773
3554,17.77,0.6156235112302609,-0.2536117001398095,1.0680079770169115
3555,17.775000000000002,1.5263105776501336,-0.5063646433144191,1.0005921797284727
3556,17.78,2.365600997979331,-0.04495289282846571,1.5059829126322164
3557,17.785,3.0927065303856693,1.0097538830583477,2.48883589541541
3558,17.79,3.6951287124702095,2.2160748310917007,3.597997005001172
3559,17.795,4.172897752275894,3.2093583911669246,4.5462969143992975
3560,17.8,4.530946633448679,3.873848082247613,5.244846139975606
3561,17.805,4.775760013433818,4.24157434307032,5.7126492951058
3562,17.81,4.914076134476116,4.395143306933561,5.9923280414666795
3563,17.815,4.952575054649517,4.424793986014916,6.120033268258615
3564,17.82,4.898087099335267,4.408929165955813,6.120919461519859
3565,17.825,4.7581452620748745,4.400189084437002,6.011702309156965
3566,17.830000000000002,4.541841202015957,4.412464356673735,5.804154061203977
3567,17.835,4.2609925345987385,4.424524444136074,5.508196672148245
3568,17.84,3.931592817518912,4.405173868215081,5.134392487280005
3569,17.845,3.5753510758167555,4.333466501280801,4.695883518981602
3570,17.85,3.2207719749685984,4.202221394710211,4.209900533352301
3571,17.855,2.902706555836696,4.0147597054072905,3.699135802723629
3572,17.86,2.658971228026184,3.7823161128697302,3.193435422958415
3573,17.865000000000002,2.5233305094944,3.5233475672934635,2.731085533093812
3574,17.87,2.516513217199827,3.263794749092236,2.3573850630551205
3575,17.875,2.639679793036112,3.036780116628699,2.1193015831243933
3576,17.88,2.8745431756084776,2.8798043078446476,2.0571656705186108
3577,17.885,3.190104057931291,2.8276434901373433,2.1940054278939294
3578,17.89,3.551763374419058,2.9012427551427438,2.5240630246882203
3579,17.895,3.928429586118468,3.0973015736675116,3.006801884349853
3580,17.900000000000002,4.296004395504985,3.3862538424132116,3.5738621753160054
3581,17.905,4.637978988326329,3.7222558573307656,4.147595992864546
3582,17.91,4.944543395919715,4.05949830537393,4.660558777790691
3583,17.915,5.211265365038212,4.365005229867064,5.0684231525506265
3584,17.92,5.437865793169678,4.622955826419345,5.354416426210643
3585,17.925,5.627250192076945,4.832130208860861,5.523697593096487
3586,17.93,5.784769494312533,5.000370282978275,5.591621590042901
3587,17.935,5.917610526360004,5.138993063704553,5.576161829214168
3588,17.94,6.034201978607459,5.258674427824041,5.496238835965685
3589,17.945,6.143541134636226,5.36740512847768,5.371379193644896
3590,17.95,6.254394349428405,5.470424786667718,5.2208935854525205
3591,17.955000000000002,6.374397151730494,5.571377029558552,5.062746913569436
3592,17.96,6.509162559362991,5.673630022049889,4.913219749767534
3593,17.965,6.661566016895758,5.780993208868399,4.787811177555411
3594,17.97,6.831374953614059,5.8976163630677245,4.701905942759696
3595,17.975,7.015315804358765,6.027265711149159,4.67022496962236
3596,17.98,7.207549379647582,6.172335702298025,4.7057480891511805
3597,17.985,7.400415029808355,6.332971172609939,4.817742838105558
3598,17.990000000000002,7.58525504848777,6.506609418179895,5.0075929344925445
3599,17.995,7.753153467928381,6.688108326397105,5.26513330371982
3600,18.0,7.895490400076893,6.87042273311443,5.569810327772006
3601,18.005,8.004285699185225,7.045600209556546,5.895074055497392
3602,18.01,8.072358016955748,7.205779337173,6.212957859285511
3603,18.015,8.09335078458518,7.343922808378336,6.499164347189897
3604,18.02,8.061681785070418,7.454159500388039,6.736505938485642
3605,18.025,7.972468255889964,7.53176136733535,6.914014041574588
3606,18.03,7.821473930512811,7.572880034410254,7.025062682389247
3607,18.035,7.605124404859418,7.574196546952663,7.0669376375771975
3608,18.04,7.32064728083424,7.532612025288833,7.040427915138488
3609,18.045,6.966417953488642,7.445056024668133,6.948850287836722
3610,18.05,6.542634916257074,7.308440369329204,6.79704452845546
3611,18.055,6.052510818271629,7.119757726032802,6.590613427194501
3612,18.06,5.504230412937714,6.876324351713544,6.335426962507103
3613,18.065,4.913919689991916,6.576194971262072,6.0373994261489505
3614,18.07,4.309575354789391,6.218830769503736,5.7026127785428855
3615,18.075,3.734874445623271,5.806175417459658,5.337922184408039
3616,18.08,3.2496002080012314,5.344380677806687,4.952223965119176
3617,18.085,2.9211454810237907,4.846483569469022,4.5585905223506185
3618,18.09,2.803935795754582,4.336231544354037,4.177393217125434
3619,18.095,2.9151221054647807,3.85260592229619,3.8400348059774507
3620,18.1,3.2253792908177465,3.4527181483945144,3.591430125544261
3621,18.105,3.673442691559043,3.2073212790767958,3.4866267452045525
3622,18.11,4.191040516474554,3.1810866304372185,3.575236590019057
3623,18.115,4.720635462770739,3.398089230409635,3.8739414242017913
3624,18.12,5.2211396123154366,3.8152978919323832,4.345293668740487
3625,18.125,5.66614993997125,4.335218118732061,4.907765873059936
3626,18.13,6.039859304336708,4.85282438911842,5.472933517775362
3627,18.135,6.333267000906618,5.295809066774557,5.976675700578771
3628,18.14,6.541416156646963,5.634536853555915,6.385867290747525
3629,18.145,6.6615923257677,5.871367707256192,6.689510488823542
3630,18.15,6.692230806425874,6.025239792747006,6.88800964582925
3631,18.155,6.632312542604506,6.118752179982495,6.986193027499328
3632,18.16,6.481111973494146,6.1691978142118495,6.990020156683049
3633,18.165,6.238245800285325,6.183920398942059,6.905516082571866
3634,18.17,5.904057304487978,6.1604222095936825,6.738773705437167
3635,18.175,5.48047004140853,6.090145896359987,6.496365302171129
3636,18.18,4.972571368063747,5.963031243859121,6.185842004900531
3637,18.185,4.391330302563239,5.770535280986326,5.81619170494057
3638,18.19,3.757908287534093,5.506899665677006,5.39822618684258
3639,18.195,3.1095983750940044,5.169651676621861,4.944896906990179
3640,18.2,2.505619733639059,4.7603597441308985,4.471547635074957
3641,18.205,2.026874051829193,4.2864011652080745,3.9962739591281053
3642,18.21,1.759903487206576,3.764368875163406,3.540968514745035
3643,18.215,1.762455607882385,3.225554192519934,3.1339365306113027
3644,18.22,2.0317683393759896,2.7229069908560897,2.8143266916549603
3645,18.225,2.5063334894465514,2.335459843888814,2.63579788276132
3646,18.23,3.0992436427053165,2.159557165878186,2.661152798728871
3647,18.235,3.731475935988941,2.2732004960014947,2.9365579016623515
3648,18.24,4.346219439035802,2.6807340691485866,3.450141368049948
3649,18.245,4.908231236501434,3.2881460625957377,4.114413363437603
3650,18.25,5.3978760021524135,3.9502361697047665,4.805118030261208
3651,18.255,5.8053051601078645,4.546534580063066,5.421306319135048
3652,18.26,6.126303266655074,5.01741018396506,5.911382524788039
3653,18.265,6.359689051355387,5.355657905829966,6.262938686344489
3654,18.27,6.505803245430376,5.583927928529989,6.483486045316641
3655,18.275,6.565683888479984,5.735314038106345,6.587187476218007
3656,18.28,6.540669193053566,5.8398307358803265,6.588645501288294
3657,18.285,6.432283150909797,5.915934343128228,6.500836124693727
3658,18.29,6.242341437244022,5.967639543425406,6.334963490228081
3659,18.295,5.973276502804655,5.987879053230404,6.101157928050606
3660,18.3,5.628732847244278,5.9652472627105695,5.809500368212021
3661,18.305,5.214531609530476,5.889442265603114,5.471018347386073
3662,18.31,4.740138308340221,5.7535373174079965,5.098412658133961
3663,18.315,4.220745343933047,5.554175725797551,4.706374001727006
3664,18.32,3.6798891086018433,5.291240225237005,4.311306164687657
3665,18.325,3.1519537405768667,4.967867028576097,3.930304955258515
3666,18.33,2.6827948029277406,4.59114720959844,3.5797009770350448
3667,18.335,2.3254821042825284,4.173645979891017,3.2740213689713733
3668,18.34,2.1287744176908285,3.7357278687175337,3.0262159893349905
3669,18.345,2.1209141628193304,3.3082922135524835,2.849465743863665
3670,18.35,2.298242514021292,2.934548276985367,2.7599338918635077
3671,18.355,2.6275515996399443,2.6677730784300877,2.7780274216044436
3672,18.36,3.060244869465461,2.5607909345586397,2.923971815013871
3673,18.365,3.5479024168989346,2.6459433598449436,3.2054181578540604
3674,18.37,4.051573363621382,2.91455515802621,3.603323812591777
3675,18.375,4.544228687547624,3.3137506891066284,4.070068306099542
3676,18.38,5.00932524953198,3.768237570558349,4.545713540629098
3677,18.385,5.438166229121459,4.211166653408012,4.979802579454032
3678,18.39,5.827419044110278,4.6026538184579255,5.342806448429368
3679,18.395,6.177201971187536,4.930919243318942,5.624938177224001
3680,18.4,6.489723980510246,5.2038129011996626,5.8293383617241075
3681,18.405,6.768339934388363,5.438503820999186,5.965504147488964
3682,18.41,7.016885207115218,5.652942850192102,6.044977260613143
3683,18.415,7.239190993119809,5.86029717119564,6.07922738588967
3684,18.42,7.438720218208772,6.066823302552825,6.079121399932742
3685,18.425,7.618293908957797,6.272888913932223,6.055254594455775
3686,18.43,7.779897195032717,6.475666275347478,6.018467639902865
3687,18.435,7.9245634378857535,6.67162805836781,5.9801275247715715
3688,18.44,8.052336026527389,6.857869042508479,5.951930138093465
3689,18.445,8.162302819998109,7.032360620120389,5.945037320733821
3690,18.45,8.252691348940877,7.193663179574285,5.968698107198501
3691,18.455,8.321006922203777,7.3405202022006915,6.028937542890259
3692,18.46,8.364192963445321,7.4715409068848775,6.127708308811599
3693,18.465,8.378793999830275,7.585027997058317,6.262442050813205
3694,18.47,8.361106147989762,7.67893455827833,6.425969695597837
3695,18.475,8.307306336332406,7.750908217234459,6.606880041495359
3696,18.48,8.213558486621196,7.798377913154191,6.7902854869813805
3697,18.485,8.07610159501999,7.818647083442741,6.959145465278059
3698,18.49,7.891331014818036,7.808970393275672,7.0963025927518
3699,18.495,7.655890936077768,7.766605133502158,7.18679739563836
3700,18.5,7.3668044589921555,7.6888401850768915,7.219696637813376
3701,18.505,7.021679751377324,7.573013644597447,7.188944309255223
3702,18.51,6.619048984867653,7.416535097008978,7.093133975150376
3703,18.515,6.158923190969887,7.2169317159799675,6.934456043135524
3704,18.52,5.643680119694538,6.971941307561315,6.717372305383498
3705,18.525,5.079432383362631,6.679682907998564,6.447542045500377
3706,18.53,4.478009285736996,6.33894952535992,6.131200216464349
3707,18.535,3.8595230209116,5.9496907674919655,5.774963015692591
3708,18.54,3.254975952360703,5.513786587482796,5.386062859175622
3709,18.545,2.7072904448277675,5.036252241462782,4.9731301786047375
3710,18.55,2.2678059234738543,4.527034612591228,4.547667121719237
3711,18.555,1.98547769336968,4.003487343043004,4.126227092547229
3712,18.56,1.89049802746287,3.49327047895453,3.7329785213532833
3713,18.565,1.9813926138602944,3.0365053288402484,3.40159857166969
3714,18.57,2.225525183242936,2.6843371699881864,3.1741192651511554
3715,18.575,2.572595733403493,2.4895591859586137,3.093194288834531
3716,18.58,2.9708858980724577,2.4871748291955793,3.1861640097331847
3717,18.585,3.3775987651409043,2.6724828525628594,3.4472004123585513
3718,18.59,3.762009349408333,2.9946771717357525,3.832103036324627
3719,18.595,4.104312480544418,3.376419690715216,4.274040409885815
3720,18.6,4.393059671877392,3.7456036083982904,4.708901622507184
3721,18.605,4.6227238953711645,4.056385816408655,5.091741032968042
3722,18.61,4.791893129057737,4.292071486343187,5.39874988111329
3723,18.615,4.902108331870164,4.457123196608081,5.621351139447972
3724,18.62,4.95720914363387,4.566694644051918,5.75960071830797
3725,18.625,4.96303259024946,4.6377946522031674,5.8178096522043345
3726,18.63,4.927324429867991,4.683441078989503,5.802414170668866
3727,18.635,4.8597298901583175,4.710336436205656,5.721297615426893
3728,18.64,4.771721766171712,4.719908091120718,5.583861763376708
3729,18.645,4.676308887208486,4.7113312308808455,5.40139546099271
3730,18.65,4.587373028550371,4.684562595140229,5.187467622884233
3731,18.655,4.518545795307926,4.642182867407206,4.958158568061739
3732,18.66,4.481687789726907,4.589960439473467,4.731951394319652
3733,18.665,4.485248119927059,4.536517802759856,4.5290589677992985
3734,18.67,4.532959120530525,4.492390259218905,4.36994749997536
3735,18.675,4.6233158965968535,4.468582272060993,4.27296750561354
3736,18.68,4.750044821686253,4.474711500109971,4.251353055858989
3737,18.685,4.903397674935668,4.517014312701185,4.310263320474315
3738,18.69,5.071839119785492,4.596743218712641,4.444821242380036
3739,18.695,5.243661727904117,4.709583571389197,4.640067317559171
3740,18.7,5.408224089419474,4.846456536332653,4.873226223877859
3741,18.705,5.556722600674736,4.995511734214609,5.117776521470847
3742,18.71,5.682562992869084,5.144592048862387,5.348058006142232
3743,18.715,5.78146116736843,5.283327892726163,5.543080634452364
3744,18.72,5.85139775380063,5.404324162548679,5.688721959503654
3745,18.725,5.89251301617972,5.503372845253178,5.778144525793404
3746,18.73,5.9069835233022685,5.578973045392136,5.810820647796284
3747,18.735,5.898880824803684,5.631562580197997,5.790933382342356
3748,18.74,5.873978916345287,5.662808474317968,5.725878410969757
3749,18.745,5.839454265144731,5.675158400231984,5.625167067784786
3750,18.75,5.803415751434685,5.671694747094408,5.499671417256011
3751,18.755,5.774221922432462,5.656205978300122,5.361076974205937
3752,18.76,5.759597429427107,5.6333215705707005,5.221467533525237
3753,18.765,5.76564419688985,5.608547291496062,5.092978775062688
3754,18.77,5.795927049583104,5.588069537307313,4.987393006928081
3755,18.775,5.850850652602838,5.578255004248367,4.915509410082157
3756,18.78,5.927496279654645,5.584852517628848,4.8861925666802595
3757,18.785,6.019959362051635,5.612008958426078,4.905144768329748
3758,18.79,6.120080299194265,5.661322933418996,4.97363151417942
3759,18.795,6.218364819450031,5.731226296583717,5.087595380610981
3760,18.8,6.304883330113105,5.81694031026882,5.237649216703567
3761,18.805,6.370004105576391,5.911079534750414,5.410155340238934
3762,18.81,6.40490609468742,6.004740047786692,5.589132577364808
3763,18.815,6.401893254109867,6.088736426773339,5.758432323923615
3764,18.82,6.354577520223147,6.154637168886966,5.903592312082685
3765,18.825,6.258016189789544,6.195380857702604,6.012971459971315
3766,18.83,6.108894323026916,6.2054442472846905,6.0781317612774135
3767,18.835,5.9058451962971965,6.180684111725843,6.093725033761793
3768,18.84,5.650006618860248,6.118043650010642,6.057168957725782
3769,18.845,5.34591203290331,6.015309296484436,5.968284610835942
3770,18.85,5.002787601452537,5.871057667715642,5.828996489713002
3771,18.855,4.63621127790954,5.684879681841693,5.643177232531492
3772,18.86,4.269785538209185,5.457934087642959,5.416712299575866
3773,18.865,3.93588670113707,5.1938727994037315,5.157855845464231
3774,18.87,3.673816373394145,4.900177543816678,4.877939902497558
3775,18.875,3.523580401578901,4.589897464889809,4.592448100702464
3776,18.88,3.5154371335421173,4.283576009887472,4.3222939143316506
3777,18.885,3.659356660787188,4.010651847766404,4.094732980910668
3778,18.89,3.940911589161208,3.808738275354303,3.9426265139193757
3779,18.895,4.326569786657816,3.718358388444888,3.900098382582791
3780,18.9,4.77456136416581,3.77149574195814,3.9932446168466376
3781,18.905,5.244825741916948,3.9767215842670223,4.228089186469101
3782,18.91,5.704485400904968,4.3100256774344485,4.583109943137376
3783,18.915,6.129130113438936,4.720535443610267,5.0137066159710475
3784,18.92,6.501759535398626,5.149256803334333,5.467079037009981
3785,18.925,6.8109633206412,5.548153058747557,5.897335767309441
3786,18.93,7.049174295984369,5.889282286955339,6.272776033050402
3787,18.935,7.211284877507969,6.163637396197415,6.575440473069208
3788,18.94,7.293650884949866,6.3747160088487185,6.797240280013137
3789,18.945,7.293417319864288,6.531236568811847,6.936069246907051
3790,18.95,7.208093305493612,6.641277497797602,6.993141653138
3791,18.955,7.0353278442458125,6.708791589445003,6.971527828416162
3792,18.96,6.772875685040939,6.732715613054406,6.875488476617558
3793,18.965,6.4187926427099375,6.708110995687452,6.710236726064164
3794,18.97,5.971972218014433,6.628135160703618,6.481874240205729
3795,18.975,5.433248209127712,6.485735926768005,6.197347524317634
3796,18.98,4.807459599634376,6.274640687490258,5.8643340618610615
3797,18.985,4.107087537434454,5.989818315157445,5.491006829222577
3798,18.99,3.358146627603586,5.627827087261093,5.085679961987038
3799,18.995,2.6082499726222688,5.187482265451035,4.656476347472358
3800,19.0,1.9335440558233867,4.67130694476086,4.2114232017279205
3801,19.005,1.4343596842481998,4.08837106921733,3.7597276399839163
3802,19.01,1.2058282792286097,3.459318678203015,3.315263693687084
3803,19.015,1.2889701530366828,2.824235133816144,2.9031541380108936
3804,19.02,1.6437350866722975,2.252220229134072,2.568704698253422
3805,19.025,2.1744494047907903,1.84545759681252,2.382717301991946
3806,19.03,2.778768545313874,1.7197910589880099,2.4281357236610717
3807,19.035,3.377911694841789,1.944954815841058,2.7536799573439237
3808,19.04,3.921562287213236,2.4747445664687477,3.318316162970728
3809,19.045,4.3810309728950285,3.151947376027826,3.994828184806911
3810,19.05,4.741074255293007,3.802875306202603,4.644441158261438
3811,19.055,4.993834510813479,4.319219312435347,5.179860415216676
3812,19.06,5.1350323825514685,4.66818511988342,5.569783868815317
3813,19.065,5.161733209185663,4.865270343195974,5.814843212370118
3814,19.07,5.071074688398075,4.946798340335714,5.927002121176792
3815,19.075,4.859569333296701,4.951022120907434,5.919285898944493
3816,19.08,4.522800643229672,4.905759713146369,5.80230899867081
3817,19.085,4.055521775529831,4.821372576103514,5.583932239317455
3818,19.09,3.452414712553991,4.690928413243941,5.270073439733587
3819,19.095,2.710219875366647,4.497287903044229,4.865772678671739
3820,19.1,1.8328577012865497,4.221397136808136,4.376129529452805
3821,19.105,0.8428390891285495,3.8468494770430777,3.807018825595737
3822,19.11,-0.1959721227254906,3.3610198536586187,3.1657394193449777
3823,19.115,-1.1439552891895817,2.7555318907425908,2.462031312904128
3824,19.12,-1.77185203457979,2.0287222395455284,1.710268423129106
3825,19.125,-1.8538706644576293,1.1931475178847846,0.9346078386615959
3826,19.13,-1.358706248429867,0.2931737359794422,0.18119725886532123
3827,19.135,-0.4825997295876253,-0.5607947929811425,-0.4564740986151845
3828,19.14,0.5306279782046395,-1.147716818089072,-0.8030717303447243
3829,19.145,1.51742876479005,-1.1520592147877338,-0.6143810204177171
3830,19.15,2.397666683014398,-0.3884667649942397,0.24304734798259098
3831,19.155,3.1399749888388766,0.8967439013768765,1.5515186215974377
3832,19.16,3.735547536888322,2.1980705791409725,2.8856107993120386
3833,19.165,4.184336651642548,3.196680186791209,3.9752688978866817
3834,19.17,4.488614670388625,3.8323435928136034,4.761195777735167
3835,19.175,4.650070851612226,4.164289152733409,5.27382079563319
3836,19.18,4.668458019111528,4.284852827257489,5.558615139892424
3837,19.185,4.540863538665589,4.285168106192101,5.653205033472911
3838,19.19,4.261198965855927,4.238752033743224,5.584247640075563
3839,19.195,3.819785375796443,4.1868677562252445,5.369672047058026
3840,19.2,3.203186648249094,4.12588721150639,5.021561240040541
3841,19.205,2.3950187964236878,4.017768736872931,4.548338363975644
3842,19.21,1.3800921639752382,3.8189647377351825,3.9561445203255996
3843,19.215,0.1590268583650297,3.4961150608798217,3.249813557493133
3844,19.22,-1.2070450352107631,3.024789718500667,2.4337928657903527
3845,19.225,-2.48671932194678,2.384410354763519,1.5134453947423276
3846,19.23,-3.1594497943099267,1.556529359436658,0.4978436272878488
3847,19.235,-2.723471828126173,0.5309336894759467,-0.593969274140079
3848,19.24,-1.3718605405440418,-0.6687046976900861,-1.7155057580601598
3849,19.245,0.3000326249310197,-1.9067521301061356,-2.7365793373967104
3850,19.25,1.9187575790507565,-2.7548600536092644,-3.303435001167852
3851,19.255,3.357206363921284,-2.377108514977354,-2.7485999717207203
3852,19.26,4.595017818657908,-0.36261934921707617,-0.7637012540862989
3853,19.265,5.644873282875548,2.1822295939823144,1.7209739983775565
3854,19.27,6.526293007466518,4.131972343899943,3.7595663793044665
3855,19.275,7.25766980063752,5.353842487541901,5.222436499681187
3856,19.28,7.854332770470068,6.030861330084227,6.240900375573489
3857,19.285,8.328462356426918,6.3528067671256885,6.930078565107779
3858,19.29,8.689494521616817,6.4878332164752575,7.3678219500481
3859,19.295,8.94458658721204,6.575238494953192,7.607543730245998
3860,19.3,9.09902545228482,6.7253890381092,7.684839574930102
3861,19.305,9.156559970347796,6.989944278376852,7.62329450288299
3862,19.31,9.11967201584618,7.319074927882298,7.440947173634671
3863,19.315,8.989812794782123,7.62508124705567,7.154386114500984
3864,19.32,8.767639871473584,7.857525923793311,6.7803318277103655
3865,19.325,8.453304663986621,8.000006722316035,6.336158943407707
3866,19.33,8.046866745110197,8.050103599021725,5.840562867906734
3867,19.335,7.548958837849189,8.009367693048553,5.3162186726244185
3868,19.34,6.961905720448087,7.879881360031887,4.795129329648545
3869,19.345,6.291617608813825,7.663354332644378,4.320388469405915
3870,19.35,5.550705534944237,7.361153591195919,3.9377069261568174
3871,19.355,4.763245052067645,6.9747980911687435,3.6815663829809058
3872,19.36,3.970945286458865,6.506899696468242,3.563050536140299
3873,19.365,3.238140950942905,5.962767713287189,3.559999200641231
3874,19.37,2.648485679772272,5.353085282770379,3.6173262530600785
3875,19.375,2.283882736705406,4.698196901548369,3.6653219667403296
3876,19.38,2.187952893857131,4.034327312259552,3.654870636763822
3877,19.385,2.3406614702943958,3.4206017473335546,3.581960279339763
3878,19.39,2.6699211283379736,2.941480307778677,3.489588859822062
3879,19.395,3.087837249420154,2.692347212467848,3.457615552428079
3880,19.4,3.5198082118307066,2.7368616358958957,3.5708470682655298
3881,19.405,3.9142565476903664,3.053717899927288,3.85127947956145
3882,19.41,4.240011409605902,3.528961947601224,4.232574315441429
3883,19.415,4.480285130972739,4.017216544127868,4.615536640651999
3884,19.42,4.627528427008891,4.411793051793448,4.927982163763285
3885,19.425,4.680156898178292,4.66750929849371,5.14081347705849
3886,19.43,4.640960065432616,4.78623322885602,5.2526549049584705
3887,19.435,4.516834034736259,4.794540231047876,5.270001197217936
3888,19.44,4.319581848055309,4.726112439954415,5.199765830991525
3889,19.445,4.067574496904628,4.6099440411119295,5.050466199638283
3890,19.45,3.7878674669230654,4.463751237336288,4.832226433953279
3891,19.455,3.517743696467205,4.293589196166311,4.557540109478327
3892,19.46,3.3036244551135097,4.099789881510193,4.24696992724564
3893,19.465,3.1946951190948014,3.8855832204662426,3.92941159952628
3894,19.47,3.2304750524430115,3.6640129445899348,3.63079857991959
3895,19.475,3.4269470094696204,3.4615479699361007,3.3739575607490684
3896,19.48,3.7702039852304026,3.318005261975694,3.1902649206634246
3897,19.485,4.222580721113255,3.280941959253779,3.118483055631126
3898,19.49,4.73647322443259,3.392017926274683,3.194838363550578
3899,19.495,5.266865007851274,3.6673453979360557,3.445685218211532
3900,19.5,5.77781045753957,4.083164570153504,3.868022691497932
3901,19.505,6.243553512568899,4.580787865415735,4.4183548868249
3902,19.51,6.646903471063704,5.090250745096065,5.03077652070703
3903,19.515,6.976902732462507,5.555269719872514,5.64027678470057
3904,19.52,7.226754528582396,5.94477032388801,6.1943704699433635
3905,19.525,7.392288110022688,6.250834781020128,6.655797168988192
3906,19.53,7.470944545949589,6.4803237884229,7.0013020839222
3907,19.535,7.461193399600042,6.64590730744537,7.219563758640027
3908,19.54,7.362311686116234,6.7590533121398195,7.309214419758563
3909,19.545,7.174513366971452,6.8259214287241665,7.276572099083015
3910,19.55,6.8994927976651415,6.846444652644609,7.13291870345545
3911,19.555,6.541537416003066,6.815996342079549,6.892160239646896
3912,19.56,6.109464071885324,6.7281423426134035,6.569591581544377
3913,19.565,5.619679015189384,6.577058087385154,6.181517072367821
3914,19.57,5.100446750729127,6.359146978924629,5.745196286478705
3915,19.575,4.596490044249794,6.074244792559533,5.278970458597281
3916,19.58,4.170704099410524,5.727095873183535,4.802803972057085
3917,19.585,3.896741204580069,5.329751286184999,4.3395873795369635
3918,19.59,3.837550556714125,4.905335692556262,3.9174230379705506
3919,19.595,4.01732892914432,4.492989007429429,3.572767055885227
3920,19.6,4.408577853892066,4.151909977285559,3.3530450986962084
3921,19.605,4.94680014557737,3.958554346269114,3.314231308467452
3922,19.61,5.558700537841678,3.987499120148057,3.5058481251181406
3923,19.615,6.182682190261274,4.273449687195005,3.94149516321932
3924,19.62,6.775376351948996,4.777488919495855,4.573616180719878
3925,19.625,7.309531551610298,5.396193872301652,5.303143972058957
3926,19.63,7.769342074205181,6.01379716031522,6.023157334321701
3927,19.635,8.14621639821165,6.549839957336404,6.657428164796807
3928,19.64,8.435750779998068,6.971642303190885,7.169161178351357
3929,19.645,8.635782786950518,7.2823087544252445,7.549766300762858
3930,19.65,8.745211528437448,7.503412804564199,7.804911221270681
3931,19.655,8.763319923296232,7.660750837440726,7.945376876067812
3932,19.66,8.689427561571943,7.774477707755715,7.982729111975038
3933,19.665,8.522787289132731,7.853793584282934,7.927814781768788
3934,19.67,8.262712238465895,7.896778090346102,7.790591364522431
3935,19.675,7.90899652307265,7.8944707096787425,7.58053836190099
3936,19.68,7.462792160625669,7.835967779747998,7.307277873635951
3937,19.685,6.928248092413284,7.711730061676018,6.9811697775374775
3938,19.69,6.3154070337343295,7.514738952979295,6.613716761798249
3939,19.695,5.644997940859096,7.240577064430331,6.217650319642002
3940,19.7,4.955435009920789,6.887497271018729,5.806580195433505
3941,19.705,4.310385550095473,6.457168918672465,5.394291776795515
3942,19.71,3.8001212816096896,5.956649424174868,4.994344964781443
3943,19.715,3.523919847307196,5.402228670063872,4.621238965145951
3944,19.72,3.548437212473508,4.825820413648277,4.294505384949066
3945,19.725,3.868495123450244,4.283664267421848,4.0461446437342445
3946,19.73,4.410743771818154,3.863257481521212,3.9283830596087808
3947,19.735,5.076024779340776,3.675715941639514,4.011055398981068
3948,19.74,5.778346236871963,3.814507666941867,4.352108237306891
3949,19.745,6.459052170878245,4.286191084304301,4.944490316405482
3950,19.75,7.08393326989407,4.97839875460553,5.69142943324604
3951,19.755,7.6355193290700125,5.720971910998602,6.455028880293302
3952,19.76,8.106405398465352,6.380006567520708,7.129317191387647
3953,19.765,8.494806683460409,6.896065769162478,7.666581668266295
3954,19.77,8.801921684865837,7.2687023572191425,8.060963192302495
3955,19.775,9.030469614242936,7.528564036947905,8.325367783345639
3956,19.78,9.183927378145391,7.715798984183577,8.477423200120896
3957,19.785,9.266169888043006,7.865706626641936,8.533647978614532
3958,19.79,9.281341590450776,7.999749217660323,8.507979117235811
3959,19.795,9.233861340851549,8.122693551699955,8.412227492460536
3960,19.8,9.128503275065649,8.227086050630259,8.257289073690469
3961,19.805,8.970515671835683,8.301491089949709,8.054456794515492
3962,19.81,8.765745570444496,8.336608356374729,7.816439531119096
3963,19.815,8.520733690985265,8.327326058813668,7.5578998510808715
3964,19.82,8.242735758251552,8.272347947446141,7.295387273015881
3965,19.825,7.939617682139386,8.173201574598293,7.046530729765578
3966,19.83,7.619571047359614,8.03341260324409,6.828444623686261
3967,19.835,7.290612392814237,7.857967745395207,6.655519322877061
3968,19.84,6.959873650312835,7.652962059411733,6.537002672699703
3969,19.845,6.63276064761855,7.425289718819306,6.474946026545231
3970,19.85,6.31213181704419,7.182255432266562,6.463118802921732
3971,19.855,5.997692914908367,6.931020243567116,6.487426717890395
3972,19.86,5.685780810902905,6.677853650035181,6.528143798010318
3973,19.865,5.369617603124266,6.427250154523556,6.563547562738176
3974,19.87,5.039998204527372,6.181069701949158,6.573636063176591
3975,19.875,4.686296255622882,5.937936133042419,6.5427501797573395
3976,19.88,4.2976833971116655,5.693119757381156,6.4607837059634114
3977,19.885,3.8645646367242334,5.439011974612919,6.322831912102016
3978,19.89,3.380418912004524,5.1661139761105215,6.1273964640762495
3979,19.895,2.844470831573644,4.864311218219195,5.874421763320342
3980,19.9,2.265839194718678,4.5241874933749076,5.5644894583923135
3981,19.905,1.6697410470670004,4.138272177630716,5.199114042387943
3982,19.91,1.1051358647243967,3.702365022982614,4.781543027031674
3983,19.915,0.649281662417704,3.217380176436445,4.31807055070383
3984,19.92,0.3981444423802867,2.6924428265308267,3.8205639045837114
3985,19.925,0.4321877357981893,2.1501350460192445,3.3111156441080247
3986,19.93,0.7713711460805437,1.6343195325311326,2.8290494434806686
3987,19.935,1.3609209011527303,1.2183925884803295,2.4382013041423125
3988,19.94,2.103856683604255,1.0047687859945724,2.2268245674549885
3989,19.945,2.9051971946623283,1.0972118590111495,2.2850678263463577
3990,19.95,3.694826701301777,1.5375320651075675,2.652856209620372
3991,19.955,4.428986150200405,2.2510073726153332,3.2741601722196223
3992,19.96,5.0832268810653725,3.074889577903047,4.018574636430129
3993,19.965,5.645025016663889,3.8528284532050643,4.756646266958496
3994,19.97,6.108479998239309,4.497192128374044,5.409101536735881
3995,19.975,6.471011430216076,4.987800664629391,5.944690953570514
3996,19.98,6.731421519174631,5.344931061686941,6.358810095819028
3997,19.985,6.888780870163126,5.604916697601139,6.656768957272138
3998,19.99,6.941784166096187,5.803458761969635,6.845366001438636
3999,19.995,6.888371886437126,5.964743690890705,6.93003176239847
