Index,x[m],Actual,order-10,order-50
0,0.0,9.328059297345993,,
1,0.005,9.555937878486516,,
2,0.01,9.735138206463429,,
3,0.015,9.869158717427528,,
4,0.02,9.961055147642554,,
5,0.025,10.013430575730917,,
6,0.03,10.028416302551804,,
7,0.035,10.007644266466178,,
8,0.04,9.952212959501828,,
9,0.045,9.862649360774071,,
10,0.05,9.738869346009649,,
11,0.055,9.580138417127952,,
12,0.06,9.385033495005484,,
13,0.065,9.151405065623534,,
14,0.07,8.876337377962196,8.970464211727315,
15,0.075,8.556102965937425,8.854213152297875,
16,0.08,8.186106950313334,8.704591822767362,
17,0.085,7.760817114235744,8.519880132532236,
18,0.09,7.2736791145669555,8.297702673671386,
19,0.095,6.717025650969408,8.034996259202023,
20,0.1,6.082011509279899,7.727965929034625,
21,0.105,5.358660927602088,7.37202455455596,
22,0.11,4.536242132602464,6.961713874573016,
23,0.115,3.6044870746161495,6.490611791852276,
24,0.12,2.556883956396885,5.951247190263067,
25,0.125,1.3988474523712189,5.3350815176812505,
26,0.13,0.166468390084444,4.632704765259544,
27,0.135,-1.0367195329868717,3.8346012817017963,
28,0.14,-1.9949307568600765,2.9333321589794816,
29,0.145,-2.410798399426604,1.9291275685098488,
30,0.15,-2.1191975948449038,0.8433844367999486,
31,0.155,-1.2669132641166934,-0.25120505020775763,
32,0.16,-0.1523945774376162,-1.175242942000997,
33,0.165,0.998499233174488,-1.5937591055116531,
34,0.17,2.074158747991636,-1.1440565780501517,
35,0.175,3.0338154938365625,0.13189624360712493,
36,0.18,3.8694185571762,1.6655571563795233,
37,0.185,4.585856629058742,2.946464489203549,
38,0.19,5.192308659832472,3.828760208759933,
39,0.195,5.698783030358623,4.364444372994124,
40,0.2,6.114878927288912,4.660043229720515,
41,0.205,6.449465375569341,4.826573117825587,
42,0.21,6.710724947951976,4.960636474064437,
43,0.215,6.906328962568926,5.13146466074118,
44,0.22,7.043643826667117,5.362543757384529,
45,0.225,7.129921356322308,5.628651820738554,
46,0.23,7.172444857217065,5.888411792626123,
47,0.235,7.178607345798196,6.113884190288795,
48,0.24,7.155898386185418,6.294028051841343,
49,0.245,7.111777974299722,6.427991502135534,
50,0.25,7.0534247540447605,6.519748125069253,
51,0.255,6.987364902407105,6.575354415435515,
52,0.26,6.919016709495553,6.6016895608633135,
53,0.265,6.852217498384698,6.605813598088485,
54,0.27,6.788821441336862,6.594515008180306,5.081719747347665
55,0.275,6.728455431570291,6.573869423582037,5.184590475947907
56,0.28,6.668489445155989,6.548766531232113,5.392486078054067
57,0.285,6.604225701393171,6.522444719137146,5.666441977794226
58,0.29,6.529257108410143,6.496122148061121,5.9557092550272985
59,0.295,6.435910728159447,6.468824196019625,6.211971098960966
60,0.3,6.315686651239597,6.437473575348543,6.39833150453477
61,0.305,6.159622970365467,6.39723902902843,6.492838932801523
62,0.31,5.958551106242348,6.342059875656473,6.491180459529545
63,0.315,5.703240590321038,6.26521298489212,6.403844789242806
64,0.32,5.3844633822403685,6.159788268870313,6.244853927779413
65,0.325,4.993038879082921,6.018984106785567,6.024795128371942
66,0.33,4.5199661017298345,5.83620049574413,5.751776147368614
67,0.335,3.956837536395044,5.604967713807628,5.432800682752576
68,0.34,3.2969138494366867,5.3187867138349025,5.073351806603375
69,0.345,2.537618700643829,4.970976194935396,4.675914603180878
70,0.35,1.6859282915533382,4.554637094133908,4.239291246879962
71,0.355,0.7691601315771474,4.062888171986488,3.7603553523689155
72,0.36,-0.1462886657410304,3.4896451059573934,3.23666982267711
73,0.365,-0.932602817477014,2.831494149577866,2.668598215621483
74,0.37,-1.403920224866285,2.0917938244264422,2.0630635497873695
75,0.375,-1.3969797660723642,1.2891967716096486,1.4407427724302537
76,0.38,-0.8979998784139759,0.4740807945081258,0.8462239213483365
77,0.385,-0.0556911441262761,-0.24490963727527504,0.36470221621313037
78,0.39,0.939281670394416,-0.6772291652561533,0.14190133007396266
79,0.395,1.947997355586646,-0.5883998946729863,0.35820597682075483
80,0.4,2.8952001845132376,0.12548340944051972,1.0906028353302246
81,0.405,3.748036386620482,1.2618258195991214,2.1731279036695925
82,0.41,4.496099978777789,2.4471754825406054,3.3081956857196064
83,0.415,5.139530499233004,3.426887186638448,4.295793824720741
84,0.42,5.682962693002337,4.132750145828516,5.079472960594342
85,0.425,6.132689660960239,4.60083114920355,5.673361710282
86,0.43,6.495431069893253,4.904367717630068,6.107222858383687
87,0.435,6.777877450517037,5.120934090522276,6.406601297998495
88,0.44,6.986607658761819,5.31511709769968,6.5897070730651714
89,0.445,7.128186933987724,5.525324577705404,6.669340046453014
90,0.45,7.209351706546184,5.755959537285724,6.655580342322553
91,0.455,7.2372300525372335,5.986610209718684,6.558138504437622
92,0.46,7.219560248285863,6.192863273748832,6.388151749605106
93,0.465,7.164866968233957,6.358992045319317,6.159452322112613
94,0.47,7.082542729336319,6.47893605067781,5.889398774166332
95,0.475,6.9827688536516295,6.5531811215679845,5.599495689125733
96,0.48,6.87620682163603,6.5860669156965965,5.315834475809795
97,0.485,6.77341264547914,6.584249172072541,5.06830805376954
98,0.49,6.683986901335027,6.555907991087061,4.887196195323837
99,0.495,6.615568862331067,6.510257835693898,4.797561633767415
100,0.5,6.572883170430918,6.457058414079249,4.813472740840086
101,0.505,6.557094714495837,6.405949140622326,4.933581257360407
102,0.51,6.565673292601604,6.365544714618184,5.139603826160334
103,0.515,6.592819676865851,6.3423645117814464,5.399706624169401
104,0.52,6.630329437375241,6.339814944367273,5.676515492376465
105,0.525,6.668659624500684,6.357541391657412,5.935463469314651
106,0.53,6.697959808783582,6.3914327108251205,6.150020212526253
107,0.535,6.708909588408277,6.434365889762746,6.304654714343609
108,0.54,6.69331142483646,6.477500909820289,6.395519751824429
109,0.545,6.644472800198256,6.5117332991611345,6.4265776231670015
110,0.55,6.557457689444654,6.528899220779971,6.403942484633152
111,0.555,6.4292999987305,6.522490510505763,6.33365197563374
112,0.56,6.259264022819504,6.48786086504686,6.222020511768875
113,0.5650000000000001,6.04921756484195,6.422076019590487,6.075777625231376
114,0.5700000000000001,5.804150426861891,6.323632226016065,5.901439304832892
115,0.5750000000000001,5.532811152947568,6.192251416393247,5.704617575377583
116,0.58,5.248325969585645,6.028896242809907,5.490362894938787
117,0.585,4.968489640870017,5.836069691847737,5.264558214383354
118,0.59,4.715210002517349,5.618392939417333,5.03524920113339
119,0.595,4.512494066064582,5.383390354405615,4.813533037685814
120,0.6,4.382667030043754,5.142326783574871,4.614175443781201
121,0.605,4.341421873752861,4.910800304205203,4.454850542731599
122,0.61,4.393452558094389,4.708577197428885,4.353161481345803
123,0.615,4.530775685198351,4.557949985182817,4.323557694836098
124,0.62,4.734640539963775,4.4799873196197115,4.3756026451210515
125,0.625,4.979950731139227,4.488857313073115,4.5117740658253735
126,0.63,5.240056304290385,4.586023940162716,4.724898033227247
127,0.635,5.490251403069331,4.757482154823009,4.99789736229467
128,0.64,5.709481309249652,4.976431052828981,5.305906815331644
129,0.645,5.880614002947244,5.210564106645977,5.619823381318198
130,0.65,5.9898836336507255,5.430193001630917,5.911270619282886
131,0.655,6.025998335332541,5.613506895069597,6.156933395278798
132,0.66,5.979198101826802,5.747751111890752,6.340191173622598
133,0.665,5.840386023805621,5.827341812303196,6.450487298936312
134,0.67,5.600366213148539,5.8506406585971575,6.481824088616076
135,0.675,5.2491940896348925,5.8167867936817474,6.43126295832315
136,0.68,4.775675568345305,5.723398552919035,6.297740970390524
137,0.685,4.167173499283854,5.565425131474864,6.081213793449859
138,0.6900000000000001,3.410211204517299,5.334986243722959,5.782023503822013
139,0.6950000000000001,2.4932380461402963,5.021761105205162,5.400378756893178
140,0.7000000000000001,1.4151861035203268,4.613485515126668,4.9358738291337865
141,0.705,0.208708829350785,4.096374103070009,4.387058058960394
142,0.71,-1.0056912656432058,3.4557147652800007,3.7512575605523395
143,0.715,-1.9380829550521217,2.6775698962808,3.025329944467197
144,0.72,-2.16515961281995,1.7540199831828693,2.209276830346796
145,0.725,-1.5022795333660743,0.6981490394363732,1.31779151722102
146,0.73,-0.2421223699086375,-0.41656562439166667,0.41181281435988026
147,0.735,1.2055096128122378,-1.3688092649628079,-0.3304148593753595
148,0.74,2.60191543580818,-1.6829729722609077,-0.5258665087304628
149,0.745,3.8576006474864193,-0.817114208651752,0.2632914832022326
150,0.75,4.952743003653684,1.0638250103981144,1.9052158324121602
151,0.755,5.892787463868022,3.0373350154722827,3.656992982027858
152,0.76,6.690319916874571,4.52050723375645,5.052764447195109
153,0.765,7.358528662880587,5.472211442690011,6.064537140348488
154,0.77,7.909115774679725,6.019189421467248,6.784204678367492
155,0.775,8.351823809118686,6.307758839850441,7.290203562532849
156,0.78,8.694510970786226,6.471915925567107,7.631639839570266
157,0.785,8.94338163607982,6.622679595105671,7.8370553779116285
158,0.79,9.103232754422931,6.836831158082239,7.9232361197221
159,0.795,9.177672121936912,7.127350535760865,7.901035655859865
160,0.8,9.16930032186373,7.442879867170715,7.779298732714547
161,0.805,9.079861561142192,7.724940654689934,7.5674851005657615
162,0.81,8.910374295348308,7.941708217619351,7.27741518280656
163,0.8150000000000001,8.661256587958214,8.081989960192022,6.924304789111051
164,0.8200000000000001,8.332466849320785,8.143747796889791,6.527293523494361
165,0.8250000000000001,7.923690658402648,8.127983802851563,6.111043021124113
166,0.8300000000000001,7.434622244703622,8.036299787510073,5.707749711852801
167,0.835,6.865420004796007,7.8700595138806335,5.354284988750839
168,0.84,6.217466172546092,7.630183499456658,5.082862862451515
169,0.845,5.494637999681875,7.3172105255543,4.911267079417623
170,0.85,4.705395647349651,6.931517463989264,4.835566424199077
171,0.855,3.866052233944916,6.473707190844529,4.8251346097745085
172,0.86,3.005401388172798,5.945252449862418,4.825509355605354
173,0.865,2.169903935357753,5.349565899053545,4.77446250463055
174,0.87,1.4261103287876864,4.693771410986119,4.622943974756245
175,0.875,0.8534578603161201,3.991562008047396,4.345484721542325
176,0.88,0.5215270540233514,3.2675271093729656,3.9455209770669253
177,0.885,0.4594047504212403,2.5628270267605977,3.4641909576727885
178,0.89,0.64138968670413,1.940199079474799,2.978739668727221
179,0.895,1.003332117796542,1.4820219857005328,2.5822143249264777
180,0.9,1.4735250994449522,1.2707447728100587,2.361181027014707
181,0.905,1.994460417895885,1.3477743047735635,2.3666520438519254
182,0.91,2.529073639074081,1.6756560354317283,2.5848230715607112
183,0.915,3.0577725793981743,2.147555123204059,2.943113421320116
184,0.92,3.572900153711635,2.6449117832561813,3.353191639790193
185,0.925,4.07374508292176,3.089236652445531,3.7504200961474763
186,0.93,4.562849405519475,3.454246922578675,4.105011276722474
187,0.935,5.043504108232182,3.7516946365838617,4.412910208723028
188,0.94,5.518180779319854,4.012249806376335,4.682493865074884
189,0.945,5.987695724596263,4.270044070387657,4.927215646258922
190,0.95,6.450946508684647,4.551873358823782,5.162974823012531
191,0.955,6.9050665694376985,4.871176052453253,5.40128299210811
192,0.96,7.3458361487294415,5.227635571515936,5.64163736930215
193,0.965,7.76819528923408,5.611625352302856,5.874917004663606
194,0.97,8.166736306063827,6.009973575873812,6.0907283664946785
195,0.975,8.536099918910239,6.40990281381406,6.280332682109653
196,0.98,8.87124548690511,6.800648345798087,6.442195661600691
197,0.985,9.167600052386828,7.173724416781383,6.58624025916828
198,0.99,9.421109696018457,7.522687348373163,6.726764227838341
199,0.995,9.628222628614637,7.842763210641673,6.875756795254565
200,1.0,9.78583144172866,8.130446356723718,7.041891045264967
201,1.005,9.891196576991057,8.383106605637384,7.229068667470365
202,1.01,9.941867457085644,8.598639155764943,7.434331113216952
203,1.015,9.935613542842766,8.775188078288194,7.647234423100684
204,1.02,9.87037563668346,8.910959202234324,7.851226025634094
205,1.025,9.74424849130364,9.004118864039679,8.026769292415057
206,1.03,9.555509751766092,9.052760645521953,8.155208146813687
207,1.035,9.30271844310844,9.054917439058675,8.222077034547091
208,1.04,8.984920270505075,9.008600408514546,8.219064559303435
209,1.045,8.602019252816255,8.91185636664084,8.14436467520035
210,1.05,8.155407852140263,8.762847555251302,8.001431573365942
211,1.055,7.648989525875285,8.559971453206153,7.796780572638449
212,1.06,7.090763785312051,8.302054005769278,7.538016967952208
213,1.065,6.495121435176704,7.988670367100829,7.232796680611553
214,1.07,5.885778914330141,7.620676536671864,6.888614964524528
215,1.075,5.298605031671606,7.20107545638688,6.513171085985086
216,1.08,4.782230281547834,6.736386809277494,6.115349586845182
217,1.085,4.3928354409929495,6.23871028298812,5.7070607341289294
218,1.09,4.180438413007376,5.7285706848379965,5.306022862769165
219,1.095,4.1704015575805,5.238178193285255,4.93899718652759
220,1.1,4.351963345349871,4.813540446436329,4.643969758597032
221,1.105,4.683299673324159,4.51176739877405,4.468161261907551
222,1.11,5.108762928137709,4.388449917559394,4.457583976494988
223,1.115,5.57560250161424,4.474041957871165,4.637260993376224
224,1.12,6.042647218217368,4.751161636945908,4.992082963753949
225,1.125,6.481664943627987,5.154316461614763,5.466126135889154
226,1.13,6.875132767612331,5.598040839284068,5.985262396839966
227,1.135,7.213228402569842,6.011405024004249,6.484928934074498
228,1.14,7.491276801803971,6.355308411040143,6.9239294313098565
229,1.145,7.707933054665192,6.620574878326971,7.282988881631905
230,1.15,7.864010793051888,6.817295440367234,7.557034146088553
231,1.155,7.961784046100851,6.963559765034206,7.748150285657317
232,1.16,8.004610896360251,7.076706197195485,7.861391578653469
233,1.165,7.996767312953072,7.167997231405511,7.90298016403754
234,1.17,7.943412043304311,7.241132730155233,7.879865513399782
235,1.175,7.85062271661955,7.294145248462611,7.799904802385124
236,1.18,7.725450430936945,7.322838009782123,7.672250168184499
237,1.185,7.575938314318061,7.323685296208737,7.507715764977285
238,1.19,7.411043947596289,7.295315479541639,7.318984719544256
239,1.195,7.240404023012072,7.238857482548579,7.120529764788718
240,1.2,7.073893092523154,7.157737881426563,6.928087220396993
241,1.205,6.920967470811763,7.05731036757575,6.757535912178575
242,1.21,6.7898528460376,6.9444445196768,6.623198696314434
243,1.215,6.686714176943951,6.827054574849843,6.535857243822019
244,1.22,6.615002586753792,6.713502452079355,6.500971669026907
245,1.225,6.575165222935238,6.611831775476325,6.5176352781217854
246,1.23,6.564816043856027,6.528862976972136,6.578673622870967
247,1.235,6.579330953331648,6.469282950240062,6.671979742661728
248,1.24,6.61271373720464,6.4349532128986535,6.782730433258664
249,1.245,6.658531538551536,6.424676416300347,6.895850170574647
250,1.25,6.710746910883424,6.434559400968862,6.998158842198931
251,1.255,6.764345041479825,6.4589157933980905,7.079831032799994
252,1.26,6.815727544161777,6.491458647508643,7.134945818277598
253,1.265,6.862892190438604,6.526449979106477,7.1612005524434945
254,1.27,6.905436399381616,6.559535463658914,7.159218721269279
255,1.275,6.944420042893468,6.588146021309861,7.131874647322251
256,1.28,6.982112669308227,6.611503359142668,7.083742157076049
257,1.285,7.021642074315821,6.630359999764624,7.020595891377759
258,1.29,7.066561600821152,6.646621623458368,6.948948228618345
259,1.295,7.120364248971857,6.662961497345111,6.875686704725862
260,1.3,7.1859891629648125,6.682476164928602,6.80784479576165
261,1.305,7.265382234736796,6.708378256696483,6.752425005685499
262,1.31,7.359177297226776,6.74369589289369,6.716131380765855
263,1.315,7.466550497657408,6.790954625935888,6.704905766242475
264,1.32,7.585268733248439,6.851849278508018,6.723237961470359
265,1.325,7.711913378946715,6.926951403763487,6.773345461070799
266,1.33,7.842227271629944,7.015522419150029,6.854511677610097
267,1.335,7.971517118920906,7.115497204147451,6.962936941491042
268,1.34,8.095047663881157,7.223665795430756,7.092230699255386
269,1.345,8.208382291019019,7.33602565837171,7.234369609007988
270,1.35,8.30764791998902,7.4482281655091,7.3808079964866735
271,1.355,8.389722005456298,7.556021971063021,7.52342061496477
272,1.36,8.452352144240834,7.655609848167615,7.655079205251738
273,1.365,8.494223753104434,7.743874204066371,7.769915800933232
274,1.37,8.5149901856906,7.8184709100013094,7.863463152597443
275,1.375,8.515274730970209,7.877824403007878,7.9327700028235455
276,1.38,8.496647125612297,7.921071176728437,7.97647060171772
277,1.385,8.461570038927524,7.9479948118874795,7.994773440592381
278,1.39,8.41330480763183,7.958980128899903,7.989364302446825
279,1.395,8.355762060279055,7.954994674862974,7.963236640297788
280,1.4,8.293283677771667,7.937588678606655,7.920465848931608
281,1.405,8.230349695390357,7.9088929810782105,7.865941347754012
282,1.41,8.1712181716423,7.8715888703946,7.805065304360758
283,1.415,8.11952615758494,7.828823629455433,7.743422001038947
284,1.42,8.077900540659305,7.784050635858112,7.686419974037827
285,1.425,8.047640590424121,7.740783692350204,7.638912276207062
286,1.43,8.028531619906992,7.702272839594034,7.604809645313273
287,1.435,8.018828400910788,7.671132480639537,7.586716221620075
288,1.44,8.01541307788105,7.64897760444614,7.58563376908244
289,1.445,8.014097209982605,7.636141032939435,7.600790547548068
290,1.45,8.010013852164263,7.631542973437898,7.629646157024264
291,1.455,7.998040164445506,7.632757434142246,7.668098743994465
292,1.46,7.973202548896171,7.636273094772677,7.71087997799642
293,1.465,7.931037491073784,7.637895785719605,7.752080131971567
294,1.47,7.867903621383104,7.6332067920334765,7.785717968336423
295,1.475,7.781257819154983,7.61798907362212,7.806269086168827
296,1.48,7.669917479369294,7.588560570058201,7.8090904610215475
297,1.485,7.534331380800458,7.5419959498488245,7.790716074689724
298,1.49,7.37687206185523,7.4762580147601305,7.749033987345328
299,1.495,7.202141048346135,7.390285164552729,7.683378709337386
300,1.5,7.017241353218698,7.284087865381763,7.594581243455412
301,1.505,6.831917964954278,7.158897330590529,7.485014877137754
302,1.51,6.658404702174526,7.017388179447051,7.3586612007702925
303,1.515,6.510774213767064,6.863966514682224,7.2211994749642345
304,1.52,6.403624247043434,6.705074718201706,7.0800918476079655
305,1.525,6.350111313618708,6.549410925478089,6.944594031788981
306,1.53,6.3596634377745165,6.407895437657551,6.825566852475993
307,1.535,6.436023886520972,6.293156859394131,6.7349139890729255
308,1.54,6.576341195992556,6.218310240169982,6.684468060677547
309,1.545,6.771674379262543,6.194944143245306,6.684260616519614
310,1.55,7.008692820928383,6.230586941678663,6.740393466458029
311,1.555,7.271907866971933,6.326399881587985,6.8531119582268465
312,1.56,7.545730451695315,6.476123850463777,7.015907481095839
313,1.565,7.815926627210011,6.667002586232739,7.21623698302351
314,1.57,8.070384761727153,6.882511085694798,7.437737333738021
315,1.575,8.299330202354772,7.105812683948466,7.663096755954706
316,1.58,8.49519374471876,7.3226258956952055,7.876560589772162
317,1.585,8.652315013310117,7.522690806547947,8.065451931768514
318,1.59,8.766603846681509,7.699788889991817,8.220668656616102
319,1.595,8.83522886207001,7.850790723837209,8.336480308506221
320,1.6,8.856364925528622,7.974346224062186,8.410006744657641
321,1.605,8.82900973130039,8.069713965923464,8.440646757411397
322,1.61,8.752869441450141,8.136006046585631,8.429583623200362
323,1.615,8.628309726585687,8.171903595633047,8.37939453917127
324,1.62,8.45636813888195,8.175736597789106,8.293740207931291
325,1.625,8.238824145156368,8.145754350432554,8.177094280037426
326,1.63,7.978322497638112,8.080434101635586,8.034474539161373
327,1.635,7.678542123540558,7.978742790728339,7.8711499867714805
328,1.64,7.344394342700435,7.840332528368438,7.692317698214164
329,1.645,6.982218887198442,7.665689231311603,7.502769697960735
330,1.65,6.599922818735555,7.456264881798852,7.306599208887168
331,1.655,6.206978483525289,7.214617045547135,7.107017676091262
332,1.66,5.814172157910421,6.94456311243597,6.90635559955188
333,1.665,5.432996074676304,6.6513346393509805,6.706290684450919
334,1.67,5.074631831943845,6.34168906645213,6.508284279147487
335,1.675,4.74860092752057,6.023902332715309,6.31412277940269
336,1.68,4.46133372920369,5.707532883465266,6.126380118842994
337,1.685,4.215045105248679,5.402833625164036,5.948576640225211
338,1.69,4.007292216133486,5.119726183393785,5.784846161114366
339,1.695,3.831386842231021,4.866376187989708,5.639061573557479
340,1.7,3.6775356673233768,4.647619906969566,5.513596195806375
341,1.705,3.534359263455953,4.463710705586248,5.40813012597197
342,1.71,3.39040461434152,4.3099166437770355,5.319001214670033
343,1.715,3.235391505472678,4.177273707704653,5.239432806647499
344,1.72,3.061111417095691,4.054339157733922,5.160595025916806
345,1.725,2.862033773977391,3.929367527981687,5.07310236744394
346,1.73,2.635732943286474,3.7922214127351923,4.968443405154461
347,1.735,2.3832387867061224,3.6355651496856147,4.840002916278639
348,1.74,2.1093534239350884,3.4552714249180063,4.683606946896194
349,1.745,1.8228792720756992,3.2502703827541994,4.49771916632862
350,1.75,1.5365774375543084,3.0221879762063217,4.283478500737534
351,1.755,1.2665513586171937,2.775076449184366,4.04472872508904
352,1.76,1.030711750827373,2.5153978238833616,3.788107308011518
353,1.765,0.8461622307277011,2.2522333116655937,3.523162745169951
354,1.77,0.725838137797356,1.9974919159969788,3.2623570271820164
355,1.775,0.6753674282440226,1.765712163247891,3.020682940966918
356,1.78,0.6914114932592772,1.5729540478387944,2.814529426198833
357,1.785,0.7622544892494463,1.434394801666877,2.6594862540272195
358,1.79,0.8703533206033474,1.3607423294868881,2.56715666442109
359,1.795,0.9957267332605516,1.3544606822347505,2.541758569920796
360,1.8,1.119007869367406,1.407570144883544,2.5779443512513303
361,1.805,1.2235337150628895,1.5025670358122172,2.6611369366638105
362,1.81,1.2964590473023827,1.6164855634121245,2.7704893332262492
363,1.815,1.329226302646605,1.7263298338517288,2.8831481673926724
364,1.82,1.3177873821392814,1.8135544770493803,2.978055368727275
365,1.825,1.262886975747232,1.866245861578864,3.038268916121798
366,1.83,1.1705756366728055,1.8790763057445017,3.0518443269156563
367,1.835,1.0529401750624152,1.8519553387117447,3.0118873029737196
368,1.84,0.92877794252242,1.788430436924695,2.9163876357304606
369,1.845,0.8235696712297951,1.6946249858685123,2.7682001799044005
370,1.85,0.7677365967591734,1.579119139024391,2.5753060005095434
371,1.855,0.7922267640300138,1.453773772265714,2.3513194982180723
372,1.86,0.921585251195746,1.335082835053571,2.116034910572367
373,1.865,1.1667786712062824,1.2452118149388993,1.8955334391211118
374,1.87,1.5214650348512455,1.2114555025161282,1.7209869341564357
375,1.875,1.9639853083198595,1.2626548454612596,1.6250350806755782
376,1.88,2.463770347757432,1.4218538544801524,1.635126124178392
377,1.885,2.9885377958008186,1.6969272561918678,1.765165445194318
378,1.89,3.5093783807358463,2.0741565419070813,2.009476414815069
379,1.895,4.002988734683378,2.5200871243516882,2.34343679121986
380,1.9,4.45178730863233,2.9919142439245254,2.731121179003147
381,1.905,4.8429651086408985,3.4503213286129633,3.135236935353414
382,1.91,5.167227321385619,3.8679280567890877,3.5240700692367186
383,1.915,5.4176055576701625,4.2310605016763425,3.8738154529146294
384,1.92,5.588465827543294,4.536741834812855,4.167875801596194
385,1.925,5.674708933293702,4.787835918012899,4.3952427200392945
386,1.93,5.671108722800362,4.988453743319171,4.549115592964709
387,1.935,5.57171733844661,5.140733067007581,4.625996510346737
388,1.94,5.36925961997559,5.243376585931655,4.62509300748099
389,1.945,5.054426498950434,5.291722940217128,4.54781357130561
390,1.95,4.614948399906195,5.2786502909574775,4.397219626971046
391,1.955,4.034269884731804,5.195518344280059,4.177365056404426
392,1.96,3.289530313937319,5.032647581678588,3.892470414353327
393,1.965,2.3483337541873364,4.77920319198597,3.545859034305476
394,1.97,1.1633859847144792,4.422537229005391,3.1385563559785234
395,1.975,-0.336533199333294,3.9470222176993124,2.6674444765395706
396,1.98,-2.2605879256798533,3.332263761452446,2.1228643902259727
397,1.985,-4.7641888581656975,2.5503473754333132,1.4855093202250091
398,1.99,-7.912567886869716,1.5614099411703184,0.7222440763297211
399,1.995,-10.413787020494135,0.30622027331451385,-0.22000955368546737
400,2.0,-8.869834057838165,-1.3063400912874492,-1.4239280676099932
401,2.005,-5.514122312085178,-3.417732116534367,-3.0157416990984256
402,2.01,-2.66327969160098,-6.2189436611154445,-5.16332381775638
403,2.015,-0.4421080616810976,-9.640770235450768,-7.823786253032164
404,2.02,1.310085655140223,-10.76430752280635,-8.640966323139278
405,2.025,2.71874913723451,-3.826229397208733,-2.9349875263695475
406,2.03,3.8663970854791057,1.899517276507145,1.8137115719666292
407,2.035,4.807581199281868,4.073395477339403,3.724700503056577
408,2.04,5.579528976886189,5.051174178457448,4.759258376183594
409,2.045,6.208519189864985,5.284676809592933,5.402279716609446
410,2.05,6.713689142796733,5.104363636397388,5.8464497501641475
411,2.055,7.109379283050705,4.787370597953307,6.154396960149056
412,2.06,7.406637067641599,4.512839611704401,6.3489013635228435
413,2.065,7.614227467390753,4.4874308667902,6.43747552215963
414,2.07,7.739349747597703,4.976010124431962,6.419057943887241
415,2.075,7.788180146629477,5.614613441796853,6.2912522634793895
416,2.08,7.766315577650165,6.117899993401512,6.055455666548776
417,2.085,7.679167446896992,6.478413069458357,5.716760485131957
418,2.09,7.532337517921999,6.722295495216962,5.289910247063182
419,2.095,7.331993181308021,6.86997847429604,4.795249184481185
420,2.1,7.085242446993552,6.9358898132159945,4.248998013902975
421,2.105,6.800484872995205,6.930810831466635,3.6889092236057506
422,2.11,6.487680266513028,6.863594778505741,3.2006522565926296
423,2.115,6.158433872246103,6.742314452712185,2.880359470650606
424,2.12,5.825757438146651,6.575075660462384,2.7873953549922854
425,2.125,5.503359944548315,6.370626784760281,2.9638306306320645
426,2.13,5.204393843657575,6.138796635706647,3.395512007332621
427,2.135,4.939762230862346,5.8907117480290365,3.9928950479953027
428,2.14,4.716342203836208,5.63867616424947,4.576587237459029
429,2.145,4.5356639348744325,5.395559101965831,5.040295672979389
430,2.15,4.393536069441343,5.173573768226165,5.3441507595572775
431,2.155,4.280785736386868,4.9824985421704415,5.454468741662945
432,2.16,4.184860915746975,4.827694890839602,5.341034816795275
433,2.165,4.091786659205877,4.708589385723279,5.146382761619139
434,2.17,3.987997962223112,4.6183540993194265,4.948556245766679
435,2.1750000000000003,3.8618034413166575,4.545143840565431,4.72880901363896
436,2.18,3.704492944454536,4.474561518366091,4.493071319521102
437,2.185,3.511274668380913,4.392477109575132,4.246792675126562
438,2.19,3.2822880808579638,4.287297677284242,4.002762895485466
439,2.195,3.0238958336987194,4.151227322311466,3.775138255948889
440,2.2,2.750284811865664,3.9806088452358703,3.550657896650992
441,2.205,2.485013040525566,3.7758014153039823,3.309251347283581
442,2.21,2.261437116127192,3.5411477400030704,3.054992592994724
443,2.215,2.120145876466029,3.285484634777094,2.7993612116153757
444,2.22,2.1015842795249826,3.023406024187115,2.5443166966472845
445,2.225,2.2344986229305257,2.777063810234433,2.321235003813765
446,2.23,2.525296180034922,2.5775745644310692,2.2231760512151233
447,2.235,2.955243663475419,2.464051388919172,2.279688336141712
448,2.24,3.487542946592378,2.477466105469529,2.4676654557852884
449,2.245,4.079142810213204,2.647822994136062,2.7949196305830895
450,2.25,4.690496355406729,2.978537635938144,3.250609676559089
451,2.255,5.29032029469449,3.43863829628172,3.746907007014574
452,2.26,5.85623952438778,3.9716628965439496,4.272654506130975
453,2.265,6.373369669620192,4.516795478220231,4.82407230681752
454,2.27,6.832369962418305,5.027776465530875,5.3507423397281935
455,2.275,7.227700406897275,5.4802457685768475,5.8215775389305815
456,2.28,7.55629925545827,5.868904751846239,6.224698807772152
457,2.285,7.816665805313882,6.200212780507533,6.553288567862161
458,2.29,8.008265298495028,6.484879652416569,6.8045212053082285
459,2.295,8.13117331759234,6.732155912455715,6.978242015023676
460,2.3000000000000003,8.185899310923991,6.9467217581689304,7.0763094097561385
461,2.305,8.173354333753975,7.128269723971204,7.102477296805965
462,2.31,8.094951608739207,7.27303708560321,7.06246113901989
463,2.315,7.952849742573336,7.375954024376426,6.963966867899174
464,2.32,7.750367555415237,7.432318377033612,6.816581177483306
465,2.325,7.492614064024956,7.438667404049189,6.631477821481586
466,2.33,7.18737800466487,7.393072637744085,6.420901601311652
467,2.335,6.8462856919505,7.2952157045589985,6.197398506789212
468,2.34,6.486120335558358,7.1465132824015605,5.972834790065547
469,2.345,6.129940434317107,6.9504479158748085,5.757406629812655
470,2.35,5.807218979219143,6.713190706346556,5.5590042392995285
471,2.355,5.551825523392405,6.44454980678625,5.383346623610383
472,2.36,5.396856845601774,6.1591881190548765,5.235171887579382
473,2.365,5.3668201222636895,5.877845543929601,5.1203918000574475
474,2.37,5.470188119611942,5.6278965516371215,5.048471040041692
475,2.375,5.696545590455556,5.442006226380974,5.03354135329531
476,2.38,6.020197189528803,5.353335332475007,5.092425680778507
477,2.385,6.407896408119566,5.386705546263111,5.238660659460471
478,2.39,6.8264516373476845,5.54823543059322,5.474331391221169
479,2.395,7.247492997348941,5.81957846694704,5.784708393455183
480,2.4,7.649161422489202,6.162251582973912,6.140423501279866
481,2.405,8.015796591076025,6.530670837053231,6.5065075339894545
482,2.41,8.336768438190154,6.885967963195666,6.85226317343249
483,2.415,8.605173492333085,7.203609367301185,7.156614858732006
484,2.42,8.816717756990366,7.473705355517974,7.408282115205324
485,2.4250000000000003,8.968872471607606,7.696878349231546,7.603227919027338
486,2.43,9.060286217044473,7.878877877360115,7.741805098984543
487,2.435,9.090407166187427,8.025943817205576,7.826720857074168
488,2.44,9.059271762105904,8.141880896347674,7.8619213541001365
489,2.445,8.96742975463791,8.227097314232678,7.852090094592348
490,2.45,8.815991605084632,8.279225556175408,7.802422565103729
491,2.455,8.60679976252713,8.2944929171486,7.718452341073524
492,2.46,8.342738899948893,8.269033460973644,7.6058631169195206
493,2.465,8.028209466626503,8.199746344034015,7.470346610185272
494,2.47,7.669787514850213,8.08471813061199,7.3175554894509816
495,2.475,7.277067712968577,7.923411443532546,7.153083191483288
496,2.48,6.8636108352623895,7.716822550453246,6.98234550669992
497,2.485,6.447759783903292,7.467747435366041,6.810321374907911
498,2.49,6.052838865347242,7.181236226529872,6.641276491958188
499,2.495,5.705997192060206,6.865264652277372,6.478761962179236
500,2.5,5.434983549238633,6.5315797827901845,6.326219177174591
501,2.505,5.262865478967828,6.196540679313185,6.188284250596723
502,2.51,5.202172903958671,5.881530115347808,6.072390476422988
503,2.515,5.251156960128971,5.612179087699092,5.989723175779422
504,2.52,5.394277830092287,5.415428776915589,5.9543005480089874
505,2.525,5.6066308986377145,5.313867821088198,5.979357283286497
506,2.53,5.859882728704515,5.31837310545243,6.071656586293687
507,2.535,6.127180287437875,5.422390576296704,6.226419235163938
508,2.54,6.385898400424127,5.60194198989008,6.426359642512894
509,2.545,6.618442720824609,5.822523925708539,6.646077749281939
510,2.5500000000000003,6.811873332224617,6.0493384848725675,6.859227920193411
511,2.555,6.957046605208969,6.255482009005655,7.044358408626044
512,2.56,7.047705165004425,6.425176200881822,7.187261060204806
513,2.565,7.079715759345586,6.552577255388307,7.280394072338234
514,2.57,7.050520372897967,6.638288622344241,7.321053908648155
515,2.575,6.958807824314541,6.68552317962476,7.309582631460737
516,2.58,6.804399950652136,6.69712130187301,7.248120356310146
517,2.585,6.58835584001804,6.6739663108398775,7.139898881863265
518,2.59,6.313316119040585,6.6147912312463495,6.988890066757058
519,2.595,5.9841270300969605,6.516942722471523,6.799635763052752
520,2.6,5.608786102785526,6.377507652202395,6.577180271380182
521,2.605,5.199707407580194,6.194369764719128,6.327119857982028
522,2.61,4.775158737848924,5.967069965948623,6.055808560374766
523,2.615,4.360402347316093,5.697575019397703,5.770713434753876
524,2.62,3.987564708513141,5.3911400117505135,5.4808716066213155
525,2.625,3.6928375803808446,5.057409150328891,5.197417263490462
526,2.63,3.510037051599687,4.711754694309876,4.934174708989674
527,2.635,3.4616261174105905,4.376555319454903,4.708234881349552
528,2.64,3.551229076673195,4.0815839763295845,4.54009647850529
529,2.645,3.762252980603874,3.861984414280742,4.452342371490092
530,2.65,4.063556082136659,3.752067896180778,4.465433910302466
531,2.655,4.418449735597449,3.774686152887064,4.5902181008316925
532,2.66,4.792329900251976,3.93000568429426,4.819897905719475
533,2.665,5.156733455954364,4.191272865708643,5.127267733490151
534,2.67,5.490237798185344,4.512624719153442,5.47109705440828
535,2.6750000000000003,5.777595270948408,4.844947337729635,5.808430104661326
536,2.68,6.008265057457703,5.1499077526034265,6.1050691380267255
537,2.685,6.174972358278982,5.405818907791985,6.3395897873542495
538,2.69,6.272526394123618,5.605958076132685,6.501892182968078
539,2.695,6.296923633557893,5.753158914444831,6.589600868728529
540,2.7,6.24468446256286,5.85390956264118,6.604703276203017
541,2.705,6.112354613103836,5.913718918263541,6.551270294942398
542,2.71,5.89610850828141,5.934512233325497,6.434211076005139
543,2.715,5.591402541871179,5.914120594208579,6.258733415428745
544,2.72,5.192635753908396,5.847256075696972,6.030174020871322
545,2.725,4.6927824948959245,5.726971761508283,5.753930828554744
546,2.73,4.082969373551243,5.545789355359025,5.435304128934676
547,2.735,3.35198618359825,5.29619497121933,5.079117110770403
548,2.74,2.4857735304687085,4.970599261217189,4.689042562206708
549,2.745,1.4670943978371902,4.5609732526261295,4.266627429612021
550,2.75,0.2761017153704482,4.058320111105061,3.8100914490443607
551,2.755,-1.1059399889467565,3.452065317483389,3.3130676876186502
552,2.76,-2.682862536494034,2.729416131349209,2.7635303889784795
553,2.765,-4.400285345312231,1.874804511454471,2.143229024236201
554,2.77,-6.035744776813619,0.8698062932452499,1.4281118465028029
555,2.775,-7.06758550376826,-0.3051868366749737,0.5907992313246444
556,2.78,-6.964599757989783,-1.6635539069266816,-0.3918205006799411
557,2.785,-5.901040616556514,-3.1871643344231355,-1.51634551910304
558,2.79,-4.488590190421398,-4.749878555635862,-2.689196814452556
559,2.795,-3.114593014985142,-5.934546922094881,-3.576689551460575
560,2.8000000000000003,-1.90865353887528,-5.891427148806864,-3.488251671908511
561,2.805,-0.8887331003160458,-4.146547490523437,-2.029336818149975
562,2.81,-0.0380464579070636,-1.8026702761971967,-0.07569807754832958
563,2.815,0.6679976946441499,-0.04569294573467353,1.432725067531893
564,2.82,1.2537975540398705,0.9789510989911019,2.4019635651761635
565,2.825,1.7416957051982342,1.4624479305975044,3.0017743201199343
566,2.83,2.151893335171705,1.6015760202316272,3.3673479430839235
567,2.835,2.5027022613398886,1.5712971694731848,3.577737401393051
568,2.84,2.810661298390531,1.5180238991584019,3.6763520928755593
569,2.845,3.090382904401909,1.5605179036608234,3.6877376793212013
570,2.85,3.3541482815894907,1.761223612156663,3.6271154938140677
571,2.855,3.6113666930364863,2.0791816750370598,3.506074386105462
572,2.86,3.8680775877130102,2.432009920400851,3.3360785916772975
573,2.865,4.126682291029475,2.7752107321510704,3.1302740998265053
574,2.87,4.386030331770634,3.0989472078226488,2.904364483387538
575,2.875,4.641872124330928,3.406203386265881,2.676321362890541
576,2.88,4.887574842776501,3.701592874972645,2.4667991114841796
577,2.885,5.114932910687405,3.987370551939172,2.30319718347192
578,2.89,5.31490767177205,4.2625042434103815,2.2216895128481533
579,2.895,5.47818376941505,4.523077553186067,2.2589864716694903
580,2.9,5.595496649933186,4.763266118210331,2.4395058979967033
581,2.905,5.6577377108978,4.97641702360251,2.766780560411489
582,2.91,5.655869813532123,5.155905678718921,3.2152557395279384
583,2.915,5.580688989699532,5.29560157344857,3.7261226935853715
584,2.92,5.422456578167553,5.389930682262509,4.2183188680512265
585,2.9250000000000003,5.170407670285392,5.433631032078757,4.616597977025509
586,2.93,4.812122676630383,5.421337858356692,4.868062391283263
587,2.935,4.332736320313988,5.347115857340643,4.941101697138607
588,2.94,3.713971807430136,5.204003590086278,4.829521871267812
589,2.945,2.933093103070108,4.9835749078139475,4.558010299837065
590,2.95,1.9622946783155677,4.675473172572922,4.157044559051346
591,2.955,0.7706117869242941,4.266846448933504,3.6417824650182657
592,2.96,-0.6639499800716065,3.741613698266499,3.018558836620636
593,2.965,-2.305361282312347,3.079550412489847,2.2892879218613147
594,2.97,-3.902949458892793,2.2554083919040306,1.450199324585606
595,2.975,-4.7424947412161975,1.2390887134257418,0.48916066087380017
596,2.98,-4.096159329588137,0.0007480492008138384,-0.6138662900694722
597,2.985,-2.373995153648383,-1.4650709251470424,-1.864866961129441
598,2.99,-0.4209744001940235,-3.048070743640533,-3.1761091749440133
599,2.995,1.3726977906850144,-4.244378816276166,-4.139386270382712
600,3.0,2.922128036719578,-3.8182823259777177,-3.749716712740197
601,3.005,4.237314900383213,-1.1138170944316776,-1.460109229516756
602,3.01,5.347345591401087,1.9925902462232377,1.2339618604420561
603,3.015,6.280174120198115,4.087523885479435,3.2027705495648062
604,3.02,7.058504586067733,5.290858904451003,4.552015624262214
605,3.025,7.69981869989072,5.898087348997505,5.51879001504909
606,3.03,8.217254650821712,6.140435428446736,6.234125995594787
607,3.035,8.620481007207948,6.210496306125988,6.7559274360499195
608,3.04,8.916381431799135,6.262327334924187,7.11684093361083
609,3.045,9.1095430507362,6.424732651431523,7.340225586752361
610,3.0500000000000003,9.202578802083202,6.75722742704943,7.436909235738803
611,3.055,9.196313554606949,7.170883804517974,7.4116286519911565
612,3.06,9.089854453550434,7.545953140903669,7.270043144883386
613,3.065,8.880556013723997,7.8306042827563775,7.020664495606907
614,3.0700000000000003,8.563882440322244,8.013539831995338,6.676230100208302
615,3.075,8.133165835520131,8.0951177261873,6.253455314636668
616,3.08,7.579265726864648,8.077144170878375,5.773725251195751
617,3.085,6.890171839281997,7.96006118335222,5.26973053822686
618,3.09,6.050714514957364,7.742217784573071,4.788092947890583
619,3.095,5.042922753032957,7.419618299245538,4.375900126807189
620,3.1,3.8487000998972887,6.985701161288649,4.063253249258235
621,3.105,2.4598439905531126,6.431047759398258,3.8540356069143415
622,3.11,0.9096238584647393,5.743082400058261,3.714102578772632
623,3.115,-0.6432653980687599,4.906068384070567,3.5647297613774986
624,3.12,-1.7797826219153317,3.9023696455495256,3.298462311027911
625,3.125,-1.9303078194036367,2.717920959842106,2.8239702242133173
626,3.13,-1.0337533817719486,1.3606858834131215,2.096636603978308
627,3.135,0.3698376085964509,-0.08347465162050671,1.1567967838605187
628,3.14,1.8152136021259535,-1.3089587911710439,0.253689765013811
629,3.145,3.1108824665217565,-1.6063575816348008,0.008396864895581224
630,3.15,4.21079165412671,-0.281530051597489,1.0343375131948087
631,3.155,5.119199503896179,2.0360079162907057,2.855512001579056
632,3.16,5.853341598140069,4.026346458907718,4.434459787828013
633,3.165,6.431381505585812,5.283191602046218,5.476273065476553
634,3.17,6.869145388777088,5.940381082422472,6.11964474076664
635,3.1750000000000003,7.179699101194772,6.187009621288483,6.513877317905494
636,3.18,7.373801847578677,6.196320691013264,6.744797281064104
637,3.185,7.460626075090971,6.114971071688551,6.853132117738273
638,3.19,7.448596537587871,6.061758925106567,6.859845709040641
639,3.1950000000000003,7.346367707707313,6.112467373212383,6.775969967274157
640,3.2,7.164020364330135,6.2505329915123,6.607925148241609
641,3.205,6.914562865537687,6.392217682660813,6.369645300918959
642,3.21,6.615746978041878,6.475678910118952,6.083220261686176
643,3.215,6.291973140417508,6.4796645402025845,5.757797693449408
644,3.22,5.975564257749859,6.40468649024393,5.390797664058976
645,3.225,5.70596867712702,6.261064528064313,4.988426395157337
646,3.23,5.525063773439284,6.065447043826768,4.569868021719028
647,3.235,5.4679313041640585,5.841051657373937,4.172558078063178
648,3.24,5.551976620206079,5.618847607477597,3.8675561496379665
649,3.245,5.770557018356351,5.437576283015174,3.7348591415607517
650,3.25,6.095616019559956,5.340132454323879,3.8315512252714026
651,3.255,6.487407123740776,5.364129345202346,4.181090095739889
652,3.26,6.905079027160106,5.527730988862265,4.759451128555137
653,3.265,7.313478347249964,5.818056969258841,5.48962149251701
654,3.27,7.685489283950439,6.192206324671903,6.265534298461026
655,3.275,8.001491669570285,6.592919048110234,6.986359689582278
656,3.28,8.247654560762133,6.968581509124391,7.5747849619423695
657,3.285,8.414096769264349,7.285551934772899,7.9880139605232685
658,3.29,8.49332925234139,7.529648179154141,8.227031065258867
659,3.295,8.479057350771047,7.700858104587994,8.318672824881286
660,3.3000000000000003,8.365290724300833,7.8061036117967495,8.285678382104518
661,3.305,8.145686104740212,7.852881612795359,8.144905472593734
662,3.31,7.813076509416633,7.845022274515006,7.912992834724323
663,3.315,7.359208375782671,7.780982604667557,7.6062090379625396
664,3.3200000000000003,6.774846533182783,7.654353587658632,7.238495584182325
665,3.325,6.050716357698397,7.4555297247417975,6.817696534854925
666,3.33,5.180479929309932,7.173350945456198,6.345874192979531
667,3.335,4.168621760419494,6.79610322719035,5.824305631878292
668,3.34,3.0494633511200284,6.311992223014117,5.255457945071861
669,3.345,1.926652242333047,5.7097000161215465,4.64198044605133
670,3.35,1.0265064603622107,4.980108604084922,3.9899707477619555
671,3.355,0.6752206796235434,4.121336689685359,3.313478746608806
672,3.36,1.0624019219864698,3.1518441593994195,2.632962640118456
673,3.365,2.0279414938868547,2.1413837438863834,1.9914520233953374
674,3.37,3.2450921404356645,1.2719395830664535,1.5131941731828271
675,3.375,4.474262820679216,0.9016530987171754,1.4637874868691725
676,3.38,5.602148799434715,1.4430137429811896,2.1543647783342674
677,3.385,6.589739221668637,2.8704309672719583,3.5545933966704295
678,3.39,7.430535512650964,4.5534515784215115,5.1604710523542785
679,3.395,8.12994111464291,5.933435817066687,6.5289599079297265
680,3.4,8.696590187462391,6.866768390050926,7.5497997544125806
681,3.405,9.138985681300548,7.41848859384823,8.271191976796864
682,3.41,9.46431982814578,7.704368545243768,8.760795407761242
683,3.415,9.678156366556514,7.841385492416903,9.068951650186495
684,3.42,9.784437259296183,7.929994801064678,9.228112185305761
685,3.4250000000000003,9.78560397634426,8.041846724109485,9.258650394309697
686,3.43,9.682764218755832,8.199393123323421,9.173874177026947
687,3.435,9.47590530361544,8.370944635396867,8.983707520204929
688,3.44,9.164208468733555,8.507055325583515,8.697342936196927
689,3.4450000000000003,8.746586801193411,8.573328321489303,8.325126005882671
690,3.45,8.222686668485164,8.553090165709834,7.879829334427216
691,3.455,7.594803414786399,8.439463521082063,7.377448840548924
692,3.46,6.871513550383895,8.229632732705907,6.838398097467251
693,3.465,6.074265652276132,7.922347132330978,6.288917296837418
694,3.47,5.248127610484104,7.5174565002181275,5.759546766640994
695,3.475,4.475157074437043,7.016901544068506,5.279199907130751
696,3.48,3.879112397140245,6.427386293385437,4.868993090052652
697,3.485,3.596304988913506,5.7656953798750905,4.540012808584899
698,3.49,3.703176386017191,5.068214540226441,4.296894327431744
699,3.495,4.160180811472686,4.405557798737286,4.151301752584535
700,3.5,4.842022892368208,3.897268758528259,4.144966783429025
701,3.505,5.61475343209244,3.7037685773364784,4.359241576635747
702,3.51,6.381363158109896,3.9549942603666777,4.8668920984768445
703,3.515,7.085437067058705,4.628019962833244,5.6357978255815615
704,3.52,7.698707171512479,5.517410531599904,6.506650080412864
705,3.525,8.208929778927057,6.377473843344807,7.303254166669237
706,3.53,8.61195291060277,7.061772430945444,7.929583761715243
707,3.535,8.90721740163217,7.534967369869509,8.367378948961111
708,3.54,9.09534626213834,7.825633760785005,8.63639813624554
709,3.545,9.176865349055506,7.98685452063257,8.765932222020364
710,3.5500000000000003,9.151495840968003,8.072892749053683,8.78213393587727
711,3.555,9.01770984443957,8.124674123064606,8.703628825897376
712,3.56,8.772376627581165,8.160236874236789,8.541330872583277
713,3.565,8.41039436652888,8.173582922496381,8.301723873407827
714,3.5700000000000003,7.924231472218425,8.144548353972487,7.990624870788287
715,3.575,7.303311344195107,8.051312765407864,7.61497345687112
716,3.58,6.533182374258107,7.876459439819504,7.184103980968551
717,3.585,5.594459229033236,7.606883876554981,6.710695558693689
718,3.59,4.461726286591459,7.231524820493982,6.207359434048002
719,3.595,3.103408076405389,6.739098121579239,5.6801494687979135
720,3.6,1.4867095624559992,6.116249660163222,5.126630714719909
721,3.605,-0.3967247732247626,5.345952671294472,4.536430519340827
722,3.61,-2.431250218348179,4.406002205683812,3.8887434187116643
723,3.615,-4.109592414709003,3.2679121346334092,3.1511353376771867
724,3.62,-4.471231238743568,1.8980887070403818,2.281841505408477
725,3.625,-3.346977332793969,0.26888908998745276,1.2364294416067971
726,3.63,-1.6669158685600638,-1.591661102225542,0.008309029849457694
727,3.635,-0.073198882691032,-3.4159009058731833,-1.2150546653974468
728,3.64,1.25665648856122,-4.242393949306736,-1.6756806150280052
729,3.645,2.31378249492363,-2.6321034851844614,-0.21281027760841376
730,3.65,3.126706780768172,0.5211383297703538,2.463400797991207
731,3.655,3.725531711449136,2.8950989785323813,4.497417337605897
732,3.66,4.134316428498468,4.157781073710612,5.655245829112078
733,3.665,4.370568615882463,4.664861676718774,6.267622710323151
734,3.67,4.446252195782235,4.682711879695688,6.553180746404112
735,3.675,4.368950178156774,4.427439443473525,6.624696958441585
736,3.68,4.142981752395168,4.071580316523136,6.536450688437563
737,3.685,3.770661442961672,3.756090957302124,6.313564431514223
738,3.69,3.2541709396229503,3.588757984734063,5.96584118639398
739,3.695,2.598965225243313,3.539433530270097,5.495609576909321
740,3.7,1.8204388681298176,3.4634378807074526,4.903678512965072
741,3.705,0.9566080150131872,3.2715023580466007,4.193116202596709
742,3.71,0.0888872181925448,2.9388473312964414,3.3724169656237146
743,3.715,-0.6369513392112678,2.4658866663901806,2.457855019870054
744,3.72,-1.0267653935004653,1.8655786802048242,1.475308897301081
745,3.725,-0.9380825671658208,1.168669307344993,0.4713808250774507
746,3.73,-0.397656380312773,0.4414726067380421,-0.4635862662793384
747,3.735,0.423502665996019,-0.18578898929711762,-1.176947189919498
748,3.74,1.3397993554794718,-0.5010494329949191,-1.4567315938490228
749,3.745,2.2259731790240527,-0.27423436700333514,-1.0933812708062671
750,3.75,3.0166537510940143,0.5420852519294588,-0.05079805283745831
751,3.755,3.683342427337987,1.6824805246061563,1.4149065323384327
752,3.76,4.215966726116927,2.776787984647947,2.923148256341894
753,3.765,4.6123371277895,3.6133194884516273,4.213571988845295
754,3.77,4.872777431756169,4.154239305460052,5.188041064807261
755,3.775,4.997454869793871,4.447233233665677,5.828852533309233
756,3.78,4.984969641845219,4.566881271739247,6.1487053301852574
757,3.785,4.831447657029814,4.586533240539829,6.198049485860608
758,3.79,4.529727153969657,4.562386833816776,6.044582630760912
759,3.795,4.068377541121986,4.520479596811153,5.72555523571124
760,3.8,3.430330817004586,4.451294625304736,5.260632203336421
761,3.805,2.590911556871543,4.322601291459017,4.668460634245442
762,3.81,1.5151662753110546,4.099448340402025,3.966861964221305
763,3.815,0.1552288672807072,3.7529813324558363,3.1718195122663255
764,3.82,-1.5470569625797004,3.2584805780537804,2.290085905694602
765,3.825,-3.624530336156113,2.5901851099107724,1.3179404705442472
766,3.83,-5.88913226411384,1.7162011799452714,0.248805366039905
767,3.835,-7.327195880929603,0.593876247574074,-0.9276015726428541
768,3.84,-6.522313431881051,-0.8330300241598305,-2.235059452460841
769,3.845,-4.323816572057102,-2.6252688801199398,-3.704446570251463
770,3.85,-2.101283597298607,-4.773577737363954,-5.311099245070576
771,3.855,-0.2349407200296601,-6.817794651981455,-6.687865276396527
772,3.86,1.2715735228073926,-6.781354323360359,-6.27614856817938
773,3.865,2.475623047459181,-2.882653748719788,-2.681159913536172
774,3.87,3.429676312784345,1.1593974155256048,1.048920373850235
775,3.875,4.173051643294909,3.3215699085502606,3.2420443391549707
776,3.88,4.73386143817092,4.347463809466387,4.511977826416176
777,3.885,5.131875299502591,4.681652784396416,5.271893144044249
778,3.89,5.380776466034028,4.606461391228058,5.7180201965416275
779,3.895,5.4897834849702765,4.351065727928917,5.938832057977583
780,3.9,5.46485648432295,4.0874531955520474,5.979197913495191
781,3.905,5.309736281576738,3.979368621133939,5.863536051039216
782,3.91,5.027105559365851,4.1318963180201145,5.605150541944625
783,3.915,4.620290798973291,4.378602892556833,5.212835497355693
784,3.92,4.096201509196882,4.5347428918801445,4.6947017830431355
785,3.925,3.47066268986166,4.551469824669177,4.059813088021399
786,3.93,2.777714961522645,4.42865349455204,3.321805454309374
787,3.935,2.0835148947189204,4.174739441530562,2.4994780740397617
788,3.94,1.4991713668741062,3.8004031649691425,1.6179912803284022
789,3.945,1.171248135452463,3.321658487040802,0.7253134037498405
790,3.95,1.2223793738726196,2.767846194128001,-0.09236475625972851
791,3.955,1.6685606636985213,2.1951825577427133,-0.7220783470959367
792,3.96,2.4069625699399677,1.7049105401960305,-1.0380653884625994
793,3.965,3.29082943002682,1.45269786860991,-0.8994646024088482
794,3.97,4.200147583276268,1.6099953126457631,-0.19759187712720738
795,3.975,5.060976740842039,2.24470103667111,1.0365454853323346
796,3.98,5.835271449857011,3.2155662899013624,2.5618396303492172
797,3.985,6.506393729604599,4.253609250669374,4.065873571193173
798,3.99,7.068821126083788,5.149179627198235,5.32843870239163
799,3.995,7.522199970994031,5.822813024435071,6.248482570246017
800,4.0,7.868194412455042,6.285340790473695,6.818508224932624
801,4.005,8.108883089183417,6.587605295282864,7.128312155631724
802,4.01,8.245960544283498,6.78974334085274,7.256817770078903
803,4.015,8.280345358070635,6.943439261998141,7.233983394245182
804,4.0200000000000005,8.211993546319949,7.079896808581337,7.086161168724272
805,4.025,8.03982475459484,7.203896359544125,6.8390482349742205
806,4.03,7.761736429372572,7.299680875004548,6.518388863869352
807,4.035,7.374739846223978,7.345075937888193,6.145975474587253
808,4.04,6.87533182841341,7.321678825566432,5.728978835065085
809,4.045,6.260359759156882,7.217110033302738,5.26971381775651
810,4.05,5.52891813497337,7.023351167029449,4.780224447037519
811,4.055,4.686346493746212,6.734728231812936,4.277103304659307
812,4.0600000000000005,3.752251615238973,6.346713075837595,3.7752810057777912
813,4.065,2.7751070630299357,5.855712013965408,3.3026657373991553
814,4.07,1.853119919170202,5.260018010015406,2.900158799429742
815,4.075,1.1457473147706236,4.562578232511189,2.570649885593529
816,4.08,0.8323553022369256,3.7770886387698734,2.283356198349135
817,4.085,0.998987808631421,2.9401274539211086,2.023405015191137
818,4.09,1.5637092762323404,2.132293654558153,1.803442447394898
819,4.095,2.3473617440130257,1.5041862004589581,1.6828832575966386
820,4.1,3.187984685208696,1.273248588525806,1.8217573527278383
821,4.105,3.984588819219005,1.6163864069222775,2.371474555891595
822,4.11,4.686494611183551,2.4732004897172453,3.283070509432771
823,4.115,5.272359874083199,3.5276157982806335,4.309567741579745
824,4.12,5.735306064476746,4.463663769165735,5.213409256103996
825,4.125,6.074685945194362,5.138906997146503,5.894583400928446
826,4.13,6.291945585141413,5.548816481523485,6.353446058875542
827,4.135,6.388628801156004,5.74975499457082,6.624100059143907
828,4.14,6.365436807942856,5.814448056757739,6.741382835839273
829,4.1450000000000005,6.221806212587277,5.809622322841744,6.731434997259411
830,4.15,5.955775122496139,5.7817006393799435,6.611282261178402
831,4.155,5.564098865347168,5.745805828206155,6.391261176300302
832,4.16,5.042759100747301,5.686390880602376,6.078183070666425
833,4.165,4.388295069216834,5.573931066010327,5.678040174189458
834,4.17,3.600946180336834,5.381775658085498,5.197841877526971
835,4.175,2.6916956178463765,5.09150842852464,4.646673909013875
836,4.18,1.697018364321952,4.691291138924654,4.035764727365957
837,4.1850000000000005,0.7053721167758681,4.173693668406053,3.377945101490046
838,4.19,-0.1126296051830933,3.5357969942621246,2.6882364522880744
839,4.195,-0.5217648337922854,2.7831292238389342,1.9867603643078624
840,4.2,-0.3588747719463507,1.9402954803158683,1.30519715917145
841,4.205,0.3158836310506585,1.0735417075709686,0.7018123384794697
842,4.21,1.2801497929822536,0.3288270764324279,0.28967684725675635
843,4.215,2.323766959864347,-0.03781232793968403,0.2597367959787924
844,4.22,3.321590312181634,0.2600658623892338,0.8175094178580453
845,4.225,4.216865921217374,1.2597667860772415,1.9626954183898806
846,4.23,4.990115712635614,2.5917210777000244,3.369486898664006
847,4.235,5.638904646021629,3.8099236333430806,4.659218057625333
848,4.24,6.167639199273412,4.709771819875715,5.658041395794946
849,4.245,6.582940610387099,5.286366427967723,6.357328312480804
850,4.25,6.891700456997748,5.613735701950297,6.805571411690787
851,4.255,7.100368403024579,5.7846373358357495,7.054532041051604
852,4.26,7.214805995744521,5.885303166529649,7.144264970386418
853,4.265,7.24041593938828,5.980927246740499,7.103710123524238
854,4.2700000000000005,7.18243157036013,6.1011914444992,6.954448726529355
855,4.275,7.046334702284643,6.234931966891705,6.713625990728376
856,4.28,6.83841036018981,6.349757370144109,6.395806474271563
857,4.285,6.566461716415729,6.417692287439157,6.014672795443639
858,4.29,6.240696122952315,6.423891827325735,5.585239900654697
859,4.295,5.874735816059472,6.363785755471348,5.125995336888425
860,4.3,5.48657443201022,6.238963842548153,4.6606003704268435
861,4.305,5.099070730467902,6.054916492007985,4.219210853501552
862,4.3100000000000005,4.739293013568463,5.820383484907371,3.837329309039088
863,4.315,4.435927814580119,5.547641073856627,3.5497570282660846
864,4.32,4.214463465883804,5.253195816618755,3.3824227589220506
865,4.325,4.091189359563402,4.958345450835193,3.3472018744231833
866,4.33,4.068526440101702,4.688850377058573,3.440119002994116
867,4.335,4.134239511288433,4.472712150475946,3.642245807774008
868,4.34,4.265004060762228,4.335242459307519,3.9248357024868867
869,4.345,4.4322886220860696,4.291868036307444,4.25602292243134
870,4.3500000000000005,4.607787474245026,4.341427913593452,4.6028573621587805
871,4.355,4.766805632020598,4.464242691689444,4.931526304470017
872,4.36,4.889519170272852,4.627344585587079,5.21244476438353
873,4.365,4.96082220438171,4.794482499355837,5.4262026399388255
874,4.37,4.969527924933837,4.935449980837043,5.562773060149484
875,4.375,4.90744209986108,5.030798680829517,5.618064284016816
876,4.38,4.768577874644404,5.071651370217845,5.592999946697797
877,4.385,4.548630348585057,5.056567794086642,5.492752756981629
878,4.39,4.244774203958261,4.9875966145511725,5.324739546236027
879,4.3950000000000005,3.8558613368440593,4.866947783202332,5.096208744969208
880,4.4,3.3831599184537464,4.695010913563514,4.812714272543598
881,4.405,2.831879633777264,4.469876162958014,4.4786304749925865
882,4.41,2.2138347735621773,4.188053874210144,4.098803758717799
883,4.415,1.5515683444684616,3.8458663212244946,3.679736309855098
884,4.42,0.8836871672442286,3.4411202477200837,3.2305674322676445
885,4.425,0.269235302715978,2.975046554639967,2.764191659613357
886,4.43,-0.2147567532043083,2.4548715144464706,2.296900609090906
887,4.4350000000000005,-0.4905717795324659,1.8975803248154888,1.847254109981154
888,4.44,-0.5113048102091327,1.3352176970913252,1.4390322421160175
889,4.445,-0.2858396024079957,0.820797459462689,1.1083072713309075
890,4.45,0.1266187045822191,0.43038480743089913,0.9075509532944164
891,4.455,0.6468465491308957,0.251333738021553,0.8986325451008574
892,4.46,1.2038856663259687,0.346796621328596,1.126745492584988
893,4.465,1.7469985976542397,0.7086273416826447,1.5816053239429606
894,4.47,2.2451255359815416,1.2439072352051532,2.18385716908821
895,4.4750000000000005,2.681834518321593,1.8217235592035812,2.8219808745203125
896,4.48,3.050326666434918,2.3373973020471626,3.4040569972058234
897,4.485,3.349844344021062,2.7406873362572255,3.8795631254602814
898,4.49,3.5834298832577853,3.02763916310146,4.2318921022878015
899,4.495,3.7566395207239593,3.220936231761741,4.463312346487578
900,4.5,3.8768414174048176,3.3527349969793034,4.58416351160928
901,4.505,3.9528189622851095,3.4525500342994464,4.607475261224194
902,4.51,3.994474940169905,3.539891537921393,4.547013833523092
903,4.515,4.012481899858911,3.622258103973723,4.416998389691641
904,4.5200000000000005,4.017766654855365,3.698587998379008,4.232475953395173
905,4.525,4.020773814864946,3.765231564084611,4.00984221425891
906,4.53,4.030537490987534,3.8204491448392974,3.7672419685655107
907,4.535,4.053692582264815,3.8659624218849635,3.5246749574277345
908,4.54,4.093639149502351,3.906419581873367,3.303627202990432
909,4.545,4.150083403410341,3.947963021799014,3.125962794978184
910,4.55,4.21908983416181,3.9965758768425315,3.0117926542604354
911,4.555,4.293622005563588,4.056531686742543,2.9763652217886296
912,4.5600000000000005,4.364402217013308,4.129193604747973,3.0266479923477005
913,4.565,4.4208528088787,4.212407025132231,3.158691847176086
914,4.57,4.451909869744383,4.300638788560474,3.3568198475606805
915,4.575,4.446585622156621,4.385805985817859,3.595286306356091
916,4.58,4.394245595550771,4.458504761437636,3.842309845709816
917,4.585,4.284626311972515,4.509232301864974,4.065368622222081
918,4.59,4.107640878113036,4.529255932113589,4.236067434644726
919,4.595,3.8530121059250497,4.510966970498872,4.333355943644205
920,4.6000000000000005,3.5097470053343667,4.447751456671439,4.344718337898114
921,4.605,3.0654291288101945,4.333531073441122,4.265346657350612
922,4.61,2.5052547406282937,4.162154043122805,4.0957564237226
923,4.615,1.810663823141696,3.9267702943578877,3.839009021628372
924,4.62,0.9572921240008208,3.6192439681224355,3.498555049883586
925,4.625,-0.0882532563739915,3.2295697041326026,3.0767369049277526
926,4.63,-1.3736968084012466,2.745183043617314,2.573476575548111
927,4.635,-2.9700082727183656,2.1499865339195323,1.9848242918690078
928,4.64,-4.985478506908494,1.4228266593503682,1.3012525747658468
929,4.6450000000000005,-7.576388477699483,0.5350028074793274,0.5054777655743434
930,4.65,-10.833205018898337,-0.5539143529829103,-0.430867406479738
931,4.655,-13.61669681763134,-1.9032496872958795,-1.5529907658689819
932,4.66,-12.416375939013305,-3.6034981513021798,-2.9330141007907997
933,4.665,-9.17514260213914,-5.79502171847423,-4.685546969491588
934,4.67,-6.412892384337626,-8.672319454557584,-6.971924841904956
935,4.675,-4.298085068703993,-12.220612410717889,-9.7873722369967
936,4.68,-2.66793363748615,-13.821983213274406,-11.018489304044685
937,4.6850000000000005,-1.3931592797183232,-7.270154677627195,-5.630503545406944
938,4.69,-0.3887013376438228,-1.3460056862611411,-0.7096455037108145
939,4.695,0.4017822654512274,0.8052125646666486,1.2050685565751391
940,4.7,1.0170805448759388,1.703550001656298,2.1967259170652147
941,4.705,1.4851762531736572,1.8353920269370274,2.776911398861267
942,4.71,1.8273544749026072,1.5303849130669365,3.1458187276346425
943,4.715,2.060839901685413,1.0728943748087127,3.366648462833239
944,4.72,2.2006158592678333,0.6462597411097315,3.4616153058442385
945,4.7250000000000005,2.2607776823292225,0.45057207459927096,3.4382096158188533
946,4.73,2.255593232602952,0.7708388601234786,3.296292472009232
947,4.735,2.200315666630404,1.2721278183448628,3.0351272383276426
948,4.74,2.111682361694821,1.6460294611092934,2.6589913064487978
949,4.745,2.007935040467603,1.8844580260445332,2.1771535568364273
950,4.75,1.9081443315449669,2.0201450889598767,1.610004188171886
951,4.755,1.8306910250999164,2.082125395150927,0.9862363715779643
952,4.76,1.791015936265551,2.095191467817113,0.3321783254054349
953,4.765,1.7991612801878,2.0820473778569575,-0.30470513699515767
954,4.7700000000000005,1.8579532627465432,2.064157150118337,-0.8278890623924635
955,4.775,1.9625964556287037,2.0610867932810577,-1.1278523988609246
956,4.78,2.101885659392784,2.08857386476262,-1.1352144164035298
957,4.785,2.260536775511383,2.1559561564319587,-0.8046294274986625
958,4.79,2.42177725724038,2.264087572627351,-0.15312397937851774
959,4.795,2.569478356806911,2.4050000698258485,0.7186976890992467
960,4.8,2.689523342873104,2.5639118642968595,1.6085838098490441
961,4.805,2.7704749726416416,2.7229669207453684,2.3760243045861684
962,4.8100000000000005,2.803789345234074,2.8652021391490976,2.9529053429776657
963,4.815,2.783849918004506,2.977332504686878,3.2838460164469767
964,4.82,2.7080492215425185,3.050783727670256,3.3173730842021754
965,4.825,2.57708773774868,3.0812586090978513,3.1833215675019937
966,4.83,2.395607265446457,3.0675460835719734,2.9715093775166177
967,4.835,2.1732084997314804,3.0102889458460327,2.672992530357013
968,4.84,1.9257618692505651,2.9112237937019083,2.3070369642536646
969,4.845,1.6766210129283747,2.773153377930746,1.8977292291432821
970,4.8500000000000005,1.4568381288992915,2.6006877248706473,1.476730438283556
971,4.855,1.3029432612629257,2.4016330913236756,1.0800541764347096
972,4.86,1.2509896435714076,2.188798324531005,0.7179442843412867
973,4.865,1.3273815523200292,1.9818188908700427,0.39350945621386924
974,4.87,1.540187947833819,1.808206142899981,0.13566470201193503
975,4.875,1.876132686435504,1.7021697983166897,-0.01760061717950734
976,4.88,2.305321216678717,1.6992955873206288,-0.04436511191983161
977,4.885,2.790474409453813,1.8262079471603543,0.08707138661778391
978,4.89,3.295459938105729,2.08819594071279,0.44588028921499223
979,4.8950000000000005,3.790190710995095,2.4624663181681234,1.0110759037552182
980,4.9,4.251990996352212,2.903807308467803,1.6797310356476296
981,4.905,4.664874719069629,3.3604575669221246,2.3787190684882105
982,4.91,5.018058936605788,3.789996113407818,3.0484914544573147
983,4.915,5.30446448139556,4.167162193989131,3.5891233922040042
984,4.92,5.519498828567222,4.483152288808433,4.00757307806397
985,4.925,5.66017589696439,4.740296141436049,4.343835869934158
986,4.93,5.724537792278169,4.94579659815082,4.587438786041646
987,4.9350000000000005,5.711330539011889,5.106605464909591,4.735290652596218
988,4.94,5.619906219564554,5.226359247554404,4.795586088365727
989,4.945,5.4503595388731165,5.304575046489647,4.77533517737524
990,4.95,5.203953664971141,5.337605124167797,4.682236224063372
991,4.955,4.883949421410556,5.320346535263332,4.5250593101035035
992,4.96,4.497019552866657,5.247797782090311,4.313587811941985
993,4.965,4.055474908868674,5.1161046657520615,4.05851470106796
994,4.97,3.580444034697578,4.92323865333056,3.771313360435731
995,4.9750000000000005,3.105663438357187,4.669664855487326,3.4641081650010017
996,4.98,2.680217182442846,4.359379321473432,3.1496774703419392
997,4.985,2.3663535725179226,4.001669373868175,2.8419009224532785
998,4.99,2.227450161452699,3.6138869592107334,2.557109270107774
999,4.995,2.3062814472859903,3.2252369155652216,2.3166691677658284
1000,5.0,2.6055513799885217,2.8806129310298605,2.1503254350124066
1001,5.005,3.086870731725704,2.641254636804637,2.0978237139404645
1002,5.01,3.689133330277668,2.5758973999104304,2.203532866769293
1003,5.015,4.350729084917525,2.736719354385556,2.4989935487589
1004,5.0200000000000005,5.022622597420519,3.1270489934484145,2.9784171946377453
1005,5.025,5.671249621077931,3.6873178226567065,3.5880514095321345
1006,5.03,6.2760320721381015,4.319883833102036,4.245838945140983
1007,5.035,6.825583705659557,4.934144156295338,4.876382597161006
1008,5.04,7.314437370165084,5.475477164845087,5.432198426736187
1009,5.045,7.740710590276731,5.927291831479853,5.893619529572374
1010,5.05,8.10458306028115,6.29889699110068,6.258830869236008
1011,5.055,8.407348834757391,6.611525691821426,6.534482920714363
1012,5.0600000000000005,8.650840447883017,6.887225691559703,6.730056698093767
1013,5.065,8.83708243253348,7.141558246713241,6.855348703149694
1014,5.07,8.968081798742036,7.380574959049678,6.919783360147012
1015,5.075,9.04569761066636,7.602124045394504,6.9325972358482195
1016,5.08,9.071553898020955,7.799780124049176,6.903309412743109
1017,5.085,9.046973752077388,7.966619105537202,6.8421354744968985
1018,5.09,8.972920695463923,8.097239420968501,6.760154316201325
1019,5.095,8.849938350066962,8.188182966043733,6.669121934175151
1020,5.1000000000000005,8.67808234682901,8.237564985662864,6.580854524704546
1021,5.105,8.456840099247977,8.244515393128191,6.506118835595044
1022,5.11,8.185034966055975,8.208688275817856,6.453069004189004
1023,5.115,7.860711783318893,8.129894042265848,6.4254858339830685
1024,5.12,7.481001109519516,8.00783371508578,6.421272519211081
1025,5.125,7.041960459595459,7.841900330414399,6.431716243935552
1026,5.13,6.538393819707258,7.631017539200622,6.441943968651365
1027,5.135,5.963659463084527,7.373493867000588,6.432734706626527
1028,5.14,5.309499323819585,7.066877943088517,6.383332379752806
1029,5.1450000000000005,4.565982506520316,6.707805051661481,6.274409194981088
1030,5.15,3.72180459713718,6.291830020290497,6.090314261041838
1031,5.155,2.7655576774737374,5.8132487541482565,5.820118452308321
1032,5.16,1.6895116518913291,5.264927013883016,5.457308935571799
1033,5.165,0.4996356122513653,4.638195011570578,4.998376713629137
1034,5.17,-0.7601276736004298,3.9229656993511415,4.441113415937241
1035,5.175,-1.9586714102777991,3.1084819691001284,3.7837146512273883
1036,5.18,-2.822002034347908,2.1857157212630822,3.025778037679327
1037,5.1850000000000005,-3.004090767421789,1.1539688220843267,2.1730974730411416
1038,5.19,-2.393998891662957,0.03777770336547093,1.2510534571053147
1039,5.195,-1.251407106575274,-1.0733212423688032,0.33684265891545806
1040,5.2,0.0814069496744132,-1.9495189087199654,-0.3789979236401635
1041,5.205,1.3949703118901124,-2.1644414068669633,-0.5457594789810507
1042,5.21,2.602294183636618,-1.325639911760807,0.1623018682780728
1043,5.215,3.678584082316645,0.33967023677263963,1.5720061149305358
1044,5.22,4.623995500397106,2.078322188270712,3.085577435398541
1045,5.2250000000000005,5.447020650125093,3.421701468052162,4.334907961413307
1046,5.23,6.157935848483475,4.318214404982219,5.28355248516883
1047,5.235,6.766445689545819,4.867075436199497,5.9976973341608
1048,5.24,7.280981885475337,5.194657357297141,6.537846612681551
1049,5.245,7.708628228062854,5.4199852855411015,6.941249305528155
1050,5.25,8.055265443820948,5.641546000814768,7.227908761272323
1051,5.255,8.325779914330171,5.9236211584635114,7.4083224040854265
1052,5.26,8.524281036150535,6.2733731850325665,7.488925706136895
1053,5.265,8.654313012702723,6.647238555376131,7.475578470997469
1054,5.2700000000000005,8.719063908627712,6.996779273072047,7.375766033761773
1055,5.275,8.721582274738878,7.294496578809888,7.200065434586566
1056,5.28,8.665015300380185,7.530152539472207,6.963034113486847
1057,5.285,8.552884177998543,7.702010221296948,6.683824658269373
1058,5.29,8.389411944757008,7.811734627171245,6.387602512220025
1059,5.295,8.179914423486238,7.862230651889252,6.106652956592232
1060,5.3,7.931251763788026,7.856905009192205,5.8770883605620705
1061,5.305,7.652309823590136,7.799548755575447,5.730620779800956
1062,5.3100000000000005,7.354429553600809,7.694502517018442,5.686099171623132
1063,5.315,7.051625867896689,7.546972928923687,5.743030225790965
1064,5.32,6.760351240927434,7.363445027462883,5.877881426402661
1065,5.325,6.498518280751418,7.152147163044223,6.047801686935944
1066,5.33,6.283598327328549,6.923494375558512,6.204742241707519
1067,5.335,6.129946100277825,6.6903677049127905,6.311613735258579
1068,5.34,6.046000586475522,6.467990131746558,6.3492898177662775
1069,5.345,6.032367583171271,6.27307643699719,6.318395225602272
1070,5.3500000000000005,6.081613730014018,6.121965166204124,6.24037876753934
1071,5.355,6.179866286676438,6.027731028510041,6.148491588324147
1072,5.36,6.309508924661575,5.996884279533375,6.070239708303535
1073,5.365,6.451952010357895,6.026932516466974,6.02032701543303
1074,5.37,6.589725226878769,6.106194694767378,6.00302110567426
1075,5.375,6.707643793855123,6.216362530016198,6.015159207801231
1076,5.38,6.793181922573885,6.336837732097722,6.048640254376812
1077,5.385,6.8363350569073695,6.448983632868484,6.091963850527216
1078,5.39,6.829233975405663,6.538770016304082,6.1322862009627634
1079,5.3950000000000005,6.765692894546497,6.597372125325997,6.1587830264345715
1080,5.4,6.640795807567994,6.620207954203172,6.164544399687325
1081,5.405,6.450573925455108,6.605249053918438,6.146260604654894
1082,5.41,6.191803492347598,6.551346656586934,6.104416437502841
1083,5.415,5.861952566189139,6.457036988019923,6.042906661349753
1084,5.42,5.459324536979451,6.319988251509889,5.963574388452929
1085,5.425,4.983486436258549,6.137007385759315,5.860662323345553
1086,5.43,4.43613606127102,5.9043946234357945,5.723353957966148
1087,5.4350000000000005,3.822654778037652,5.61843987195477,5.540714799276153
1088,5.44,3.154686447730301,5.275958638302468,5.304005964922149
1089,5.445,2.4540555032550917,4.874899173106395,5.0109598563703965
1090,5.45,1.7578270584051197,4.41517460925751,4.668035909392952
1091,5.455,1.1226013703618785,3.8999836469024673,4.285547170851115
1092,5.46,0.6227916169213559,3.3379916496004975,3.8751037162467568
1093,5.465,0.3353640810261981,2.7468080395172354,3.452862333330792
1094,5.47,0.3105874507041372,2.1579922122832316,3.044264491849736
1095,5.4750000000000005,0.5466738267258465,1.6227198986984854,2.6888767336992148
1096,5.48,0.9917474077198342,1.2141512506725136,2.442933923521152
1097,5.485,1.5711352620036536,1.0174641410945289,2.372181679672138
1098,5.49,2.215457646931628,1.0979683487787564,2.526943979330952
1099,5.495,2.8738993186026947,1.4563284697208818,2.9064076892849013
1100,5.5,3.5147484273939527,2.0112743923820813,3.4445415041759713
1101,5.505,4.120744340502453,2.6389640456847374,4.041114809043637
1102,5.51,4.68402324815953,3.234777266837576,4.610115212257475
1103,5.515,5.202267216029978,3.744835089834272,5.1032212967413155
1104,5.5200000000000005,5.6761444326423325,4.161289438407368,5.504532255909271
1105,5.525,6.10770990018921,4.503944565577514,5.816198524427731
1106,5.53,6.499435730798611,4.803082952506985,6.047482813422522
1107,5.535,6.8536355847381545,5.086972232197116,6.209178365821157
1108,5.54,7.172134698715017,5.3739856236322305,6.311567074211474
1109,5.545,7.456095774670606,5.669841707778653,6.364123929261843
1110,5.55,7.705946047179731,5.970202672172151,6.3759116121863135
1111,5.555,7.921370186355952,6.26615213294112,6.3561360429754785
1112,5.5600000000000005,8.101343929271076,6.548754286454207,6.314615103786556
1113,5.565,8.244188898485588,6.811032933996078,6.262049915910018
1114,5.57,8.347632564543918,7.048065642245165,6.210024059562214
1115,5.575,8.408860006660428,7.256373410937975,6.170578333437394
1116,5.58,8.42454640412287,7.433281072588262,6.155114021871941
1117,5.585,8.390860918909867,7.576454838144272,6.17252556324308
1118,5.59,8.303433425224737,7.6836129923421685,6.226891611160793
1119,5.595,8.157274898842369,7.75235181808317,6.315410989787188
1120,5.6000000000000005,7.946639552372238,7.780032505001323,6.42734297589466
1121,5.605,7.66481102534022,7.763690686680422,6.544586664030154
1122,5.61,7.303784423672991,7.699943609893299,6.644114004444958
1123,5.615,6.853797547765933,7.584877657506388,6.701656002722745
1124,5.62,6.30263187357502,7.413901208719908,6.695377783784091
1125,5.625,5.634543505102565,7.181545158673815,6.6084455223597285
1126,5.63,4.828567378113035,6.881185631936849,6.429997036930519
1127,5.635,3.855696514373945,6.504648832633633,6.154346825704664
1128,5.64,2.673899083698,6.0416322618575,5.778638541175036
1129,5.6450000000000005,1.218609719873198,5.478830269186465,5.299836020556066
1130,5.65,-0.6173714174250211,4.7985647534718066,4.7118933167851385
1131,5.655,-3.032929780012708,3.976548117950745,4.002964204573303
1132,5.66,-6.467791978313534,2.9780356086047357,3.1516859153670715
1133,5.665,-12.279399815126627,1.7507704752343543,2.121007276852863
1134,5.67,-33.30822077891802,0.21094818021362283,0.8465271813778026
1135,5.675,-13.33632539488996,-1.787897545037537,-0.7887869051728451
1136,5.68,-7.24122542274444,-4.535120300444907,-3.0196618184523993
1137,5.6850000000000005,-3.822326263884225,-8.723388934340749,-6.410193819623634
1138,5.69,-1.5020199849806513,-16.729106621473967,-12.89441212607638
1139,5.695,0.2026349865520874,-54.77687798596624,-43.76155742803157
1140,5.7,1.503898190057239,16.45136281347086,13.826468602464523
1141,5.705,2.513777396278673,4.926103831455365,4.600595506937179
1142,5.71,3.2984327192007767,6.293573317344151,5.8091986779640346
1143,5.715,3.9000938968275154,6.4307197301362535,5.721635142415254
1144,5.72,4.347343562431836,5.238725711065178,5.955205628445655
1145,5.7250000000000005,4.66052511150205,3.9160067197176804,6.1609207373337
1146,5.73,4.854883530211303,2.725682697007969,6.31592569325288
1147,5.735,4.942588606333887,1.7363803982991826,6.377643410737107
1148,5.74,4.9342085899641805,0.027714040901441805,6.343478279201813
1149,5.745,4.839946502425002,2.716935230836887,6.1716912909234765
1150,5.75,4.670822252907611,3.557259322456887,5.840053159651209
1151,5.755,4.439891978445615,3.974232962055496,5.3605517302134364
1152,5.76,4.16348311966504,4.181489859359775,4.7002457867466445
1153,5.765,3.8622397711530376,4.250264315523749,3.8975032949123545
1154,5.7700000000000005,3.5614959386726426,4.2168638017605105,3.037069537520707
1155,5.775,3.290208666483938,4.106297232962358,2.0343289012315173
1156,5.78,3.0776889433671237,3.940684775919142,0.8615181541243775
1157,5.785,2.948123866341856,3.743255358145618,-0.1838762105062779
1158,5.79,2.914453863961576,3.540299144959289,-0.768920164643772
1159,5.795,2.9744779726508632,3.361203385338455,-1.0362518659714128
1160,5.8,3.111434660423291,3.2358867514711935,-0.5933164663243087
1161,5.805,3.29870761449571,3.1891568853685506,0.37939022400466893
1162,5.8100000000000005,3.506035152633944,3.2331194015003315,2.110344624947574
1163,5.815,3.704547035609119,3.3612274877911865,3.35221602766154
1164,5.82,3.8694870326137183,3.5483789245156925,4.438412874427294
1165,5.825,3.980906112398353,3.7583016828789035,5.199632043991558
1166,5.83,4.0231583815859695,3.954364066794634,5.901472355058729
1167,5.835,3.983940539516262,4.108071278421553,5.191503204044521
1168,5.84,3.8533392647962903,4.202249120865411,5.019106400003107
1169,5.845,3.623142352248141,4.229605162021125,4.856389729556149
1170,5.8500000000000005,3.286598856261919,4.1889653413413,4.384973561513225
1171,5.855,2.838891078225929,4.0812243161297195,3.9424002371420044
1172,5.86,2.2788358121352283,3.906257990992663,3.350010304405895
1173,5.865,1.6128276358838187,3.6613811981927245,2.7356361258401822
1174,5.87,0.8627513614958543,3.341419517083357,2.233026896155968
1175,5.875,0.0797919424103246,2.940121519910929,1.7151564207149894
1176,5.88,-0.6375899294997014,2.452682063542793,1.0600263016847045
1177,5.885,-1.138106598565428,1.8797290077724758,0.38673510794623134
1178,5.89,-1.2622079215067137,1.2341552042853836,-0.22913076038982183
1179,5.8950000000000005,-0.9428278638294691,0.553284613039362,-0.8849719101923466
1180,5.9,-0.2615295844867482,-0.0816026150523319,-1.7297090190119304
1181,5.905,0.61801462282915,-0.5247094512503763,-1.8339283460893538
1182,5.91,1.5478937707603813,-0.578282422804568,-1.391650995700397
1183,5.915,2.4337779957105057,-0.0993137890185194,-0.6568728947040308
1184,5.92,3.226541088343924,0.835424423669247,0.4870362455548234
1185,5.925,3.904161171232232,1.9360151538874208,2.128407123133649
1186,5.93,4.458324588202427,2.922548488774691,2.961566294418483
1187,5.9350000000000005,4.88670265641416,3.6668411229268303,3.7678539176335786
1188,5.94,5.188871094667368,4.162691941695769,4.545306939691744
1189,5.945,5.364165553542328,4.460172293330288,5.018369118600671
1190,5.95,5.4104537121913,4.625203314197955,5.3367292271571
1191,5.955,5.323255566129629,4.7180399695096895,5.5012873019301525
1192,5.96,5.09486735524571,4.7792757740318965,5.522347817788154
1193,5.965,4.71321547899603,4.820045632173562,5.408448141963966
1194,5.97,4.160118724155485,4.823527469411306,5.166662440553563
1195,5.9750000000000005,3.4084463454023943,4.759726534745689,4.8033558171973505
1196,5.98,2.417215246673215,4.599460388968624,4.324556635385386
1197,5.985,1.1226919376378632,4.318124119119992,3.7357834390421827
1198,5.99,-0.5785052164463492,3.892701480582329,3.041252882287881
1199,5.995,-2.86126549133742,3.2968185043932525,2.2422521081106668
1200,6.0,-6.007658492281346,2.494976379638877,1.3335429554056502
1201,6.005,-10.014175525620184,1.4346106121816935,0.2954475495395883
1202,6.01,-10.848899951126237,0.0327266013886911,-0.9210668599793106
1203,6.015000000000001,-6.808110445092643,-1.8492882892603664,-2.4199260743247804
1204,6.0200000000000005,-3.189411207040924,-4.452673838574256,-4.402490202760745
1205,6.025,-0.5155226520515404,-8.15656692521386,-7.198551286197599
1206,6.03,1.5120733408627434,-12.572424186074537,-10.530561501137553
1207,6.035,3.0963426240355134,-8.882266520479039,-7.289692591328677
1208,6.04,4.356942415944354,1.4533546285063657,1.341203462964073
1209,6.045,5.366976595648558,4.622053575723828,4.17576646783031
1210,6.05,6.173227080060104,5.941413841373954,5.513086711287132
1211,6.055,6.806717879974289,6.368529810808152,6.268743022317537
1212,6.0600000000000005,7.288440302529413,6.182533087175042,6.7481061478045286
1213,6.065,7.632593108300454,5.74772686140132,7.0455217498442835
1214,6.07,7.848472164980366,5.2877822553047364,7.196036629343392
1215,6.075,7.9415747467104,4.949234776203798,7.214963663356694
1216,6.08,7.914207153544915,5.126924727201923,7.10786496200963
1217,6.085,7.765739878401114,5.811374087994443,6.8732364056385915
1218,6.09,7.492569473663543,6.338095426806799,6.511377991380422
1219,6.095,7.087784766046736,6.652862035129672,6.023847685638101
1220,6.1000000000000005,6.54047565858387,6.79667013927004,5.416999512366109
1221,6.105,5.834547707951532,6.79451359815112,4.7093974945536115
1222,6.11,4.946796865140001,6.657899348465742,3.913491130265674
1223,6.115,3.843848494170742,6.389565125511378,3.039888172020955
1224,6.12,2.4774651630170403,5.985596407880704,2.149376334734848
1225,6.125,0.7784184969308633,5.435827307572602,1.3479304766686675
1226,6.13,-1.3446129361029813,4.722983664855751,0.7001399079042443
1227,6.135,-3.952054965761104,3.8205438496650075,0.22553741263658722
1228,6.140000000000001,-6.677437965463227,2.6889433030028833,-0.09395244856103169
1229,6.1450000000000005,-7.60546879759394,1.269657571408191,-0.37484214756949275
1230,6.15,-5.6600644994569205,-0.5216872346705612,-0.8734708765653414
1231,6.155,-3.067518058848705,-2.789247308422355,-1.8876971462934753
1232,6.16,-0.8845361886645821,-5.539177183298657,-3.4829311887651713
1233,6.165,0.8255153466286038,-7.883385275802246,-4.976095337208667
1234,6.17,2.152377885803268,-6.104547583103075,-3.4252938254985867
1235,6.175,3.1763687806648,-0.328051543249261,1.1495218397026354
1236,6.18,3.9543123911650655,3.133092310209611,3.874863625451625
1237,6.1850000000000005,4.524866552353696,4.629884252366034,5.048584191078746
1238,6.19,4.914085452388109,5.173152328645164,5.550966178227041
1239,6.195,5.139230277033098,5.115399657694624,5.73247074847837
1240,6.2,5.211189987329541,4.747096870566997,5.734700533602983
1241,6.205,5.13600187779719,4.284974131305503,5.638854078116236
1242,6.21,4.915833020117091,3.8946191496102025,5.469170963426453
1243,6.215,4.549704110602443,3.7842449909588174,5.199019055883031
1244,6.22,4.034264470390736,3.9695601958468343,4.811434453360288
1245,6.2250000000000005,3.3651308622439338,4.132085655248711,4.314077292597274
1246,6.23,2.539861514388332,4.13559259300755,3.6972629126860586
1247,6.235,1.564931268953774,3.9699476835717613,2.943994806200915
1248,6.24,0.4715736382448534,3.6424499214832506,2.1234737849856553
1249,6.245,-0.6523345327063712,3.158032552697215,1.3114925659083254
1250,6.25,-1.6178355626957988,2.519530922059926,0.45268951387573075
1251,6.255,-2.1397284506466754,1.7331944201352147,-0.45800220991559115
1252,6.26,-2.007711738862213,0.8207610401480157,-1.318630488578921
1253,6.265000000000001,-1.3004737459408169,-0.1546606477480168,-2.077939176296831
1254,6.2700000000000005,-0.2985842522577763,-1.0396518350428705,-2.6148880526663465
1255,6.275,0.7516972101999946,-1.5356859884729133,-2.576804830908502
1256,6.28,1.7167004280263545,-1.2695368157577471,-1.6957719993259728
1257,6.285,2.5418239087435994,-0.1651820683353007,-0.04404267016453911
1258,6.29,3.210888461116709,1.3040619607776414,1.8669607130355028
1259,6.295,3.723162297971063,2.582225902138385,3.5212668146278547
1260,6.3,4.082850520310278,3.4525795102204797,4.708343664989195
1261,6.305,4.294701209235202,3.935505202994346,5.405552960933573
1262,6.3100000000000005,4.362323465797427,4.126613051659061,5.6973733514991824
1263,6.315,4.287722137241962,4.13314230436079,5.7396961307189285
1264,6.32,4.071509330577615,4.05078544097515,5.59484273744723
1265,6.325,3.7137828674068567,3.9505570205542795,5.284083572275057
1266,6.33,3.2161248569879994,3.8616125305887703,4.835152337426417
1267,6.335,2.5858315307345867,3.762374465605829,4.270347856364474
1268,6.34,1.844506952866722,3.606271753883354,3.615908397522524
1269,6.345,1.044035219450803,3.3551864742353787,2.887223383811194
1270,6.3500000000000005,0.2900404830203368,2.9891272402912255,2.08331270211331
1271,6.355,-0.2445114141906137,2.503616881957972,1.2128409669511306
1272,6.36,-0.3661014748526537,1.910349838816086,0.3096468993698913
1273,6.365,0.0112478660368123,1.2470729869065234,-0.5720276245154805
1274,6.37,0.7889059653594632,0.5995172190804183,-1.336586651623822
1275,6.375,1.7720135224814235,0.1306195437097415,-1.794785351161372
1276,6.38,2.793698560637199,0.07823667517747701,-1.7002324413540517
1277,6.385,3.754802634586816,0.6328887650343713,-0.9202745492684121
1278,6.390000000000001,4.608020882381981,1.7152123099529337,0.4296974740268782
1279,6.3950000000000005,5.334814832136017,2.971248664566844,2.0164551750296336
1280,6.4,5.930163970607203,4.0703492289472205,3.49300044641058
1281,6.405,6.39445061213554,4.878982896871566,4.677683621648533
1282,6.41,6.729465514496344,5.404942369595348,5.568253127800586
1283,6.415,6.936463724143628,5.713345479256429,6.189718564400858
1284,6.42,7.01515484873445,5.88239695038024,6.561159478550559
1285,6.425,6.963060252618828,5.981899701119088,6.717380537293419
1286,6.43,6.774936098888117,6.059032694031257,6.692880913604356
1287,6.4350000000000005,6.4420744749878045,6.126763092164129,6.513150655799403
1288,6.44,5.951329045752982,6.165286122006604,6.197512867815142
1289,6.445,5.2837122585883805,6.140948789324351,5.762662469349401
1290,6.45,4.412446966403859,6.023612245359809,5.223762255749019
1291,6.455,3.3006742311866017,5.790584314527969,4.593681543370024
1292,6.46,1.9007027102871408,5.423045017235123,3.8819327734921005
1293,6.465,0.1646751701780155,4.90145776987785,3.09529003441064
1294,6.47,-1.8872913984707615,4.201660336091093,2.2383251220236984
1295,6.4750000000000005,-3.8748697358218456,3.2913876478262862,1.310082810984854
1296,6.48,-4.556981402237921,2.127387300039376,0.2975927729950705
1297,6.485,-3.161710226059866,0.6567055090607896,-0.8281983733080587
1298,6.49,-0.9173788114911894,-1.1588925789383762,-2.0995026169789757
1299,6.495,1.2041228895844456,-3.2077892491497213,-3.449231628437561
1300,6.5,2.987639138357816,-4.6791362882384995,-4.263434914034091
1301,6.505,4.449479820759809,-3.350998969390263,-2.788679097441582
1302,6.51,5.640788502006945,0.8490188410869433,1.001711712882857
1303,6.515000000000001,6.606664820884143,4.182960658034954,4.065477403490832
1304,6.5200000000000005,7.381147091809968,5.960538009387789,5.8501259399696774
1305,6.525,7.988861823574194,6.813699930787461,6.913787670055528
1306,6.53,8.447256476405713,7.087192577182266,7.567956159812633
1307,6.535,8.76832842423755,7.039251097318643,7.963970562169526
1308,6.54,8.959791596273837,6.8735948654878705,8.173033134313865
1309,6.545,9.025788621680425,6.750534635225687,8.230861147116135
1310,6.55,8.967241066418325,6.824744690783739,8.156334720717492
1311,6.555,8.781881993426534,7.119600096349525,7.959249557380829
1312,6.5600000000000005,8.463959117994339,7.441376789110269,7.645391279636078
1313,6.565,8.00352601811593,7.659878163862219,7.219525167765197
1314,6.57,7.385127945575104,7.745483672759577,6.688356922694596
1315,6.575,6.58548160906372,7.69671220970371,6.063293185750876
1316,6.58,5.569309068814472,7.5140508107390485,5.358238794215676
1317,6.585,4.281445769177466,7.193960565409801,4.5918728139399825
1318,6.59,2.6305578761278503,6.72710723494412,3.7997306497418757
1319,6.595,0.4510713263919804,6.096694224807587,3.030363338658648
1320,6.6000000000000005,-2.6043719817184523,5.275491188666189,2.31506188796865
1321,6.605,-7.483008299997341,4.220123200634981,1.6458486466194762
1322,6.61,-18.880290734067977,2.859635082512664,0.9617483224388486
1323,6.615,-12.685461265390698,1.0706697880638818,0.11227258879692936
1324,6.62,-5.377598885774539,-1.3837793127775546,-1.197186508452412
1325,6.625,-1.5650702467365851,-5.038417823874047,-3.5217031960663725
1326,6.63,0.9433075133248324,-11.495950168711724,-8.244376601437697
1327,6.635,2.750254043841042,-29.74805407913989,-22.716480092930013
1328,6.640000000000001,4.106712943457037,-1.0673756015908928,0.6029550331070572
1329,6.6450000000000005,5.140581905435429,7.612015664524639,7.652102056662672
1330,6.65,5.925322661546043,7.60797855176043,7.619652521925186
1331,6.655,6.506501204464551,8.156323118068523,7.910455673724995
1332,6.66,6.913864257743522,7.6213590311102415,7.972829894345935
1333,6.665,7.167525525179331,6.628344267467815,7.9807756838293225
1334,6.67,7.2814786241644995,5.601483796518726,7.915454966624899
1335,6.675,7.26584234635909,4.6787377746123076,7.777470236118625
1336,6.68,7.128564261013465,3.6167537687552826,7.567791838287339
1337,6.6850000000000005,6.877060735817525,4.614581705910561,7.258537484744624
1338,6.69,6.520222535938629,5.5401523633347445,6.8228493611604115
1339,6.695,6.071263309305795,5.917789182127424,6.259780702864077
1340,6.7,5.551906499664462,6.037604393164537,5.555318377328573
1341,6.705,4.9980576005845005,5.983988587329186,4.7262031969596965
1342,6.71,4.465612371536729,5.796150303861431,3.8400022394267452
1343,6.715,4.031484250074091,5.500660764872369,2.8986794338673434
1344,6.72,3.780958655134546,5.124237316338655,1.8839177745040652
1345,6.7250000000000005,3.777005176657204,4.702646686356966,0.9486831543922567
1346,6.73,4.027698736196845,4.289051912190908,0.3390166819543019
1347,6.735,4.481621830724488,3.959767504445056,0.09752514905840659
1348,6.74,5.056124991253512,3.8088090362153544,0.4386170960451903
1349,6.745,5.670969118607734,3.9183676937000365,1.4162658410780748
1350,6.75,6.26554253680936,4.307477110458462,3.076570029679233
1351,6.755,6.800317048547796,4.900531391221746,4.758728681513978
1352,6.76,7.251615761537529,5.561282684544964,6.262330817927767
1353,6.765000000000001,7.605744931050877,6.165293486067186,7.4605969932358684
1354,6.7700000000000005,7.854512192686395,6.64320772881956,8.370494081412595
1355,6.775,7.9922174274325455,6.978807138697856,8.427579801469841
1356,6.78,8.01367543857504,7.188361804585453,8.359354247711323
1357,6.785,7.912821257248115,7.300914929532949,8.2851410950374
1358,6.79,7.681542004722964,7.34403549013737,7.996922916383463
1359,6.795,7.308437046790679,7.334518582760495,7.6051016050762135
1360,6.8,6.777187832038251,7.27428312907833,7.095867215472694
1361,6.805,6.064078638594111,7.152210692196673,6.5144650167053575
1362,6.8100000000000005,5.133844651523977,6.949738212290074,5.95089392202574
1363,6.815,3.9321479391220766,6.645624830993678,5.364343424628994
1364,6.82,2.370780680826153,6.217299159473962,4.669030725921582
1365,6.825,0.2957187853987552,5.639110767164302,3.889935950866232
1366,6.83,-2.588413268557472,4.878347036408081,3.0587203398574427
1367,6.835,-6.873948427024933,3.888691077046226,2.092119350806652
1368,6.84,-12.130331720917413,2.5987830963722596,0.8376605106498305
1369,6.845,-8.723706086573038,0.8896429017150829,-0.44234481643253254
1370,6.8500000000000005,-3.6974443642985184,-1.4554828011808318,-1.962243142419923
1371,6.855,-0.3218828366762655,-4.873536761690374,-4.332743503332308
1372,6.86,2.084342610756484,-10.261124526908223,-8.288251562460275
1373,6.865,3.899399932143779,-15.888895967711234,-12.307024480612194
1374,6.87,5.314657276002634,-1.2508608071044902,-0.23547470006924875
1375,6.875,6.436750032096647,5.896042360493096,5.732248581725662
1376,6.88,7.330214128386166,7.359219663835593,7.1995439951135936
1377,6.885,8.036565890285491,8.089847979055552,8.077279594623603
1378,6.890000000000001,8.583694735473987,7.975104593750288,8.604594742568313
1379,6.8950000000000005,8.99087868475507,7.436819271362166,8.964331915846135
1380,6.9,9.271645907592555,6.808168161097805,9.183192713021949
1381,6.905,9.435500151475146,6.242870721828238,9.272117678309211
1382,6.91,9.489015769617025,5.899699857253866,9.236445824542063
1383,6.915,9.436575708729276,6.594871638257866,9.071355059959753
1384,6.92,9.28091802428581,7.359214475397694,8.771945515663853
1385,6.925,9.023612115856888,7.821911901584158,8.340532614722935
1386,6.93,8.665582418317623,8.079928112510954,7.777912621620679
1387,6.9350000000000005,8.207831435706122,8.18580542156593,7.101438183718541
1388,6.94,7.652594338050695,8.165841845467998,6.338777166409079
1389,6.945,7.0052965977672255,8.034236454504969,5.490589750375579
1390,6.95,6.277872535627345,7.799216319341953,4.5826253030865445
1391,6.955,5.494096936331086,7.466147085574036,3.73521407953991
1392,6.96,4.697039069275919,7.039688496433522,3.0889767772245005
1393,6.965,3.9562166555241953,6.526024001516866,2.693470122835454
1394,6.97,3.366144760899763,5.9359678486899785,2.628565037468207
1395,6.9750000000000005,3.0231677599144016,5.2898057796366444,2.883100685578806
1396,6.98,2.98050847631076,4.624604795185428,3.3926151531045083
1397,6.985,3.2151869669366477,4.003365699864468,3.871354642658347
1398,6.99,3.6425407979196502,3.520525669538386,4.279581081791326
1399,6.995,4.161823428800545,3.288738419663681,4.672772136718982
1400,7.0,4.690533431280473,3.3890641911347377,5.092700470872887
1401,7.005,5.173693772136787,3.8017543104217877,5.356975452720727
1402,7.01,5.578910635768398,4.392330451589696,5.704192493061254
1403,7.015000000000001,5.888436368446345,4.989316004350486,6.092214118792432
1404,7.0200000000000005,6.092790717709775,5.472051548587713,6.347526447901655
1405,7.025,6.186561664204817,5.794306421491139,6.469320598772248
1406,7.03,6.165822007160169,5.962711738924324,6.4580463533644075
1407,7.035,6.0265187711603465,6.00925153116527,6.35349392741853
1408,7.04,5.763362582511982,5.971193881132824,6.207672879004627
1409,7.045,5.368895226604588,5.877795170536631,6.004689941829374
1410,7.05,4.8324958161018285,5.742222389419425,5.708683663948579
1411,7.055,4.139102859154146,5.559985364472565,5.334691758779595
1412,7.0600000000000005,3.2673893155529536,5.314368985303802,4.898970827731373
1413,7.065,2.187048178702973,4.98416955146889,4.369720159953589
1414,7.07,0.8548425999753984,4.548194434141544,3.7349026044166758
1415,7.075,-0.7901542595942662,3.98550442440577,3.154173364056316
1416,7.08,-2.826123456077239,3.27316192338746,2.60042254103856
1417,7.085,-5.302912487680097,2.382824807911608,1.9419893484318185
1418,7.09,-7.935235524356424,1.2764006595874418,1.1583269947456123
1419,7.095,-9.176218813643407,-0.0994615556356564,0.2371018833603502
1420,7.1000000000000005,-7.679107276414305,-1.8187192288839764,-1.0586367698580466
1421,7.105,-5.216597169369042,-3.9686123723194857,-2.6937803575599357
1422,7.11,-3.0251386296967104,-6.550290866641456,-4.59543408791996
1423,7.115,-1.265521927596326,-8.86788771094493,-6.2656518892399635
1424,7.12,0.13123069276232,-7.904779683857054,-5.279395473664174
1425,7.125,1.2450466293116595,-2.719912996471269,-0.8712736341253855
1426,7.13,2.1380835314543045,1.0263132022998995,2.379262584748083
1427,7.135,2.8567704447516467,2.740760661383341,4.0011655272430815
1428,7.140000000000001,3.4367439770326174,3.452431988774852,4.880363248397566
1429,7.1450000000000005,3.906664970672119,3.5488399774142403,5.376479753472006
1430,7.15,4.290739751494134,3.3224676957521675,5.646745487435541
1431,7.155,4.610233082139487,3.0026700462781886,5.759684718723461
1432,7.16,4.884203092653412,2.7639279361713376,5.750094999528036
1433,7.165,5.129613631915763,2.8045038762086816,5.638321610290518
1434,7.17,5.360969054921736,3.1970400301321704,5.437591149217055
1435,7.175,5.589664907942982,3.68245923277179,5.1600592292358884
1436,7.18,5.823312879494552,4.112927322734151,4.8197484149206735
1437,7.1850000000000005,6.065317283354629,4.48072846776535,4.434182950698948
1438,7.19,6.314906073750423,4.80553283437305,4.02703521801916
1439,7.195,6.567661287763568,5.105450228012005,3.6234137982512764
1440,7.2,6.81642208216128,5.3925518544429725,3.249921332713963
1441,7.205,7.052330694607808,5.672663987859842,2.953470241315174
1442,7.21,7.265792922840289,5.9461351864199505,2.8050679438526096
1443,7.215,7.447202635870856,6.209138006216834,2.866493015931967
1444,7.22,7.587377877751786,6.45528962541174,3.168923181520327
1445,7.225,7.677730233864288,6.677251628515366,3.7136392008683874
1446,7.23,7.710224374748556,6.86796351797673,4.448132008886255
1447,7.235,7.677187759437353,7.021314197965626,5.255322750700299
1448,7.24,7.571015130664751,7.132256781325383,5.985645848377852
1449,7.245,7.383789833318505,7.196519564957667,6.5474321467658605
1450,7.25,7.106819665341133,7.210117809562549,6.890648443326603
1451,7.255,6.73005943194723,7.168841288458079,6.977520570943366
1452,7.26,6.241362475013998,7.067818763355926,6.8205029258175
1453,7.265000000000001,5.6254633169597685,6.9011787809156555,6.518467522920895
1454,7.27,4.862535779525562,6.661761216742474,6.115460552871726
1455,7.275,3.926093326398684,6.340795329145661,5.616241319906605
1456,7.28,2.779941761219897,5.927441958687394,5.034752465550853
1457,7.285,1.374138241849709,5.4080836656267905,4.381834106296212
1458,7.29,-0.3579955035217468,4.765217818300975,3.667913392671503
1459,7.295,-2.4872726208249816,3.9757489757057116,2.8889396159481717
1460,7.3,-4.977395761495032,3.0083921527717816,2.0134640791469502
1461,7.305,-7.145572996210957,1.8198820686393953,0.9974053604239375
1462,7.31,-7.142584393457674,0.35029550939531884,-0.20738565101792794
1463,7.315,-5.010967077290388,-1.477944579521414,-1.6666394979661492
1464,7.32,-2.5909466162625265,-3.7282824643515813,-3.439022488084216
1465,7.325,-0.5365637204444131,-6.223076086545925,-5.364010630050926
1466,7.33,1.1224616820801228,-7.51052792162535,-6.235125204322431
1467,7.335,2.4576876481323344,-4.430896240988371,-3.505154879411691
1468,7.34,3.5357967130011363,0.5192000760153404,0.784733019904504
1469,7.345,4.406922924116207,3.2802141637447644,3.346893717143537
1470,7.35,5.107808180611214,4.581946669501283,4.772710777185844
1471,7.355,5.665906982666362,5.077815566428458,5.623438966720229
1472,7.36,6.102506639470338,5.083736701317079,6.172703306132704
1473,7.365,6.434925634995135,4.8626437573270165,6.542404314160454
1474,7.37,6.678075203405079,4.6093895749396046,6.769632433273273
1475,7.375,6.845601428703626,4.493244949469654,6.871980838001929
1476,7.38,6.950733046656675,4.692347172901011,6.858562052060847
1477,7.385,7.006881522610751,5.119020579112917,6.733522992659653
1478,7.390000000000001,7.027975252057193,5.52668699949106,6.502539770513244
1479,7.395,7.028461775953527,5.839972366298917,6.175326975601137
1480,7.4,7.02289590933014,6.064879466132142,5.768657876443461
1481,7.405,7.025072928211973,6.220932505068157,5.306887680393966
1482,7.41,7.046782274904592,6.327749883709548,4.817414588323655
1483,7.415,7.09642692772413,6.403509664640113,4.339564680957334
1484,7.42,7.177893646521141,6.464923438199637,3.9417498869515493
1485,7.425,7.290057535171179,6.5268515719479065,3.7087158997153673
1486,7.43,7.427111472514403,6.601347651607955,3.7061207870018373
1487,7.435,7.579611556598527,6.696380415376234,3.9716643390710242
1488,7.44,7.735894139916571,6.814729338535528,4.501210878696689
1489,7.445,7.883466925293701,6.95361926425619,5.2272751883503705
1490,7.45,8.010090172992236,7.105442835438646,6.0157763563949995
1491,7.455,8.104439241143076,7.259460705758897,6.735740196693218
1492,7.46,8.156379836548737,7.403927957138398,7.310778255592284
1493,7.465,8.156955797012802,7.5279521428577025,7.6898436478607275
1494,7.47,8.098198253478143,7.622598842478293,7.838557351336536
1495,7.475,7.972843402663695,7.681135763441256,7.806191304945128
1496,7.48,7.774017502130839,7.69861426343662,7.6727503535288175
1497,7.485,7.494925195007836,7.671119357263992,7.455844458774781
1498,7.49,7.1285668642140365,7.594995687405477,7.164893869446269
1499,7.495,6.667517033443833,7.466248080473142,6.817201464678128
1500,7.5,6.103828643225373,7.280186937754169,6.430517526006174
1501,7.505,5.429211819560816,7.03128730081821,6.023390287992365
1502,7.51,4.635828325451678,6.7131819261122505,5.598619855595106
1503,7.515000000000001,3.718471852568461,6.318717307413069,5.14478173902401
1504,7.52,2.679815927116217,5.840056773164186,4.655684211369726
1505,7.525,1.542086007927241,5.26891103776535,4.130820367185953
1506,7.53,0.3701595399157908,4.5971398077598185,3.5635322031333967
1507,7.535,-0.6943033571667746,3.8182880511735693,2.953772201041149
1508,7.54,-1.4217617090636463,2.931302300667599,2.3324047260297656
1509,7.545,-1.5926835363378355,1.9490887163364792,1.7224006415948465
1510,7.55,-1.1858606488181802,0.9170132019839383,1.1248080596011523
1511,7.555,-0.4011701345323307,-0.052201878975862925,0.5977630199137147
1512,7.56,0.5210759881203794,-0.734789409949034,0.30215404332366447
1513,7.565,1.4219463832015655,-0.8177723978439717,0.45450412792872275
1514,7.57,2.224603275658648,-0.13049353104348516,1.1898994597946357
1515,7.575,2.900094466108925,1.0660345571750596,2.334466249819665
1516,7.58,3.441962354733001,2.270934840380425,3.497941679560893
1517,7.585,3.853043112334591,3.1781059710172146,4.436053780868702
1518,7.59,4.139504845117955,3.7341363806042276,5.10828827203413
1519,7.595,4.308446599008965,4.000700105749871,5.551619549414711
1520,7.6,4.367190184685739,4.071460741421616,5.809812200210182
1521,7.605,4.323442362827211,4.038997994564924,5.915369396229528
1522,7.61,4.186018672080868,3.9788709703645937,5.8896177289955824
1523,7.615,3.966060179417521,3.9352935227308077,5.74655684406185
1524,7.62,3.678755353795753,3.9096184444709166,5.496637342358783
1525,7.625,3.345495352508665,3.8725635101023475,5.149909003746916
1526,7.63,2.9960389141676136,3.793922658772458,4.718596800852196
1527,7.635,2.669523826678399,3.65888459949932,4.219312050926025
1528,7.640000000000001,2.4122227493989783,3.4683580122451323,3.675103762150587
1529,7.645,2.269892851039198,3.2358397619833843,3.117749639944008
1530,7.65,2.275261528546381,2.9861009865265435,2.5904256867423805
1531,7.655,2.436371829907108,2.755048585408193,2.1487170516878886
1532,7.66,2.7337325754907225,2.5880053794118285,1.856156174742928
1533,7.665,3.128515806932211,2.5328068375303285,1.7723372642554867
1534,7.67,3.575752879556414,2.625540252403859,1.9349108209953907
1535,7.675,4.034871665882237,2.872951002175121,2.3403825688210262
1536,7.68,4.474559656989502,3.243582462585622,2.935095189589563
1537,7.685,4.873206072559269,3.6779365698322897,3.6276280301953836
1538,7.69,5.217281178092806,4.1123234841606315,4.318376721017995
1539,7.695,5.499301484599956,4.499614691356758,4.926491218268139
1540,7.7,5.716121057838435,4.816684520872071,5.401090091050646
1541,7.705,5.867739491487533,5.060769421273121,5.7213141865541886
1542,7.71,5.956585906176568,5.241373673810715,5.891474959855865
1543,7.715,5.987172117498365,5.372285436097946,5.930435763326236
1544,7.72,5.966000484527879,5.465688397504746,5.860160887825639
1545,7.725,5.901610287238491,5.52913817852738,5.7016444464736145
1546,7.73,5.8046301956049815,5.565487268632741,5.475581111108913
1547,7.735,5.687672516086408,5.574920046607303,5.20290004453112
1548,7.74,5.564875888003831,5.557586908206279,4.904331037396277
1549,7.745,5.45091850954532,5.5156103871574285,4.599671417525616
1550,7.75,5.359438742408197,5.454069871005616,4.308162661243206
1551,7.755,5.301039329526908,5.381114270377278,4.049798809871642
1552,7.76,5.281343482058971,5.307400662729764,3.8455360340634606
1553,7.765000000000001,5.299728909229648,5.2449049258932945,3.7158468308094617
1554,7.77,5.349209107296073,5.205087963518924,3.678460592325094
1555,7.775,5.417485470604927,5.196559441505239,3.744315105035061
1556,7.78,5.4887292281776645,5.222729184003169,3.911254502169326
1557,7.785,5.545455399184615,5.280255047078815,4.16056650317102
1558,7.79,5.5699772569820185,5.3590464901246815,4.4603054109102285
1559,7.795,5.545211557570778,5.444000104903923,4.771886858905457
1560,7.8,5.454845973936637,5.517820494109336,5.0571025356785855
1561,7.805000000000001,5.282993175335405,5.563799593104751,5.285229463703564
1562,7.81,5.01345579882015,5.567601903996955,5.435958925840489
1563,7.815,4.628663919846353,5.517700944594359,5.496851834281633
1564,7.82,4.108262605409377,5.4046753064598825,5.460467434182395
1565,7.825,3.427249564061237,5.21983859073434,5.322777595009387
1566,7.83,2.553548420329092,4.953658664667728,5.081448535764523
1567,7.835,1.445203840102631,4.594243164900935,4.7339655579964655
1568,7.84,0.0491812326948745,4.125937486622017,4.275897524734262
1569,7.845,-1.6873492835020278,3.527868827987718,3.6991339993681827
1570,7.85,-3.74073690965892,2.772136128853418,2.9898491818131596
1571,7.855,-5.677676922218273,1.8214066380834253,2.1260670743900847
1572,7.86,-6.13985442080957,0.6263995822986894,1.0752373683750123
1573,7.865,-4.484698392873511,-0.8726717746498558,-0.2049400058340023
1574,7.87,-2.0965404342150915,-2.719505626390493,-1.745322505729498
1575,7.875,0.1112968323638344,-4.789506887349459,-3.4422078165872403
1576,7.88,1.9686940832310649,-6.161589870977755,-4.547423328129948
1577,7.885,3.506032789599675,-4.427160778405666,-3.103980952596679
1578,7.890000000000001,4.7784137532288495,0.050441275659800056,0.6085247310335244
1579,7.895,5.832223540297727,3.3522051454439232,3.4313663479502488
1580,7.9,6.702220472748193,5.10422957927724,5.078448710126566
1581,7.905,7.413804284848432,5.964330882907066,6.122242669842668
1582,7.91,7.9854679920091165,6.268329648789517,6.841566995802603
1583,7.915,8.430648072036721,6.274978316912066,7.357486874491762
1584,7.92,8.759010757029035,6.186023637553763,7.718178987029828
1585,7.925,8.977324746622296,6.162482526719769,7.942326686386616
1586,7.930000000000001,9.090047304814618,6.363269216592247,8.036100512395747
1587,7.935,9.099713711706023,6.792499484755257,8.000626896864764
1588,7.94,9.00719256970326,7.242207087566401,7.837483986833842
1589,7.945,8.811854082884235,7.593500946258078,7.551371188774256
1590,7.95,8.511695602177301,7.825849072183951,7.151992166366988
1591,7.955,8.10348229960223,7.9437138057446575,6.655366493081971
1592,7.96,7.583002296051621,7.953679870229639,6.08070376273376
1593,7.965,6.94563181359608,7.8601688407658905,5.453884176031697
1594,7.97,6.187614465684451,7.665110465264421,4.821731881065435
1595,7.975,5.308890980288447,7.368305772885835,4.2497543578376415
1596,7.98,4.319134408910527,6.967899746079336,3.7949051606170574
1597,7.985,3.2498205900716504,6.461003505214972,3.4899807594533607
1598,7.99,2.1750941845721847,5.844767436565691,3.336979859422788
1599,7.995,1.235583899331813,5.1185477242577795,3.289421656307807
1600,8.0,0.6296632513731438,4.288470713697119,3.2500228881183477
1601,8.005,0.5166410122912741,3.3769053105454123,3.1173266867558977
1602,8.01,0.884521762439429,2.440819296959397,2.8610520546265663
1603,8.015,1.5600694965880038,1.6012526958013735,2.535004925962313
1604,8.02,2.3455538295475225,1.0673262630744924,2.2821653489352807
1605,8.025,3.1051606993166647,1.0844661839169647,2.330117847929578
1606,8.03,3.7672184453759376,1.7312827632129064,2.8251298629065915
1607,8.035,4.2995694697488265,2.752655109554467,3.603847236005245
1608,8.040000000000001,4.689454536906547,3.7533012915901938,4.365831788566743
1609,8.045,4.931978581893218,4.494950304465719,4.940462746904149
1610,8.05,5.024148133625954,4.928693035934809,5.3025903321058285
1611,8.055,4.961710317057327,5.099831130514659,5.489883712102266
1612,8.06,4.737144532387393,5.08323486537068,5.539242521062218
1613,8.065,4.337851944785172,4.953102975932775,5.4656336651317625
1614,8.07,3.7438435216176726,4.766391452138797,5.274694386220431
1615,8.075,2.924133187205383,4.548997310515213,4.97151338960377
1616,8.08,1.8305514236736096,4.288162808572055,4.554143774866601
1617,8.085,0.3865918701308209,3.943635906002589,4.018254366222514
1618,8.09,-1.532683966614221,3.4679741228170182,3.375728968691212
1619,8.095,-4.127959933511308,2.8148335875879167,2.6329957539137254
1620,8.1,-7.585909116229253,1.9335616640412598,1.7491579370404935
1621,8.105,-10.49735083807107,0.7567886084569677,0.6575964817187234
1622,8.11,-8.353824796874965,-0.8184602183440175,-0.7235246506028927
1623,8.115,-4.549329476534147,-2.9612303250957215,-2.5364369739365404
1624,8.120000000000001,-1.553849272955707,-5.9400561446729725,-4.995214050449334
1625,8.125,0.7097552038295328,-9.890451550570125,-8.174836425904028
1626,8.13,2.4627834289903032,-11.477312779769418,-9.356330805938262
1627,8.135,3.8486684998365073,-2.6583953503811717,-2.0189089144390957
1628,8.14,4.955918724785399,3.337529145474492,3.1359064339989686
1629,8.145,5.84103830716285,5.317110739048767,5.113733573089345
1630,8.15,6.541546693063999,6.190366826524065,6.289542310854391
1631,8.155,7.083170269156838,6.299181700239588,7.062263247476741
1632,8.16,7.483957864361797,5.993971837334224,7.587680500007285
1633,8.165000000000001,7.756750454219297,5.5618927878467765,7.907238288500628
1634,8.17,7.910745174462344,5.174235137731161,8.042221102705543
1635,8.175,7.952557326776786,5.0498032744588945,8.009036797591644
1636,8.18,7.887023069679067,5.538956068278958,7.8166592740613545
1637,8.185,7.717915680913659,6.133402414858278,7.472203407641965
1638,8.19,7.4487335220147965,6.535698362289987,6.986317254917999
1639,8.195,7.083744747744937,6.763458187414558,6.371660165969741
1640,8.2,6.629536024664241,6.848846702660946,5.650602819281073
1641,8.205,6.097388678974354,6.812629360790085,4.848838420323265
1642,8.21,5.506806803552208,6.668192933737735,3.98188654788489
1643,8.215,4.89017745530382,6.425487628760576,3.0903912608779645
1644,8.22,4.297273194391922,6.09403063887248,2.2751293295046646
1645,8.225,3.795551539945348,5.685854974405265,1.6495116429209937
1646,8.23,3.4594346002094643,5.219157687918601,1.285089585688532
1647,8.235,3.345389505991905,4.723111089391409,1.2509297815891234
1648,8.24,3.464758249872167,4.243439292339121,1.5587510998530432
1649,8.245000000000001,3.777320962343362,3.845977057612404,2.1503063179697532
1650,8.25,4.21197236618865,3.6110348239074734,2.8602316237858214
1651,8.255,4.695168221566936,3.6089542086652067,3.622352766546754
1652,8.26,5.168083602189707,3.8589443876177376,4.400830328976781
1653,8.265,5.590223405377795,4.301991830797691,5.103312521062481
1654,8.27,5.936033628981422,4.8235759829767035,5.585956241909316
1655,8.275,6.190018502217277,5.311114853141837,5.9476010107092465
1656,8.28,6.342679642530778,5.694634588918762,6.2103246459267165
1657,8.285,6.387707286364942,5.950982243779446,6.324522708111377
1658,8.290000000000001,6.32021035640274,6.088589670735625,6.3072648808222525
1659,8.295,6.135702602427423,6.130199243149628,6.17789774070563
1660,8.3,5.829685761544208,6.099497123833922,5.968627187593258
1661,8.305,5.397872874131824,6.012201962057529,5.710248732668536
1662,8.31,4.83740743920516,5.8719101927045205,5.39376476591447
1663,8.315,4.1499884881946745,5.671220895410783,4.9994832265685245
1664,8.32,3.3488004793518664,5.3966265804205955,4.535098661420201
1665,8.325,2.472467622767268,5.033771754451297,4.01017424146109
1666,8.33,1.6086360885829674,4.571086828453827,3.414253793332823
1667,8.335,0.9177081294070408,4.002648618973985,2.768296920274389
1668,8.34,0.611261071537018,3.3328826930957955,2.1745533076972774
1669,8.345,0.8317319591574641,2.586844121272655,1.652525922853889
1670,8.35,1.526802586636327,1.8308891565812928,1.19343339737476
1671,8.355,2.4998403821328488,1.2051497727975793,0.9032659471284243
1672,8.36,3.557896005265287,0.9434311683645968,0.9595818584310107
1673,8.365,4.580282077533283,1.2930652085474428,1.4732083647584484
1674,8.370000000000001,5.5087859567855375,2.276619676112921,2.508069987249673
1675,8.375,6.321152183190341,3.569779028575663,3.8441563474208347
1676,8.38,7.012384122758149,4.775953792496248,5.131038649988741
1677,8.385,7.584768596291791,5.698828508297406,6.193837346497017
1678,8.39,8.04310370123514,6.322267980447778,7.005781221740384
1679,8.395,8.392542699946505,6.708649711843469,7.590266738301464
1680,8.4,8.637670640120493,6.941752709372584,7.979385817046244
1681,8.405,8.782143607479197,7.100933697006095,8.201319628319913
1682,8.41,8.828577799974953,7.246125796198071,8.278555460821334
1683,8.415000000000001,8.778546317349797,7.404489866162928,8.229006000278487
1684,8.42,8.632623995563515,7.56623549735915,8.067808498216278
1685,8.425,8.390464287367642,7.701479620842022,7.809012688031483
1686,8.43,8.050922563144105,7.782470967726807,7.466827869922449
1687,8.435,7.612273472826677,7.791930327803887,7.056482958383986
1688,8.44,7.072622019791254,7.720941653440347,6.594938987245108
1689,8.445,6.430701250859322,7.565065447889749,6.101766272270114
1690,8.45,5.687418824931514,7.321757674024117,5.599816390222128
1691,8.455,4.848802444742089,6.989118234205917,5.113979373992246
1692,8.46,3.9313879501391074,6.5655228551792035,4.666809657564351
1693,8.465,2.971251145693223,6.049922356513759,4.272463328062049
1694,8.47,2.036326264242861,5.442901776195373,3.931608249391073
1695,8.475,1.2348468219693025,4.748937295923615,3.629580932786208
1696,8.48,0.6997005051495376,3.9807397289729916,3.340878219518742
1697,8.485,0.5303948395649587,3.1670692602303596,3.0428912668658628
1698,8.49,0.726587406517709,2.3652240488193264,2.7374926749672808
1699,8.495000000000001,1.1888118868716515,1.6757627039414942,2.4723338771147785
1700,8.5,1.785533676880107,1.2441286901042488,2.3468642275784064
1701,8.505,2.410724515895796,1.2141766782639656,2.476471899842545
1702,8.51,2.999086810864276,1.6198749254459694,2.9025272717445283
1703,8.515,3.5176028449265253,2.31396435544953,3.5266750621400758
1704,8.52,3.953433315299133,3.057412392445693,4.175345720274762
1705,8.525,4.305165239678766,3.6728236008718227,4.720122620973989
1706,8.53,4.577704579644983,4.09520871922348,5.115737950238845
1707,8.535,4.779584641966349,4.337613767251479,5.368691191803904
1708,8.540000000000001,4.921608670533001,4.448970777024636,5.502455033703661
1709,8.545,5.016113684944827,4.487151319610095,5.540229770121518
1710,8.55,5.076407029891021,4.502732324309354,5.5007276545391095
1711,8.555,5.1160931366682565,4.528291354173895,5.399550502111033
1712,8.56,5.148140139911704,4.5743280311693,5.251470598300252
1713,8.565,5.18368358994741,4.635681601693117,5.07239116434234
1714,8.57,5.230732413140079,4.703695435713334,4.880558228741307
1715,8.575000000000001,5.293078034531572,4.774113623573979,4.6953808651844255
1716,8.58,5.369727307065184,4.848038350000389,4.534272268723631
1717,8.585,5.455039494617264,4.929324124208454,4.411342418893904
1718,8.59,5.539504005644787,5.021411467703925,4.338561467458051
1719,8.595,5.610882293116768,5.124872329152708,4.32613568963761
1720,8.6,5.655362174773143,5.236119926101265,4.381488080125947
1721,8.605,5.658441544503824,5.347402615250944,4.507337501313965
1722,8.61,5.605393927738246,5.447875901376401,4.697608531635983
1723,8.615,5.481284699807291,5.5252269463739,4.9334810902264605
1724,8.620000000000001,5.270559054351912,5.567203620433291,5.183685464593959
1725,8.625,4.956205696532805,5.562552686960502,5.409202050834336
1726,8.63,4.518420145460711,5.501179833873111,5.570094264711474
1727,8.635,3.9325366751679134,5.373620149324965,5.631703345326594
1728,8.64,3.1657057108507383,5.170039203629205,5.568343715463651
1729,8.645,2.171182014186245,4.8789641920407805,5.36439746797291
1730,8.65,0.8776511127128452,4.485813364724418,5.012572249838915
1731,8.655,-0.8327650417357488,3.9710851896390587,4.5088897181021315
1732,8.66,-3.175271534230917,3.3077791264758707,3.846168834213035
1733,8.665000000000001,-6.591556874166664,2.4571521394877602,3.0079179484530405
1734,8.67,-11.910567010557616,1.3609656489880475,1.9609895707326812
1735,8.675,-14.183810656115142,-0.07392699375750134,0.6422968516514054
1736,8.68,-8.076255635799773,-2.0091312149111706,-1.0694177046318263
1737,8.685,-3.71517482621171,-4.75605333606328,-3.4206078776902107
1738,8.69,-0.7265542795174054,-8.990288090588079,-6.957686242103762
1739,8.695,1.4899771275145703,-15.931762399754051,-12.674695877604476
1740,8.700000000000001,3.21686409391295,-13.680251201952393,-10.934004532772914
1741,8.705,4.601068128456645,3.0712737471635174,2.6070737613191994
1742,8.71,5.727336800627622,5.348693693043702,4.523472003612693
1743,8.715,6.64841099067475,6.588882931898228,5.663740809926511
1744,8.72,7.39895321094372,6.9620103673211915,6.33979508083736
1745,8.725,8.002616234270096,6.644399000013261,6.886474989239732
1746,8.73,8.475910995700291,6.100208345391655,7.331751356847693
1747,8.735,8.830448325411728,5.564636338533647,7.674380941821617
1748,8.74,9.074293094851786,5.130170564738762,7.9031530063120226
1749,8.745000000000001,9.212802385408947,5.303948980310946,8.006437375671835
1750,8.75,9.249145452955029,6.363846767087095,7.968365235597709
1751,8.755,9.18461562360611,7.097036365881403,7.78252124102337
1752,8.76,9.018798231993271,7.572061970501636,7.448516056107348
1753,8.765,8.749635152671079,7.872064164439795,6.970668859894598
1754,8.77,8.373418401151213,8.035772786153267,6.375110441519823
1755,8.775,7.884754270692119,8.08243639828616,5.67946826969075
1756,8.78,7.276578416675038,8.021774176288979,4.8820899216019
1757,8.785,6.540407299857084,7.858049470581552,4.048587782750566
1758,8.790000000000001,5.667273283239236,7.591890582640925,3.329465096488631
1759,8.795,4.650429135831046,7.221158192553595,2.8283334397054607
1760,8.8,3.492406187588988,6.741408283022061,2.588139647420267
1761,8.805,2.2220920724186457,6.1462879710302305,2.6596473292415235
1762,8.81,0.9310162488250778,5.42826464000354,2.9773215706689893
1763,8.815,-0.1731523919195723,4.580470934683752,3.336750900217812
1764,8.82,-0.7704393218138161,3.6014711304895517,3.4226073788598566
1765,8.825000000000001,-0.6366596988940012,2.507167823907848,3.2193112212230837
1766,8.83,0.1124207890163754,1.3588030460454315,2.7458637087892215
1767,8.835,1.1555556127735591,0.3195988172523254,2.0316890995507095
1768,8.84,2.2365971060962826,-0.27661075810791136,1.3451254374843233
1769,8.845,3.228663263733225,-0.005662448418506827,1.419929892027766
1770,8.85,4.0861607054768605,1.192363067093285,2.245596062519297
1771,8.855,4.800279536997142,2.7419250526413315,3.3332117272693225
1772,8.86,5.376202160459197,4.040637829997417,4.260479762329297
1773,8.865,5.82339325679872,4.898458863112933,4.884497888918615
1774,8.870000000000001,6.151840502758528,5.365021887249134,5.295048618921851
1775,8.875,6.370779693892333,5.553360743731723,5.576084132285093
1776,8.88,6.488428463555481,5.58187118598568,5.729980285171894
1777,8.885,6.512128904417366,5.554395248986977,5.764446796155961
1778,8.89,6.4486651899430765,5.5483069332392345,5.72214665197768
1779,8.895,6.30467392651529,5.595143551129223,5.606335558119934
1780,8.9,6.0871268001246905,5.671250512168474,5.379108611377483
1781,8.905,5.803885538440711,5.730036447568228,5.1143509403635505
1782,8.91,5.464323646238116,5.738202975867923,4.955312758112681
1783,8.915000000000001,5.079977545033292,5.681851514222635,4.796587705089947
1784,8.92,4.6651249783428455,5.559179407229131,4.5672864281561605
1785,8.925,4.237089391712023,5.37456571271271,4.332294454892227
1786,8.93,3.8159611379326903,5.13590604519223,4.048992966724602
1787,8.935,3.423391346959417,4.853832594881841,3.6373758362380126
1788,8.94,3.0802899299410624,4.541730724758743,3.322392988005742
1789,8.945,2.803741506338677,4.215892027990903,3.143488143162158
1790,8.950000000000001,2.6040918285034342,3.895291721761624,3.073992692582445
1791,8.955,2.4834708527371427,3.6004984584552515,3.1313827230816837
1792,8.96,2.43655604334393,3.3513491727240607,3.2935421117673855
1793,8.965,2.453313506446786,3.1634874365609456,3.5207615704350523
1794,8.97,2.522562884608928,3.0447161008695725,3.7697373915107386
1795,8.975,2.6350811254586457,2.9928967284289776,4.002157795762734
1796,8.98,2.7854510965279413,2.9969640120581382,4.188762941021106
1797,8.985,2.9724560445095465,3.041133765900312,4.315199325170548
1798,8.99,3.1982030995014976,3.110539183905402,4.384596870746647
1799,8.995000000000001,3.466345242220971,3.1958676451338714,4.408964452286443
1800,9.0,3.7798930069070416,3.2954493074597933,4.401693313905088
1801,9.005,4.139200871408771,3.414640542284327,4.378123080288713
1802,9.01,4.540687704671547,3.5632357410838615,4.356014285836581
1803,9.015,4.976615550532401,3.751889702279282,4.353242507778683
1804,9.02,5.435865116051511,3.988498301262837,4.383977567582204
1805,9.025,5.905311590557735,4.275411040961933,4.45557828058151
1806,9.03,6.37129521229241,4.6081856601980205,4.568860647023083
1807,9.035,6.820802115988975,4.9761924077461925,4.720495677159525
1808,9.04,7.242191202364683,5.364760115823622,4.904969122849427
1809,9.045,7.625487568077388,5.758013717374057,5.116741847222396
1810,9.05,7.962356223307977,6.141408657421285,5.352632344176865
1811,9.055,8.245884469114088,6.503280237916129,5.610084262953458
1812,9.06,8.47027487341324,6.835245899454593,5.881451275211088
1813,9.065,8.6305139680271,7.13171766918642,6.152921738176541
1814,9.07,8.722050257158475,7.388959604599158,6.4084997252535185
1815,9.075,8.74049331468051,7.60409523923488,6.632442686107311
1816,9.08,8.68133269012683,7.774330780084684,6.81191472685191
1817,9.085,8.539668663913446,7.896494960294342,6.940642563519016
1818,9.09,8.309944814332079,7.966861225735333,7.0166061963219075
1819,9.095,7.985674802456073,7.981143178390383,7.037421704341881
1820,9.1,7.559165788880614,7.934543772925268,7.000046967817818
1821,9.105,7.021268135357652,7.8217712037210685,6.901940785871022
1822,9.11,6.361251133010785,7.6369789946913755,6.741129898940712
1823,9.115,5.567083736357237,7.373623439792699,6.515745103191043
1824,9.12,4.626859093587959,7.02425437978701,6.223382582244968
1825,9.125,3.5332737928986884,6.580275992254987,5.860371230375363
1826,9.13,2.295910900895503,6.031756374642374,5.42113009788829
1827,9.135,0.9716165212612036,5.367476142683868,4.897893824369371
1828,9.14,-0.2748191296515641,4.575700199730367,4.281264417517604
1829,9.145,-1.114834905332952,3.6469203983972953,3.5626025747479755
1830,9.15,-1.1896837723223983,2.5817657165880585,2.7408048172852624
1831,9.155,-0.4792742098164596,1.4119216416656388,1.839763699768647
1832,9.16,0.6722221559353057,0.25024102427658956,0.9496103836604637
1833,9.165,1.923607925649732,-0.6169357880250574,0.30239467258799824
1834,9.17,3.0971890765878944,-0.6884989478726871,0.3068402635281835
1835,9.175,4.1298422228507885,0.3830114534607256,1.251266877925734
1836,9.18,5.009917177668138,2.15061507121615,2.7843694953158105
1837,9.185,5.744671999504813,3.7863190820640327,4.248060228346371
1838,9.19,6.347022651128219,4.928772601099489,5.36211320431004
1839,9.195,6.830766973864716,5.602099826060948,6.151494400708149
1840,9.2,7.209166793033248,5.932192471792,6.700650864682779
1841,9.205,7.494816839573291,6.055331519760573,7.074340734542551
1842,9.21,7.699992022544377,6.0940193944625145,7.311988101905928
1843,9.215,7.8371488286934685,6.147119623106491,7.436191447425422
1844,9.22,7.919425116309828,6.273259269166019,7.4603625000494365
1845,9.225,7.961019672403836,6.466562273626646,7.3940558985930505
1846,9.23,7.977315553003653,6.677225496234888,7.246740598216583
1847,9.235,7.984586711810637,6.8637452069860245,7.0304119556972555
1848,9.24,7.999145949382864,7.01054497797322,6.761401416382599
1849,9.245,8.03590669639081,7.119624551405746,6.461407122065478
1850,9.25,8.106559149898386,7.201579113270073,6.158281999041686
1851,9.255,8.217826573057451,7.270749416567828,5.887641433711804
1852,9.26,8.37039397111721,7.3425087015370005,5.692903084811263
1853,9.265,8.558932807703851,7.431063870195301,5.619079587952714
1854,9.27,8.773222448808056,7.547205686551104,5.701562460514145
1855,9.275,8.999946616955464,7.696221839149758,5.955766604609497
1856,9.28,9.224575891533034,7.876644238785098,6.369286427501824
1857,9.285,9.432874957519752,8.080485458275566,6.89864264512528
1858,9.29,9.61183941772918,8.295075543385085,7.476528187397825
1859,9.295,9.750095372605015,8.50586339526611,8.03077832546263
1860,9.3,9.837909198679224,8.699136403946197,8.50198434639601
1861,9.305,9.866971308406049,8.863800651188296,8.84998825318783
1862,9.31,9.830085222419202,8.991925535982128,9.0571596604541
1863,9.315,9.720852200048206,9.07827703298412,9.130721169311641
1864,9.32,9.533413266234884,9.119312506848667,9.091710451200022
1865,9.325,9.262303752236562,9.112102688547663,8.959159701883346
1866,9.33,8.902496817988823,9.053499576360212,8.74794160069192
1867,9.335,8.449773946260299,8.939685520938394,8.471812643773264
1868,9.34,7.901687014443139,8.766086662959745,8.143743614427418
1869,9.345,7.259609078216235,8.527556295489882,7.774421409251209
1870,9.35,6.532742613869625,8.218746527423225,7.370126974619669
1871,9.355,5.745346240289132,7.834678884226271,6.933314977777726
1872,9.36,4.948052012265175,7.371680926993903,6.466042044247387
1873,9.365,4.230322002248698,6.829088170884435,5.972631949812768
1874,9.37,3.719875463913041,6.212465947817393,5.462109341767517
1875,9.375,3.543955356792009,5.539606511154576,4.954176529964512
1876,9.38,3.755024078007023,4.850905339664215,4.486967560695324
1877,9.385,4.291011827788706,4.224320642052382,4.122538427311563
1878,9.39,5.020916296634987,3.787218899574402,3.9527112298074996
1879,9.395,5.818026055317224,3.697822695377716,4.08966282182758
1880,9.4,6.594864771356165,4.05963909199732,4.602150960581304
1881,9.405,7.301778101967509,4.807470264315715,5.4258313344725115
1882,9.41,7.914176212223982,5.716603981421516,6.375534874363156
1883,9.415,8.421433911125314,6.558761378281748,7.270367158364559
1884,9.42,8.819857550229406,7.21409867598541,8.014544779891995
1885,9.425,9.108734226121896,7.66355093683481,8.58456964876266
1886,9.43,9.288215329198056,7.941793537919734,8.990340102428576
1887,9.435,9.35819091824302,8.102144025650317,9.2498776068871
1888,9.44,9.317673288940112,8.195801318882774,9.379329927619617
1889,9.445,9.164435533253847,8.258520101693065,9.390925671318229
1890,9.45,8.894785839106385,8.30247086274946,9.293719894349653
1891,9.455,8.503452753921293,8.317485631977888,9.094976337553199
1892,9.46,7.983661370373307,8.282184198842778,8.801459418222295
1893,9.465,7.327667766456397,8.175362217212315,8.420413187359639
1894,9.47,6.528434424676153,7.980541346157024,7.9601894238199495
1895,9.475,5.584089480131395,7.6853986279639654,7.430593533752892
1896,9.48,4.508899469497684,7.279878494915685,6.843011630443013
1897,9.485,3.357910657522388,6.754915833608145,6.210045113417978
1898,9.49,2.271644174649013,6.102517491253912,5.5442607779966915
1899,9.495,1.5134565163781537,5.318176094004145,4.85689421111538
1900,9.5,1.3797932267380586,4.408116118550276,4.159781295005585
1901,9.505,1.9375985604785504,3.407216866956447,3.476770808368891
1902,9.51,2.9475853569317865,2.4182163676070796,2.8745545283468275
1903,9.515,4.110882825980049,1.6765689658035168,2.5178207757246316
1904,9.52,5.24060642766279,1.5723430270200494,2.693478318486363
1905,9.525,6.2549967254885175,2.4022328769653685,3.6177752088976645
1906,9.53,7.1281853100787895,3.9061124716859412,5.066391605409619
1907,9.535,7.85792619571538,5.4337825633668615,6.5109395961916485
1908,9.54,8.450357483812313,6.591645385920662,7.6412120322083155
1909,9.545,8.913625441066031,7.330036704348062,8.428082724935717
1910,9.55,9.255408099237162,7.733936403667954,8.937813709113993
1911,9.555,9.482053935284355,7.917300346943007,9.237178197247536
1912,9.56,9.598365525039885,7.9888998246379845,9.373788014409744
1913,9.565,9.607629298758576,8.037875535296362,9.378748629898851
1914,9.57,9.511735934741491,8.119091131899523,9.271999748068366
1915,9.575,9.311344944960776,8.234732256199157,9.066458139308859
1916,9.58,9.006106703798887,8.344353187998037,8.771349620150975
1917,9.585,8.595007193005443,8.403902632305268,8.395179819059226
1918,9.59,8.076974275723064,8.386508202478803,7.948130539285069
1919,9.595,7.452012323261139,8.27971463542289,7.44353355628834
1920,9.6,6.723358244246416,8.078308394611168,6.8987902541503185
1921,9.605,5.901510232214844,7.77999365052872,6.3362962201328275
1922,9.61,5.011358392671034,7.383704095498398,5.7828138631145585
1923,9.615,4.1032806187691335,6.889566365200619,5.2651172415718
1924,9.62,3.265432780675069,6.300213145363854,4.803825954598649
1925,9.625,2.6237294947508905,5.623845997135788,4.409755566872038
1926,9.63,2.305107485501903,4.880109197458021,4.0845195382374335
1927,9.635,2.3651356370594607,4.110255710521509,3.827502447532285
1928,9.64,2.7467313609080786,3.3917971566012,3.652727658045664
1929,9.645,3.322265292439281,2.850332746435637,3.6107356322988835
1930,9.65,3.96585376832795,2.642489777377859,3.7875806264447274
1931,9.655,4.589642053144106,2.8740709438606347,4.24458795612767
1932,9.66,5.143626566050626,3.4877203114460174,4.92975515964669
1933,9.665,5.603423644120468,4.266254966943859,5.6810378674361965
1934,9.67,5.959348065851287,4.982732272125651,6.339071307921451
1935,9.675,6.20952027741534,5.514628697267766,6.824327858055019
1936,9.68,6.356154276352184,5.840290954898832,7.126464285715551
1937,9.685,6.40384204075318,5.993236515648149,7.267157184969854
1938,9.69,6.3590443573690605,6.027016341805781,7.275146064025202
1939,9.695,6.230365598343232,5.994363109904637,7.175505496361818
1940,9.7,6.029407133787697,5.934011280970002,6.986301798654738
1941,9.705,5.77206010657029,5.8628110606256225,6.719773839936501
1942,9.71,5.479992261029521,5.777121078075403,6.3864461439668
1943,9.715,5.181756343450546,5.664295194088487,5.998854181290772
1944,9.72,4.912424241415622,5.515140324835307,5.573911444809992
1945,9.725,4.7102800646626966,5.330116780707441,5.135549917996532
1946,9.73,4.609752106948989,5.120576736195575,4.716062123499002
1947,9.735,4.632163381294986,4.908324447611046,4.352765894122482
1948,9.74,4.778799499809798,4.724337229410734,4.083790142056001
1949,9.745,5.030750385939861,4.605309239622736,3.946688377338501
1950,9.75,5.355662535695503,4.586117063890638,3.9733528085718963
1951,9.755,5.717077813961025,4.688223731726072,4.1790414618243625
1952,9.76,6.081767081054684,4.908582999867099,4.553679792436046
1953,9.765,6.423328325313142,5.216993108072936,5.059052613934496
1954,9.77,6.722798058869641,5.565948862186664,5.633386267742387
1955,9.775,6.967747763359982,5.907364075542872,6.206503578174486
1956,9.78,7.150987873999172,6.2059003964569515,6.717349300535491
1957,9.785,7.2694611967307585,6.4435591853238385,7.12352649753393
1958,9.79,7.323539026612784,6.617116170257136,7.402826258963213
1959,9.795,7.316752076455595,6.732451587150806,7.550747921147545
1960,9.8,7.255911112710359,6.7988503674546035,7.575630288512603
1961,9.805,7.151520044223059,6.824871244803895,7.492722110892053
1962,9.81,7.018299872708038,6.81645487609495,7.320049841224575
1963,9.815,6.875492232590757,6.777252057758592,7.077116524554702
1964,9.82,6.746415009495616,6.71047440526028,6.784968753506443
1965,9.825,6.656632447441071,6.6212215272198796,6.46639333363186
1966,9.83,6.630355111274309,6.518441344696225,6.146004128088489
1967,9.835,6.685540450404658,6.4160753214693145,5.850406576828169
1968,9.84,6.829349856225826,6.333070929203568,5.608227327231031
1969,9.845,7.056118595525154,6.291786997846798,5.448948763250907
1970,9.85,7.348940403078271,6.314276005164084,5.399531420203489
1971,9.855,7.683973745811103,6.41656236826233,5.478934130413294
1972,9.86,8.035345013013863,6.602554029138605,5.691858887235544
1973,9.865,8.378866500093627,6.860701366780255,6.0242240248767205
1974,9.87,8.69395176873903,7.166038763093715,6.443639415293215
1975,9.875,8.964029330751309,7.4871701450741615,6.906096836197843
1976,9.88,9.17606412671983,7.794567439937376,7.365666311744029
1977,9.885,9.319701534600789,8.066280462501982,7.7826654272387
1978,9.89,9.386338064130776,8.289538701889823,8.128325516939391
1979,9.895,9.368246904313548,8.45910659539698,8.385724865133744
1980,9.9,9.257777266900607,8.57412067880888,8.547556078629869
1981,9.905,9.046586758859746,8.634870000200356,8.61278299879772
1982,9.91,8.724830002785083,8.640393569369037,8.584016031685918
1983,9.915,8.280192332585187,8.587221206919384,8.46577862736149
1984,9.92,7.696604824422239,8.469120351163095,8.263260211349339
1985,9.925,6.952382075546359,8.277391188575555,7.981334575884004
1986,9.93,6.017350461642192,8.001177467361082,7.62368444992144
1987,9.935,4.8482347743240375,7.6274008985667265,7.1918628987078925
1988,9.94,3.3811878601523797,7.14010942658938,6.684110520110256
1989,9.945,1.520875312601306,6.519097828892375,6.093692779308986
1990,9.95,-0.8642593536367847,5.737559769609116,5.4064276247018395
1991,9.955,-3.8384204776355952,4.75825878132606,4.596933030747981
1992,9.96,-6.500496090535909,3.5272512748497613,3.6228742200473123
1993,9.965,-5.8049325410346775,1.9637356698331168,2.416218955569529
1994,9.97,-2.774068215124318,-0.053739363933330786,0.8719000924513178
1995,9.975,0.0195939585930129,-2.6828369794430023,-1.1482210114541687
1996,9.98,2.2147128750194,-5.884261180708505,-3.6252964305135986
1997,9.985,3.930897390011989,-7.595272633637437,-4.899748154892791
1998,9.99,5.288532363440881,-2.3192587045398376,-0.5158273399894489
1999,9.995,6.37044528021459,3.772556890380679,4.551658677346029
2000,10.0,7.231810545378325,6.257415064568773,6.734536051295393
2001,10.005,7.909985612853023,7.345706055647392,7.859690412261068
2002,10.01,8.430822462479751,7.640396507792461,8.52030275584674
2003,10.015,8.812514138510764,7.463074415584904,8.942169334565932
2004,10.02,9.067965389227645,7.09838543944322,9.203097907209063
2005,10.025,9.206294096974627,6.736273761399866,9.33164580742907
2006,10.03,9.23381589799044,6.56069532728036,9.337978468668474
2007,10.035,9.15472203192657,6.830320774265389,9.222831554427081
2008,10.04,8.97158632375077,7.312054964468885,8.983924262712776
2009,10.045,8.685804967810217,7.678018874939026,8.621765714051339
2010,10.05,8.29807129633373,7.888078855370316,8.140116056618396
2011,10.055,7.809016634612989,7.96049942398049,7.550613382725131
2012,10.06,7.220215683763104,7.911970250041508,6.871647477988228
2013,10.065,6.535872453485807,7.753357440534371,6.118826755337136
2014,10.07,5.765666146138947,7.491454444102036,5.322471459355954
2015,10.075,4.92935060514507,7.130789318056573,4.5552957551804045
2016,10.08,4.063371980310864,6.675246780009384,3.908291666890415
2017,10.085,3.227951277543303,6.129921747342333,3.4429695878400848
2018,10.09,2.508377916084916,5.503765634686156,3.201865837284311
2019,10.095,1.9988379129778004,4.813729015688137,3.186974620765966
2020,10.1,1.7637435483798989,4.09109410711929,3.340786467542559
2021,10.105,1.7999483722358112,3.3897854313230606,3.5370418347346586
2022,10.11,2.037697121576957,2.7928693709768138,3.7121318273722
2023,10.115,2.3792156002526936,2.405527332949925,3.8960278793145595
2024,10.12,2.7366446563455797,2.3170875912329336,4.123300448051246
2025,10.125,3.0472592288561646,2.5364797045868777,4.365742703462769
2026,10.13,3.271762529141017,2.9595497063613583,4.647888771446801
2027,10.135,3.3872695656723333,3.4222669290359704,4.942116037754866
2028,10.14,3.3810806387214125,3.789631525698259,5.140080377598731
2029,10.145,3.24686067558766,3.9961114733322534,5.1966267514061455
2030,10.15,2.983287330919457,4.03386510238752,5.113349653856515
2031,10.155,2.5952498406641897,3.926568501791898,4.912218535687538
2032,10.16,2.098290257378661,3.708341434417891,4.623355210379349
2033,10.165,1.5275579156247645,3.409847707873361,4.251782059087388
2034,10.17,0.9515915283556466,3.050256733712625,3.786947485471794
2035,10.175,0.4845760018973539,2.6361793725279066,3.235356332590465
2036,10.18,0.2747297609323006,2.1696681480926454,2.616697086696428
2037,10.185,0.4419652311723736,1.6637708528270005,1.9511966124142734
2038,10.19,0.9959824539637564,1.1619598677619596,1.2964246620187225
2039,10.195,1.8295147586998175,0.7582359220447312,0.8001816263269355
2040,10.2,2.795909764086721,0.6048200366260614,0.6135746214034992
2041,10.205,3.7776799916119512,0.8684022537286742,0.8366628311898694
2042,10.21,4.70344720781098,1.6060239889591101,1.5066315799310939
2043,10.215,5.5369670249104095,2.6644028246400944,2.5041420573386595
2044,10.22,6.262703669100834,3.7719885993761695,3.565309434187924
2045,10.225,6.875765198523896,4.725022497230473,4.53931549063024
2046,10.23,7.3761263678442255,5.450283901768396,5.404294060514739
2047,10.235,7.7655682476748735,5.962153355798291,6.140415383580583
2048,10.24,8.04610612517225,6.312959478342904,6.737072482438168
2049,10.245,8.21917796185312,6.563102537394088,7.19253029382031
2050,10.25,8.28519874699156,6.763707384865908,7.501529641334264
2051,10.255,8.243270276988431,6.944781819299536,7.660200411655955
2052,10.26,8.090929897708314,7.10971372035013,7.669879552303035
2053,10.265,7.823866596470344,7.241799085907864,7.538407132844791
2054,10.27,7.435551999288306,7.318449008283833,7.279162698134386
2055,10.275,6.916741742019803,7.320889362260054,6.909121820899462
2056,10.28,6.254814639855479,7.235925607484717,6.447419659536719
2057,10.285,5.432967729095045,7.053936281248564,5.914632464212275
2058,10.29,4.4294822781313306,6.766462256555869,5.3320218765649905
2059,10.295,3.2179816126721845,6.364344498849956,4.7196544044531965
2060,10.3,1.7720721067038263,5.836321716012769,4.092691180410783
2061,10.305,0.0862477502127455,5.167842186936059,3.4564691571145016
2062,10.31,-1.7494329753922555,4.339999575800872,2.8018441733303177
2063,10.315,-3.3523495228376987,3.328940857756005,2.1022302995371844
2064,10.32,-3.92538889087363,2.1074257434455945,1.3148572592355392
2065,10.325,-3.083240514344627,0.6547116407919562,0.3923404782787392
2066,10.33,-1.498283683753763,-1.0037579687985634,-0.6787515972788887
2067,10.335,0.1431789492694301,-2.660568459576367,-1.761261838383601
2068,10.34,1.5863674749506682,-3.5940084559714105,-2.2925164714568425
2069,10.345,2.788336943122568,-2.5604380995886222,-1.2722495585914846
2070,10.35,3.7669103141541935,0.23358801975204102,1.1429920705422663
2071,10.355,4.550889988087461,2.764937552302271,3.337054240123847
2072,10.36,5.1670877393284345,4.293423282439111,4.739750313066846
2073,10.365,5.638012238000125,5.0556195405841695,5.579162502933355
2074,10.37,5.982360680626316,5.309709340998439,6.076082426614372
2075,10.375,6.216113051774153,5.269018064506896,6.356722661654082
2076,10.38,6.353650748003075,5.1101340538138516,6.486094761190828
2077,10.385,6.408771271587619,4.9768350374038794,6.497050843730229
2078,10.39,6.395570145368394,4.983677657161385,6.406175966829956
2079,10.395,6.329144004400429,5.144668350032635,6.222832125554244
2080,10.4,6.226004838790211,5.352580739456344,5.955428410130788
2081,10.405,6.104020542087599,5.5195255933262075,5.615340198400027
2082,10.41,5.98166263968139,5.620700635707093,5.219359975670632
2083,10.415,5.876427139474266,5.661561084334053,4.790344363195861
2084,10.42,5.802563686474208,5.657534144935502,4.355156194900129
2085,10.425,5.768650590155032,5.62722470554085,3.946256257107399
2086,10.43,5.77584864895564,5.589910439927263,3.6087887799036285
2087,10.435,5.817551630817439,5.563582294736924,3.3987710291562165
2088,10.44,5.880578180702797,5.5624904825877035,3.36673872204863
2089,10.445,5.947374951040651,5.594402293048451,3.5430344185948623
2090,10.45,5.9983781873151205,5.65853223790894,3.927122643143165
2091,10.455,6.013835909089259,5.745278893400997,4.47467886503501
2092,10.46,5.97478638691585,5.838243189033083,5.096927140363194
2093,10.465,5.863223283110023,5.917832168545571,5.687892127830794
2094,10.47,5.66162448747861,5.964948883621346,6.162895208465479
2095,10.475,5.352008820941555,5.963418748849086,6.4646814327729185
2096,10.48,4.914589256179407,5.900627835539504,6.559989224912876
2097,10.485,4.325968971312596,5.766648281897371,6.453918700402208
2098,10.49,3.5567101856350947,5.5524917758546035,6.184328818925361
2099,10.495,2.5680739203202623,5.248095041646039,5.776413366544595
2100,10.5,1.3081980685717,4.840395703513823,5.238182558755952
2101,10.505,-0.2888593110561801,4.311548032791661,4.574097437620475
2102,10.51,-2.280353502974409,3.6370358235224565,3.7844454242949395
2103,10.515,-4.559770310757735,2.783238531276928,2.861847299893404
2104,10.52,-6.24291612843561,1.7040724471694162,1.7827016312808976
2105,10.525,-5.621168472568369,0.3374551589497665,0.5014531954470511
2106,10.53,-3.269934597911102,-1.3912869797799008,-1.0402000837796948
2107,10.535,-0.8109956817956507,-3.5179566778820597,-2.867310929234459
2108,10.54,1.2741044002741502,-5.730080113878911,-4.723525283396157
2109,10.545,2.977869916838861,-6.228359794609849,-5.144444583158242
2110,10.55,4.366039819719772,-2.4233931428763835,-2.008156581130473
2111,10.555,5.497837387473292,2.1961238818869755,1.8910233972742216
2112,10.56,6.417196494984775,4.714751376404796,4.197525554493471
2113,10.565,7.155491860017131,5.961111929370939,5.591727321266484
2114,10.57,7.734987896905086,6.462896381282338,6.532850755023828
2115,10.575,8.171426691815848,6.517812591519737,7.202754570591221
2116,10.58,8.47579603190617,6.371142788263945,7.668288037426656
2117,10.585,8.65552227631245,6.2040080433220055,7.967048517666301
2118,10.59,8.715297619007934,6.183830368788242,8.118283611453565
2119,10.595,8.657703883849452,6.454657448777193,8.12492355992366
2120,10.6,8.483778036023246,6.871991681144085,7.9869691295848195
2121,10.605,8.19369173606959,7.217078325827879,7.707427538915056
2122,10.61,7.78780945228158,7.429125851072668,7.292913033736236
2123,10.615,7.268587176451171,7.507706666620349,6.756331855419457
2124,10.62,6.644130221692559,7.460796567845014,6.116053814781884
2125,10.625,5.934723852039257,7.294947810852058,5.392814551920666
2126,10.63,5.183790595451038,7.01494299042438,4.621946473856506
2127,10.635,4.472373500233874,6.62558980648708,3.8680733968768735
2128,10.64,3.926557906238196,6.134923005573623,3.209354616268226
2129,10.645,3.691074141837124,5.559782537508529,2.711036786765992
2130,10.65,3.853937225934807,4.935546614110507,2.4286101091034356
2131,10.655,4.38117584277192,4.331454562151682,2.4031892954405647
2132,10.66,5.143699705767717,3.867572977133406,2.658288725372085
2133,10.665,6.000319661787054,3.711288467419036,3.2018139134297394
2134,10.67,6.84865764438973,4.008445558264066,4.046158479418705
2135,10.675,7.629647679417028,4.750861748644303,5.129879548469166
2136,10.68,8.314080475719429,5.730138016798473,6.250715113288326
2137,10.685,8.889545924928274,6.683967898561186,7.184791630009343
2138,10.69,9.351993706876511,7.45307756982546,7.8722005047578545
2139,10.695,9.701020164180528,7.99805837031114,8.345495653045493
2140,10.7,9.937395215922136,8.348239372520315,8.626500316629862
2141,10.705,10.061800578969798,8.559146495622858,8.746765629579901
2142,10.71,10.074199223920106,8.687933975091184,8.740442332410712
2143,10.715,9.97354262735842,8.778362462283194,8.638091719819744
2144,10.72,9.757695769674218,8.8505937890806,8.464575249231697
2145,10.725,9.423586203052102,8.899252795599757,8.226040705616786
2146,10.73,8.967725112755051,8.90349337788157,7.918067659412416
2147,10.735,8.387482638771349,8.840662662672372,7.544356213128355
2148,10.74,7.683949568585624,8.69327636515989,7.114198757702457
2149,10.745,6.8680520653299615,8.449389558756884,6.634189201136276
2150,10.75,5.972770744785252,8.100917769453382,6.124706977527503
2151,10.755,5.074203947636744,7.642677541232094,5.63302878874079
2152,10.76,4.315366978219501,7.073278940700787,5.181732286736267
2153,10.765,3.8965375824219146,6.399016257187299,4.758370543869338
2154,10.77,3.976787460037015,5.6430672070156955,4.366103093627726
2155,10.775,4.542259269506382,4.863852703200601,4.0320618058084134
2156,10.78,5.419312079019012,4.1846279336671035,3.8088696923078613
2157,10.785,6.412216235039194,3.8171277445660845,3.84959449297438
2158,10.79,7.388227754577698,4.007760836882616,4.353805197717958
2159,10.795,8.278940403986299,4.832008262539773,5.3606281349806295
2160,10.8,9.055635254123892,6.030774490992044,6.640408357543098
2161,10.805,9.70945484984432,7.210122506541415,7.868777750025041
2162,10.81,10.2402332030785,8.136747317374878,8.859447354914131
2163,10.815,10.65096820007819,8.766250411749638,9.580150506114473
2164,10.82,10.945242183673802,9.147547117376824,10.064789987116264
2165,10.825,11.126063802344316,9.359001826075161,10.357205555980462
2166,10.83,11.195373434673714,9.478758255776519,10.493262352449737
2167,10.835,11.153859326983843,9.56859082670499,10.499133647369987
2168,10.84,11.000937253678876,9.660557016611271,10.393418673816534
2169,10.845,10.734864480767005,9.75029175036035,10.18938502018186
2170,10.85,10.353057499561356,9.80958340262162,9.897027625757769
2171,10.855,9.852819066980606,9.808412207762071,9.525274990862666
2172,10.86,9.232927539656432,9.72587850546128,9.084069493021346
2173,10.865,8.497014733826473,9.549615519203018,8.585810996035644
2174,10.87,7.660475739782684,9.272273003851096,8.04637821290151
2175,10.875,6.763553095972728,8.889195741776929,7.4856967562435885
2176,10.88,5.8918961569425,8.398003668213558,6.926341051678161
2177,10.885,5.194333349256142,7.800315777430705,6.389960118416875
2178,10.89,4.858842068764821,7.10664737050069,5.895407888749111
2179,10.895,5.008563250281595,6.34683395571793,5.463299106701955
2180,10.9,5.59886982217196,5.5893098937482915,5.13000886159914
2181,10.905,6.457741295000902,4.968462253378197,4.9716895996152575
2182,10.91,7.409402946765358,4.695692296752936,5.12008192893163
2183,10.915,8.338058972391993,4.981937431509375,5.709420649550307
2184,10.92,9.184219641032652,5.838726495843631,6.722804615345956
2185,10.925,9.922799406687655,6.985328082066891,7.920189708697173
2186,10.93,10.54614038578226,8.07256790561226,9.019956708181466
2187,10.935,11.054392535621986,8.913739158257016,9.881960211263733
2188,10.94,11.450675655680538,9.482336502142125,10.49416714717059
2189,10.945,11.7387794513377,9.82885457305618,10.893268111272844
2190,10.95,11.922111148487597,10.027637936530049,11.120630630977628
2191,10.955,12.003234554242695,10.150879047073703,11.209796861528659
2192,10.96,11.983682437374965,10.253344273815628,11.18549034039102
2193,10.965,11.86389319415498,10.360134418494244,11.065067804803025
2194,10.97,11.643208697527282,10.4634137390776,10.860360305247536
2195,10.975,11.319920218380808,10.536703038849717,10.580254646259203
2196,10.98,10.891390959953103,10.554015613352165,10.233600355657835
2197,10.985,10.3543395494809,10.497915837663417,9.831230913591149
2198,10.99,9.705468235970727,10.358354765268434,9.387065326515758
2199,10.995,8.942812469482732,10.129413443914878,8.918779032172559
2200,11.0,8.068557648542061,9.806953746408972,8.446666229557893
2201,11.005,7.094701931964041,9.387456694033851,7.989312420308374
2202,11.01,6.053675983415729,8.867794207242403,7.55855485380686
2203,11.015,5.015331649923036,8.245899581079428,7.1566546026096
2204,11.02,4.104097754774976,7.522730920364065,6.775643602027943
2205,11.025,3.4885904846635936,6.706559975195598,6.400175797386655
2206,11.03,3.305526247331064,5.8215545769994925,6.0173658115442645
2207,11.035,3.5567990713491158,4.923393534322552,5.635039019959145
2208,11.04,4.1072447726928765,4.122134397499332,5.307132792166273
2209,11.045,4.786330297352706,3.596756432430868,5.152130536138903
2210,11.05,5.466433918694893,3.5486217287279853,5.319964634727768
2211,11.055,6.074881305552714,4.0462799618437435,5.868359582595654
2212,11.06,6.577148826289173,4.896666007468496,6.656285147428723
2213,11.065,6.959794667281257,5.7742981778162505,7.4410966188118195
2214,11.07,7.21980910782835,6.455751945800092,8.060252409315074
2215,11.075,7.359109115593831,6.875525456857762,8.47043515461449
2216,11.08,7.382122962221812,7.061332922877679,8.690185178123446
2217,11.085,7.29517405859828,7.076561869019814,8.75255506925349
2218,11.09,7.107069093726239,6.989728829531362,8.685938952924367
2219,11.095,6.8307223635342265,6.8576236269279,8.510097563630636
2220,11.1,6.485823781426863,6.713248189136648,8.238303427240274
2221,11.105,6.102378951014052,6.560390019636808,7.8812862144363445
2222,11.11,5.724099661195687,6.383425920130339,7.450927084739031
2223,11.115,5.408811391419672,6.166566280247322,6.963587231093108
2224,11.12,5.2211769896620455,5.907041299864661,6.443228126082998
2225,11.125,5.214916495122895,5.619608030694404,5.923430811617369
2226,11.13,5.411059208285191,5.33792560769883,5.44864761446235
2227,11.135,5.788088606719591,5.114559526123063,5.075956665944716
2228,11.14,6.2928559427148,5.015500064188544,4.872965746893612
2229,11.145,6.862523429798899,5.1023796158119215,4.903202907919446
2230,11.15,7.441875318191284,5.402158013543593,5.19898864698971
2231,11.155,7.990101988130817,5.882413120388877,5.737912476357082
2232,11.16,8.480156325567025,6.459009408853394,6.444123097925495
2233,11.165,8.895320316196141,7.035526849311785,7.216533035559608
2234,11.17,9.225675853020388,7.541158968043799,7.961313710599525
2235,11.175,9.465385930699082,7.943394328742661,8.609090829809137
2236,11.18,9.610840477621169,8.240570234925187,9.1168449974751
2237,11.185,9.65946909514768,8.448192013899234,9.463359721838916
2238,11.19,9.6090163515458,8.586639614981252,9.644727180085344
2239,11.195,9.457139177098457,8.672320888842286,9.670364104386357
2240,11.2,9.201262327692136,8.712800219453156,9.55716309278925
2241,11.205,8.838712096117124,8.706278820823451,9.323635931178785
2242,11.21,8.367261033402276,8.644582379473604,8.987572617690073
2243,11.215,7.786397758393351,8.51718795066013,8.566170567343917
2244,11.22,7.099944837196505,8.3140829293466,8.076227906261359
2245,11.225,6.32112161914466,8.027005195784152,7.533773043496707
2246,11.23,5.481574126739423,7.649835208121129,6.953637164908953
2247,11.235,4.644985091962036,7.179119627552402,6.34981118981345
2248,11.24,3.919736831864963,6.615621685516852,5.736762922670125
2249,11.245,3.4498123852518288,5.967962220364841,5.131685749911597
2250,11.25,3.35662142191322,5.259915723647728,4.559119148644661
2251,11.255,3.6568830361835536,4.5431793660698325,4.0601879135078915
2252,11.26,4.248902727475911,3.91485160326836,3.7057696163635176
2253,11.265,4.985764683706134,3.5265728346652283,3.603340944347383
2254,11.27,5.746023968215508,3.5468221487213993,3.868404489916255
2255,11.275,6.453775559479206,4.043619084714412,4.534348720922925
2256,11.28,7.068882028921531,4.878593161893712,5.471433031677341
2257,11.285,7.57253268363606,5.784172665053194,6.452012406275074
2258,11.29,7.9568470958971504,6.548714486812748,7.30051081825636
2259,11.295,8.218777036042153,7.089442459513273,7.947905447931575
2260,11.3,8.356778446274854,7.414180517779087,8.393035897490169
2261,11.305,8.368993999326989,7.5712205885773685,8.658203252036992
2262,11.31,8.252180671287158,7.618357441514446,8.767579069828109
2263,11.315,8.00095613596889,7.604925508917809,8.74057957135175
2264,11.32,7.607133394086167,7.559609816838944,8.591148952043907
2265,11.325,7.059038380589348,7.484237023646182,8.328837935651341
2266,11.33,6.34085315277226,7.359176161374251,7.9602606521180554
2267,11.335,5.432384219829061,7.156973564612967,7.490434464521391
2268,11.34,4.310765244253031,6.852179493431764,6.923736156304286
2269,11.345,2.959211093853784,6.423168866518962,6.26431157756596
2270,11.35,1.3992217474381785,5.849869826938686,5.515945281954447
2271,11.355,-0.2107368029784621,5.111134358296043,4.68142831393192
2272,11.36,-1.384173177988477,4.1836693175723045,3.7614743010077927
2273,11.365,-1.4070769601212465,3.045284032336557,2.7549249171445127
2274,11.37,-0.2396505356801161,1.6914180018750913,1.6683651687452992
2275,11.375,1.4187046235744816,0.19385141657994698,0.560251533720483
2276,11.38,3.0512968243441927,-1.1261113983454791,-0.32035730831349607
2277,11.385,4.482326734614615,-1.4100464067539882,-0.29879721226804623
2278,11.39,5.685026274613957,0.2658709399968364,1.3497415940942514
2279,11.395,6.6753785965547525,3.038848122182692,3.9072517081877502
2280,11.4,7.4767744505749985,5.260342863587817,6.026605311724944
2281,11.405,8.110268508258939,6.5998022327820935,7.441201538278304
2282,11.41,8.5925819147178,7.282970208642265,8.345516590937317
2283,11.415,8.936234855254956,7.532255588959589,8.906482946247216
2284,11.42,9.15013462003384,7.5387561616767655,9.224285958255672
2285,11.425,9.24014691134495,7.459476186576628,9.355368955408114
2286,11.43,9.209543452490143,7.422173759157404,9.331900890389473
2287,11.435,9.059331477648213,7.510662939415431,9.173013992146991
2288,11.44,8.788513395144186,7.694595783241693,8.891254450880867
2289,11.445,8.394364429100847,7.865086590344195,8.496526549629747
2290,11.45,7.872894476169256,7.949834433563402,7.998288501842685
2291,11.455,7.219837701762696,7.923459165488371,7.407565505330858
2292,11.46,6.432907674930605,7.779613976557425,6.738385063762217
2293,11.465,5.5168870723831365,7.516593121282553,6.0086185706371324
2294,11.47,4.494629772151637,7.132805048851868,5.244507833393185
2295,11.475,3.428524712596409,6.626087853990284,4.4856857535009285
2296,11.48,2.452286381713372,5.994984598638123,3.778874990081176
2297,11.485,1.7835081930298875,5.242374907513559,3.163387290248955
2298,11.49,1.639068250959538,4.383680024272934,2.665756192389465
2299,11.495,2.0583309668685343,3.464207659904151,2.305464001399523
2300,11.5,2.862976596358932,2.591446963767684,2.1150488037239787
2301,11.505,3.819051786328548,1.9758841023274085,2.181115233493442
2302,11.51,4.763583667529921,1.9155452787793128,2.6635725854282306
2303,11.515,5.614046680441999,2.591890542748358,3.656630620963421
2304,11.52,6.337016097223604,3.788757776968973,4.9590365186739085
2305,11.525,6.92261947458622,5.031170926043567,6.184810610503849
2306,11.53,7.37060536839757,6.000466361368611,7.109574617733818
2307,11.535,7.683705717930703,6.624904132727947,7.719357232851307
2308,11.54,7.864612914665584,6.955443060813158,8.068659961959645
2309,11.545,7.914582617717404,7.0799018544876064,8.213519252438537
2310,11.55,7.8327041255192835,7.087215068412787,8.19934542018174
2311,11.555,7.615382048438035,7.0502935646082765,8.059502778875657
2312,11.56,7.25579952315443,7.011695483227619,7.816621195547681
2313,11.565,6.743237893421497,6.971559002150158,7.481000305877846
2314,11.57,6.062207917872859,6.896504612564133,7.053915162994
2315,11.575,5.19153058275173,6.746549795860928,6.536193922419887
2316,11.58,4.104144774670583,6.490971980850918,5.931356920394003
2317,11.585,2.7707493708336037,6.107715828389868,5.244073468853452
2318,11.59,1.178831148555717,5.577779469710748,4.48393334026016
2319,11.595,-0.5936513672691214,4.880571479476985,3.6681030742595437
2320,11.6,-2.164950649704504,3.99113790351711,2.8051975661487156
2321,11.605,-2.669759233867523,2.880109214375964,1.8821470416255695
2322,11.61,-1.6495007142305869,1.5216152020712235,0.8778058636999964
2323,11.615,0.1562365165126846,-0.06995829725188063,-0.2061887013153756
2324,11.62,2.003964145844228,-1.7039115493570156,-1.2417605129702345
2325,11.625,3.635750234766959,-2.6438802547678844,-1.6626258604589905
2326,11.63,5.016594660640749,-1.4948648714622266,-0.36326532860808314
2327,11.635,6.170336401495304,1.6102030299816676,2.5250578526746477
2328,11.64,7.129256075243548,4.406940428229993,5.1500918626762004
2329,11.645,7.92192962026522,6.1102856249788715,6.873239225076604
2330,11.65,8.57144475960153,7.013177504054543,7.95253694956949
2331,11.655,9.096099555611165,7.394108887613852,8.625199978916404
2332,11.66,9.510495582788238,7.476281209999282,9.030684861689192
2333,11.665,9.826523745876068,7.442608743491447,9.24513986974386
2334,11.67,10.054166598588326,7.441028735265634,9.310738806294996
2335,11.675,10.202145733867408,7.593089314313704,9.252794643965581
2336,11.68,10.278458718541476,7.915309946679118,9.08837961426039
2337,11.685,10.290842152897232,8.287125373691534,8.831103838477391
2338,11.69,10.247182950171702,8.609872983770323,8.49348692124258
2339,11.695,10.155881988245364,8.853675281654905,8.089376661423842
2340,11.7,10.026152261502366,9.018648018546589,7.6369332534712555
2341,11.705,9.868207380003556,9.11298137516284,7.159332338647808
2342,11.71,9.693269298129156,9.146468558500173,6.68804808890809
2343,11.715,9.513307201996431,9.129131632556904,6.271171630209298
2344,11.72,9.340431694889292,9.071195747097757,5.970946842857552
2345,11.725,9.185931410201954,8.98331453405115,5.843129099754359
2346,11.73,9.059058925266529,8.876694040411587,5.919869218741256
2347,11.735,8.9658154848823,8.76295156615388,6.2026005845255
2348,11.74,8.90807110217646,8.653603665550445,6.652569907728272
2349,11.745,8.883307558276499,8.559144100276775,7.190483890221801
2350,11.75,8.885077825762998,8.487800616133342,7.723983906860556
2351,11.755,8.904030646849051,8.44424117743675,8.186505455461552
2352,11.76,8.929187367256068,8.428653363347413,8.536828278270509
2353,11.765,8.949149672427126,8.436614263556292,8.750564257420324
2354,11.77,8.953028256172537,8.459926206636188,8.837302902230332
2355,11.775,8.931027143825062,8.488204653495487,8.8395068708549
2356,11.78,8.874727812798206,8.510697497649456,8.78350990150484
2357,11.785,8.777170161769913,8.517776829306385,8.677621501703658
2358,11.79,8.632836949162147,8.501764710461574,8.53061550682326
2359,11.795,8.437637939142423,8.457064244289748,8.352983826261287
2360,11.8,8.188978349799386,8.379798090555646,8.156033236307467
2361,11.805,7.885993437823052,8.2672439966769,7.9459018973699305
2362,11.81,7.530039627788172,8.117326683172768,7.720425892908628
2363,11.815,7.125546548427176,7.928335828036374,7.4767342796621925
2364,11.82,6.681332224668138,7.698944371456914,7.21660734649746
2365,11.825,6.212411382341079,7.428537246584954,6.943376813026703
2366,11.83,5.742074747944287,7.117845403253863,6.663832974996314
2367,11.835,5.303433975638745,6.769908066867396,6.397016563463873
2368,11.84,4.938703032903563,6.391428636184982,6.16379161321872
2369,11.845,4.693865792273727,5.994591000654681,5.965905993945876
2370,11.85,4.607744482981114,5.599262982185397,5.798721474169584
2371,11.855,4.698970653058478,5.235061912671502,5.668594058873887
2372,11.86,4.958682970207854,4.941811662515195,5.587669433503567
2373,11.865,5.354409879762239,4.765668288993909,5.580215046582712
2374,11.87,5.842134290674213,4.748067922334692,5.6891170686729655
2375,11.875,6.378526824147075,4.90852005413578,5.940095300553627
2376,11.88,6.928100633381828,5.230436779670273,6.320016850271317
2377,11.885,7.465122251275042,5.66293008317149,6.786500995307233
2378,11.89,7.972499694357955,6.140616454605652,7.284977219923265
2379,11.895,8.43967004629619,6.607476628827177,7.7662725993799935
2380,11.9,8.860561686394899,7.030043795458331,8.196900181399386
2381,11.905,9.231995487473066,7.397516530000807,8.559431697914437
2382,11.91,9.5525463887512,7.714713085050928,8.847948468718267
2383,11.915,9.821772907216404,7.993595707559402,9.06323274468605
2384,11.92,10.039709308951725,8.246253216394097,9.209484167138495
2385,11.925,10.206534829319969,8.480473291789458,9.292566697541563
2386,11.93,10.322358475357712,8.698275655884343,9.319271170794451
2387,11.935,10.387077824159386,8.896970953385337,9.297114545562115
2388,11.94,10.40028457415147,9.071428356393312,9.234350152760047
2389,11.945,10.3611994398286,9.216117614659705,9.139986964913824
2390,11.95,10.26862574416517,9.326235287821937,9.023685660239963
2391,11.955,10.120916084084826,9.398001885305577,8.89542203159053
2392,11.96,9.915950937363348,9.428505129018596,8.764812297403138
2393,11.965,9.65113336430344,9.415395709340906,8.640043908576603
2394,11.97,9.32341185442558,9.356592042459809,8.52650166644186
2395,11.975,8.92935686631513,9.250046791465575,8.425376086144599
2396,11.98,8.46534103615654,9.093580558719502,8.332670644834538
2397,11.985,7.92791805225572,8.884775138450195,8.239014090009203
2398,11.99,7.31457775883241,8.620922429864821,8.130520440647386
2399,11.995,6.625201627840941,8.299037998694757,7.990631821604586
2400,12.0,5.864780869478902,7.915970490880869,7.802534787558991
2401,12.005,5.048258850300526,7.468676052068252,7.5515846575377665
2402,12.01,4.208401871412276,6.954794361489927,7.227326669856379
2403,12.015,3.40617472318352,6.373784011015677,6.825052005924478
2404,12.02,2.73754548490071,5.729084909973633,6.347262091006902
2405,12.025,2.320535491199545,5.032098659142213,5.805957941870032
2406,12.03,2.2475400124808336,4.309110137975047,5.2271362822695835
2407,12.035,2.5273836341952105,3.611955698955009,4.658541658734474
2408,12.04,3.078333919891797,3.030036930785875,4.178870083358987
2409,12.045,3.780717459603884,2.6909685186476238,3.8980842110114855
2410,12.05,4.530351865875106,2.7222760945282687,3.926373972768432
2411,12.055,5.257681101475519,3.162496247432462,4.302097838251414
2412,12.06,5.923222424250588,3.895299477760211,4.938000426499076
2413,12.065,6.50710761137554,4.71080914697794,5.669809259845346
2414,12.07,7.000557095482871,5.436177350053541,6.360048218716692
2415,12.075,7.400469632152867,5.994374406691658,6.942631672236864
2416,12.08,7.706321035206377,6.383505119394638,7.40306143636381
2417,12.085,7.918458649205769,6.639604922272521,7.7480119841220745
2418,12.09,8.037167849611457,6.809975783270022,7.9878489035869915
2419,12.095,8.06214187883147,6.936471268298503,8.13040478715437
2420,12.1,7.992147067926519,7.044616750599593,8.180312710305877
2421,12.105,7.824765749851025,7.138889116321795,8.140365315178338
2422,12.11,7.5561472156277585,7.207125250645531,8.013252596241735
2423,12.115,7.180722630011354,7.230882857309581,7.802958193395419
2424,12.12,6.690856974861039,7.193458570869181,7.515560222167309
2425,12.125,6.076435448075502,7.082268245422488,7.159485404365103
2426,12.13,5.324444749935967,6.8878694058776695,6.745388586036608
2427,12.135,4.4187958617210334,6.602200897055076,6.285607589808333
2428,12.14,3.341192183610005,6.21707096809785,5.7926710462364905
2429,12.145,2.0755173350309293,5.723019848726081,5.276335775795736
2430,12.15,0.6231100664175819,5.108460297449757,4.739499354515263
2431,12.155,-0.9512622611342156,4.359101041026512,4.174219499578488
2432,12.16,-2.4095851409472746,3.4580260659151847,3.5594110058844683
2433,12.165,-3.232628631815346,2.3878115148301187,2.862494174758345
2434,12.17,-2.944878344559036,1.1389982921978747,2.0493256688443986
2435,12.175,-1.7572434452292771,-0.262265418762067,1.1122733781690406
2436,12.18,-0.2513595214546081,-1.6738652381825956,0.14150788198566744
2437,12.185,1.2131281966184648,-2.6583755242053293,-0.5246730399404154
2438,12.19,2.514246578092457,-2.3921112184886555,-0.2222543809243538
2439,12.195,3.633314638124683,-0.520903760972451,1.3470612848798726
2440,12.2,4.584159368784764,1.8425068294914104,3.304169960383522
2441,12.205,5.3877657874867335,3.6252238873735942,4.806672774632502
2442,12.21,6.064499800424905,4.709195959245799,5.787854131433496
2443,12.215,6.632193939962859,5.274121035484136,6.410544808702559
2444,12.22,7.106045648120103,5.5077198408320625,6.804529004004283
2445,12.225,7.498990484052883,5.577185691831003,7.046338107983866
2446,12.23,7.822120620190189,5.6217307336589535,7.177492158133877
2447,12.235,8.085021036655434,5.75173696772404,7.220069693561978
2448,12.24,8.295995971553767,6.017931654341081,7.186280166723134
2449,12.245,8.462191277708854,6.372205568184008,7.084650169146752
2450,12.25,8.58962994990716,6.732524303082334,6.924033393242538
2451,12.255,8.68318335076247,7.0539557304001725,6.715854690387576
2452,12.26,8.746503762803515,7.3245361904909885,6.474882664535987
2453,12.265,8.781944924869196,7.5458435483428925,6.21827963816645
2454,12.27,8.790495026702693,7.723197157278425,5.965851806530392
2455,12.275,8.771740396436341,7.862095790067109,5.744538762959599
2456,12.28,8.723868157312719,7.967035466425527,5.590604989709824
2457,12.285,8.64370411269212,8.041136354086863,5.541771862280921
2458,12.29,8.526770425398766,8.086051084390338,5.625208629867299
2459,12.295,8.367338344957222,8.101988364813995,5.8484832778155
2460,12.3,8.158445074753658,8.087797713666273,6.19011935990989
2461,12.305,7.891839911065098,8.041088205324046,6.5952222283583435
2462,12.31,7.557820486231534,7.958354578436934,6.987187136031481
2463,12.315,7.144911518208616,7.83507952967388,7.294846255174049
2464,12.32,6.6393209406700935,7.665779112287382,7.467380632813016
2465,12.325,6.024075040407304,7.443959699956076,7.473860424388235
2466,12.33,5.27767644169122,7.161956997243468,7.308156604755004
2467,12.335,4.372038426395294,6.810625299184492,6.992538779217323
2468,12.34,3.2693444046444755,6.378833218035102,6.552727854018999
2469,12.345,1.9175541750207128,5.852694445354593,5.999743549580981
2470,12.35,0.2457169445968619,5.214411287658946,5.336068372481221
2471,12.355,-1.8299461757573088,4.440524999781514,4.558789306122172
2472,12.36,-4.319085480600116,3.4992455256855695,3.656990609154409
2473,12.365,-6.6546381486449135,2.3464257658950523,2.60571741312471
2474,12.37,-6.874438094325905,0.9200483260273393,1.3583134683206546
2475,12.375,-4.660426479459317,-0.863849637730457,-0.15432840076143695
2476,12.38,-2.059846265366267,-3.091348229841075,-2.00291905665609
2477,12.385,0.1513297457224947,-5.668130013009961,-4.111393983343175
2478,12.39,1.9395739460336645,-7.334947588294339,-5.457744077810204
2479,12.395,3.3847179207279536,-4.534002099276941,-3.1449174461240137
2480,12.4,4.55859119134186,0.885570180754065,1.3608475894617813
2481,12.405,5.513548175657922,3.958056691465015,4.056269441013455
2482,12.41,6.286665487837412,5.407813582784128,5.539225144609848
2483,12.415,6.904449061641438,6.003122510982568,6.481098549535984
2484,12.42,7.386234290030607,6.071555501154043,7.1338050239417505
2485,12.425,7.746493288298702,5.8873465305113655,7.589853943020113
2486,12.43,7.996432703759293,5.652451772806807,7.888481995356976
2487,12.435,8.145174457898415,5.534616174338481,8.051512644751568
2488,12.44,8.200724255100006,5.729713827185992,8.085945530111806
2489,12.445,8.17087779374617,6.1797538191569785,7.99176403659317
2490,12.45,8.064181881996676,6.604564837178887,7.770795558295689
2491,12.455,7.8910381678544255,6.9096588930413,7.428732217786342
2492,12.46,7.664982378131732,7.096207551484137,6.977802954297132
2493,12.465,7.404047122983065,7.179922491334308,6.438341351411715
2494,12.47,7.131866258493601,7.1763054531109685,5.833761543706118
2495,12.475,6.877790862385181,7.1001512256179655,5.198536850475563
2496,12.48,6.674934206259269,6.967249066871064,4.599533005469728
2497,12.485,6.555266185904678,6.796300583301775,4.128686370084436
2498,12.49,6.542275199510694,6.610579407078465,3.866528417429577
2499,12.495,6.643998779734445,6.438731919570257,3.872682923607721
2500,12.5,6.85029300087095,6.313620502799652,4.175082344426463
2501,12.505,7.136088395533614,6.267847776810116,4.741817569630248
2502,12.51,7.468552045213533,6.325525542215009,5.465986981126127
2503,12.515,7.81426168330227,6.492691938628321,6.222159840337263
2504,12.52,8.14379926936948,6.752010457982877,6.927215952587065
2505,12.525,8.433434934465257,7.066747519903675,7.509447275463257
2506,12.53,8.664842301643802,7.392825103015798,7.900461172086965
2507,12.535,8.823904122593836,7.691773687821488,8.115317126193347
2508,12.54,8.899293244674569,7.938089360011367,8.224731645965528
2509,12.545,8.881134085774692,8.119750580739002,8.236584364838182
2510,12.55,8.759810624021494,8.23440994754861,8.151254517291108
2511,12.555,8.524866677783699,8.284229050494469,7.983305070536103
2512,12.56,8.16388747810641,8.271289153564949,7.748883112014619
2513,12.565,7.661216853441496,8.194523569816,7.467500811868568
2514,12.57,6.99633374759217,8.04841282806246,7.143620273214221
2515,12.575,6.141707530566501,7.823061584212569,6.764777238047751
2516,12.58,5.060133710549655,7.504829088982397,6.3227662734066
2517,12.585,3.7026854222153593,7.076663419520728,5.816193388007996
2518,12.59,2.014117069572329,6.51761869724386,5.234920422843629
2519,12.595,-0.0201359786764045,5.801374195946118,4.567552747663539
2520,12.6,-2.142355260047045,4.893773808128088,3.8262936127408693
2521,12.605,-3.2389272555921487,3.749809275405156,3.001469584288727
2522,12.61,-2.1328205070255946,2.3126500438798674,2.017070651582995
2523,12.615,0.1424921503781976,0.528235813947882,0.7953071198389594
2524,12.62,2.385450357637392,-1.5589226017595434,-0.6483150495924077
2525,12.625,4.288833326226122,-3.3611480250048835,-1.881745724354066
2526,12.63,5.857227716921443,-2.775240969727185,-1.2180827101961915
2527,12.635,7.145352832763368,1.3252143801031102,2.2960302515637165
2528,12.64,8.20306154876379,5.119169377008899,5.5890222078145655
2529,12.645,9.068328771736148,7.177315564387037,7.512101266869566
2530,12.65,9.769011525850573,8.200460755955561,8.67087245159502
2531,12.655,10.325448570741152,8.585638261029803,9.421328419163219
2532,12.66,10.75253031615152,8.60545003853947,9.925470519426863
2533,12.665,11.061179688552292,8.479077944091799,10.252748336205645
2534,12.67,11.259398383070447,8.374084084684874,10.434040896403888
2535,12.675,11.3530302341091,8.452880185354708,10.483519797991208
2536,12.68,11.346363440579124,8.790939150911006,10.407383940913356
2537,12.685,11.2426752544508,9.209500136050076,10.209812937139928
2538,12.69,11.04482415350438,9.549384448000431,9.896636752837683
2539,12.695,10.756018396107695,9.77307755622044,9.47726657659663
2540,12.7,10.38093862748078,9.883063220633261,8.967114890228963
2541,12.705,9.927461277652268,9.887830548185349,8.385754275162762
2542,12.71,9.409282465025669,9.795125323523525,7.7572771245734105
2543,12.715,8.849646744270336,9.611622205563226,7.123898919745662
2544,12.72,8.285798951937707,9.344049999125497,6.5520597909424225
2545,12.725,7.772127033647012,9.00095245614238,6.11057574737393
2546,12.73,7.377182754931926,8.595206249207301,5.849917885521828
2547,12.735,7.1686794934754765,8.147608166863325,5.800058138046298
2548,12.74,7.187728660469097,7.691584794092316,5.9557331041914905
2549,12.745,7.428371270689389,7.2779095992166365,6.269714877319822
2550,12.75,7.8407393308043005,6.975456334518523,6.674530012745819
2551,12.755,8.354783773919726,6.8600966551048534,7.142588786625428
2552,12.76,8.904403933196146,6.985162269534966,7.667891179451534
2553,12.765,9.439277412170794,7.344170961237784,8.214523036772414
2554,12.77,9.925831257342832,7.859942403466169,8.726889485830835
2555,12.775,10.343480424534503,8.420293288205265,9.188897141348573
2556,12.78,10.68026471033109,8.93011497698241,9.573299208549276
2557,12.785,10.929407002203096,9.338063788020584,9.846848120254663
2558,12.79,11.086968753467689,9.633188385981194,10.006437003962986
2559,12.795,11.150357486806907,9.829359672424875,10.06606787581375
2560,12.8,11.117407470011631,9.950044215446606,10.047621625733608
2561,12.805,10.985828559104426,10.016951255875941,9.968763559799793
2562,12.81,10.752902516312952,10.042924755364847,9.8316947029561
2563,12.815,10.415383299874216,10.029577509776903,9.633720004177711
2564,12.82,9.96964074719542,9.969616395484222,9.379331776762996
2565,12.825,9.412206396563375,9.851569379165742,9.07419593701373
2566,12.83,8.741090143101939,9.663743446658543,8.722850741099675
2567,12.835,7.958625537107502,9.396056148614758,8.34650056804828
2568,12.84,7.077263711520886,9.040341915109348,7.9790213122793805
2569,12.845,6.130498375026989,8.590252422387387,7.620635336095724
2570,12.85,5.190348435033193,8.041640506254954,7.2487121694422285
2571,12.855,4.3847521847730615,7.3942288230981825,6.852163863260257
2572,12.86,3.885694965770698,6.655745031285975,6.4195285865760745
2573,12.865,3.829310656200821,5.850573838864823,5.944136101952164
2574,12.87,4.211810802020855,5.035747623569153,5.4794969134666545
2575,12.875,4.892466485425889,4.324411742557776,5.1244668202762576
2576,12.88,5.699290451529599,3.900176515901439,5.012304450818295
2577,12.885,6.505988249759259,3.9669551602076267,5.292444322882654
2578,12.89,7.24166863052957,4.587276618261338,6.006412111618641
2579,12.895,7.873035716984704,5.555857020501703,6.984330054196183
2580,12.9,8.387116926655594,6.541834811508365,7.960107570543805
2581,12.905,8.780562385080856,7.325686920082844,8.760684337323054
2582,12.91,9.05397089547876,7.847400607771764,9.338934419597132
2583,12.915,9.20908261524801,8.138118745309933,9.71121165250582
2584,12.92,9.247454402684385,8.262735339038764,9.909062190881194
2585,12.925,9.169890072222742,8.289823010033263,9.96057480685232
2586,12.93,8.976290467005532,8.274817887990539,9.88653711872553
2587,12.935,8.665821690275584,8.247590172588223,9.701398951798252
2588,12.94,8.237478360962081,8.206674023734374,9.4153402350101
2589,12.945,7.691329553321612,8.12881938031492,9.036437392484483
2590,12.95,7.031067550630147,7.987036410064134,8.5726023240517
2591,12.955,6.269011024103401,7.761199868402051,8.033129716252814
2592,12.96,5.435313542520827,7.439189835175636,7.429869285909329
2593,12.965,4.592624030750382,7.015070149092237,6.7783115147312625
2594,12.97,3.851681425629028,6.488537479124103,6.098891288949793
2595,12.975,3.366405594375561,5.867295927901829,5.41854573161957
2596,12.98,3.274704357792761,5.173771360440746,4.773312147173914
2597,12.985,3.604451317089824,4.458125820919465,4.214678536789133
2598,12.99,4.250625667061009,3.8177261811874716,3.8216258426520877
2599,12.995,5.055450189180816,3.4113104474483027,3.7100668602737437
2600,13.0,5.88918931266501,3.4266062842724554,4.0074656199083485
2601,13.005,6.672693597445481,3.9552398294035678,4.756307877377344
2602,13.01,7.365914225118581,4.86173497619279,5.815521359204827
2603,13.015,7.951716033950031,5.855559041166332,6.925102848897486
2604,13.02,8.424603843697218,6.703132032110677,7.880068926435898
2605,13.025,8.784340271893255,7.315047423232635,8.599216803482939
2606,13.03,9.032626980477843,7.701871829412857,9.083755226581259
2607,13.035,9.171440747094392,7.917596046951662,9.365227045931455
2608,13.04,9.20220745421058,8.026310598081324,9.477575805008179
2609,13.045,9.12538308094639,8.083626532984763,9.448577018599385
2610,13.05,8.94022290336374,8.123987062118502,9.299772165062146
2611,13.055,8.644632012035903,8.15350306319822,9.048085607854986
2612,13.06,8.235053547329798,8.1553213918998,8.707077766018624
2613,13.065,7.706399291833142,8.104994268436371,8.287938628326387
2614,13.07,7.052090329324546,7.98202834710605,7.800929096273763
2615,13.075,6.264398667022184,7.77240471183195,7.257139224261293
2616,13.08,5.335558477358314,7.466576015061916,6.669751189778877
2617,13.085,4.260758736987654,7.057026956974594,6.054558963193941
2618,13.09,3.045561841800763,6.536659238090822,5.429174623899664
2619,13.095,1.7229935059803003,5.898076048219725,4.8092652801452855
2620,13.1,0.3876972335603782,5.133818798659092,4.202288684299996
2621,13.105,-0.7588990959512377,4.238124527224521,3.6033006155652325
2622,13.11,-1.4240410338626543,3.2118944056795278,2.9971078448746913
2623,13.115,-1.4154394823388872,2.074893472585292,2.369757060851378
2624,13.12,-0.8433738769498589,0.8932253427646093,1.7363557867323718
2625,13.125,0.0017080395582547,-0.16876966196327103,1.1923144363837976
2626,13.13,0.8833150520447779,-0.7953721601797907,0.9646057053424224
2627,13.135,1.6802339153497563,-0.6143499762787306,1.3391389649025758
2628,13.14,2.347901978945776,0.399402638873509,2.335566277351877
2629,13.145,2.879151057054419,1.724444224454961,3.5446531900917737
2630,13.15,3.2833721599739283,2.8221443055638105,4.551554190761501
2631,13.155,3.5777414706066897,3.5108736182426,5.230198873596168
2632,13.16,3.784220031534644,3.82981923965095,5.620923195575882
2633,13.165,3.9288860927298552,3.8846714814277252,5.794893741974315
2634,13.17,4.04170507084402,3.791216418733722,5.810995679143598
2635,13.175,4.155416835058386,3.655087878905972,5.711968726390373
2636,13.18,4.30257880446054,3.559764309743622,5.529502075087323
2637,13.185,4.510613345634871,3.5496061992277754,5.290105546195266
2638,13.19,4.7961659407725,3.6238179349672506,5.020241774255863
2639,13.195,5.1613368839112574,3.764809615145929,4.749482224352835
2640,13.2,5.593937244249575,3.9671493969772924,4.510686742449557
2641,13.205,6.0716676746418505,4.238135300552442,4.336960113855445
2642,13.21,6.567955854756164,4.584354872971853,4.255741745685633
2643,13.215,7.056928178721183,5.000228819619324,4.282956297176499
2644,13.22,7.516287524070991,5.464602573839298,4.422083623667303
2645,13.225,7.928222916192666,5.9457731859357885,4.668221457325847
2646,13.23,8.279073090454448,6.4108871712761735,5.011709932681992
2647,13.235,8.558434447682133,6.83402230436386,5.438612694634264
2648,13.24,8.758146704216525,7.199660554324143,5.928682431534652
2649,13.245,8.871354203119495,7.501765719730493,6.450961465772787
2650,13.25,8.891694780696987,7.740441847635202,6.9610788988206975
2651,13.255,8.81259581648969,7.918096756952581,7.406899830443671
2652,13.26,8.626627647990151,8.036337786641989,7.740961839787944
2653,13.265,8.324855492360834,8.09416424087421,7.929342559613085
2654,13.27,7.896132818668844,8.087470423096251,7.954721505889218
2655,13.275,7.326297789421582,8.009433184228364,7.818349585991665
2656,13.28,6.597307826862333,7.8511658920300285,7.537429932140714
2657,13.285,5.686607834148144,7.602142306104993,7.133588821593044
2658,13.29,4.567921897606711,7.2501708015951785,6.623893556517076
2659,13.295,3.217709000690512,6.780923284900192,6.020009899430266
2660,13.3,1.6416549019738471,6.177137953957537,5.3283596099344335
2661,13.305,-0.0365861785426552,5.417736817734901,4.548471196828647
2662,13.31,-1.3703733346569902,4.477529686158498,3.6707053940141763
2663,13.315,-1.5764715640374585,3.329751918985541,2.676948052358061
2664,13.32,-0.4613809654633027,1.959148313494564,1.5524722542292295
2665,13.325,1.2529888989088622,0.4114179682580712,0.32866464855675304
2666,13.33,2.967971776305172,-1.04768797496099,-0.7858065636446669
2667,13.335,4.476499294884497,-1.6010771680453315,-1.133265016712076
2668,13.34,5.746937051753688,-0.12028545360730192,0.20356958802880243
2669,13.345,6.796744508315433,2.7823759683731546,2.7392410516618746
2670,13.35,7.651430521544099,5.215360409352102,4.951125980054498
2671,13.355,8.333692883481344,6.6927430282972,6.454456242902298
2672,13.36,8.861355276936392,7.459611091382797,7.459281728559889
2673,13.365,9.247609071555832,7.756174008973463,8.141960168189083
2674,13.37,9.501697545350348,7.784524061879544,8.598333681473312
2675,13.375,9.62953919807177,7.710383804417061,8.878669428851726
2676,13.38,9.634181393128788,7.668488948039929,9.010748922402785
2677,13.385,9.516087106703395,7.757050042497779,9.008714807193268
2678,13.39,9.273290661557436,7.961377959783599,8.879333997216078
2679,13.395,8.901482449001868,8.165659589857182,8.627356991590768
2680,13.4,8.394138006202173,8.285790266146472,8.258429724360793
2681,13.405,7.742953313225787,8.291707905051451,7.780945895037034
2682,13.41,6.939224104370469,8.175576286479135,7.206827606823125
2683,13.415,5.97774790864335,7.9345365385362925,6.551065270990101
2684,13.42,4.8670590791895405,7.5651532803851635,5.8351161454928935
2685,13.425,3.654172258766137,7.062122169479898,5.092841013818681
2686,13.43,2.474593557217259,6.418780355671904,4.366229014194452
2687,13.435,1.6080519868610763,5.629593998942213,3.691088165625482
2688,13.44,1.4031635919228722,4.696974800202659,3.090585404805788
2689,13.445,1.9652659190872657,3.648586717345335,2.5803949966275934
2690,13.45,3.028701640398503,2.577931730147328,2.192082004632996
2691,13.455,4.251829581650518,1.7208566427748107,2.0381442484386456
2692,13.46,5.428369808432808,1.5108200284252904,2.3862395502345755
2693,13.465,6.473673401909986,2.3385748285988863,3.4965253082239
2694,13.47,7.364079771216797,3.961149551656826,5.143779420868588
2695,13.475,8.100040274393406,5.619151868975217,6.709170571100279
2696,13.48,8.689770812896512,6.852905310429094,7.854392758059177
2697,13.485,9.142823431505716,7.617707279062733,8.596224291425898
2698,13.49,9.46777943399999,8.015156097799046,9.035468805927215
2699,13.495,9.671568987355547,8.17222462870197,9.253728902992346
2700,13.5,9.759419595587287,8.207688347945647,9.308438468394968
2701,13.505,9.735057113410088,8.219204629496167,9.238586218268942
2702,13.51,9.601046535031037,8.269442632824976,9.07039144471372
2703,13.515,9.359291854026708,8.363015063491943,8.817189616613662
2704,13.52,9.011814413457856,8.453901013181728,8.48258158400266
2705,13.525,8.562049757385658,8.491902605799755,8.070323970284731
2706,13.53,8.017075160244291,8.447907540147652,7.589431637339327
2707,13.535,7.391389566726643,8.309999471565707,7.052918516049413
2708,13.54,6.712926016820604,8.0751148049527,6.482031605604569
2709,13.545,6.031174377917532,7.744862068705187,5.913543091451051
2710,13.55,5.423995941068837,7.3250168302237215,5.388142835658831
2711,13.555,4.992850177343178,6.82773493026231,4.934637091392643
2712,13.56,4.8329032866266335,6.276474781575278,4.5786345915105375
2713,13.565,4.984343951436209,5.713922021321099,4.350861690366528
2714,13.57,5.406660286906494,5.211564774601708,4.284672761134196
2715,13.575,6.005014353049867,4.87346730504726,4.4275788732398125
2716,13.58,6.678931410311205,4.816112836448329,4.8356246657575594
2717,13.585,7.351861472074388,5.108109759600014,5.518827653648651
2718,13.59,7.975754302077435,5.701566966518146,6.3962413141985035
2719,13.595,8.524247466570685,6.439513972550186,7.314382694399972
2720,13.6,8.984652936482712,7.150962526183442,8.125584957770513
2721,13.605,9.35210093960301,7.731016046670381,8.752374100739987
2722,13.61,9.625953801157362,8.149760641607639,9.1851970886448
2723,13.615,9.80782546862621,8.425018740099535,9.444569784362255
2724,13.62,9.90061218534632,8.595251594125186,9.556862212590726
2725,13.625,9.908156594614272,8.700997169011,9.547572420813196
2726,13.63,9.835343970926615,8.772797066296276,9.439446110697567
2727,13.635,9.688543686441736,8.824524328965202,9.251557657940797
2728,13.64,9.47637045615476,8.853975261410659,8.998455354339226
2729,13.645,9.210746455823264,8.850341010097262,8.691235851613452
2730,13.65,8.908171044278667,8.802789727370406,8.341269885747257
2731,13.655,8.590900993560698,8.705291660842224,7.963293921463317
2732,13.66,8.287379946788873,8.557892158313589,7.576674057669171
2733,13.665,8.030845574387028,8.366686534567696,7.207145704448626
2734,13.67,7.855039507456038,8.143910583206063,6.887270795115243
2735,13.675,7.787066014840449,7.908395287179227,6.650461783909109
2736,13.68,7.839750622923773,7.685847014062153,6.523451668848507
2737,13.685,8.007535249431616,7.507790537442234,6.525243423363638
2738,13.69,8.268528629778837,7.407617114519426,6.666466933687099
2739,13.695,8.59138622984862,7.412768385368937,6.9445526293570605
2740,13.7,8.943066521503454,7.534620072347783,7.341453959563717
2741,13.705,9.294290607712828,7.761293680218972,7.823724708675813
2742,13.71,9.621923883101465,8.05934581910694,8.343186725432245
2743,13.715,9.909117153424246,8.38487540442154,8.846016574637869
2744,13.72,10.14436512800549,8.697473759155992,9.286860433451334
2745,13.725,10.320301332318646,8.969440142204103,9.637215897783594
2746,13.73,10.432639058228244,9.187739628911821,9.885474253519652
2747,13.735,10.479401786097036,9.350829874968028,10.032065024161243
2748,13.74,10.460461116162246,9.463569657805289,10.084107363371457
2749,13.745,10.377359182644412,9.532468975057501,10.051882627431391
2750,13.75,10.233388906745471,9.56245183201571,9.946950131616234
2751,13.755,10.033909846242226,9.55555277068622,9.781124069176228
2752,13.76,9.78686952525251,9.511337984876004,9.565976435680067
2753,13.765,9.503460253168353,9.428336300600533,9.31291198220932
2754,13.77,9.19874804033648,9.305666461901678,9.033792455383999
2755,13.775,8.89195220658573,9.144377567115892,8.741743382405284
2756,13.78,8.605870112307732,8.94843134992617,8.451730867178586
2757,13.785,8.364880058079624,8.725450952768464,8.180688704666043
2758,13.79,8.191281192812092,8.48730679555883,7.9469289726393
2759,13.795,8.100606209657622,8.25039641729521,7.7686372504280605
2760,13.8,8.097597757590728,8.035189974074502,7.661886487136213
2761,13.805,8.174793669818985,7.8643834460585005,7.638771198517736
2762,13.81,8.314488960965905,7.759103280516422,7.705422631238266
2763,13.815,8.493017843878159,7.733416469956983,7.859562939857799
2764,13.82,8.685356478823723,7.7889227835207215,8.088474201707488
2765,13.825,8.868513415075377,7.912390168380718,8.368972446032773
2766,13.83,9.023259690191075,8.078544257356956,8.670412915790223
2767,13.835,9.134541197958333,8.257094815114597,8.960298937239848
2768,13.84,9.191159572002976,8.420430480739956,9.210245285982172
2769,13.845,9.185215225942711,8.548587636639962,9.399702998377066
2770,13.85,9.11163024311122,8.63041137610119,9.516620606607141
2771,13.855,8.967937171882223,8.661877848075523,9.556039720974631
2772,13.86,8.754458775802338,8.643207087431655,9.518048014504135
2773,13.865,8.474994581907202,8.576108341254672,9.406003648497915
2774,13.87,8.138132676380218,8.46196640405456,9.225363959993846
2775,13.875,7.759245801724916,8.301288627046215,8.98314201300319
2776,13.88,7.362965494281438,8.094336194082361,8.68792880752773
2777,13.885,6.9852363670956645,7.842631986379619,8.35042478207957
2778,13.89,6.6728462967931925,7.551045139355063,7.984446568736049
2779,13.895,6.477359620757708,7.2303133955753225,7.608379587633764
2780,13.9,6.441956753078575,6.899917087890582,7.246959624799111
2781,13.905,6.585611778744523,6.590827408034991,6.932913440424378
2782,13.91,6.8948223126486425,6.346510665977316,6.707135079138468
2783,13.915,7.329515597304615,6.218822038257088,6.614776061640002
2784,13.92,7.838294087295468,6.254881567751727,6.694248206520078
2785,13.925,8.37256143162502,6.475801865339522,6.959943705462043
2786,13.93,8.8937877328688,6.8592053218829605,7.3883058463804465
2787,13.935,9.374655335523729,7.342580214461219,7.920907784947976
2788,13.94,9.79713951513817,7.849063358242381,8.4856312636526
2789,13.945,10.149849181985411,8.316121243624092,9.020022083786783
2790,13.95,10.42568876073027,8.709138683129783,9.482421553482048
2791,13.955,10.620109199431877,9.019280468255008,9.850843572696132
2792,13.96,10.729887561593229,9.254136169339937,10.116924963332302
2793,13.965,10.75229094657,9.427775445692774,10.280240149034626
2794,13.97,10.68448890311814,9.552974190082974,10.344551645201225
2795,13.975,10.523108692301893,9.63654731992848,10.315746895700805
2796,13.98,10.263854793097714,9.678114579638677,10.200842430375019
2797,13.985,9.901131884501993,9.671713881285037,10.007552144981704
2798,13.99,9.427619648845392,9.608577404787003,9.744088224631964
2799,13.995,8.833751115922704,9.479348973487829,9.418989836415172
2800,14.0,8.107050770965005,9.275057209239757,9.040839144805334
2801,14.005,7.23131406799281,8.987080694754315,8.617723770175289
2802,14.01,6.185720232281046,8.606581219228833,8.156273380399472
2803,14.015,4.944380570567405,8.123722480255958,7.660132138587277
2804,14.02,3.478281413462001,7.526791835345875,7.127909092937459
2805,14.025,1.766690083907695,6.801233445097829,6.5509170453169325
2806,14.03,-0.1579749053755394,5.928605241542618,5.91123277393212
2807,14.035,-2.068686770264624,4.885669191982665,5.180785043408506
2808,14.04,-3.308097404347074,3.6445783934020426,4.322585306871141
2809,14.045,-3.142004418835262,2.1777726474499963,3.2969474688066134
2810,14.05,-1.873789937929876,0.48044127080339205,2.082577543893651
2811,14.055,-0.3286380382990689,-1.3463242300503362,0.7468024097136494
2812,14.06,1.0724991508170365,-2.8453681783634286,-0.34912950929088193
2813,14.065,2.2259698993851504,-2.8742221044031853,-0.2803053422724533
2814,14.07,3.134424122929207,-0.6884888475735087,1.5671500160285805
2815,14.075,3.824600628619904,2.063586782538104,3.8782362619101267
2816,14.08,4.324513072026959,3.8809602231736124,5.460795898597898
2817,14.085,4.6587996941629815,4.793515180952539,6.3697608315566185
2818,14.09,4.849186138949224,5.086908787666547,6.860617418182736
2819,14.095,4.916454171263542,4.990657258965501,7.091691823090709
2820,14.1,4.883031098084749,4.697860009070371,7.144548114135573
2821,14.105,4.775977210413545,4.364872444527598,7.059681451315697
2822,14.11,4.629991415559097,4.123471538013051,6.858185647166638
2823,14.115,4.489285257670444,4.046133215530191,6.5531444165566315
2824,14.12,4.4060059998926135,4.068323778910589,6.15719311744026
2825,14.125,4.432504105422264,4.088888829871025,5.6883537527145025
2826,14.13,4.6075001746501645,4.078265454847349,5.174400699225231
2827,14.135,4.942426907477752,4.060887520718264,4.656247038899604
2828,14.14,5.417569728333841,4.0857890664017615,4.18761986708025
2829,14.145,5.991202818300376,4.209257163353206,3.830600291484695
2830,14.15,6.614672135904186,4.47649097159325,3.6497730792386274
2831,14.155,7.244255545846641,4.900491301979776,3.699473416927257
2832,14.16,7.846333252676435,5.450410320134449,4.002820174863365
2833,14.165,8.397517020594803,6.062204297349841,4.542813499135397
2834,14.17,8.882546689794633,6.666135309985732,5.274219807103609
2835,14.175,9.291808119519738,7.210876169091799,6.1308593413496935
2836,14.18,9.619240173583846,7.671802183041617,7.024420187143866
2837,14.185,9.860783063946744,8.046443369229177,7.8534046805454425
2838,14.19,10.013282246632382,8.345116996257952,8.535210339628863
2839,14.195,10.073708662416925,8.5818998357064,9.019644660949172
2840,14.2,10.038567667593178,8.767966109273434,9.280176716581213
2841,14.205,9.90339214150921,8.908031421367756,9.319087931742086
2842,14.21,9.66223054110588,9.000016178196155,9.180220659243702
2843,14.215,9.307041245495224,9.037021098406267,8.911944110337808
2844,14.22,8.826885415897328,9.009877697640036,8.541437135476091
2845,14.225,8.206762690979385,8.908867395769288,8.090217149982807
2846,14.23,7.425838525089579,8.72423562470176,7.580021680995063
2847,14.235,6.45463306788614,8.445806135388537,7.031211816845788
2848,14.24,5.250425181587665,8.062069876369105,6.458058483507008
2849,14.245,3.7496813125868655,7.5589081893828425,5.861330968787025
2850,14.25,1.8565830669253405,6.917866908208253,5.229337452335037
2851,14.255,-0.5643793560855496,6.1136655051059074,4.542142822735375
2852,14.26,-3.597941546284937,5.110330229218258,3.767243407501439
2853,14.265,-6.409141722409922,3.854883368340511,2.852983669497778
2854,14.27,-5.844902267296288,2.2669797203318436,1.7280914473306774
2855,14.275,-2.795856947527624,0.22406461828250457,0.290852249762672
2856,14.28,0.0194460416078034,-2.439260090146105,-1.6107684620359306
2857,14.285,2.220893389500092,-5.723156913138219,-4.011427210190995
2858,14.29,3.935966534253208,-7.682341541532663,-5.364344931112575
2859,14.295,5.290241005500644,-2.499183246446882,-0.9668874476821028
2860,14.3,6.369429672344428,3.8068131139552293,4.319469771537286
2861,14.305,7.230501029486314,6.329705859465742,6.544729551089964
2862,14.31,7.912123297935082,7.421323621428306,7.66749610815223
2863,14.315,8.441268458011814,7.7106932977368094,8.315850510040242
2864,14.32,8.837213509071457,7.520435934660201,8.726867563958702
2865,14.325,9.114005706600109,7.141027156390276,8.983699104124497
2866,14.33,9.282032302594384,6.765275320892587,9.117655549519007
2867,14.335,9.3490620593861,6.5755389753883495,9.140127466708682
2868,14.34,9.320973831084697,6.844575437108931,9.052263239536035
2869,14.345,9.202306048897352,7.3500472423450365,8.851721405097091
2870,14.35,8.996719255580523,7.746596752135641,8.538963725121949
2871,14.355,8.707445859566477,7.993251914425124,8.11766157393614
2872,14.36,8.337799044891542,8.110790108310127,7.59919539133659
2873,14.365,7.891821813050786,8.118251794562255,7.001779359888935
2874,14.37,7.375172210434645,8.028805505495876,6.340155676960619
2875,14.375,6.796349121802581,7.851656808250331,5.64273228452639
2876,14.38,6.168331520258667,7.593848736204359,4.981557746128822
2877,14.385,5.5105598803072695,7.2616625252682505,4.449781440328713
2878,14.39,4.850809791168239,6.861882377875627,4.1113119277625785
2879,14.395,4.225799201556604,6.403173022513014,4.010277499836123
2880,14.4,3.678569364252694,5.8977544651696014,4.148254224032586
2881,14.405,3.2508475192157507,5.363437688197442,4.459955829507297
2882,14.41,2.971292989744682,4.825786690665736,4.7955477752288385
2883,14.415,2.845125866981604,4.319519270110801,5.047997225218624
2884,14.42,2.8521243500188582,3.887201362351324,5.19562789695236
2885,14.425,2.9545347717552177,3.5724774520416265,5.235078703669856
2886,14.43,3.109253301578028,3.4065402521547483,5.150738684523391
2887,14.435,3.2774990123178807,3.3923123588625934,5.050270261110074
2888,14.44,3.429356430610613,3.4974903251654963,5.017540699032123
2889,14.445,3.544308918657684,3.6649108154538883,5.0071422717016265
2890,14.45,3.609873053972783,3.834571908980638,4.981282758686607
2891,14.455,3.6198352253298713,3.9623172221997796,4.920934181936043
2892,14.46,3.5727819520525683,4.026460438472094,4.823055300021212
2893,14.465,3.4711058631550307,4.024450039339131,4.701170591583637
2894,14.47,3.3204354517766523,3.9654699638731925,4.551639017405129
2895,14.475,3.129345199566027,3.8631210416562345,4.359002796639251
2896,14.48,2.909159579345053,3.730069963770405,4.126038469402488
2897,14.485,2.6736320550685,3.575406158646742,3.865641380430361
2898,14.49,2.438267263324233,3.404729540196742,3.579161193569923
2899,14.495,2.2191060915673324,3.2221049525581167,3.280847277196365
2900,14.5,2.030964113978235,3.0324189869850873,3.0399937535869297
2901,14.505,1.8854062603409016,2.842927453673446,2.8866258888892453
2902,14.51,1.7890348415882895,2.6635093694259697,2.784576407804245
2903,14.515,1.7427435050567044,2.505669853585667,2.7232430901805595
2904,14.52,1.7423037014739842,2.3805581885295886,2.7087278459602584
2905,14.525,1.7801283374411512,2.2964658793920507,2.6963823083955933
2906,14.53,1.8476307555400096,2.2565678481948095,2.701364422096953
2907,14.535,1.9375035892765105,2.2578552473193496,2.7738665404631124
2908,14.54,2.045435788835876,2.291935858676759,2.9028399091105763
2909,14.545,2.1710504949123712,2.3475979971296645,3.064052282371745
2910,14.55,2.318015932507739,2.4142050433897726,3.240153951578429
2911,14.555,2.493339844330279,2.484698459384495,3.4121548815182736
2912,14.56,2.705895002500092,2.557361095485895,3.5647460551713
2913,14.565,2.9643412631897634,2.6361295717778344,3.6895394854236123
2914,14.57,3.274830891061458,2.729694775092295,3.786052346344552
2915,14.575,3.639094395161186,2.8497544668262726,3.861034019087227
2916,14.58,4.05350359817362,3.0087163451533105,3.9264225362285075
2917,14.585,4.509392381935945,3.217102002109015,3.996382132670056
2918,14.59,4.9944279768208,3.481006955195826,4.084088815507512
2919,14.595,5.4944697615491735,3.8001964885959927,4.19901399759672
2920,14.6,5.995318052606308,4.167526309900379,4.345372793410319
2921,14.605,6.483978556580103,4.570087466102565,4.522096598011639
2922,14.61,6.949349694457506,4.9917899008419235,4.724147851929654
2923,14.615,7.382431171404118,5.416445987095361,4.9444753695711805
2924,14.62,7.776221137473912,5.830277690898123,5.175764359517663
2925,14.625,8.125456088317526,6.223199133775856,5.411436628341655
2926,14.63,8.426302626434916,6.5888454110600065,5.645834064560914
2927,14.635,8.676065154336236,6.923747866851002,5.873854986665329
2928,14.64,8.872940726322712,7.226180626993107,6.090414499571242
2929,14.645,9.015832579435957,7.495110042887537,6.290068856913013
2930,14.65,9.104224094852984,7.729492605217789,6.4670482653275885
2931,14.655,9.13811148981418,7.927976348048315,6.615754919063672
2932,14.66,9.117993621841311,8.088921179349382,6.731553174614379
2933,14.665,9.044919012138816,8.21059376249801,6.811546437998931
2934,14.67,8.920592208028364,8.291407154857687,6.855047069412391
2935,14.675,8.74754260837194,8.330129838642197,6.8635654118120115
2936,14.68,8.529357128010522,8.326044336046497,6.8403430911924055
2937,14.685,8.270970899921092,8.279071022975588,6.789635596401087
2938,14.69,7.97899373545662,8.189886351299808,6.715989709497554
2939,14.695,7.662019820368697,8.060063994687063,6.623691588394222
2940,14.7,7.330821845040681,7.89225955807623,6.516487525979157
2941,14.705,6.99827504278452,7.690447119553845,6.397628859837522
2942,14.71,6.67881730948352,7.460197206733214,6.270235300525758
2943,14.715,6.387280426754519,7.208956062869141,6.137893719894566
2944,14.72,6.137084779320482,6.946240242302568,6.005323728062484
2945,14.725,5.938084275204357,6.683599384356154,5.878867499557795
2946,14.73,5.794659344349155,6.4341409896958375,5.766523543851296
2947,14.735,5.704749496224244,6.211402551870821,5.677277405497303
2948,14.74,5.6602303797799,6.027478122379756,5.61963559925078
2949,14.745,5.648495690880581,5.890622069398417,5.599573801556758
2950,14.75,5.654655920263487,5.80299870316597,5.618498059183598
2951,14.755,5.663679760708523,5.759541366695077,5.67205699756664
2952,14.76,5.662042191645453,5.748661790376522,5.750449076274899
2953,14.765,5.638775128115057,5.754753602355293,5.840214742631976
2954,14.77,5.58605255138681,5.761552763038467,5.926794713809103
2955,14.775,5.49953243785734,5.755102892115229,5.996891356179125
2956,14.78,5.3786626485781,5.725486150355219,6.040000848088041
2957,14.785,5.22708745087507,5.667203510134411,6.049035549583124
2958,14.79,5.053185147209326,5.578630651209592,6.020334930752091
2959,14.795,4.870612922874958,5.461160585588474,5.953453797845681
2960,14.8,4.698513826516347,5.31855986003468,5.8510251087017675
2961,14.805,4.56078712514331,5.156852955062472,5.718854804395152
2962,14.81,4.483714759568919,4.984796672214326,5.566275304833296
2963,14.815,4.491617404000314,4.814748314480387,5.406649214018597
2964,14.82,4.601314379006766,4.66347091947819,5.257734729946394
2965,14.825,4.817492436009061,4.55214948855135,5.141383891552989
2966,14.83,5.131340985901169,4.504689325895682,5.081831885495772
2967,14.835,5.52321373451386,4.5435371045136295,5.101935490011823
2968,14.84,5.967799758253191,4.683305906685708,5.217556672881402
2969,14.845,6.4393217927519055,4.924447630424547,5.43190305639918
2970,14.85,6.915074525922609,5.2507159220629545,5.732895674756414
2971,14.855,7.3769848084117555,5.632937604978764,6.09568867710779
2972,14.86,7.811725978294799,6.03762778657924,6.489279339464827
2973,14.865,8.210084266611053,6.435835621639793,6.8836237195148655
2974,14.87,8.566089735974215,6.808287631290247,7.254222756569497
2975,14.875,8.876186715774452,7.145984292911055,7.583580314165034
2976,14.88,9.138550320617364,7.4477256349459235,7.860659953720901
2977,14.885,9.352565457197624,7.7165260301904475,8.079657998197845
2978,14.89,9.518446905179582,7.956359412897942,8.238842309406678
2979,14.895,9.636968701459532,8.170012677619395,8.339674076899952
2980,14.9,9.70927251392974,8.358262350913773,8.386173219615733
2981,14.905,9.73672996931674,8.520122851764167,8.384427747798835
2982,14.91,9.720839555412445,8.653633753513331,8.342161516686057
2983,14.915,9.663143588158656,8.756667562418006,8.268295852316559
2984,14.92,9.565154662219037,8.827471331407887,8.17245154713735
2985,14.925,9.428284212533718,8.864899606931047,8.064345753500799
2986,14.93,9.253768623131318,8.868424573922844,7.953058480986256
2987,14.935,9.042591026270816,8.838028125372949,7.846189408011236
2988,14.94,8.795399776811148,8.774050056117487,7.748995393420717
2989,14.945,8.512427748434229,8.677031267623157,7.663666336282018
2990,14.95,8.193420275710627,8.547567136891983,7.588925735750518
2991,14.955,7.837584107580218,8.386174561041804,7.52010777639868
2992,14.96,7.443575900692148,8.193172631223657,7.449761585546067
2993,14.965,7.009558138489246,7.968577773868194,7.368689946871793
2994,14.97,6.5333658947516335,7.7120172996382035,7.267200243526502
2995,14.975,6.01285470342814,7.422669625524799,7.136291010076851
2996,14.98,5.446545806435336,7.099244972450251,6.968539165292524
2997,14.985,4.834759658582609,6.740028104493576,6.758565864139118
2998,14.99,4.181534434347506,6.343017073744688,6.503106681530527
2999,14.995,3.497727515402882,5.906213417880819,6.20085582912366
3000,15.0,2.805628058861676,5.428157103087231,5.85234736180672
3001,15.005,2.144682766052336,4.9088640044114,5.460163811788282
3002,15.01,1.5756563161845902,4.351424833506606,5.0297733829767886
3003,15.015,1.1764987739324393,3.7646549533198916,4.571345349793648
3004,15.02,1.021801158413349,3.16726146579155,4.1029319289327715
3005,15.025,1.149225240538812,2.593699067802753,3.655156836806138
3006,15.03,1.5373886520366622,2.1003764452300295,3.2763127455929215
3007,15.035,2.117236265883338,1.7668234268059866,3.0334618452979525
3008,15.04,2.8051543857625045,1.6805578916457122,3.0003379424960253
3009,15.045,3.529678665824718,1.896706779254921,3.2246655696866986
3010,15.05,4.240788147673044,2.390672815683802,3.6895284487116804
3011,15.055,4.907765621883327,3.0538674345793186,4.309160608285085
3012,15.06,5.513621614748273,3.750199538901081,4.973455615128339
3013,15.065,6.050067736327229,4.379297830516418,5.597500100745563
3014,15.07,6.514016341657395,4.897584619060964,6.1369386853469265
3015,15.075,6.905420750360586,5.305615504391455,6.577125341392973
3016,15.08,7.226047469754821,5.627486961135876,6.918208466970163
3017,15.085,7.478844395260054,5.894050391084354,7.165683738359537
3018,15.09,7.667682684417791,6.131333306288461,7.326263837580525
3019,15.095,7.797336727852785,6.353807793593855,7.406755159968025
3020,15.1,7.873618926752166,6.56329942743785,7.414267428417114
3021,15.105,7.903609330764461,6.753314455040571,7.356888184106068
3022,15.11,7.895919492285611,6.915313118169775,7.244419175024848
3023,15.115,7.860908302169714,7.043078213911372,7.088996346187678
3024,15.12,7.810730635666193,7.134280655754628,6.9055102812190885
3025,15.125,7.759062906805131,7.190416209756975,6.711728207058506
3026,15.13,7.720346268188245,7.216285783469459,6.52787706504471
3027,15.135,7.708465913441875,7.2195170647816,6.375348598266819
3028,15.14,7.734975923209344,7.210152123207628,6.274423261064568
3029,15.145,7.807242834290914,7.200117481611851,6.241390711917652
3030,15.15,7.927071225268358,7.202336649379403,6.285745255209472
3031,15.155,8.090313113064516,7.229302408671218,6.4081787523622324
3032,15.16,8.287612633893687,7.291123835033618,6.600045609118238
3033,15.165,8.505991412863063,7.393398752364917,6.844653454445694
3034,15.17,8.730715848404035,7.535600426440492,7.120043818803071
3035,15.175,8.946925114763966,7.710734119403069,7.402446889587173
3036,15.18,9.14073442769138,7.906610017567667,7.669714998496646
3037,15.185,9.299777959703862,8.10834659994957,7.904108054966306
3038,15.19,9.41330725907126,8.301152501466843,8.093616733304227
3039,15.195,9.472004471927075,8.47242399564494,8.231554805863357
3040,15.2,9.467647671851724,8.61266509716961,8.315260578198217
3041,15.205,9.39272228774205,8.715297888213382,8.344848465585445
3042,15.21,9.240034221022746,8.775772791421922,8.32218788560162
3043,15.215,9.002357558701453,8.790455888083113,8.249958466485909
3044,15.22,8.672147322626895,8.755659244400205,8.130809043000124
3045,15.225,8.241372837068482,8.667001273515524,7.966811289520359
3046,15.23,7.701600750795686,8.519114497401883,7.759305901989011
3047,15.235,7.044630486740106,8.305607056549814,7.50897423037432
3048,15.24,6.2643778985815946,8.019155678995554,7.2158610240872125
3049,15.245,5.361557175705118,7.651656249073357,6.879190302479085
3050,15.25,4.354363217291533,7.19446510545432,6.496919244644719
3051,15.255,3.300388030779136,6.638934725373625,6.065187004578361
3052,15.26,2.331650699238819,5.9777532421738035,5.57845901885408
3053,15.265,1.6749318386955552,5.208230516637657,5.031924091377611
3054,15.27,1.5698391734838777,4.340012273738602,4.428348768065266
3055,15.275,2.07122548358328,3.412167786117206,3.79308738380269
3056,15.28,2.9910690699845683,2.5268213735662983,3.2027287352657208
3057,15.285,4.077110845887429,1.896413988595706,2.82473763019407
3058,15.29,5.156108994026316,1.840999453991262,2.9163635734288382
3059,15.295,6.143037955723876,2.5797389246132094,3.656506971364398
3060,15.3,7.005398031433844,3.9005469269674227,4.878097689043757
3061,15.305,7.735289924014816,5.28556177021564,6.168513390580636
3062,15.31,8.334710097408284,6.385071621686328,7.251295258101848
3063,15.315,8.808805778920114,7.124704524380167,8.06783887168962
3064,15.32,9.162974455881272,7.561939179525087,8.65189581205161
3065,15.325,9.40168027986597,7.79160420667836,9.048602001973338
3066,15.33,9.528007710434592,7.909021621675548,9.291844647981971
3067,15.335,9.543520294812955,7.993171713761474,9.40337653556989
3068,15.34,9.448243141946683,8.092338672611655,9.396550207701782
3069,15.345,9.240709345389924,8.210285743697881,9.279979075270955
3070,15.35,8.918087704728487,8.31463433418974,9.060403459577774
3071,15.355,8.476493569803615,8.366838563450615,8.744754877464405
3072,15.36,7.9117311485600785,8.340420312062617,8.341550159664633
3073,15.365,7.22101484256422,8.22074416798356,7.861735958915335
3074,15.37,6.406832229108398,7.999634752479983,7.319334724033633
3075,15.375,5.485250604663362,7.671579827786571,6.732399252637069
3076,15.38,4.502368376818331,7.232163605576636,6.123306269034051
3077,15.385,3.560928308871441,6.678329088354138,5.5163217273723575
3078,15.39,2.841856306448513,6.010747342952194,4.933252990979487
3079,15.395,2.5632601260499976,5.239804107309262,4.391635004620866
3080,15.4,2.835539497983643,4.398543203791181,3.9101479009138207
3081,15.405,3.5573650450117333,3.5675140250779203,3.526814115552703
3082,15.41,4.511776583072126,2.9109229173448847,3.3326287578663774
3083,15.415,5.514201134150127,2.6878690509195504,3.492161148975498
3084,15.42,6.458332668371039,3.13245390109721,4.158898852799789
3085,15.425,7.295904346474728,4.186663347451132,5.265383534601651
3086,15.43,8.009710980941552,5.457483872313508,6.4902682492369665
3087,15.435,8.596658548879027,6.565562454888995,7.539504398887498
3088,15.44,9.059144416788795,7.362258974984471,8.312543217256216
3089,15.445,9.401021974656317,7.8599221399194725,8.829036147850159
3090,15.45,9.625774903475682,8.132103493637459,9.138495602340315
3091,15.455,9.735690289842804,8.265159847448684,9.285433593590511
3092,15.46,9.731450758305185,8.336338247882892,9.3027003249927
3093,15.465,9.611867225457754,8.399505473011569,9.212468012731488
3094,15.47,9.373609570695612,8.471915529774368,9.02826301754656
3095,15.475,9.01084911304029,8.534112936234962,8.757867624498216
3096,15.48,8.51474641870425,8.551298465557835,8.407128314723815
3097,15.485,7.872725212907579,8.494048114470944,7.982836878110904
3098,15.49,7.067499525769208,8.343113440406135,7.494073082594589
3099,15.495,6.075954924475968,8.085643003099204,6.953098431171952
3100,15.5,4.868535852485627,7.710794658803018,6.374975435198143
3101,15.505,3.411910868006594,7.206688922822167,5.773539928632929
3102,15.51,1.6856860406824343,6.558309136030381,5.155505858747641
3103,15.515,-0.2481515940334675,5.745808655362141,4.516089381523451
3104,15.52,-2.027651306039655,4.743157785651262,3.8351744879451735
3105,15.525,-2.75298180180449,3.518260342320766,3.074678000398536
3106,15.53,-1.8707867140967196,2.0396664929041863,2.184123860990061
3107,15.535,-0.1458003218779525,0.3097353311745943,1.1300733795048616
3108,15.54,1.6173964915832886,-1.5054306663931865,0.006229885242946764
3109,15.545,3.1452125080463347,-2.691663925330756,-0.645702256436774
3110,15.55,4.403246638109469,-1.75206976852595,0.36504943851614335
3111,15.555,5.417211800208789,1.3446525706655423,3.064166820951149
3112,15.56,6.22009354831154,4.15888319277363,5.495366840836617
3113,15.565,6.840079080695029,5.801485978568747,6.972600774216538
3114,15.57,7.299075559346426,6.599551878174963,7.808740874258145
3115,15.575,7.613629577492369,6.847359665147699,8.266537885664043
3116,15.58,7.796180633661591,6.7745472630581265,8.487842953720026
3117,15.585,7.856206657567654,6.5681793745232895,8.543799126522359
3118,15.59,7.801254415966196,6.378146207530316,8.470384133007311
3119,15.595,7.637973945720216,6.330892618072269,8.285089235999514
3120,15.6,7.373334695219812,6.449544297275919,7.995178494242198
3121,15.605,7.01625629642195,6.605423783803096,7.604486172557202
3122,15.61,6.579935029034656,6.689577918700758,7.118464240262391
3123,15.615,6.085106363779728,6.668391092458526,6.547395938507954
3124,15.62,5.564118104980596,6.541159928514364,5.9088159743695785
3125,15.625,5.064543989877942,6.317213242382635,5.227364998722095
3126,15.63,4.648826883342382,6.0107801061585375,4.53625782285785
3127,15.635,4.38451715370091,5.642242091186839,3.8850197208869526
3128,15.64,4.323043445078683,5.241888436191321,3.3421761921710984
3129,15.645,4.476876868452553,4.854467478649989,2.9838069801649327
3130,15.65,4.813375204892508,4.541607775211497,2.8823943510041774
3131,15.655,5.27111477948191,4.375995788687472,3.0962177035788456
3132,15.66,5.784117735814935,4.420011587914103,3.640536820467405
3133,15.665,6.29791614568512,4.691554703174164,4.4543579712113885
3134,15.67,6.774161740594497,5.141781482399476,5.404312060075754
3135,15.675,7.188552685998043,5.672750368645354,6.340514184678903
3136,15.68,7.526860630760348,6.184536302152212,7.137880989604824
3137,15.685,7.781380855647507,6.611550332438157,7.716214823388475
3138,15.69,7.948414647817264,6.929340682594908,8.06178924390105
3139,15.695,8.026705143120235,7.143179604065166,8.219898726119546
3140,15.7,8.016601485604129,7.27313002577033,8.229918773901575
3141,15.705,7.919772207699197,7.341821462436702,8.114054155312033
3142,15.71,7.739377948343219,7.366153586768159,7.894686668801041
3143,15.715,7.480697968179574,7.353357498965855,7.594574479730809
3144,15.72,7.152265771475053,7.301753912318878,7.2363259160873135
3145,15.725,6.767574502584063,7.204911763878769,6.83703763884434
3146,15.73,6.347281664878258,7.0563455578204355,6.405320183495631
3147,15.735,5.92142231131601,6.852751303257323,5.950226553313382
3148,15.74,5.530282591732406,6.595790638221658,5.4884103960371675
3149,15.745,5.221536261091942,6.293395975288708,5.041562945060505
3150,15.75,5.041346689777341,5.9613637407475455,4.638385458437362
3151,15.755,5.020497730741696,5.6253160490202685,4.324563046678803
3152,15.76,5.162474827704586,5.322113196486423,4.151825827074248
3153,15.765,5.442023999221789,5.098380483667832,4.149883116643441
3154,15.77,5.815339053978094,5.00263569395739,4.329782434688881
3155,15.775,6.234285070353856,5.0691513658824485,4.6890334766113755
3156,15.78,6.656701233299294,5.299032842134011,5.191468415153508
3157,15.785,7.050472229197155,5.6526044632992924,5.772098564196308
3158,15.79,7.393253005238685,6.063160255381434,6.369636478375529
3159,15.795,7.670395403050952,6.463566245226952,6.926718927096603
3160,15.8,7.872665703689084,6.806815620892017,7.395009048384322
3161,15.805,7.994391202167584,7.071507540129833,7.7486792078446545
3162,15.81,8.03216045522666,7.2564175782906215,7.981196511566592
3163,15.815,7.98401579169953,7.371438145734032,8.096603490811031
3164,15.82,7.84905130919401,7.4292391183223705,8.103834765839803
3165,15.825,7.627366778671987,7.439363672692608,8.013601120558103
3166,15.83,7.320387028696299,7.405414694110913,7.836947214644175
3167,15.835,6.931624445997158,7.325316552167534,7.584742863179683
3168,15.84,6.468029167088992,7.193637186713159,7.267699152085598
3169,15.845,5.942102274473311,7.004360384094113,6.896763649980398
3170,15.85,5.374833937604061,6.753016631254408,6.483784667067124
3171,15.855,4.799025428350426,6.438091131409447,6.042273948097893
3172,15.86,4.261315306094019,6.062236243760491,5.588127175715615
3173,15.865,3.819363981832184,5.633898001461956,5.140271163500407
3174,15.87,3.530158134572341,5.16977475992367,4.7213410334000185
3175,15.875,3.4303583602855587,4.698087858956537,4.3586262264961055
3176,15.88,3.51957539470848,4.261610822858537,4.085184864198488
3177,15.885,3.7600824195278526,3.917322063608239,3.939358324758806
3178,15.89,4.093197594884124,3.727091627825877,3.9584304733127427
3179,15.895,4.458990541309015,3.735233174457399,4.162775875408633
3180,15.9,4.808187751080722,3.940408276298716,4.535837616530791
3181,15.905,5.10512593765889,4.284976162052617,5.017646778675858
3182,15.91,5.325753654963651,4.677851996678299,5.524177918410778
3183,15.915,5.454286504035543,5.0340424776160875,5.978845477367932
3184,15.92,5.480269045995944,5.300213872525098,6.331738853837454
3185,15.925,5.396566360897141,5.4570397277112415,6.559937545199101
3186,15.93,5.198352669653534,5.508711398897848,6.658474389383609
3187,15.935,4.88316892377865,5.470314966991843,6.6313374512048116
3188,15.94,4.452387700854542,5.357597550294037,6.485797632809797
3189,15.945,3.9149028639639134,5.180316189080839,6.229737192498302
3190,15.95,3.294464359296445,4.939772699377729,5.8709052089215525
3191,15.955,2.6420759976328534,4.630684427361484,5.417410465537468
3192,15.96,2.0513641441586983,4.24620494561513,4.8792957066075795
3193,15.965,1.662153924578829,3.7844325453521552,4.271522124417393
3194,15.97,1.6210211049453818,3.256373925059398,3.619251526280145
3195,15.975,1.994441966355455,2.6974686212761294,2.9668757940571684
3196,15.98,2.716892931025787,2.1845380504302683,2.3915866692108754
3197,15.985,3.642985278971119,1.8521512544962428,2.0160729798062014
3198,15.99,4.634243037389274,1.8789195908386764,1.9963467700915856
3199,15.995,5.598365663286387,2.394531691920952,2.44510081787932
3200,16.0,6.485530408232573,3.3386894892357013,3.3160948567893014
3201,16.005,7.272934395955635,4.459281454013688,4.401501869656083
3202,16.01,7.95226724774804,5.498122040411409,5.4815582972413095
3203,16.015,8.522150525640033,6.325345693190317,6.432530084688388
3204,16.02,8.98406575420717,6.925684477504827,7.214095509718852
3205,16.025,9.340261618415662,7.341599586618593,7.823478247438748
3206,16.03,9.592688182905356,7.634253438137312,8.268843089840981
3207,16.035,9.742432995999067,7.861751180015849,8.560450148935647
3208,16.04,9.78937918150658,8.065277138702502,8.709077436072407
3209,16.045,9.731931263975682,8.259932855279985,8.72607955363565
3210,16.05,9.566711848093084,8.435682360094942,8.623504419212889
3211,16.055,9.288149405425097,8.570179131515957,8.414237261122134
3212,16.06,8.887864813687745,8.642017333136929,8.112205328019826
3213,16.065,8.353718283861562,8.635650422857323,7.732480764553542
3214,16.07,7.6682771933934655,8.54027448363371,7.29120033201435
3215,16.075,6.806251344943624,8.347189030390545,6.805324607553215
3216,16.080000000000002,5.729965924454961,8.047496885612384,6.291770182026314
3217,16.085,4.380785682145369,7.630250174435879,5.76480739223487
3218,16.09,2.661236498371294,7.0806305508758935,5.231202893861839
3219,16.095,0.3923448060816258,6.377608990242544,4.6839040855703375
3220,16.1,-2.8113630907257887,5.490282863034025,4.095186138087847
3221,16.105,-8.068705615619402,4.37139603027639,3.4093955825694016
3222,16.11,-23.646214761683552,2.944692296927933,2.5341756086371694
3223,16.115000000000002,-11.6548669399992,1.0773925062775693,1.3238338824892053
3224,16.12,-4.73545330211892,-1.4890378399737845,-0.4690887308074725
3225,16.125,-1.051551281449893,-5.355035376241958,-3.363188058096627
3226,16.13,1.408556721352905,-12.447675033509038,-8.944860969017586
3227,16.135,3.2052073754422845,-39.325038676143464,-30.664511933054833
3228,16.14,4.575653352096025,7.422174919706167,7.140549677642094
3229,16.145,5.642662702903073,7.868237287483661,7.537808782381308
3230,16.15,6.477945259777743,8.37624999252696,7.969650144265477
3231,16.155,7.126966540145132,8.77963189914838,8.119424244285147
3232,16.16,7.62033988809922,7.993490718437108,8.282973144383467
3233,16.165,7.979691871220544,6.889344857750009,8.42093340012071
3234,16.17,8.220971302275021,5.829413542211358,8.508029684064473
3235,16.175,8.356477941682183,4.923804850136768,8.520897235972132
3236,16.18,8.39622038593924,3.633728981768309,8.456415710237291
3237,16.185,8.348922812952317,5.414628344560332,8.28568727298566
3238,16.19,8.222863127108974,6.398023328043403,7.98913522311815
3239,16.195,8.026652297854731,6.887045323295123,7.5731239634565135
3240,16.2,7.770014634146113,7.150302924489817,7.017454752574238
3241,16.205000000000002,7.464575160687666,7.267860730712362,6.347234193727107
3242,16.21,7.124581733245913,7.276878171987855,5.622665565891146
3243,16.215,6.767372066594852,7.199798317795741,4.787305828925882
3244,16.22,6.413252555196193,7.053480824207969,3.8120608371408764
3245,16.225,6.084363695862216,6.853214479127045,2.9087532143109236
3246,16.23,5.802228539796351,6.61490853531062,2.347510652935134
3247,16.235,5.584179590162229,6.35636309037562,2.074095194038872
3248,16.240000000000002,5.439648203276699,6.097702114129191,2.351632211046767
3249,16.245,5.36783670231593,5.860666522261288,3.0958174114038117
3250,16.25,5.357919271677013,5.666368512704615,4.42621901070839
3251,16.255,5.391678771153563,5.531470857056723,5.4816520768719945
3252,16.26,5.447324047416752,5.463690555579262,6.361209783228841
3253,16.265,5.503003698686804,5.458608974774124,6.988976987577274
3254,16.27,5.539148877648882,5.499901116707459,7.5239684290920295
3255,16.275,5.539552391836584,5.563509815453266,7.067344516629419
3256,16.28,5.491540922319434,5.6239347512300455,6.8513342744208146
3257,16.285,5.385687024990591,5.659738577538342,6.711931479074225
3258,16.29,5.215414325960564,5.656355615409454,6.3734878793770156
3259,16.295,4.976727389546721,5.606080982259243,6.030530197930522
3260,16.3,4.66821552101841,5.506272288174197,5.592994948657258
3261,16.305,4.291445623436669,5.357003345028642,5.136413353718845
3262,16.31,3.8518518728410553,5.15910526126906,4.769317619013013
3263,16.315,3.3602040975706897,4.913112938233222,4.415567635079457
3264,16.32,2.8346045110397524,4.619256270885656,3.9754718434153893
3265,16.325,2.302572649380295,4.278358031216045,3.518166304360002
3266,16.330000000000002,1.801978029171425,3.893391934135921,3.10171880867326
3267,16.335,1.3785549450149568,3.471513546590672,2.646357153806163
3268,16.34,1.077674469182782,3.02646285663761,2.011884578929298
3269,16.345,0.9309981672813584,2.581106872024368,1.7688036557207725
3270,16.35,0.944272628856742,2.169272309676606,1.779529746139104
3271,16.355,1.0947502586628908,1.8347870189474862,1.7805206828218294
3272,16.36,1.340272442142576,1.6244503742715009,1.8937300423701577
3273,16.365000000000002,1.633209733546725,1.572889474730517,2.3754388210958615
3274,16.37,1.9311954429540727,1.6838788985720714,2.5095397621587288
3275,16.375,2.20180912406764,1.9213356828471184,2.7800227771562436
3276,16.38,2.422780922514356,2.220815647708213,3.23888646901187
3277,16.385,2.580249125418941,2.5150391396923593,3.6295747704006955
3278,16.39,2.666761549119942,2.755217946461298,3.9639450656019597
3279,16.395,2.6797605406753933,2.917965728394572,4.214763931151201
3280,16.4,2.620748865025763,3.0008796368100388,4.365942360490463
3281,16.405,2.495116066345271,3.0139459960577986,4.413726389030904
3282,16.41,2.312529080291644,2.9713933221388014,4.361147318571191
3283,16.415,2.0877182141192643,2.8859148617503303,4.2153621835617265
3284,16.42,1.8413239830553996,2.7660183875700426,3.98656324793695
3285,16.425,1.600164308623491,2.6165969702489775,3.6878804450668543
3286,16.43,1.3959258228786051,2.4418314036493154,3.33589598068642
3287,16.435,1.2612635366019864,2.248801205339862,2.9514960256700142
3288,16.44,1.2232420548189855,2.0504075853160737,2.5607574736740975
3289,16.445,1.2960910987594425,1.8668430551618713,2.1953552961656615
3290,16.45,1.476907115512348,1.724975292591337,1.8915872015876252
3291,16.455000000000002,1.7469517050690389,1.6547154108899869,1.68680114703464
3292,16.46,2.0777379594148586,1.6817357158473851,1.6124508212184665
3293,16.465,2.4384265235234817,1.8179044111899665,1.6849349585579105
3294,16.47,2.8014044529773763,2.054010083735734,1.8982490797775164
3295,16.475,3.145028525272058,2.3603184463638325,2.223405570275536
3296,16.48,3.454150033179369,2.696092141755208,2.6159834625855285
3297,16.485,3.719487231332311,3.0226226623989536,3.027650342316313
3298,16.490000000000002,3.9366595045557378,3.3126290098024853,3.4158078119223507
3299,16.495,4.105308829589044,3.5530205301782534,3.7485650673525885
3300,16.5,4.22844959871541,3.742535186108744,4.0057612502285185
3301,16.505,4.312026313510077,3.8872027683476813,4.17790633502257
3302,16.51,4.364573013745298,3.9958922689311427,4.264360147435545
3303,16.515,4.396820115930903,4.077173230775793,4.271357758239734
3304,16.52,4.421073897706479,4.137956658298072,4.210222484737789
3305,16.525,4.450219474284228,4.183745195203099,4.096007257137921
3306,16.53,4.496301000878992,4.219789772605307,3.9465671866358614
3307,16.535,4.568821834684616,4.252262101698625,3.78181907593855
3308,16.54,4.67312397996157,4.288780177916069,3.622876181035873
3309,16.545,4.809318612901648,4.3380135922039935,3.4908201127487732
3310,16.55,4.972126411237127,4.408413228242844,3.404988548914087
3311,16.555,5.151665008161138,4.506351843734733,3.3808177875085965
3312,16.56,5.334873147950282,4.634196583255886,3.4275346396907094
3313,16.565,5.507090837193034,4.788999696050382,3.546274522512185
3314,16.57,5.653380389644252,4.962402622183964,3.7292782885028046
3315,16.575,5.7593742094472,5.141903711490185,3.960545894530938
3316,16.580000000000002,5.811631233923301,5.313034495713843,4.217861456334152
3317,16.585,5.797598179463556,5.461611853240831,4.47572026481437
3318,16.59,5.705303222821176,5.575314810431215,4.7084916826046515
3319,16.595,5.522894772971768,5.644250094490325,4.893155785334009
3320,16.6,5.238116148156743,5.660609461155914,5.011144518422332
3321,16.605,4.837813905637932,5.617770850762691,5.049078615973982
3322,16.61,4.307663147988156,5.509230030774709,4.998426933630163
3323,16.615000000000002,3.632572413914534,5.327649543004275,4.854362933160416
3324,16.62,2.799009694762357,5.064168287069226,4.614276862939103
3325,16.625,1.8025572683420648,4.7080009503135924,4.276358134854138
3326,16.63,0.6689753145650558,4.246337581298779,3.8384849998926134
3327,16.635,-0.4950062785052405,3.66471479379339,3.297635733957034
3328,16.64,-1.4176958206152688,2.94855101147228,2.650400355316495
3329,16.645,-1.6706787049380862,2.087910434196309,1.8962763275444652
3330,16.65,-1.0187689545755598,1.0910766625021293,1.0482828640913788
3331,16.655,0.2780213545256232,0.02066178580559086,0.16205256028564197
3332,16.66,1.7941355199719728,-0.9232585576205219,-0.5966257607474335
3333,16.665,3.268936353608188,-1.2869062301631828,-0.856806694793729
3334,16.67,4.601910447532961,-0.49285306488488967,-0.14616181989481447
3335,16.675,5.769227298873768,1.3994146549040427,1.4940468123035062
3336,16.68,6.77507991067754,3.475700770700221,3.331468140048979
3337,16.685,7.6316637171767185,5.076475395321558,4.839988224549303
3338,16.69,8.35194735707071,6.127591697595277,5.9653654014616295
3339,16.695,8.947348578629125,6.752604438334104,6.797439858687204
3340,16.7,9.427182289938823,7.099625711215572,7.415269928422957
3341,16.705000000000002,9.798707552045023,7.305495862002413,7.8668978065026005
3342,16.71,10.067344262611588,7.48436996502263,8.178535094716771
3343,16.715,10.236909206294513,7.717985661821963,8.364247025264604
3344,16.72,10.309826918446843,8.026555230471,8.432255470087943
3345,16.725,10.287313022046492,8.361239675477789,8.38905753869361
3346,16.73,10.169548819686822,8.659915839535788,8.24211312654807
3347,16.735,9.955884764932676,8.886720261411284,8.001556634555484
3348,16.740000000000002,9.64513923081874,9.027897342531567,7.681183626776968
3349,16.745,9.23611161917949,9.079658987697021,7.2988414412683404
3350,16.75,8.728526479832421,9.041486059124527,6.877808393395615
3351,16.755,8.124799002951715,8.913479781393278,6.4490642992141
3352,16.76,7.43328870513254,8.69555953465613,6.0492948678320815
3353,16.765,6.67402185974555,8.387509864142592,5.712138918008544
3354,16.77,5.887732513763852,7.989615843714136,5.458526305282772
3355,16.775,5.14683043205089,7.504037933444787,5.290005558046023
3356,16.78,4.55949481146087,6.937427824250937,5.184923980653072
3357,16.785,4.247550150276095,6.305695017124249,5.103305777498771
3358,16.79,4.288603898524959,5.642159370887183,5.007507083189712
3359,16.795,4.663704641742913,5.00961158037625,4.892388564824749
3360,16.8,5.270877050464438,4.512041364755871,4.80448736098367
3361,16.805,5.98757294380052,4.288482127898495,4.839128150936159
3362,16.81,6.7171424322956526,4.458032492273562,5.100509635425675
3363,16.815,7.399010972817339,5.020522752676569,5.617420737301472
3364,16.82,8.00034295828009,5.816405789358105,6.29104179227353
3365,16.825,8.505255151973119,6.626859388782588,6.966100167238784
3366,16.830000000000002,8.906966836159102,7.3009610990294345,7.535666005696125
3367,16.835,9.203044047489191,7.786860160345425,7.965189927172194
3368,16.84,9.392717420242672,8.098481771443948,8.262266451428205
3369,16.845,9.475389185474697,8.278968176043644,8.445777497919137
3370,16.85,9.449764722901913,8.376815758041907,8.530839273810628
3371,16.855,9.313278581346792,8.430893629506185,8.527284268334931
3372,16.86,9.06162093420425,8.460790569154653,8.442441800080132
3373,16.865000000000002,8.688239806030879,8.464323818278807,8.282465067395936
3374,16.87,8.183724760899333,8.424572478344055,8.05434919078386
3375,16.875,7.534990588797664,8.320718699180896,7.7685114910137205
3376,16.88,6.724205350707497,8.134520615000678,7.434588112132012
3377,16.885,5.727532234330449,7.85114815465238,7.053304906249752
3378,16.89,4.514286831251948,7.457374692360988,6.618078533534723
3379,16.895,3.049217994713814,6.939324018752256,6.121087486113602
3380,16.9,1.3087938019482643,6.280408875137479,5.553250898305482
3381,16.905,-0.6480934471514772,5.459440389762743,4.904512107211467
3382,16.91,-2.4502840563368427,4.448985683520014,4.163706779315461
3383,16.915,-3.151651066985717,3.2150784356134094,3.3087477066697657
3384,16.92,-2.183844244823179,1.7233390239027053,2.3033752489799753
3385,16.925,-0.3729915291372148,-0.028320491420945615,1.1253294106250826
3386,16.93,1.4578794603971368,-1.8764496875327819,-0.12014829422608386
3387,16.935,3.045626038882727,-3.082584155622211,-0.8612948244502787
3388,16.94,4.364727715144361,-2.0603415172640362,0.17040855802014931
3389,16.945,5.446128624017366,1.194717376636993,2.979062745576514
3390,16.95,6.326328757725078,4.088203487505512,5.477865063693602
3391,16.955000000000002,7.036457931639786,5.7649609288844,6.999943313869485
3392,16.96,7.601331248647166,6.59454700437164,7.886716372832256
3393,16.965,8.040624218330239,6.880165920895342,8.404400728887286
3394,16.97,8.370241929690875,6.856819955523929,8.693917123103935
3395,16.975,8.603477064717088,6.71550416724073,8.825138954871619
3396,16.98,8.751925883071644,6.609753226131449,8.833693492608985
3397,16.985,8.826205345491564,6.671723131477067,8.738227541549989
3398,16.990000000000002,8.836510128974789,6.92584249229329,8.548713769992432
3399,16.995,8.793024224202128,7.238393032495218,8.272493639316142
3400,17.0,8.706174098640432,7.501999204389007,7.918456827368163
3401,17.005,8.586685980888994,7.688040331285679,7.499892392268309
3402,17.01,8.445397060821323,7.799908770471669,7.03632428235658
3403,17.015,8.292781481300867,7.848933077537884,6.552323883849544
3404,17.02,8.1381985978344,7.8477401667473465,6.07902861030431
3405,17.025,7.988952997322815,7.808773981746348,5.661844934725791
3406,17.03,7.849348371813756,7.743923058278172,5.359025294741268
3407,17.035,7.719970908581564,7.664156144874282,5.223397618776234
3408,17.04,7.597403907896681,7.578895921737063,5.2875318661798065
3409,17.045,7.474447911032422,7.495153283642564,5.556144128623854
3410,17.05,7.34075434267444,7.4166147627425625,5.992528340745197
3411,17.055,7.183657864015768,7.342979590214462,6.513881042260717
3412,17.06,6.988964436871951,7.269831797066571,7.016365696944425
3413,17.065,6.741509054531532,7.189172239552655,7.419641634925461
3414,17.07,6.42539066306967,7.09048039233528,7.670254916710861
3415,17.075,6.023877331134834,6.961961634947235,7.733895028099505
3416,17.080000000000002,5.519040229870931,6.791581962633204,7.615212248919136
3417,17.085,4.891252927741978,6.567609961491894,7.359857001478421
3418,17.09,4.118886421598234,6.2785848068430425,6.995734321641811
3419,17.095,3.17912567460672,5.912800992797411,6.529446688782884
3420,17.1,2.0526616617988758,5.457492992605271,5.9671533865558635
3421,17.105,0.7404142456223175,4.897935662983525,5.314340442284874
3422,17.11,-0.6860069250613234,4.216735198893503,4.574575200522768
3423,17.115000000000002,-1.9665941010005528,3.3938660607974915,3.743001700242202
3424,17.12,-2.5570741038454163,2.4090162323725384,2.8041790506935667
3425,17.125,-2.0182978454264995,1.2509899133095552,1.7481833217515685
3426,17.13,-0.6320210247557,-0.05169838444023256,0.6015925693856801
3427,17.135,1.0150555225735127,-1.342414231222711,-0.5048536107432726
3428,17.14,2.5866073202487456,-2.14562144538898,-1.1797227194110453
3429,17.145,3.973685685187366,-1.6127328306275803,-0.7148215851102515
3430,17.150000000000002,5.161111590632913,0.49649191904847534,1.1104690481696333
3431,17.155,6.161939979643568,2.957772503552908,3.307740195034438
3432,17.16,6.994578794970071,4.7744748517063345,5.060286232163949
3433,17.165,7.675886301738783,5.887385419435943,6.3172242056442425
3434,17.17,8.219517637884943,6.48268297109003,7.210222398159898
3435,17.175,8.635865423706585,6.745895161739405,7.836630329742611
3436,17.18,8.932398670210338,6.840064960250816,8.269058951374154
3437,17.185,9.114019901644104,6.899442404063633,8.549722090406547
3438,17.19,9.18332775856618,7.028242706430863,8.693428496568838
3439,17.195,9.140756344311376,7.2651289434374196,8.706461081029104
3440,17.2,8.984584222867833,7.548972816698399,8.593462054093282
3441,17.205000000000002,8.710806241300626,7.793164366175837,8.35940811121516
3442,17.21,8.312855237231862,7.950502562077529,8.011784452310868
3443,17.215,7.781157183508522,8.004392508048527,7.561984294516903
3444,17.22,7.102518563471452,7.9496614627647695,7.025365347263996
3445,17.225,6.259427160839339,7.783380584126393,6.4221770020537905
3446,17.23,5.229654602049614,7.5014437002076,5.781224800659396
3447,17.235,3.9876084006576384,7.097185837366136,5.139440913914218
3448,17.240000000000002,2.512474822086577,6.560562979413301,4.531026978478897
3449,17.245,0.8198983669023464,5.877417116381083,3.973769527797315
3450,17.25,-0.9363315924602672,5.028845587605209,3.459545591741443
3451,17.255,-2.254668712235528,3.99136855603406,2.9458883356377266
3452,17.26,-2.3719677241351795,2.7405360277192106,2.3562847187181095
3453,17.265,-1.2464066097683044,1.2670825020947145,1.607199693984513
3454,17.27,0.3714553817876154,-0.3644260732246263,0.6834717646803874
3455,17.275000000000002,1.946203502029061,-1.8349811567735959,-0.20176471192047085
3456,17.28,3.3049890023111104,-2.2467889591743857,-0.34333906888767807
3457,17.285,4.425528606559096,-0.5876029106133105,1.0890964009904396
3458,17.29,5.326254846101648,2.221051362334693,3.394865107121146
3459,17.295,6.031432247170888,4.414348098992044,5.194781851064503
3460,17.3,6.56200715636596,5.68119038474221,6.2784614372081435
3461,17.305,6.933924072208476,6.274058634196501,6.887664861627666
3462,17.31,7.158370986933847,6.423987320236622,7.20865253598038
3463,17.315,7.242351461133664,6.326573804598434,7.346259260385069
3464,17.32,7.18913944212466,6.141118929783929,7.352979835137644
3465,17.325,6.998505152833952,5.997317846090699,7.249833245640481
3466,17.330000000000002,6.6666851957261,5.981546598238189,7.041867365136599
3467,17.335,6.186082006732846,6.059159471195066,6.729642005958076
3468,17.34,5.544679283755758,6.1119300544557635,6.313634456142472
3469,17.345,4.725203544043129,6.062386738706816,5.796846527595142
3470,17.35,3.7042820715740135,5.881654846834599,5.190278311134036
3471,17.355,2.452711080528436,5.558495147932367,4.5093188473913095
3472,17.36,0.9411588094509225,5.083764261761701,3.7592364508482374
3473,17.365000000000002,-0.832748490092224,4.44485132212575,2.9388318622246272
3474,17.37,-2.744056515668056,3.623418990610941,2.05577149800501
3475,17.375,-4.28558959897082,2.594503158026229,1.1210056062142457
3476,17.38,-4.543250099831299,1.3283383496648544,0.1368867777260867
3477,17.385,-3.378408777867696,-0.19731625925596585,-0.8939564172150938
3478,17.39,-1.6760953543181156,-1.945254367146008,-1.9434145701968166
3479,17.395,-0.0541025960834276,-3.6349126260339215,-2.8282846638511234
3480,17.400000000000002,1.3095563931545948,-4.31711981086487,-2.8568518810333545
3481,17.405,2.401824245200656,-2.654489057667546,-1.0186893005879005
3482,17.41,3.2479055269322563,0.4515777919674404,1.9153650643875593
3483,17.415,3.87531985006917,2.8170358977371293,4.160853836575492
3484,17.42,4.305712093265552,4.109635692937461,5.4613421753110005
3485,17.425,4.553850997449722,4.658388713658934,6.139537873473013
3486,17.43,4.6281542295210745,4.721067729081731,6.43950474054419
3487,17.435,4.5312479642368855,4.5082108074236,6.488200970255958
3488,17.44,4.260199291712236,4.188050971951716,6.346591427086011
3489,17.445,3.806382011196906,3.8971833506910207,6.0481841478859355
3490,17.45,3.155120804595346,3.735629008571931,5.612292578936395
3491,17.455000000000002,2.285697155066413,3.6681494198594606,5.04899162398458
3492,17.46,1.1738130238451758,3.5507017256734734,4.358170167140674
3493,17.465,-0.1961199712485904,3.2879915009036687,3.532452216937544
3494,17.47,-1.7842825483830542,2.8411193702507562,2.5658924593768075
3495,17.475,-3.351885721231114,2.1880767209376777,1.4562398427202012
3496,17.48,-4.235526281888424,1.3072547053045072,0.20228755546420718
3497,17.485,-3.729450741749007,0.17811114134743278,-1.1831530191276718
3498,17.490000000000002,-2.158141944374986,-1.1961884161849516,-2.6434540668073545
3499,17.495,-0.3271854147989579,-2.7028929426237838,-4.0309336891442555
3500,17.5,1.3574909909180313,-3.8672072015838452,-4.931737677632091
3501,17.505,2.7960878992774947,-3.5477089572537164,-4.414181737874777
3502,17.51,3.9912879604907054,-1.0696651628823988,-1.945612612610475
3503,17.515,4.968639608250959,1.9088811460721895,1.0806034833029021
3504,17.52,5.753978450557811,3.9568891682552585,3.4316886925742383
3505,17.525000000000002,6.368274681878847,5.1147685536673535,5.084520843103617
3506,17.53,6.827193980909496,5.661580689580769,6.226455911654427
3507,17.535,7.1417255480828,5.823423364410073,6.970014800994727
3508,17.54,7.318877212329374,5.789851547015055,7.376283074289784
3509,17.545,7.362193590264841,5.712930482477261,7.509444050113668
3510,17.55,7.272065687904422,5.717865807562078,7.437018566148324
3511,17.555,7.045861135706671,5.865002934840614,7.193803001599726
3512,17.56,6.677939578311908,6.075134013851736,6.797526523984256
3513,17.565,6.1596948956802455,6.229766862650816,6.266336708807235
3514,17.57,5.479985720513957,6.27097813240614,5.620258604181469
3515,17.575,4.626930431029567,6.1808858665204625,4.881135515911112
3516,17.580000000000002,3.59372547284708,5.953260300299341,4.065664918820259
3517,17.585,2.3954890728887155,5.582656269086895,3.1857523144267037
3518,17.59,1.112894940832522,5.0614608139926744,2.2634809891532517
3519,17.595,-0.021562910375663,4.3801044748420805,1.3375451156167717
3520,17.6,-0.5752069106539661,3.530387886579846,0.45045833549786796
3521,17.605,-0.1974897833873342,2.515952104220046,-0.35523631022189583
3522,17.61,0.9441116587649324,1.3815370829711964,-1.0160461434098806
3523,17.615000000000002,2.391290306441582,0.28617069428918906,-1.4171428998864952
3524,17.62,3.827602107023778,-0.36598097831728804,-1.308167558217507
3525,17.625,5.125256661345359,0.0656212165353951,-0.2777773809370352
3526,17.63,6.252042920252984,1.7727115643354399,1.7407089913571023
3527,17.635,7.210971598850903,3.900267769244875,3.994881232076244
3528,17.64,8.01521064154497,5.5992631203985175,5.774633448933158
3529,17.645,8.679148075662123,6.704763066873645,6.9730194031007
3530,17.650000000000002,9.215565736795323,7.335329540605476,7.73652499648018
3531,17.655,9.634977337130174,7.646940595691192,8.205941030923421
3532,17.66,9.945681952344142,7.785983649971571,8.465258856324647
3533,17.665,10.154013616480258,7.876274512393286,8.565595051407623
3534,17.67,10.264607492335545,8.012397831741735,8.54164125000882
3535,17.675,10.280627305726018,8.233498939030667,8.418710710620623
3536,17.68,10.203944229456113,8.500441922169731,8.214446221644955
3537,17.685,10.035274809047245,8.744973451279273,7.937174232692552
3538,17.69,9.774294701954886,8.923640964097576,7.592106975393952
3539,17.695,9.419755457251306,9.019387612816853,7.19005230652566
3540,17.7,8.969650874844229,9.027713326571616,6.747462939968978
3541,17.705000000000002,8.42151842658213,8.94829873630538,6.286214236836805
3542,17.71,7.773039331576008,8.781590049659439,5.84295921524784
3543,17.715,7.023254171613205,8.527615772550654,5.467242622199182
3544,17.72,6.174998198976764,8.185687031976324,5.192233665643419
3545,17.725,5.239639202411754,7.7545043051374645,5.021837141953638
3546,17.73,4.245743716709759,7.232595348289725,4.940325929007995
3547,17.735,3.2528514599416747,6.6192550667446355,4.907495686690111
3548,17.740000000000002,2.3663996852097458,5.916434964754752,4.858808439684922
3549,17.745,1.7345655227586043,5.132468907874821,4.737436298204639
3550,17.75,1.49524785148296,4.289188172889501,4.512802144317848
3551,17.755,1.6864830304508291,3.434521417195805,4.185816182016515
3552,17.76,2.216981231708314,2.660955190973315,3.80973933516077
3553,17.765,2.9370955270880934,2.1195240604328043,3.5101262918254488
3554,17.77,3.719312777363069,1.9922469700736078,3.462383068740041
3555,17.775000000000002,4.484858714995706,2.3783957106538542,3.781089612397706
3556,17.78,5.194722238169741,3.1652990765464732,4.401793751629347
3557,17.785,5.834095611517311,4.080036704582306,5.125511579552236
3558,17.79,6.400983306406356,4.889207400348501,5.781870664400727
3559,17.795,6.899560144128447,5.496482746310962,6.304317451007567
3560,17.8,7.336616629851544,5.907813519785946,6.695256850042513
3561,17.805,7.719699790303278,6.176222693025282,6.977702247535788
3562,17.81,8.056123303117927,6.367552422340366,7.174012660439049
3563,17.815,8.352413990198581,6.541197940442308,7.302569119959565
3564,17.82,8.613984793126669,6.737200784809193,7.378116012369352
3565,17.825,8.844941168969761,6.968641797257584,7.413551023235899
3566,17.830000000000002,9.047984592784667,7.225666260951579,7.4238833814353
3567,17.835,9.224399875666595,7.489747271019175,7.4247827549848875
3568,17.84,9.374117402336577,7.745369914918303,7.423933354089607
3569,17.845,9.495836906372537,7.983157875083453,7.420662585112235
3570,17.85,9.587192880666215,8.198260237937518,7.414164614095792
3571,17.855,9.644937565658488,8.388098279658106,7.406864924520773
3572,17.86,9.66511757023066,8.550848130246843,7.406802557599921
3573,17.865000000000002,9.643224304898103,8.684668056432699,7.4319085219782846
3574,17.87,9.574305016041333,8.787395462908336,7.501652642740126
3575,17.875,9.453028578802575,8.856484146511752,7.624159165784463
3576,17.88,9.273707284324988,8.889036745231444,7.792768256719603
3577,17.885,9.030282801179382,8.881851304542451,7.986974226185264
3578,17.89,8.716293072670927,8.831443336919268,8.175348458518368
3579,17.895,8.324851290795866,8.734031600614482,8.322073571432384
3580,17.900000000000002,7.848696762343054,8.585491563011951,8.394538451304523
3581,17.905,7.280437826933914,8.38128887259597,8.368651469396113
3582,17.91,6.613234825963083,8.116410340212951,8.231426508911213
3583,17.915,5.842438182088262,7.7853174191210766,7.9810518569044575
3584,17.92,4.969229596963402,7.381965050187205,7.623558012328305
3585,17.925,4.008245021547635,6.899970833928204,7.167693052185898
3586,17.93,3.0021408865872616,6.3331126823917625,6.621949773080293
3587,17.935,2.044178101270384,5.676532293727313,5.994650766056088
3588,17.94,1.295454384500362,4.92943544070983,5.295894726843812
3589,17.945,0.9505739956719303,4.100888595884174,4.541771154712948
3590,17.95,1.117621992469191,3.2216325699527864,3.763458970275011
3591,17.955000000000002,1.7219894540907967,2.365731947465605,3.025008327218769
3592,17.96,2.573337635659084,1.6804074181364537,2.4486811237279587
3593,17.965,3.495569072613636,1.3931869645724229,2.2222194831137507
3594,17.97,4.3794286044344855,1.7124180296475862,2.519436956087167
3595,17.975,5.171165960272588,2.606342568736273,3.3216593388026965
3596,17.98,5.849007055865525,3.7457729651784226,4.369901207944361
3597,17.985,6.406700600608499,4.778400315701499,5.383555594642709
3598,17.990000000000002,6.844606028082373,5.541313880094022,6.227863687764796
3599,17.995,7.165323916218779,6.026829304302601,6.880953175231287
3600,18.0,7.371650709268881,6.294622650725676,7.359698106947999
3601,18.005,7.465650607789904,6.422372009066287,7.684308291991943
3602,18.01,7.44825228745226,6.48215361574516,7.870260174401976
3603,18.015,7.31909903172546,6.5258189590524935,7.928953034655326
3604,18.02,7.076550644702745,6.572807600225866,7.868854613318087
3605,18.025,6.717847371779802,6.608977126857421,7.696556821626849
3606,18.03,6.239565275995096,6.603938770890209,7.418319506147332
3607,18.035,5.6386892024455,6.530229377013649,7.041509673523249
3608,18.04,4.915012630591146,6.369634861399133,6.575557511938041
3609,18.045,4.076309581027587,6.11110081406873,6.0326123408641505
3610,18.05,3.148889231760955,5.747571423359487,5.428279066220074
3611,18.055,2.1967256566721924,5.274407721410969,4.782239495949792
3612,18.06,1.3466889574731318,4.689866098568366,4.1176931019560055
3613,18.065,0.7922920151259876,3.9982993645906095,3.459782288828424
3614,18.07,0.717109943411667,3.217972522917034,2.8363452597272287
3615,18.075,1.1537321556291618,2.397093602033418,2.2861191629042246
3616,18.08,1.95329293051964,1.6414479378852969,1.8786318383394294
3617,18.085,2.912698765538476,1.1438401819629065,1.7398880034609063
3618,18.09,3.882324051019176,1.157943127879316,2.038693684335216
3619,18.095,4.781543898827889,1.8234032242144829,2.8552932334892636
3620,18.1,5.575475919606961,2.953340074522016,4.016470251668068
3621,18.105,6.252994958404542,4.149291849677457,5.191052416990823
3622,18.11,6.813778566988409,5.127309651940083,6.153031115050346
3623,18.115,7.261815276974279,5.808537262962537,6.847713191486029
3624,18.12,7.602393440484998,6.229274976379338,7.305251966349529
3625,18.125,7.840794212526362,6.466003604148831,7.572168288937261
3626,18.13,7.981793677784895,6.600023261019649,7.687940610005016
3627,18.135,8.029552275723615,6.699580625887343,7.6819721739314115
3628,18.14,7.987703463676068,6.806241003855883,7.57543172039696
3629,18.145,7.859569091221807,6.925363064888069,7.383366275319281
3630,18.15,7.648490217854203,7.034117928522303,7.116894838568887
3631,18.155,7.358299832648186,7.103874909111475,6.78601677080942
3632,18.16,6.993990949792737,7.114736966777934,6.402317317827629
3633,18.165,6.562649971214528,7.0568836478831605,5.980676623317307
3634,18.17,6.07471539850849,6.927202583688901,5.540429997753792
3635,18.175,5.545544618261577,6.726510249034705,5.105996509921279
3636,18.18,4.997050611404114,6.4582812887767584,4.704821168394671
3637,18.185,4.4587218432766935,6.128536140610262,4.362117016905212
3638,18.19,3.9667138594642952,5.746532155804357,4.096042864906121
3639,18.195,3.559401450260473,5.326039634322835,3.915471144987171
3640,18.2,3.268884504754426,4.88695110573594,3.819486502604411
3641,18.205,3.111011354083847,4.456654970555585,3.7995624143307554
3642,18.21,3.079361721295598,4.069946077288643,3.84490933566392
3643,18.215,3.147275993260217,3.7654913123949254,3.9473446038078825
3644,18.22,3.2764771794920238,3.577065384590335,4.101334967032874
3645,18.225,3.4268461288301517,3.520643517203346,4.2982813259921615
3646,18.23,3.563008644965734,3.58381162512327,4.520398099132797
3647,18.235,3.656850062807772,3.726327072701179,4.74081313311463
3648,18.24,3.687250349262872,3.8938599446771938,4.9290536309749395
3649,18.245,3.638612930574217,4.036183948573256,5.057728722497618
3650,18.25,3.4992087684176894,4.119009303531226,5.108208542829951
3651,18.255,3.2598110552403843,4.1260441976568245,5.072395247692181
3652,18.26,2.9128048306553467,4.054528639410793,4.950156365792386
3653,18.265,2.451898018487908,3.90862874673982,4.745079038194894
3654,18.27,1.8726913362608508,3.693465209753721,4.460910815336877
3655,18.275,1.1747068991007956,3.411089185391275,4.100167035151169
3656,18.28,0.3661169767381943,3.058914552077473,3.6647925897121447
3657,18.285,-0.5266715334554133,2.6304646775801075,3.1573630321585897
3658,18.29,-1.4422827235741704,2.117743913838232,2.582252735299248
3659,18.295,-2.263642868091785,1.5146359263173377,1.9473802250877759
3660,18.3,-2.817080161054925,0.8217004401289554,1.2663591019354197
3661,18.305,-2.937848361964383,0.054238824484075465,0.5617356582112292
3662,18.31,-2.588605628210725,-0.7430825575964697,-0.1255324257701993
3663,18.315,-1.892298825410268,-1.4726914339250703,-0.716096526417167
3664,18.32,-1.0309489504958615,-1.9615546459331057,-1.0717698776977418
3665,18.325,-0.1475424304462608,-1.9877696408094296,-1.0151695999221904
3666,18.33,0.6760179452204772,-1.427450268955683,-0.4466741026214951
3667,18.335,1.4018774600099575,-0.43175642513693635,0.5121325460760131
3668,18.34,2.016645803794658,0.6539644103271725,1.5809319212302713
3669,18.345,2.5189181532757097,1.561501555184814,2.537648247294398
3670,18.35,2.9127202323371018,2.2002212847592078,3.2972292541260817
3671,18.355,3.2043940619031237,2.592145997619139,3.8552405569474297
3672,18.36,3.401269463682895,2.803700332480381,4.231830695359932
3673,18.365,3.511234544862805,2.909943638605593,4.448801831462255
3674,18.37,3.5427615925687443,2.975921794293477,4.5245429540193705
3675,18.375,3.505162978908372,3.0434741915489036,4.4746001673122295
3676,18.38,3.408942079456127,3.1227144170064918,4.313303880694663
3677,18.385,3.2661214966872154,3.198321160298469,4.0553517493266575
3678,18.39,3.0904050164753505,3.2486806612882555,3.7171468843752904
3679,18.395,2.8969880679612285,3.2598572431542676,3.317852161282401
3680,18.4,2.7018170817153453,3.2282085009628716,2.8801710623542616
3681,18.405,2.5201739866213746,3.1579457775131647,2.430978579494576
3682,18.41,2.364679511059592,3.0584616391666115,2.001779445438688
3683,18.415,2.243133568491097,2.9424085535472075,1.6279871062412434
3684,18.42,2.1568662247707238,2.824077835081451,1.3454500852807243
3685,18.425,2.10022153965509,2.717528000931704,1.18417556730854
3686,18.43,2.061372099125397,2.63423461529323,1.161076755866476
3687,18.435,2.024105612393069,2.580530117333818,1.2737302576827774
3688,18.44,1.9698995955962928,2.555596733983353,1.4973649177452995
3689,18.445,1.87965994539731,2.550934260277811,1.7877990182308556
3690,18.45,1.7348025865546777,2.551763374956384,2.0907481601287787
3691,18.455,1.5176679711233834,2.5399141485832795,2.3532624986523296
3692,18.46,1.211447749563742,2.4970282495011222,2.5323434219372287
3693,18.465,0.7998868078659215,2.406894735364968,2.5998511558180644
3694,18.47,0.2671020013300461,2.256342215940476,2.54363604904581
3695,18.475,-0.4019115604635428,2.0348080770804495,2.3632928158674975
3696,18.48,-1.2188504668166638,1.7331147581904762,2.063053303642616
3697,18.485,-2.184815038904608,1.3420689497513223,1.6474943969186362
3698,18.49,-3.2715401794115944,0.8514264563588938,1.1205402935702349
3699,18.495,-4.379994938001395,0.24973681409732684,0.4853667740157528
3700,18.5,-5.278760360931317,-0.474146913261559,-0.2551113751470728
3701,18.505,-5.615805592677984,-1.3260609331113349,-1.095201209228775
3702,18.51,-5.174238317755844,-2.2934014986622264,-2.0160549926571267
3703,18.515,-4.124733662124303,-3.313410755609951,-2.959194639245597
3704,18.52,-2.8230409868889668,-4.207364957826732,-3.7721909047521756
3705,18.525,-1.523702777143907,-4.600810397809147,-4.143101996773176
3706,18.53,-0.3422863200304485,-4.031955722750206,-3.6871442115212094
3707,18.535,0.6840498536091426,-2.5007279846704877,-2.3916854538748558
3708,18.54,1.551117028116766,-0.697482169757925,-0.8050427160207523
3709,18.545,2.266319607881159,0.7654627345764764,0.5823095998162868
3710,18.55,2.840094479394274,1.7440924622698812,1.6518599970048826
3711,18.555,3.2828692362237835,2.3156161010912295,2.448529625285645
3712,18.56,3.604282971823845,2.6049679503811842,3.030446549522102
3713,18.565,3.813378344009812,2.73588089948694,3.43678064318481
3714,18.57,3.919308045696985,2.814392203528555,3.6909986729113586
3715,18.575,3.932450612301913,2.9176228578647883,3.806948305010069
3716,18.58,3.865973625604568,3.071770711230137,3.7934068832650785
3717,18.585,3.73788808356613,3.2448795327780515,3.658218956913635
3718,18.59,3.573449647457736,3.387416854426066,3.411582585366334
3719,18.595,3.407234287271687,3.469607618642457,3.068414134876455
3720,18.6,3.283267906064639,3.4847400016030656,2.650267187872669
3721,18.605,3.2507081871131094,3.4417116146559925,2.1871505168177157
3722,18.61,3.353418836384077,3.360909136466921,1.72029996683281
3723,18.615,3.616068754950517,3.2736254751990517,1.305523886091323
3724,18.62,4.03471906789998,3.222039049678539,1.012345416109409
3725,18.625,4.578953687125798,3.256052257332173,0.9144264203082795
3726,18.63,5.20388880078237,3.4231939016768305,1.0723729304831817
3727,18.635,5.863638150137081,3.751121677668496,1.5121837522840869
3728,18.64,6.519756552862983,4.230797078007116,2.2061612907643027
3729,18.645,7.143848424431456,4.814677662426377,3.07155344149197
3730,18.65,7.7166214609321235,5.435350614198174,3.995923080686291
3731,18.655,8.225678091131286,6.03164525457936,4.874410910021728
3732,18.66,8.663311571487174,6.5649312910931865,5.63219504132461
3733,18.665,9.024751431804708,7.020905777667497,6.2287390040932245
3734,18.67,9.306896024965685,7.402719684414986,6.65634182359784
3735,18.675,9.507430989624844,7.721993251690369,6.9322810419158785
3736,18.68,9.624212733277895,7.99113275718104,7.080876206290986
3737,18.685,9.654814418738225,8.218248601823,7.122829584521693
3738,18.69,9.59615465579728,8.405148420659184,7.076355414782798
3739,18.695,9.444144869163358,8.548115434161732,6.958943154617893
3740,18.7,9.193296922310894,8.640191347516565,6.787005070726681
3741,18.705,8.83622611604639,8.673368930026225,6.574140171986224
3742,18.71,8.362961941734389,8.639804542897643,6.329964442791555
3743,18.715,7.759929810660557,8.532047388771478,6.061624260148543
3744,18.72,7.008368356587158,8.342659030729871,5.775556188646304
3745,18.725,6.081746053807821,8.063535476683121,5.476823372842535
3746,18.73,4.941311107713365,7.685055323144134,5.167861643965866
3747,18.735,3.527924482619418,7.1950146253546965,4.847269888349421
3748,18.74,1.745890293146303,6.577174313182759,4.504117106049198
3749,18.745,-0.5719462160841324,5.809077448257953,4.109291193028174
3750,18.75,-3.744182131742336,4.858485054136649,3.613590920888151
3751,18.755,-8.350478967887302,3.6771127909457317,2.9497478653315694
3752,18.76,-12.769221155873147,2.188779661155885,2.027925411779049
3753,18.765,-8.645625649016253,0.26507497473600417,0.7216285818351409
3754,18.77,-4.175807696311361,-2.329185626102225,-1.1712182727751879
3755,18.775,-1.1546813000292704,-6.064020839566702,-4.035788826353716
3756,18.78,1.0004663070245423,-11.777395259532314,-8.555281652238198
3757,18.785,2.6125640499967724,-15.156228709609673,-11.238364096479755
3758,18.79,3.850510256866749,-0.02241120342308367,1.0493279053652729
3759,18.795,4.810624457001805,4.985639487413088,5.175981966867137
3760,18.8,5.552213617816059,6.2998478474623365,6.33980769187701
3761,18.805,6.114044982356935,6.793914875973712,6.945451617757221
3762,18.81,6.522691234579611,6.498369871281866,7.30327329177946
3763,18.815,6.7971298123206,5.848530047299812,7.535104245477108
3764,18.82,6.951495611571794,5.138688958384575,7.66376070950568
3765,18.825,6.996890152375491,4.5068051324895535,7.692875740830848
3766,18.83,6.942722229058833,4.197924644102754,7.620341256893817
3767,18.835,6.797861545358205,4.871353291139462,7.434643163681769
3768,18.84,6.571794216005018,5.470827785416701,7.127142551891756
3769,18.845,6.27591138492439,5.802663970766147,6.696509037473048
3770,18.85,5.924988272873727,5.952447307904302,6.1421745382683035
3771,18.855,5.538758240301283,5.969238423424498,5.482456697567519
3772,18.86,5.143181240574641,5.882197509402763,4.741963900396361
3773,18.865,4.77052970092555,5.712702599720693,3.9238992215873925
3774,18.87,4.456993471590417,5.480449801651445,3.073229005476075
3775,18.875,4.236818726145462,5.207164740650426,2.3297630055929806
3776,18.88,4.133826405060834,4.919129118454841,1.839123336050438
3777,18.885,4.153925398635251,4.648361692128774,1.6711349323509532
3778,18.89,4.283109952727413,4.431316083302164,1.9252963538390904
3779,18.895,4.492304314561251,4.303539035096912,2.593885233512039
3780,18.9,4.745897918070146,4.289948317964499,3.580409351620951
3781,18.905,5.009415004568568,4.3940259428775414,4.5641758228144615
3782,18.91,5.2538810466504895,4.592956466693298,5.447127933830627
3783,18.915,5.457042794632201,4.844035298409986,6.1564072842189255
3784,18.92,5.602722156070148,5.0994741811071735,6.607683346784062
3785,18.925,5.679472771216714,5.320467155935766,6.642850639458765
3786,18.93,5.679216459450917,5.483833960103903,6.596206754712075
3787,18.935,5.596140379041095,5.581149263686918,6.487107728824213
3788,18.94,5.425927564302659,5.613832467595509,6.250256290856385
3789,18.945,5.165323099254069,5.587443657321433,5.93250653409085
3790,18.95,4.812047398126901,5.507057078707087,5.539485281765208
3791,18.955,4.365126391048023,5.374564154176867,5.11297595047091
3792,18.96,3.825809720827433,5.188065828849124,4.690787227743167
3793,18.965,3.1993948573141555,4.942871081201223,4.246989668820626
3794,18.97,2.4984401173347424,4.633222827205006,3.7528832565703674
3795,18.975,1.747865892293126,4.254033071333208,3.2312562863656433
3796,18.98,0.9917470134597371,3.8024633422326275,2.6978311338315333
3797,18.985,0.2989740556316385,3.279715304807311,2.128366569097645
3798,18.99,-0.2403274202839727,2.6937140750571547,1.548074587861362
3799,18.995,-0.538529694914595,2.0634899844456864,1.129827702245806
3800,19.0,-0.55125291018773,1.425791361245171,0.8509409849220626
3801,19.005,-0.303723726257486,0.8428384148432402,0.6523088656836569
3802,19.01,0.1252116772280404,0.40524618534898504,0.6140688726786063
3803,19.015,0.6440310677935659,0.2159897736111125,0.8059891776587875
3804,19.02,1.1786088160743171,0.34212653428493134,1.1103321379942193
3805,19.025,1.6805942984918831,0.755640361620042,1.6316200540700296
3806,19.03,2.1234351907982587,1.3290440839367386,2.3151407076900328
3807,19.035,2.495673470147128,1.907762276476912,2.9837726935732505
3808,19.04,2.795567718063403,2.385459382310599,3.5523956818489335
3809,19.045,3.0276843856059985,2.723373106654462,3.985434862701523
3810,19.05,3.2009863045297378,2.931445926590804,4.277686113722183
3811,19.055,3.3277984593894288,3.044029947834294,4.440443770711844
3812,19.06,3.4231174261702426,3.1018016652920783,4.490729737000112
3813,19.065,3.503828334825257,3.1398030401280237,4.446897094056008
3814,19.07,3.587499564828468,3.1806365868027315,4.327640896390086
3815,19.075,3.6906096190724345,3.233911215430451,4.152382173135615
3816,19.08,3.826366337265192,3.3017506584139613,3.941968606018608
3817,19.085,4.0026311609113066,3.38577584937884,3.719123687147788
3818,19.09,4.2206453196991305,3.4907101362445356,3.5082736813647193
3819,19.095,4.47506540287495,3.6237958555746186,3.3345166640011885
3820,19.1,4.755298916601073,3.7918234647262663,3.221688034224186
3821,19.105,5.047616307797572,3.9977406026559072,3.1896763665848176
3822,19.11,5.33733035488194,4.238333122029425,3.2513748514944565
3823,19.115,5.610514162598458,4.503925950144717,3.4099981573584124
3824,19.12,5.855063617194254,4.780212132179363,3.657634739344414
3825,19.125,6.061179516933601,5.051361576840384,3.9754865198069878
3826,19.13,6.221466959810238,5.303077892979372,4.335742402330754
3827,19.135,6.330856818589648,5.524555791739455,4.704967478663851
3828,19.14,6.386509575635677,5.709016957080874,5.048746159858028
3829,19.145,6.387810215731919,5.8531334562116,5.336621726279231
3830,19.15,6.336521385387285,5.955921087197664,5.5459841967272805
3831,19.155,6.237127757704961,6.017652285634904,5.664218791087711
3832,19.16,6.097362270693813,6.039154512560226,5.689085988053798
3833,19.165,5.928831138678032,6.021643531220402,5.627312180250247
3834,19.17,5.747524341934728,5.967061305060349,5.49191642249778
3835,19.175,5.5738087296771655,5.878784694223819,5.299746801075001
3836,19.18,5.431324461831659,5.762543896000324,5.070211340742205
3837,19.185,5.344250307346298,5.627390823856436,4.824876916746296
3838,19.19,5.3329551066821255,5.486513897299958,4.587216988222275
3839,19.195,5.409131686825189,5.357552450160846,4.382067030043784
3840,19.2,5.572437178564799,5.261841349965875,4.234508515469602
3841,19.205,5.810367797580792,5.221887498900243,4.167770590206769
3842,19.21,6.101414844627745,5.256718806472419,4.199716103290544
3843,19.215,6.419824515439892,5.375914814908041,4.338303083653951
3844,19.22,6.739909750062942,5.574793213284802,4.577873664235159
3845,19.225,7.038752116282034,5.8338513824828375,4.898619687614445
3846,19.23,7.29722354943533,6.123638872282491,5.270068042989191
3847,19.235,7.499836481282747,6.412778745187587,5.657157911441713
3848,19.24,7.633990157119797,6.675070608021123,6.026383799161156
3849,19.245,7.689003856376065,6.8929536375264195,6.3499907265479765
3850,19.25,7.6551290046719265,7.057206923309515,6.60768055049264
3851,19.255,7.522589474604802,7.164341109783699,6.786523703957098
3852,19.26,7.280611310160861,7.213301873024819,6.879794217924797
3853,19.265,6.916343376285382,7.202613490958404,6.885081459615264
3854,19.27,6.4135103411471,7.128521348518833,6.802280433143945
3855,19.275,5.750550109569326,6.984192614318048,6.632065817786717
3856,19.28,4.897836267131445,6.7596341859345,6.374843768115238
3857,19.285,3.813345779956258,6.441780814880814,6.0298266300300405
3858,19.29,2.435916874284521,6.014235883607285,5.5939326891734735
3859,19.295,0.6762787328241971,5.456288295396521,5.060258921389783
3860,19.3,-1.5823076031496073,4.740890798891844,4.415803653965183
3861,19.305,-4.370136374702692,3.8311541236808297,3.6379756297370474
3862,19.31,-6.800755223083785,2.674592324400998,2.689228507128274
3863,19.315,-6.147216317957586,1.1941800193237064,1.5091176430861934
3864,19.32,-3.23631565355524,-0.7221834837708041,0.005208260110963536
3865,19.325,-0.4583348758186,-3.2081008461648715,-1.936161394511747
3866,19.33,1.7664756790539136,-6.170050250030727,-4.247960959123068
3867,19.335,3.527812255270152,-7.622218839378938,-5.330021351665424
3868,19.34,4.935612202893129,-2.7465114546882354,-1.275978121711093
3869,19.345,6.0685821173161125,3.120459974656481,3.6123207982054115
3870,19.35,6.979912655454519,5.704845201213285,5.885711663690207
3871,19.355,7.705743441893405,6.878438194334546,7.093168235829102
3872,19.36,8.270960522897665,7.259213799418978,7.826121534110731
3873,19.365,8.692814021462036,7.165751377802998,8.309687953141575
3874,19.37,8.983161189810762,6.8759570184992915,8.62390758805294
3875,19.375,9.149875091604205,6.579676262884794,8.798349131955511
3876,19.38,9.197744774874984,6.4576972080239825,8.843699832370946
3877,19.385,9.129067162758425,6.742533265815506,8.761285609048954
3878,19.39,8.94406888228925,7.229837607124875,8.549319296714204
3879,19.395,8.64128266001999,7.610348183209258,8.208381867120071
3880,19.4,8.218041802374245,7.834318416183846,7.74214678811351
3881,19.405,7.671378355957129,7.9143817001938945,7.16143193576344
3882,19.41,6.9998902237058624,7.863810001796493,6.483232023107619
3883,19.415,6.207718957946453,7.69043375930978,5.722606674656789
3884,19.42,5.312803017632905,7.397812308524358,4.908470819838906
3885,19.425,4.362652703978558,6.986992909177518,4.108498060839862
3886,19.43,3.4586776798979924,6.458611817782851,3.4077366630042967
3887,19.435,2.7735108011577987,5.81627391952984,2.865934143313632
3888,19.44,2.5095710310145583,5.073063926500075,2.5270680701418926
3889,19.445,2.7674005796496,4.2644672011214535,2.407813173982643
3890,19.45,3.454158043139194,3.471937372918581,2.4933784913785897
3891,19.455,4.368756246636767,2.8550060875505547,2.7528118095477807
3892,19.46,5.335843213340048,2.6563433610290326,3.2558787702211656
3893,19.465,6.251226461244009,3.0865089198942233,4.118767770964264
3894,19.47,7.065768578120598,4.086613057134481,5.25979881643449
3895,19.475,7.760842044733364,5.296224596143727,6.36095820814432
3896,19.48,8.33217377176289,6.362132825088191,7.237700437615957
3897,19.485,8.781357950497075,7.137685087875385,7.871419052685649
3898,19.49,9.111775543196606,7.62824241280786,8.263754606432677
3899,19.495,9.326706276763522,7.900663312341974,8.457602195073799
3900,19.5,9.428463769877284,8.036210916635163,8.502259942165459
3901,19.505,9.41798220454812,8.108348860473649,8.43927983053312
3902,19.51,9.294579956232424,8.168414433361653,8.303991711444157
3903,19.515,9.055766878247509,8.23334055631773,8.103421719309853
3904,19.52,8.697030620247322,8.285911885367742,7.827486932296865
3905,19.525,8.211578893482345,8.294162521849865,7.47874896979906
3906,19.53,7.590063097105286,8.230490149721602,7.067417714764402
3907,19.535,6.820415203043309,8.076689702844378,6.594487737788704
3908,19.54,5.888216579927232,7.820919095378169,6.074611253387621
3909,19.545,4.778821136522685,7.45385785146656,5.568713254927768
3910,19.55,3.4847030459760253,6.966127012619686,5.1014243384563756
3911,19.555,2.027391145610593,6.3468427468363835,4.638108474153023
3912,19.56,0.514640852039457,5.583076098483993,4.159210466766917
3913,19.565,-0.7547871292257419,4.660645926686652,3.648757638544682
3914,19.57,-1.2851342866905793,3.568199448101939,3.0426740271329233
3915,19.575,-0.8138200887562164,2.3104670331391843,2.3330681806878677
3916,19.58,0.3290043945762489,0.9465184226459589,1.5790426100999602
3917,19.585,1.6614971789047852,-0.31425884495196055,0.9114017268789905
3918,19.59,2.918258669025888,-0.958760308546208,0.7055402832236446
3919,19.595,4.010171602656738,-0.2961761092475683,1.5028461222170675
3920,19.6,4.923976324120062,1.5870697503940883,3.2314276921679292
3921,19.605,5.6716819956885285,3.585052441080755,5.010362097060624
3922,19.61,6.271797175453603,4.997612987855089,6.300150860733154
3923,19.615,6.743366475502902,5.805792026845764,7.116258759166798
3924,19.62,7.104590967385142,6.167175259082132,7.5978001193566795
3925,19.625,7.373007301116603,6.24809419594451,7.852622662005514
3926,19.63,7.566128171691425,6.1977996612841615,7.948039368520143
3927,19.635,7.702095778099097,6.1408851284369925,7.924702593552868
3928,19.64,7.8000813614802045,6.169688268835077,7.807535415929651
3929,19.645,7.880187970826413,6.308935556543283,7.612882569579366
3930,19.65,7.962634007565987,6.506811753093173,7.354521934630968
3931,19.655,8.066125540296877,6.704892684155443,7.0483763506799475
3932,19.66,8.205626502059726,6.880554835444542,6.715357966574751
3933,19.665,8.390127562200451,7.037487444239547,6.3827259131064755
3934,19.67,8.621238734230971,7.190429276385634,6.08349993351912
3935,19.675,8.893222945177774,7.356426241275007,5.854539965124973
3936,19.68,9.194481694565876,7.549709460249006,5.7347464747367045
3937,19.685,9.509892614004691,7.778143927961278,5.760823717616528
3938,19.69,9.823180412818662,8.041198584095074,5.957993968985755
3939,19.695,10.118720200009488,8.330069393767157,6.3313221622397124
3940,19.7,10.382563665339315,8.630061865583178,6.861666839292269
3941,19.705,10.602781292287917,8.924307653566627,7.503064883498415
3942,19.71,10.769338430068917,9.197310813316715,8.184622464128049
3943,19.715,10.873714938732045,9.437143542071045,8.825941689674863
3944,19.72,10.908414071493432,9.635957665958454,9.36015557378506
3945,19.725,10.866437684459324,9.789195944122408,9.742827588341068
3946,19.73,10.740751347313836,9.89417326664483,9.95217952911338
3947,19.735,10.523724787532888,9.948633078321851,9.994146141155646
3948,19.74,10.206502665407127,9.949658445978834,9.89761870483423
3949,19.745,9.77822714614708,9.893061972255946,9.69076695514986
3950,19.75,9.224982328340731,9.773168321218385,9.39243812420359
3951,19.755,8.528235929961056,9.582784056104895,9.01792870055529
3952,19.76,7.662362251391377,9.31313128497715,8.580715569465784
3953,19.765,6.590413275393491,8.953564609252517,8.090921204469076
3954,19.77,5.256313228625599,8.490930636862434,7.551496533609505
3955,19.775,3.5690187371037885,7.908411075913291,6.955478691361833
3956,19.78,1.3660777627700262,7.183571030251691,6.287454283873536
3957,19.785,-1.6867118372104009,6.28504106093663,5.523867286364975
3958,19.79,-6.46154936675951,5.166596879884534,4.6278420961010545
3959,19.795,-16.16731326005951,3.7557821208937785,3.5408411327447795
3960,19.8,-11.585353641084172,1.9297814406664644,2.165549362578306
3961,19.805,-4.644880827215537,-0.5429690777645089,0.3128608035819038
3962,19.81,-0.8964701307439755,-4.173340423772027,-2.446562065630027
3963,19.815,1.574816161324888,-10.418169583743753,-7.320888631539372
3964,19.82,3.3489960673022208,-25.124370212368312,-19.08676914996348
3965,19.825,4.671955662696647,-2.1621315180447613,-0.39565352975175827
3966,19.83,5.669330446853262,7.7514084953588025,7.771869824423974
3967,19.835,6.412774653501998,7.943274481985066,8.078306313100487
3968,19.84,6.945857804373604,8.509723442633973,8.629322906534602
3969,19.845,7.295802470459024,8.052732982713065,8.90985931198843
3970,19.85,7.479337652735472,7.111234685855277,9.113347589359243
3971,19.855,7.505764878988829,6.105501322021261,9.215955189256281
3972,19.86,7.378537024386587,5.1809660376899105,9.206638274095436
3973,19.865,7.095930845523927,4.213525984344864,9.077779327349731
3974,19.87,6.651069857861901,4.944673145432717,8.80884150392041
3975,19.875,6.031398799104127,5.751637509410758,8.378944126848712
3976,19.88,5.217675130425078,6.028289978240821,7.781863086535027
3977,19.885,4.182750227894657,6.022214676679659,7.001503900184524
3978,19.89,2.8914799406419838,5.802945555904915,6.043481310596187
3979,19.895,1.3075689153937875,5.3911211717397,4.936901122198898
3980,19.9,-0.5689935451263044,4.785812094042726,3.6499508607535693
3981,19.905,-2.5511790268122905,3.9720274791316466,2.1542155266022154
3982,19.91,-3.900126753247755,2.922995187693851,0.5651217549492085
3983,19.915,-3.571286421830969,1.603302885689736,-0.9459073459306762
3984,19.92,-1.899168755825148,-0.015044813217634179,-2.376049792529092
3985,19.925,0.0322538861581319,-1.8791668270439246,-3.5568102847967005
3986,19.93,1.7435543451946425,-3.574623885807254,-4.171318843253744
3987,19.935,3.15120348738804,-3.7257213077485787,-3.1223961761123
3988,19.94,4.277524277954252,-1.0106981596408522,0.1631763584572301
3989,19.945,5.159756829764845,2.458364563290052,3.8612219349550885
3990,19.95,5.829639763045005,4.647141375110091,6.320826416271865
3991,19.955,6.310529688787746,5.759741135096689,7.7782940212607095
3992,19.96,6.618202633863247,6.181549365787045,8.157205805365354
3993,19.965,6.762007724670067,6.173259392366177,8.207495455605267
3994,19.97,6.745624276440038,5.947718773141785,8.16979931576501
3995,19.975,6.567261345862068,5.6703070133267275,7.897596085352161
3996,19.98,6.219203999605631,5.482713131523072,7.479426854263961
3997,19.985,5.686493382588475,5.473336026697663,6.915660092017786
3998,19.99,4.944247311748027,5.544424662687597,6.238169034567072
3999,19.995,3.9525137829489143,5.53536377025109,5.520276800263165
