Index,x[m],Actual,order-10,order-50
0,0.0,9.328059297345993,,
1,0.005,9.555937878486516,,
2,0.01,9.735138206463429,,
3,0.015,9.869158717427528,,
4,0.02,9.961055147642554,,
5,0.025,10.013430575730917,,
6,0.03,10.028416302551804,,
7,0.035,10.007644266466178,,
8,0.04,9.952212959501828,,
9,0.045,9.862649360774071,,
10,0.05,9.738869346009649,9.712749214540551,
11,0.055,9.580138417127952,9.574869002373983,
12,0.06,9.385033495005484,9.40181694508486,
13,0.065,9.151405065623534,9.19182163117739,
14,0.07,8.876337377962196,8.942375133479558,
15,0.075,8.556102965937425,8.650193530989778,
16,0.08,8.186106950313334,8.311169460170671,
17,0.085,7.760817114235744,7.920311636807963,
18,0.09,7.2736791145669555,7.471667693280214,
19,0.095,6.717025650969408,6.958231739680937,
20,0.1,6.082011509279899,6.371851053505139,
21,0.105,5.358660927602088,5.703177204623595,
22,0.11,4.536242132602464,4.941779359643905,
23,0.115,3.6044870746161495,4.076707913298175,
24,0.12,2.556883956396885,3.0981991343715216,
25,0.125,1.3988474523712189,2.0021520424890284,
26,0.13,0.166468390084444,0.8010785554534499,
27,0.135,-1.0367195329868717,-0.45113145742263505,
28,0.14,-1.9949307568600765,-1.612252327650558,
29,0.145,-2.410798399426604,-2.4026542777584234,
30,0.15,-2.1191975948449038,-2.479875526391395,
31,0.155,-1.2669132641166934,-1.757470849892389,
32,0.16,-0.1523945774376162,-0.5635442037251064,
33,0.165,0.998499233174488,0.7130251432721817,
34,0.17,2.074158747991636,1.8810837315132751,
35,0.175,3.0338154938365625,2.8897235609804746,
36,0.18,3.8694185571762,3.7390308493459736,
37,0.185,4.585856629058742,4.442319830286006,
38,0.19,5.192308659832472,5.0180682345631755,
39,0.195,5.698783030358623,5.492722317314793,
40,0.2,6.114878927288912,5.894226751027837,
41,0.205,6.449465375569341,6.236066744837076,
42,0.21,6.710724947951976,6.51866555201149,
43,0.215,6.906328962568926,6.741175696697409,
44,0.22,7.043643826667117,6.905959081167516,
45,0.225,7.129921356322308,7.017911046997197,
46,0.23,7.172444857217065,7.08328052782821,
47,0.235,7.178607345798196,7.109014304231501,
48,0.24,7.155898386185418,7.102439305097601,
49,0.245,7.111777974299722,7.0710444665278445,
50,0.25,7.0534247540447605,7.022227274364017,6.826260631128787
51,0.255,6.987364902407105,6.962946438464149,6.751767840212846
52,0.26,6.919016709495553,6.899276620878099,6.6933804422467045
53,0.265,6.852217498384698,6.835908031744589,6.65434879401464
54,0.27,6.788821441336862,6.775672208563422,6.631997993091419
55,0.275,6.728455431570291,6.71919354626701,6.620684602276035
56,0.28,6.668489445155989,6.6647517592414545,6.612191423488155
57,0.285,6.604225701393171,6.608392554079389,6.594760378046931
58,0.29,6.529257108410143,6.544258738783788,6.556267234297807
59,0.295,6.435910728159447,6.465058617657582,6.489509027467671
60,0.3,6.315686651239597,6.3625645623285,6.390218199463101
61,0.305,6.159622970365467,6.228046788521536,6.2527015190490705
62,0.31,5.958551106242348,6.052583866438173,6.069877807065817
63,0.315,5.703240590321038,5.827234808316689,5.8346403240037095
64,0.32,5.3844633822403685,5.5430953493949175,5.5402944036983754
65,0.325,4.993038879082921,5.191291191851024,5.179974377576192
66,0.33,4.5199661017298345,4.7629920587538885,4.746053613953294
67,0.335,3.956837536395044,4.249582222356553,4.23079558940386
68,0.34,3.2969138494366867,3.6432328351017627,3.627316773547648
69,0.345,2.537618700643829,2.938358513914319,2.9303503471994654
70,0.35,1.6859282915533382,2.1349296284949877,2.139285517617884
71,0.355,0.7691601315771474,1.2455159657758519,1.2663136715946677
72,0.36,-0.1462886657410304,0.30914126767366756,0.3506006378278581
73,0.365,-0.932602817477014,-0.5855033706426331,-0.5204832751221131
74,0.37,-1.403920224866285,-1.2758406035256638,-1.1886967001414463
75,0.375,-1.3969797660723642,-1.5438277281094388,-1.4421719509992776
76,0.38,-0.8979998784139759,-1.2411157518476141,-1.137155353178585
77,0.385,-0.0556911441262761,-0.4420501535203085,-0.3465207656800855
78,0.39,0.939281670394416,0.608797362740618,0.692706920267689
79,0.395,1.947997355586646,1.6927469964144088,1.7691343312839831
80,0.4,2.8952001845132376,2.6963137135576996,2.77266474373203
81,0.405,3.748036386620482,3.579072901696902,3.66379966987824
82,0.41,4.496099978777789,4.333780766831848,4.435251731189761
83,0.415,5.139530499233004,4.966855545211915,5.091488954574373
84,0.42,5.682962693002337,5.492561296083644,5.640321148410115
85,0.425,6.132689660960239,5.929712885359548,6.089901416653504
86,0.43,6.495431069893253,6.293725480088402,6.447859793472885
87,0.435,6.777877450517037,6.591226705640827,6.721268535278854
88,0.44,6.986607658761819,6.8236661808313155,6.916886161710053
89,0.445,7.128186933987724,6.992554589355313,7.0414680290252845
90,0.45,7.209351706546184,7.101299211955528,7.102110529177061
91,0.455,7.2372300525372335,7.155073104777495,7.106608323007553
92,0.46,7.219560248285863,7.160416104603385,7.063769523497955
93,0.465,7.164866968233957,7.125022592740118,6.983611654726125
94,0.47,7.082542729336319,7.057661124624317,6.877447597086016
95,0.475,6.9827688536516295,6.968084657686671,6.758033920288148
96,0.48,6.87620682163603,6.866801863849932,6.639443194669944
97,0.485,6.77341264547914,6.764609008395871,6.535558911517652
98,0.49,6.683986901335027,6.671833778512515,6.457316014044359
99,0.495,6.615568862331067,6.597332460920518,6.410869452813167
100,0.5,6.572883170430918,6.547402024534681,6.397792714937351
101,0.505,6.557094714495837,6.524872515032759,6.415564856603386
102,0.51,6.565673292601604,6.528662102381873,6.457338461421548
103,0.515,6.592819676865851,6.553963853187861,6.512875797597528
104,0.52,6.630329437375241,6.5930265265429675,6.571744530377785
105,0.525,6.668659624500684,6.636299719384675,6.625312765595212
106,0.53,6.697959808783582,6.673637359509975,6.665704363418464
107,0.535,6.708909588408277,6.695311507842214,6.685052874765578
108,0.54,6.69331142483646,6.69271975161692,6.6762438644793765
109,0.545,6.644472800198256,6.658796310978891,6.633717247585394
110,0.55,6.557457689444654,6.588216299223449,6.553645854633662
111,0.555,6.4292999987305,6.477511717747479,6.433716394730477
112,0.56,6.259264022819504,6.325212914031988,6.2732195795832775
113,0.5650000000000001,6.04921756484195,6.132106087528039,6.073569506560869
114,0.5700000000000001,5.804150426861891,5.901663374594296,5.838683384011457
115,0.5750000000000001,5.532811152947568,5.640653613557171,5.575355185849392
116,0.58,5.248325969585645,5.359862645745612,5.294286032522991
117,0.585,4.968489640870017,5.07471552140833,5.011300599573514
118,0.59,4.715210002517349,4.805385040182787,4.747285017648174
119,0.595,4.512494066064582,4.575748664804767,4.526422787932457
120,0.6,4.382667030043754,4.410532271387028,4.37310019475527
121,0.605,4.341421873752861,4.330514507420457,4.307049178145314
122,0.61,4.393452558094389,4.346919400104374,4.3376518390301895
123,0.615,4.530775685198351,4.45742151101511,4.460992375773121
124,0.62,4.734640539963775,4.646075851297177,4.660959039243692
125,0.625,4.979950731139227,4.88738447647149,4.912786004924865
126,0.63,5.240056304290385,5.152284887006468,5.188033542683474
127,0.635,5.490251403069331,5.413284907041691,5.459421333940659
128,0.64,5.709481309249652,5.647308230932871,5.7036876261983664
129,0.645,5.880614002947244,5.836378798526648,5.902308783436375
130,0.65,5.9898836336507255,5.966958136312787,6.040947019085411
131,0.655,6.025998335332541,6.028690190008599,6.108409701895052
132,0.66,5.979198101826802,6.013035552950494,6.095556129146644
133,0.665,5.840386023805621,5.9120684543411635,5.994326189935877
134,0.67,5.600366213148539,5.7175622076861385,5.796923341484692
135,0.675,5.2491940896348925,5.4203573320705045,5.495130538528839
136,0.68,4.775675568345305,5.009932712490933,5.07974278275984
137,0.685,4.167173499283854,4.474148907595942,4.540161979381528
138,0.6900000000000001,3.410211204517299,3.799343914754484,3.8643686029571427
139,0.6950000000000001,2.4932380461402963,2.971454591101957,3.0399223891471223
140,0.7000000000000001,1.4151861035203268,1.9800426437555219,2.057793221402716
141,0.705,0.208708829350785,0.8301621419647125,0.9237859230186585
142,0.71,-1.0056912656432058,-0.42603395389775667,-0.31091873477144283
143,0.715,-1.9380829550521217,-1.6176118375611486,-1.480355180046744
144,0.72,-2.16515961281995,-2.3580202605835945,-2.2096954414649135
145,0.725,-1.5022795333660743,-2.1496717522684703,-2.0153417980982677
146,0.73,-0.2421223699086375,-0.9485584766973538,-0.85047284821405
147,0.735,1.2055096128122378,0.6770886144501231,0.7381479422360249
148,0.74,2.60191543580818,2.246315619700466,2.2833902818254685
149,0.745,3.8576006474864193,3.6080652552911268,3.635542734917851
150,0.75,4.952743003653684,4.753315653111483,4.784139715253448
151,0.755,5.892787463868022,5.703873510244404,5.751125686103087
152,0.76,6.690319916874571,6.482055282812607,6.560251275699381
153,0.765,7.358528662880587,7.111148928948907,7.231004428873974
154,0.77,7.909115774679725,7.626279237336949,7.77841885592039
155,0.775,8.351823809118686,8.062161805744998,8.213846675958978
156,0.78,8.694510970786226,8.427112166454409,8.545934004485439
157,0.785,8.94338163607982,8.713775065944649,8.781462747852224
158,0.79,9.103232754422931,8.917023613072862,8.925858249854512
159,0.795,9.177672121936912,9.036196302521917,8.983588451130515
160,0.8,9.16930032186373,9.072570836133377,8.958569183585647
161,0.805,9.079861561142192,9.027728782275245,8.85452383038546
162,0.81,8.910374295348308,8.902915038780716,8.67520430468535
163,0.8150000000000001,8.661256587958214,8.698861901447398,8.424176521419795
164,0.8200000000000001,8.332466849320785,8.415804932065246,8.104911892935593
165,0.8250000000000001,7.923690658402648,8.053596740182464,7.72250693262918
166,0.8300000000000001,7.434622244703622,7.611910170314541,7.283908155731916
167,0.835,6.865420004796007,7.0905725730832,6.793161757331975
168,0.84,6.217466172546092,6.490121400452163,6.247374679303526
169,0.845,5.494637999681875,5.812737222855038,5.640683362084293
170,0.85,4.705395647349651,5.063803661647654,4.970997699169624
171,0.855,3.866052233944916,4.2544530377913325,4.241615421051357
172,0.86,3.005401388172798,3.4054939871062273,3.4622720190123166
173,0.865,2.169903935357753,2.5527818117747323,2.6600186920683675
174,0.87,1.4261103287876864,1.7526680011860125,1.8922722261247058
175,0.875,0.8534578603161201,1.0827543857275796,1.2406741245188284
176,0.88,0.5215270540233514,0.6290771728103977,0.7922066082942383
177,0.885,0.4594047504212403,0.45439681241063656,0.6101692234853893
178,0.89,0.64138968670413,0.5630699422595944,0.7018420718390743
179,0.895,1.003332117796542,0.8962105734962438,1.0137617164310808
180,0.9,1.4735250994449522,1.3656945332796697,1.4631498321023595
181,0.905,1.994460417895885,1.8937251145643348,1.9753454370334058
182,0.91,2.529073639074081,2.4299977398523636,2.501757294053363
183,0.915,3.0577725793981743,2.9496028074743066,3.01827354295966
184,0.92,3.572900153711635,3.4449827076224655,3.5157054199051974
185,0.925,4.07374508292176,3.918873828878354,3.992499842349582
186,0.93,4.562849405519475,4.379022134976381,4.452379271468241
187,0.935,5.043504108232182,4.833741185990529,4.902106735182708
188,0.94,5.518180779319854,5.28857058167014,5.3470655758718655
189,0.945,5.987695724596263,5.745055909254673,5.789543808454129
190,0.95,6.450946508684647,6.201371906989698,6.229506591232775
191,0.955,6.9050665694376985,6.653495538511064,6.662496267542578
192,0.96,7.3458361487294415,7.096155645342938,7.080488717687835
193,0.965,7.76819528923408,7.5234936921024635,7.478278049576728
194,0.97,8.166736306063827,7.929547366254839,7.853348434278379
195,0.975,8.536099918910239,8.308605473772847,8.202756697549743
196,0.98,8.87124548690511,8.655436866155828,8.523472841838215
197,0.985,9.167600052386828,8.965398787423624,8.813044929276876
198,0.99,9.421109696018457,9.234447007218794,9.069231198385173
199,0.995,9.628222628614637,9.459080314931914,9.289381038303098
200,1.0,9.78583144172866,9.636251618862477,9.470000210547116
201,1.005,9.891196576991057,9.763270752965251,9.606752638960383
202,1.01,9.941867457085644,9.837715078748175,9.694796464190773
203,1.015,9.935613542842766,9.85735672709683,9.729192044980636
204,1.02,9.87037563668346,9.820111622015958,9.705372060375979
205,1.025,9.74424849130364,9.724015553583934,9.619728217537062
206,1.03,9.555509751766092,9.567236213856171,9.470001083215873
207,1.035,9.30271844310844,9.348137266240194,9.255144701326834
208,1.04,8.984920270505075,9.06542205349249,8.974943925896502
209,1.045,8.602019252816255,8.718402415328606,8.62989546926632
210,1.05,8.155407852140263,8.3074650685197,8.221510925191918
211,1.055,7.648989525875285,7.8348463158002595,7.752992739157154
212,1.06,7.090763785312051,7.30587231628954,7.230352140516876
213,1.065,6.495121435176704,6.73085434221453,6.664196037949401
214,1.07,5.885778914330141,6.1277715134311865,6.072351822258686
215,1.075,5.298605031671606,5.525541264616193,5.483095876596151
216,1.08,4.782230281547834,4.966740257604147,4.937863422394071
217,1.085,4.3928354409929495,4.5068845454645885,4.490688814095499
218,1.09,4.180438413007376,4.2058200564219,4.200038659023993
219,1.095,4.1704015575805,4.109098314465159,4.110810497437823
220,1.1,4.351963345349871,4.226761151792916,4.233577709976155
221,1.105,4.683299673324159,4.525971920286811,4.5370976907852
222,1.11,5.108762928137709,4.94567560807902,4.962202159702826
223,1.115,5.57560250161424,5.421060287116923,5.44540107082288
224,1.12,6.042647218217368,5.900378612602161,5.935373976805149
225,1.125,6.481664943627987,6.349416102467444,6.397562437234729
226,1.13,6.875132767612331,6.748852763506297,6.8115951044343745
227,1.135,7.213228402569842,7.089920654352349,7.166837854689428
228,1.14,7.491276801803971,7.370529146529034,7.458671824571587
229,1.145,7.707933054665192,7.592093118755912,7.686052088004384
230,1.15,7.864010793051888,7.757161141163509,7.8500859038612205
231,1.155,7.961784046100851,7.868226793560991,7.953273300203727
232,1.16,8.004610896360251,7.927689152014622,7.999151617385041
233,1.165,7.996767312953072,7.9383429967086805,7.992179450142023
234,1.17,7.943412043304311,7.903831921844061,7.937756171577954
235,1.175,7.85062271661955,7.828894116203193,7.842305182136829
236,1.18,7.725450430936945,7.719456668067722,7.713362502208369
237,1.185,7.575938314318061,7.582645048136772,7.559616249266572
238,1.19,7.411043947596289,7.4267148964781775,7.390834535786796
239,1.195,7.240404023012072,7.260865161638235,7.217591576318718
240,1.2,7.073893092523154,7.094873972884454,7.050689659428807
241,1.205,6.920967470811763,6.938514961633809,6.900265612740341
242,1.21,6.7898528460376,6.80076513701029,6.774755414421982
243,1.215,6.686714176943951,6.688899941782847,6.679989089848072
244,1.22,6.615002586753792,6.607659044720574,6.6186059601342775
245,1.225,6.575165222935238,6.558708964851322,6.589885088727452
246,1.23,6.564816043856027,6.540582085048222,6.590089008842065
247,1.235,6.579330953331648,6.549136928173704,6.613335453808669
248,1.24,6.61271373720464,6.578421736187399,6.652740218413713
249,1.245,6.658531538551536,6.621715011539998,6.701432435633796
250,1.25,6.710746910883424,6.672508116617585,6.7532658895863955
251,1.255,6.764345041479825,6.725268153284526,6.803302476763914
252,1.26,6.815727544161777,6.775919079858402,6.848136633276484
253,1.265,6.862892190438604,6.8220575355320126,6.8860433639703205
254,1.27,6.905436399381616,6.862958600344035,6.916943537527737
255,1.275,6.944420042893468,6.899431123298392,6.942234834217552
256,1.28,6.982112669308227,6.933567105284245,6.964542101103596
257,1.285,7.021642074315821,6.968409718871099,6.987398625413041
258,1.29,7.066561600821152,7.007551488155858,7.014856750223352
259,1.295,7.120364248971857,7.054674911586837,7.051054659842796
260,1.3,7.1859891629648125,7.113062918989148,7.099764719297008
261,1.305,7.265382234736796,7.185129176709113,7.163920203642332
262,1.31,7.359177297226776,7.272036017342547,7.245149055207772
263,1.315,7.466550497657408,7.373467917421504,7.343420187116298
264,1.32,7.585268733248439,7.487604845278561,7.456915178706316
265,1.325,7.711913378946715,7.61129788153206,7.582177125363673
266,1.33,7.842227271629944,7.740404813490428,7.714528450150212
267,1.335,7.971517118920906,7.870213323764954,7.848654261414502
268,1.34,8.095047663881157,7.995873572480711,7.9791576184618425
269,1.345,8.208382291019019,8.112778203768064,8.100961329807683
270,1.35,8.30764791998902,8.216855543105167,8.209578067046813
271,1.355,8.389722005456298,8.304769200890606,8.301307674516464
272,1.36,8.452352144240834,8.374036718069124,8.373379684793033
273,1.365,8.494223753104434,8.423088870595652,8.424041446338641
274,1.37,8.5149901856906,8.451291190400884,8.452598526352027
275,1.375,8.515274730970209,8.458943206957821,8.459417164120772
276,1.38,8.496647125612297,8.447261990255635,8.445895165262542
277,1.385,8.461570038927524,8.418347238384316,8.414401810769427
278,1.39,8.41330480763183,8.375117093839105,8.368181040511622
279,1.395,8.355762060279055,8.321198377366104,8.311206799420681
280,1.4,8.293283677771667,8.260753388466654,8.247977061540157
281,1.405,8.230349695390357,8.19822958271212,8.18323603879122
282,1.41,8.1712181716423,8.138029937561322,8.121624371766531
283,1.415,8.11952615758494,8.08412085362756,8.067274939987435
284,1.42,8.077900540659305,8.039617973452458,8.02339430275435
285,1.425,8.047640590424121,8.006411136951876,7.991889628869534
286,1.43,8.028531619906992,7.984898049188671,7.97310878840674
287,1.435,8.018828400910788,7.9738844199558745,7.965749595708923
288,1.44,8.01541307788105,7.9706763878111975,7.9669629614728255
289,1.445,8.014097209982605,7.971348995141117,7.9726335119401694
290,1.45,8.010013852164263,7.971138220879823,7.977785416401778
291,1.455,7.998040164445506,7.9648868359974365,7.977043723175875
292,1.46,7.973202548896171,7.9474799114134465,7.965086417926275
293,1.465,7.931037491073784,7.914228099700249,7.937044019432557
294,1.47,7.867903621383104,7.861184992094017,7.8888312629479564
295,1.475,7.781257819154983,7.7854092927007965,7.817419682956805
296,1.48,7.669917479369294,7.685197873061053,7.721075256998471
297,1.485,7.534331380800458,7.560320443842505,7.5995902636426775
298,1.49,7.37687206185523,7.412280744909063,7.4545334562337935
299,1.495,7.202141048346135,7.244612365834717,7.289527166969804
300,1.5,7.017241353218698,7.063187269833483,7.110531589928927
301,1.505,6.831917964954278,6.876468389383425,6.926071628853457
302,1.51,6.658404702174526,6.695574264634532,6.747280139683635
303,1.515,6.510774213767064,6.533957202067534,6.587566358944922
304,1.52,6.403624247043434,6.406468154028424,6.4616899748521845
305,1.525,6.350111313618708,6.327664253625165,6.384100424047116
306,1.53,6.3596634377745165,6.30947565780925,6.366652872371535
307,1.535,6.436023886520972,6.35875132029208,6.416203037815652
308,1.54,6.576341195992556,6.475522778409141,6.5328944726457046
309,1.545,6.771674379262543,6.652739387845631,6.709872162768191
310,1.55,7.008692820928383,6.87764390694263,6.9345924030159996
311,1.555,7.271907866971933,7.134223695304245,7.191187531792207
312,1.56,7.545730451695315,7.405807802715827,7.462987509069605
313,1.565,7.815926627210011,7.6770612502783795,7.734474043242308
314,1.57,8.070384761727153,7.935089030009271,7.992391878791811
315,1.575,8.299330202354772,8.169749303529379,8.22611924644918
316,1.58,8.49519374471876,8.373444075788443,8.427558683497239
317,1.585,8.652315013310117,8.540658575491467,8.590798173973694
318,1.59,8.766603846681509,8.667454334931836,8.71171304984056
319,1.595,8.83522886207001,8.751040867871259,8.78759998244852
320,1.6,8.856364925528622,8.78947693751957,8.816880098385758
321,1.605,8.82900973130039,8.781497477278561,8.79887847596705
322,1.61,8.752869441450141,8.726435840292735,8.733674189567903
323,1.615,8.628309726585687,8.624210546842194,8.622011316378666
324,1.62,8.45636813888195,8.475357988440242,8.465262032226768
325,1.625,8.238824145156368,8.281104994849771,8.265435328482642
326,1.63,7.978322497638112,8.043481812654624,8.02522750515158
327,1.635,7.678542123540558,7.765476077636425,7.748112543729151
328,1.64,7.344394342700435,7.451222266923983,7.438470363445379
329,1.645,6.982218887198442,7.1062084495017555,7.101745439013323
330,1.65,6.599922818735555,6.737461607478417,6.744611822365506
331,1.655,6.206978483525289,6.353644099251509,6.375089571015449
332,1.66,5.814172157910421,5.964961453742845,6.002516887095583
333,1.665,5.432996074676304,5.582759929052981,5.637250257075253
334,1.67,5.074631831943845,5.218708392477251,5.289972255583067
335,1.675,4.74860092752057,4.88354607923856,4.970567226927759
336,1.68,4.46133372920369,4.5855474800438,4.686691404501464
337,1.685,4.215045105248679,4.329058554963163,4.442369379512187
338,1.69,4.007292216133486,4.113572457387887,4.237072505676046
339,1.695,3.831386842231021,3.9337128298313844,4.065649113521273
340,1.7,3.6775356673233768,3.7801779386827485,3.9191754777868457
341,1.705,3.534359263455953,3.6413416570083097,3.7864477489804855
342,1.71,3.39040461434152,3.505024800702537,3.6556534881409166
343,1.715,3.235391505472678,3.360019446430513,3.5158250713323973
344,1.72,3.061111417095691,3.197168404337652,3.3578882073246357
345,1.725,2.862033773977391,3.010016653413242,3.175324276350999
346,1.73,2.635732943286474,2.7951733154106555,2.9645773690351493
347,1.735,2.3832387867061224,2.552547014002635,2.725351527101933
348,1.74,2.1093534239350884,2.2855730188289827,2.460893448381144
349,1.745,1.8228792720756992,2.001458756632952,2.178268060225045
350,1.75,1.5365774375543084,1.7113436145256298,1.8885186271058667
351,1.755,1.2665513586171937,1.4301136278164224,1.6064663900305751
352,1.76,1.030711750827373,1.1754816670483987,1.34978619016641
353,1.765,0.8461622307277011,0.96595564252166,1.1370030267476317
354,1.77,0.725838137797356,0.8176350478899694,0.9843524705602285
355,1.775,0.6753674282440226,0.7404540015690504,0.9020953976182242
356,1.78,0.6914114932592772,0.7352108994652475,0.8915759652273993
357,1.785,0.7622544892494463,0.7928142177748256,0.9444078747811875
358,1.79,0.8703533206033474,0.8962355437311884,1.0442784090556576
359,1.795,0.9957267332605516,1.0242730391120354,1.1705221567956383
360,1.8,1.119007869367406,1.1555114035130414,1.301917750648991
361,1.805,1.2235337150628895,1.2712451575860624,1.4195223255819238
362,1.81,1.2964590473023827,1.3570232051863358,1.5082198217475042
363,1.815,1.329226302646605,1.403133152000425,1.5573014255054383
364,1.82,1.3177873821392814,1.4045534314923387,1.5605926400746188
365,1.825,1.262886975747232,1.3608366408522685,1.5165526499397206
366,1.83,1.1705756366728055,1.2762437240831273,1.4285997142729596
367,1.835,1.0529401750624152,1.1602774695113833,1.3057443634880967
368,1.84,0.92877794252242,1.028523102756151,1.1634147155481913
369,1.845,0.8235696712297951,0.9033469941171428,1.0240626656298968
370,1.85,0.7677365967591734,0.8135456430355674,0.9167192379313609
371,1.855,0.7922267640300138,0.791682148846597,0.8743112527591324
372,1.86,0.921585251195746,0.8681803889090549,0.9278446172250376
373,1.865,1.1667786712062824,1.062981857774635,1.0982159117396444
374,1.87,1.5214650348512455,1.3782691222470875,1.3890240080905105
375,1.875,1.9639853083198595,1.796777324670776,1.784759741872683
376,1.88,2.463770347757432,2.2871715605586895,2.2558360605299717
377,1.885,2.9885377958008186,2.813138985177424,2.7672562614199365
378,1.89,3.5093783807358463,3.341222680901118,3.286126040772653
379,1.895,4.002988734683378,3.844852034338866,3.7855412869338756
380,1.9,4.45178730863233,4.304991917828724,4.245265029934465
381,1.905,4.8429651086408985,4.708944132957754,4.650719918907559
382,1.91,5.167227321385619,5.048511531192334,4.991522884396442
383,1.915,5.4176055576701625,5.3181580729833025,5.260154388292145
384,1.92,5.588465827543294,5.513484541770046,5.450914579842278
385,1.925,5.674708933293702,5.63018194757342,5.559123478689911
386,1.93,5.671108722800362,5.663435519598488,5.580475648274383
387,1.935,5.57171733844661,5.6075817894509195,5.510469046024234
388,1.94,5.36925961997559,5.455788246011163,5.343838643048061
389,1.945,5.054426498950434,5.199595757665033,5.073920811277301
390,1.95,4.614948399906195,4.828225406193342,4.6918545141950325
391,1.955,4.034269884731804,4.32754522007947,4.185485657649788
392,1.96,3.289530313937319,3.6785139674994225,3.53776374154367
393,1.965,2.3483337541873364,2.854759590885885,2.7242743202285817
394,1.97,1.1633859847144792,1.8186596437671945,1.7092869392166916
395,1.975,-0.336533199333294,0.514776925532864,0.4392305183857701
396,1.98,-2.2605879256798533,-1.1412215686964897,-1.1681685370252861
397,1.985,-4.7641888581656975,-3.279351219373874,-3.2402041461056506
398,1.99,-7.912567886869716,-6.080143714573143,-5.953916562427629
399,1.995,-10.413787020494135,-9.554654511137489,-9.323498160119874
400,2.0,-8.869834057838165,-11.627287545557452,-11.346552151249172
401,2.005,-5.514122312085178,-7.704586703620848,-7.5739466076814335
402,2.01,-2.66327969160098,-3.291020434972509,-3.2878069774708347
403,2.015,-0.4421080616810976,-0.6465853797873837,-0.6892323458079552
404,2.02,1.310085655140223,1.2500720273570223,1.1877731136460854
405,2.025,2.71874913723451,2.6932361530247824,2.625775124740667
406,2.03,3.8663970854791057,3.8346141590175895,3.7746872406704677
407,2.035,4.807581199281868,4.738358862094573,4.7078854921151425
408,2.04,5.579528976886189,5.403140771819198,5.4687302593127365
409,2.045,6.208519189864985,5.8148875212474485,6.086410484148042
410,2.05,6.713689142796733,6.271124755855443,6.579725963146949
411,2.055,7.109379283050705,6.745479042966373,6.960773832929976
412,2.06,7.406637067641599,7.121642102203236,7.239697122383788
413,2.065,7.614227467390753,7.39416206527307,7.424598044895717
414,2.07,7.739349747597703,7.573751653173772,7.521773323460886
415,2.075,7.788180146629477,7.669910018528512,7.537160087796986
416,2.08,7.766315577650165,7.690262336595766,7.476991354788444
417,2.085,7.679167446896992,7.641321582343915,7.348694373693219
418,2.09,7.532337517921999,7.529168891920529,7.164924890189859
419,2.095,7.331993181308021,7.3600047578344245,6.931004751673881
420,2.1,7.085242446993552,7.140628111189912,6.647162250167582
421,2.105,6.800484872995205,6.878869235289706,6.346395022166278
422,2.11,6.487680266513028,6.583958771085856,6.0775686813232745
423,2.115,6.158433872246103,6.266765810911144,5.848576955194131
424,2.12,5.825757438146651,5.939785378258617,5.623361612340144
425,2.125,5.503359944548315,5.616716380771898,5.408256760494501
426,2.13,5.204393843657575,5.311484188600348,5.221845561370047
427,2.135,4.939762230862346,5.036678619751837,5.076626055065125
428,2.14,4.716342203836208,4.801619475221053,4.885082300385328
429,2.145,4.5356639348744325,4.6105515726001824,4.685477184750573
430,2.15,4.393536069441343,4.461616764548579,4.534864419611904
431,2.155,4.280785736386868,4.347065726376039,4.412946447337743
432,2.16,4.184860915746975,4.2546899956297715,4.304685581197795
433,2.165,4.091786659205877,4.1699733819286235,4.195394447393164
434,2.17,3.987997962223112,4.078294832156989,4.076464403763903
435,2.1750000000000003,3.8618034413166575,3.9667081958957535,3.9478937421994527
436,2.18,3.704492944454536,3.825172650501715,3.7949814544424134
437,2.185,3.511274668380913,3.647390726021408,3.6039350699073567
438,2.19,3.2822880808579638,3.4315468118169914,3.381099010923915
439,2.195,3.0238958336987194,3.1812492418128304,3.1365431278638334
440,2.2,2.750284811865664,2.9068827556094057,2.868081979312638
441,2.205,2.485013040525566,2.627323332259182,2.579181109795386
442,2.21,2.261437116127192,2.371429568404581,2.315037033689047
443,2.215,2.120145876466029,2.1778294762507553,2.127776305719215
444,2.22,2.1015842795249826,2.090648796308758,2.0481609305709654
445,2.225,2.2344986229305257,2.1493947287377515,2.1171565462760578
446,2.23,2.525296180034922,2.3750407961486593,2.383154700710865
447,2.235,2.955243663475419,2.7599765641531158,2.786919688930477
448,2.24,3.487542946592378,3.2698020425809187,3.2885626264494032
449,2.245,4.079142810213204,3.856224584759901,3.871820650842992
450,2.25,4.690496355406729,4.471829558499602,4.487987199261064
451,2.255,5.29032029469449,5.078946829305556,5.09631712116863
452,2.26,5.85623952438778,5.6517549999638135,5.67241821625203
453,2.265,6.373369669620192,6.174603864178033,6.1998413721201135
454,2.27,6.832369962418305,6.639217023068281,6.668397999275904
455,2.275,7.227700406897275,7.041960587767532,7.072163476786246
456,2.28,7.55629925545827,7.381555817695776,7.407930500261905
457,2.285,7.816665805313882,7.65749281974581,7.674220733896325
458,2.29,8.008265298495028,7.8692916874612315,7.870698973144168
459,2.295,8.13117331759234,8.016423338777766,7.9978430692834905
460,2.3000000000000003,8.185899310923991,8.098508039020267,8.056774407709568
461,2.305,8.173354333753975,8.115528515009963,8.049198589884067
462,2.31,8.094951608739207,8.068003552559311,7.977436371179065
463,2.315,7.952849742573336,7.957181444709978,7.844546407540224
464,2.32,7.750367555415237,7.785335426021669,7.654558537670399
465,2.325,7.492614064024956,7.556235895104324,7.412846526503184
466,2.33,7.18737800466487,7.275865223892325,7.126673205085472
467,2.335,6.8462856919505,6.95342277058789,6.805953697980505
468,2.34,6.486120335558358,6.602606716399864,6.464289200380501
469,2.345,6.129940434317107,6.242996554461259,6.12021338688761
470,2.35,5.807218979219143,5.901024893897592,5.798224509891097
471,2.355,5.551825523392405,5.6095214299899645,5.528587439262082
472,2.36,5.396856845601774,5.404425602066789,5.344471492254639
473,2.365,5.3668201222636895,5.3177883105164625,5.275509908593501
474,2.37,5.470188119611942,5.368439033958542,5.339029301034933
475,2.375,5.696545590455556,5.554791319078564,5.533162231925149
476,2.38,6.020197189528803,5.854699336770342,5.836563871734316
477,2.385,6.407896408119566,6.232897119062672,6.21536427166866
478,2.39,6.8264516373476845,6.651272188899381,6.632902702070091
479,2.395,7.247492997348941,7.076609324445286,7.057084058720223
480,2.4,7.649161422489202,7.483889393098609,7.463459641095116
481,2.405,8.015796591076025,7.8562493040787835,7.8350969530237204
482,2.41,8.336768438190154,8.18338334372228,8.161038970839988
483,2.415,8.605173492333085,8.45955123581107,8.434571737398045
484,2.42,8.816717756990366,8.681741987874277,8.651809945378451
485,2.4250000000000003,8.968872471607606,8.848282059888593,8.810703765327982
486,2.43,9.060286217044473,8.958031628868454,8.910410018824589
487,2.435,9.090407166187427,9.010103395771521,8.950917673334867
488,2.44,9.059271762105904,9.003883341813022,8.932820907874016
489,2.445,8.96742975463791,8.939152244333066,8.857184994886765
490,2.45,8.815991605084632,8.816224039190775,8.725507780170407
491,2.455,8.60679976252713,8.636111173501995,8.539803457963991
492,2.46,8.342738899948893,8.400764606970663,8.302836711962795
493,2.465,8.028209466626503,8.11344066954426,8.018517587455547
494,2.47,7.669787514850213,7.779240132621176,7.692427427786113
495,2.475,7.277067712968577,7.4058476022883415,7.33244221242625
496,2.48,6.8636108352623895,7.004454083088226,6.949469143024777
497,2.485,6.447759783903292,6.590739491686993,6.558286390842141
498,2.49,6.052838865347242,6.18558763355024,6.178252578240178
499,2.495,5.705997192060206,5.814905101763755,5.833279523643921
500,2.5,5.434983549238633,5.507661579418725,5.550164290646637
501,2.505,5.262865478967828,5.291459901048376,5.35455226538929
502,2.51,5.202172903958671,5.186073801045937,5.264886881756284
503,2.515,5.251156960128971,5.197284770758336,5.2865246730572695
504,2.52,5.394277830092287,5.31440925208888,5.409264085767658
505,2.525,5.6066308986377145,5.513303589558911,5.6100733656678985
506,2.53,5.859882728704515,5.763179590771677,5.85950000171521
507,2.535,6.127180287437875,6.033562839721434,6.1282636417542555
508,2.54,6.385898400424127,6.298752265973013,6.3914701964026515
509,2.545,6.618442720824609,6.539391420930914,6.630061031096949
510,2.5500000000000003,6.811873332224617,6.742097580389902,6.830443685689573
511,2.555,6.957046605208969,6.898207468140202,6.983382965003068
512,2.56,7.047705165004425,7.002327591900213,7.082830728919946
513,2.565,7.079715759345586,7.051071203058359,7.124984032900462
514,2.57,7.050520372897967,7.042191479835553,7.1076375034961305
515,2.575,6.958807824314541,6.974168265125762,7.029798025770518
516,2.58,6.804399950652136,6.846166930616791,6.89150742635012
517,2.585,6.58835584001804,6.658242076676057,6.693845519875088
518,2.59,6.313316119040585,6.411713317498206,6.439130783416537
519,2.595,5.9841270300969605,6.1097241364269355,6.1313686661435645
520,2.6,5.608786102785526,5.7580483298136675,5.7770075929104605
521,2.605,5.199707407580194,5.366209260938083,5.386037274533661
522,2.61,4.775158737848924,4.948900941981899,4.973370451743181
523,2.615,4.360402347316093,4.5274880608694605,4.560249053044732
524,2.62,3.987564708513141,4.130936056666782,4.1750510594755115
525,2.625,3.6928375803808446,3.794909028770607,3.8523327795943603
526,2.63,3.510037051599687,3.5574009575471295,3.6285827288228365
527,2.635,3.4616261174105905,3.450181905122724,3.5340026351146863
528,2.64,3.551229076673195,3.4883715423469432,3.582516987582391
529,2.645,3.762252980603874,3.6638540559937685,3.7654979335050207
530,2.65,4.063556082136659,3.947491011676558,4.053984438824738
531,2.655,4.418449735597449,4.298976491204294,4.408273170721859
532,2.66,4.792329900251976,4.677958269652935,4.788691454905765
533,2.665,5.156733455954364,5.051108181732222,5.162380683153606
534,2.67,5.490237798185344,5.394279860185428,5.505263020153281
535,2.6750000000000003,5.777595270948408,5.691599759090707,5.801045425827239
536,2.68,6.008265057457703,5.933391931956449,6.039218311192063
537,2.685,6.174972358278982,6.113956696605184,6.213128432206818
538,2.69,6.272526394123618,6.22963819681458,6.318485814915558
539,2.695,6.296923633557893,6.277429368650768,6.352315529299543
540,2.7,6.24468446256286,6.254206763532095,6.312251208947085
541,2.705,6.112354613103836,6.156443838935227,6.196055645316669
542,2.71,5.89610850828141,5.980120911091504,6.001273700883903
543,2.715,5.591402541871179,5.720618803665232,5.72494164074241
544,2.72,5.192635753908396,5.372515754674845,5.363288915878267
545,2.725,4.6927824948959245,4.929283971140166,4.91138268354088
546,2.73,4.082969373551243,4.382897367521904,4.362684082576406
547,2.735,3.35198618359825,3.7233557041222864,3.7085005211639985
548,2.74,2.4857735304687085,2.9381385811920486,2.937340561702566
549,2.745,1.4670943978371902,2.0116673295315968,2.034260069811705
550,2.75,0.2761017153704482,0.9250771085566201,0.9805360367941338
551,2.755,-1.1059399889467565,-0.34270053247335674,-0.24530678484730828
552,2.76,-2.682862536494034,-1.8094036637087196,-1.6620474285996734
553,2.765,-4.400285345312231,-3.4698776372263733,-3.266640835529776
554,2.77,-6.035744776813619,-5.235889948199548,-4.975679859263909
555,2.775,-7.06758550376826,-6.788343776319419,-6.481884283850901
556,2.78,-6.964599757989783,-7.435069833517334,-7.115267518682243
557,2.785,-5.901040616556514,-6.643787445904325,-6.35630966737709
558,2.79,-4.488590190421398,-4.996899081329209,-4.760983476091038
559,2.795,-3.114593014985142,-3.3559315274222694,-3.161033558103389
560,2.8000000000000003,-1.90865353887528,-1.9917573181367993,-1.8219231949062173
561,2.805,-0.8887331003160458,-0.8988989127303659,-0.7400810275628258
562,2.81,-0.0380464579070636,-0.029901359766745905,0.13207749411685477
563,2.815,0.6679976946441499,0.6548454754706352,0.8377779169892552
564,2.82,1.2537975540398705,1.1850531397264823,1.410671872248174
565,2.825,1.7416957051982342,1.6008386739107934,1.877259141703255
566,2.83,2.151893335171705,1.9634390133919348,2.259120455607515
567,2.835,2.5027022613398886,2.305979260443436,2.574562799185937
568,2.84,2.810661298390531,2.6255283436201173,2.8398922763544356
569,2.845,3.090382904401909,2.9200067432837047,3.0698271984676797
570,2.85,3.3541482815894907,3.1955744879346586,3.27730835609312
571,2.855,3.6113666930364863,3.4608470935060502,3.473171961052846
572,2.86,3.8680775877130102,3.7229848523552294,3.665782150252492
573,2.865,4.126682291029475,3.9860087603496854,3.860824754336871
574,2.87,4.386030331770634,4.2502883418878366,4.061069667269852
575,2.875,4.641872124330928,4.512738352035918,4.265832422690178
576,2.88,4.887574842776501,4.767478443438058,4.47311371082017
577,2.885,5.114932910687405,5.0067200466018535,4.683717283072708
578,2.89,5.31490767177205,5.221648802913827,4.898163749637828
579,2.895,5.47818376941505,5.403127758685915,5.107667458400065
580,2.9,5.595496649933186,5.542135121290365,5.29390308249383
581,2.905,5.6577377108978,5.629930836915193,5.439072318159206
582,2.91,5.655869813532123,5.6579948856326086,5.5282199221456185
583,2.915,5.580688989699532,5.617794826322223,5.5425621665650695
584,2.92,5.422456578167553,5.500430121426463,5.45872377061096
585,2.9250000000000003,5.170407670285392,5.296177371669093,5.265962917275835
586,2.93,4.812122676630383,4.9939330261045995,4.963860338652909
587,2.935,4.332736320313988,4.580525936637474,4.545258863217775
588,2.94,3.713971807430136,4.039861201251554,3.9961750125676696
589,2.945,2.933093103070108,3.351885630675902,3.299030837235861
590,2.95,1.9622946783155677,2.4915251060571744,2.432612880588563
591,2.955,0.7706117869242941,1.4283569349448082,1.3708778069906855
592,2.96,-0.6639499800716065,0.1299968271121914,0.08366988026659339
593,2.965,-2.305361282312347,-1.4198842013612456,-1.4449559023033185
594,2.97,-3.902949458892793,-3.1513340217914454,-3.146449198890041
595,2.975,-4.7424947412161975,-4.690010473033153,-4.658155371733109
596,2.98,-4.096159329588137,-5.056798279248946,-5.0336426174205915
597,2.985,-2.373995153648383,-3.522469719307839,-3.5627513632188297
598,2.99,-0.4209744001940235,-1.1533627668390967,-1.2649042514588151
599,2.995,1.3726977906850144,0.961919204500012,0.8092573998708605
600,3.0,2.922128036719578,2.6737022236817407,2.508570143520626
601,3.005,4.237314900383213,4.05704492455665,3.9029646693422713
602,3.01,5.347345591401087,5.182258983835291,5.061412825693312
603,3.015,6.280174120198115,6.092259175914146,6.024952746843032
604,3.02,7.058504586067733,6.810501047588017,6.82057787486649
605,3.025,7.69981869989072,7.37683112072537,7.4720576484443395
606,3.03,8.217254650821712,7.865623987105981,7.99582098023421
607,3.035,8.620481007207948,8.296678070757446,8.40173685870989
608,3.04,8.916381431799135,8.644220446038434,8.696876602850084
609,3.045,9.1095430507362,8.894059628635677,8.88632669576128
610,3.0500000000000003,9.202578802083202,9.043698007957033,8.97340309354051
611,3.055,9.196313554606949,9.093606022806663,8.960179450978634
612,3.06,9.089854453550434,9.043812210103205,8.847911048419565
613,3.065,8.880556013723997,8.892903698958223,8.637427692141552
614,3.0700000000000003,8.563882440322244,8.637681136697044,8.328801417613919
615,3.075,8.133165835520131,8.272918596981905,7.919362325313123
616,3.08,7.579265726864648,7.791071587564481,7.4059473384029015
617,3.085,6.890171839281997,7.181900658750363,6.790224196365865
618,3.09,6.050714514957364,6.432062925519217,6.071624554802494
619,3.095,5.042922753032957,5.524904255583048,5.232581139216284
620,3.1,3.8487000998972887,4.441207386347553,4.2407013564648155
621,3.105,2.4598439905531126,3.1632130634596667,3.0688467435220463
622,3.11,0.9096238584647393,1.6888572706202511,1.7092399874619417
623,3.115,-0.6432653980687599,0.07568428644757486,0.2045932655088123
624,3.12,-1.7797826219153317,-1.4453311100074533,-1.242505740876628
625,3.125,-1.9303078194036367,-2.30635876190897,-2.0793033720468426
626,3.13,-1.0337533817719486,-1.8546636616034302,-1.6550030559169588
627,3.135,0.3698376085964509,-0.32540241962952976,-0.18545120777222834
628,3.14,1.8152136021259535,1.39718687362579,1.4779005377936123
629,3.145,3.1108824665217565,2.883542429031813,2.9180133270878166
630,3.15,4.21079165412671,4.084487674199386,4.087744643656951
631,3.155,5.119199503896179,5.035379870862349,5.025323322997234
632,3.16,5.853341598140069,5.772767212143448,5.769810522467759
633,3.165,6.431381505585812,6.322304638462103,6.350161781753913
634,3.17,6.869145388777088,6.711748009106103,6.789614795682539
635,3.1750000000000003,7.179699101194772,6.989916184841745,7.104481305373989
636,3.18,7.373801847578677,7.19380485590945,7.302573953997619
637,3.185,7.460626075090971,7.320116346213925,7.389886587681094
638,3.19,7.448596537587871,7.357747923239087,7.377783505974838
639,3.1950000000000003,7.346367707707313,7.30516344782836,7.277869097707808
640,3.2,7.164020364330135,7.167942947048704,7.0981887149926495
641,3.205,6.914562865537687,6.956180400548404,6.851017365807445
642,3.21,6.615746978041878,6.684498300262168,6.552289268784914
643,3.215,6.291973140417508,6.373460481258683,6.213540057702117
644,3.22,5.975564257749859,6.051324654597439,5.860079374041104
645,3.225,5.70596867712702,5.754870569924313,5.536100082728513
646,3.23,5.525063773439284,5.527367851053306,5.292956214729441
647,3.235,5.4679313041640585,5.411612195867023,5.181908393534215
648,3.24,5.551976620206079,5.438096618558173,5.236862614028602
649,3.245,5.770557018356351,5.613211189927926,5.458044785058634
650,3.25,6.095616019559956,5.915530467356712,5.815809747993524
651,3.255,6.487407123740776,6.303735813230872,6.263772527471588
652,3.26,6.905079027160106,6.730602692499229,6.747796007561943
653,3.265,7.313478347249964,7.154346552160561,7.213070769343997
654,3.27,7.685489283950439,7.5435040159364295,7.621986107206103
655,3.275,8.001491669570285,7.87683168468334,7.960952240980763
656,3.28,8.247654560762133,8.14103159196203,8.22260356728643
657,3.285,8.414096769264349,8.328045475549432,8.399210959830011
658,3.29,8.49332925234139,8.432574259279493,8.485296302949436
659,3.295,8.479057350771047,8.450107873969973,8.477833200443763
660,3.3000000000000003,8.365290724300833,8.375678194826508,8.375188401015164
661,3.305,8.145686104740212,8.20331113016696,8.174172119766151
662,3.31,7.813076509416633,7.925885028945094,7.869236361652044
663,3.315,7.359208375782671,7.535108641618324,7.454594070089049
664,3.3200000000000003,6.774846533182783,7.021570846464118,6.923753820228698
665,3.325,6.050716357698397,6.37512268742881,6.267260162437376
666,3.33,5.180479929309932,5.586296000124391,5.4751029140832035
667,3.335,4.168621760419494,4.6504139176035535,4.544873563714043
668,3.34,3.0494633511200284,3.578245950369491,3.4912801216932294
669,3.345,1.926652242333047,2.42133148211295,2.3660713785849987
670,3.35,1.0265064603622107,1.323054876729477,1.308342440199
671,3.355,0.6752206796235434,0.5795581438219211,0.6050672918870665
672,3.36,1.0624019219864698,0.5725749301891625,0.6215067128827165
673,3.365,2.0279414938868547,1.4103520060426757,1.4583375830916006
674,3.37,3.2450921404356645,2.7297996807092226,2.766679642920306
675,3.375,4.474262820679216,4.105264284384846,4.135775770080249
676,3.38,5.602148799434715,5.339565882814744,5.372238259209795
677,3.385,6.589739221668637,6.386517495680215,6.4296822057536716
678,3.39,7.430535512650964,7.250054513690907,7.312530264138399
679,3.395,8.12994111464291,7.944888738255237,8.036589448300187
680,3.4,8.696590187462391,8.489223293602908,8.617441807196101
681,3.405,9.138985681300548,8.909277208314428,9.067838183496516
682,3.41,9.46431982814578,9.232917164542162,9.397481115548345
683,3.415,9.678156366556514,9.471028924401423,9.613474110885594
684,3.42,9.784437259296183,9.61913464900643,9.720898213098653
685,3.4250000000000003,9.78560397634426,9.670919050731564,9.723242968758955
686,3.43,9.682764218755832,9.622835333786057,9.622761072009917
687,3.435,9.47590530361544,9.47305295733342,9.420857611527133
688,3.44,9.164208468733555,9.22016188724767,9.11852512307098
689,3.4450000000000003,8.746586801193411,8.862722467900664,8.716819001642495
690,3.45,8.222686668485164,8.3995697325104,8.217344532791184
691,3.455,7.594803414786399,7.8309299240732155,7.623400536473637
692,3.46,6.871513550383895,7.160795417876237,6.943146913913706
693,3.465,6.074265652276132,6.401504745059213,6.194141831356822
694,3.47,5.248127610484104,5.581992496311122,5.408130906084546
695,3.475,4.475157074437043,4.760857753669916,4.640082511861391
696,3.48,3.879112397140245,4.041125729515957,3.9837326521449024
697,3.485,3.596304988913506,3.5698119982898877,3.575230849981353
698,3.49,3.703176386017191,3.4891728311451216,3.5466789552316262
699,3.495,4.160180811472686,3.83948917483018,3.930432158419755
700,3.5,4.842022892368208,4.51252852323368,4.616408028577808
701,3.505,5.61475343209244,5.331161920694855,5.434076245026075
702,3.51,6.381363158109896,6.153312893870012,6.250193557421671
703,3.515,7.085437067058705,6.900838702995035,6.99181165711536
704,3.52,7.698707171512479,7.5404747730073876,7.627979920197138
705,3.525,8.208929778927057,8.062329406832738,8.149760205259735
706,3.53,8.61195291060277,8.468208357005496,8.55794127957218
707,3.535,8.90721740163217,8.766268310537995,8.856283141356846
708,3.54,9.09534626213834,8.965994056427963,9.04811883160039
709,3.545,9.176865349055506,9.072563833870104,9.135828169362892
710,3.5500000000000003,9.151495840968003,9.085183035649045,9.120923537588553
711,3.555,9.01770984443957,8.999567877897213,9.003101587636323
712,3.56,8.772376627581165,8.810270552737997,8.779859669306273
713,3.565,8.41039436652888,8.511171066210181,8.44785924642641
714,3.5700000000000003,7.924231472218425,8.094924647177908,8.003574166272553
715,3.575,7.303311344195107,7.552105992854026,7.441333130329937
716,3.58,6.533182374258107,6.870250532258903,6.751552249712006
717,3.585,5.594459229033236,6.03275602517866,5.920244400778392
718,3.59,4.461726286591459,5.0176215150948105,4.926828770461974
719,3.595,3.103408076405389,3.796302654523835,3.742508134952201
720,3.6,1.4867095624559992,2.334137392516851,2.3332098463598774
721,3.605,-0.3967247732247626,0.5982105765735586,0.6667796055857105
722,3.61,-2.431250218348179,-1.405086416348194,-1.2531016026895454
723,3.615,-4.109592414709003,-3.488155907199312,-3.2492276589106623
724,3.62,-4.471231238743568,-4.918773290095823,-4.617535616529024
725,3.625,-3.346977332793969,-4.480087310841123,-4.181559002086004
726,3.63,-1.6669158685600638,-2.4653072640893896,-2.2171505030940795
727,3.635,-0.073198882691032,-0.4287071441771264,-0.22291261351275882
728,3.64,1.25665648856122,1.145996696525232,1.3278911501451005
729,3.645,2.31378249492363,2.3205576660117955,2.4916551600314
730,3.65,3.126706780768172,3.1832875228653563,3.355370445124291
731,3.655,3.725531711449136,3.79120034514306,3.9804587493536774
732,3.66,4.134316428498468,4.1723944256660435,4.405974517342973
733,3.665,4.370568615882463,4.348597714083719,4.656905565573613
734,3.67,4.446252195782235,4.386813875489464,4.748846647575497
735,3.675,4.368950178156774,4.341799123539221,4.690639541558543
736,3.68,4.142981752395168,4.190076672442503,4.486890083510152
737,3.685,3.770661442961672,3.903939439047595,4.139617812808358
738,3.69,3.2541709396229503,3.474285420019554,3.6495720433724754
739,3.695,2.598965225243313,2.901196247905702,3.018938179509239
740,3.7,1.8204388681298176,2.192166461764544,2.256039923835845
741,3.705,0.9566080150131872,1.3688635183122528,1.3836473511963683
742,3.71,0.0888872181925448,0.48277725947845695,0.4545712076919477
743,3.715,-0.6369513392112678,-0.35955464546257687,-0.42549299489312276
744,3.72,-1.0267653935004653,-0.9757009576242162,-1.078226285305285
745,3.725,-0.9380825671658208,-1.1448177020820296,-1.281704056465399
746,3.73,-0.397656380312773,-0.7559744478728403,-0.9122932559127657
747,3.735,0.423502665996019,0.06475547667717496,-0.08315068886894572
748,3.74,1.3397993554794718,1.0608955209687845,0.947875491649731
749,3.745,2.2259731790240527,2.0343388459164786,1.975214914046839
750,3.75,3.0166537510940143,2.8906180864045314,2.9009461379199557
751,3.755,3.683342427337987,3.59782169526411,3.6865464966923636
752,3.76,4.215966726116927,4.150529243545501,4.304933535640534
753,3.765,4.6123371277895,4.554017805863614,4.747024804259002
754,3.77,4.872777431756169,4.81986644633397,5.033422673239242
755,3.775,4.997454869793871,4.9616175984840165,5.177455065786931
756,3.78,4.984969641845219,4.985922182455325,5.180145705261465
757,3.785,4.831447657029814,4.888645663825638,5.040394526484298
758,3.79,4.529727153969657,4.659094631874273,4.75584113377605
759,3.795,4.068377541121986,4.2837553013556615,4.322873675698571
760,3.8,3.430330817004586,3.7462101886870904,3.7312351129226955
761,3.805,2.590911556871543,3.02503009159764,2.9615003877489467
762,3.81,1.5151662753110546,2.0908692903906854,1.988271366463628
763,3.815,0.1552288672807072,0.9030433043588126,0.7768047202969015
764,3.82,-1.5470569625797004,-0.5932407995800215,-0.7251386346769166
765,3.825,-3.624530336156113,-2.46128244200138,-2.5806325814868147
766,3.83,-5.88913226411384,-4.718316986528427,-4.802368890562354
767,3.835,-7.327195880929603,-7.0481049389929105,-7.0767080088655465
768,3.84,-6.522313431881051,-7.96269562022729,-7.9633266420367566
769,3.845,-4.323816572057102,-5.824628083920196,-5.873823416418459
770,3.85,-2.101283597298607,-2.791841671495085,-2.8788647477754292
771,3.855,-0.2349407200296601,-0.5060917486611114,-0.5822246447981474
772,3.86,1.2715735228073926,1.1791839832638784,1.1287656478597818
773,3.865,2.475623047459181,2.4530639861428267,2.431612478181919
774,3.87,3.429676312784345,3.4251645782811933,3.4375643172423214
775,3.875,4.173051643294909,4.149232787227356,4.209479536471748
776,3.88,4.73386143817092,4.64010969895824,4.78644520606146
777,3.885,5.131875299502591,4.932704106963424,5.194167443176652
778,3.89,5.380776466034028,5.157087558828572,5.449023777828546
779,3.895,5.4897834849702765,5.326559851452033,5.561414971321884
780,3.9,5.46485648432295,5.383775567836381,5.538540510457559
781,3.905,5.309736281576738,5.31052915415947,5.384965340258496
782,3.91,5.027105559365851,5.10616384770738,5.10342472669703
783,3.915,4.620290798973291,4.773474034177806,4.696724186776803
784,3.92,4.096201509196882,4.317259901471659,4.169876218148895
785,3.925,3.47066268986166,3.7473861444163017,3.5341373299731282
786,3.93,2.777714961522645,3.085437184059863,2.8143009461655284
787,3.935,2.0835148947189204,2.3763037725223706,2.05573854828429
788,3.94,1.4991713668741062,1.7046853858048663,1.3434401303971915
789,3.945,1.171248135452463,1.2071950957425424,0.8271437247165716
790,3.95,1.2223793738726196,1.0498602368283292,0.6894411711720725
791,3.955,1.6685606636985213,1.3400310243254507,1.0327850627728257
792,3.96,2.4069625699399677,2.0305159011890104,1.7880631193767038
793,3.965,3.29082943002682,2.947938697912983,2.776427292102612
794,3.97,4.200147583276268,3.917217304193131,3.826448344434908
795,3.975,5.060976740842039,4.8305646715573705,4.820626764879858
796,3.98,5.835271449857011,5.6391925763697675,5.671746871094774
797,3.985,6.506393729604599,6.326842794440783,6.372707287661748
798,3.99,7.068821126083788,6.8928442066046,6.950067488035867
799,3.995,7.522199970994031,7.344823399126943,7.407969195506521
800,4.0,7.868194412455042,7.694288890903384,7.748537452616491
801,4.005,8.108883089183417,7.950579060993357,7.976239489987316
802,4.01,8.245960544283498,8.116719555271235,8.098257039001206
803,4.015,8.280345358070635,8.190892701812793,8.122874891425482
804,4.0200000000000005,8.211993546319949,8.16976003287227,8.050328352438841
805,4.025,8.03982475459484,8.050017008831055,7.8784323044133435
806,4.03,7.761736429372572,7.828442762725753,7.610441730653928
807,4.035,7.374739846223978,7.501582191015583,7.2478653808895
808,4.04,6.87533182841341,7.065619243939235,6.783135018680931
809,4.045,6.260359759156882,6.516678284914643,6.209005149118098
810,4.05,5.52891813497337,5.8518582329347595,5.532746105814232
811,4.055,4.686346493746212,5.071657364360817,4.764913145493774
812,4.0600000000000005,3.752251615238973,4.185133803064882,3.9131551658502484
813,4.065,2.7751070630299357,3.220190534614275,3.0068788654250804
814,4.07,1.853119919170202,2.2418727859029643,2.112382983487911
815,4.075,1.1457473147706236,1.3766857984912146,1.3271373788840077
816,4.08,0.8323553022369256,0.8184958961166595,0.8280239075856191
817,4.085,0.998987808631421,0.7565967048907174,0.8067823964582317
818,4.09,1.5637092762323404,1.2213508365933001,1.2924351909050853
819,4.095,2.3473617440130257,2.0320947664990534,2.108248484106231
820,4.1,3.187984685208696,2.950741555467804,3.0251972562543545
821,4.105,3.984588819219005,3.8209997777409943,3.893514793335577
822,4.11,4.686494611183551,4.57401848475518,4.647839391424516
823,4.115,5.272359874083199,5.188113333548065,5.268527564588899
824,4.12,5.735306064476746,5.661508552412985,5.754553753735313
825,4.125,6.074685945194362,6.001622271728633,6.110795593199982
826,4.13,6.291945585141413,6.221552206403625,6.342775938821132
827,4.135,6.388628801156004,6.334185495708919,6.454758026707593
828,4.14,6.365436807942856,6.3445569500608885,6.44931722218034
829,4.1450000000000005,6.221806212587277,6.249498681930543,6.327279521205734
830,4.15,5.955775122496139,6.042627841553451,6.087746884887231
831,4.155,5.564098865347168,5.717454172222411,5.728535403346966
832,4.16,5.042759100747301,5.267943553623629,5.246961368093213
833,4.165,4.388295069216834,4.688689237545429,4.640602242412818
834,4.17,3.600946180336834,3.976212188696758,3.908627514622893
835,4.175,2.6916956178463765,3.1328396704514,3.0555160118932587
836,4.18,1.697018364321952,2.1758132593250696,2.0999156421948277
837,4.1850000000000005,0.7053721167758681,1.1563299191528986,1.093308906390459
838,4.19,-0.1126296051830933,0.19261067241910723,0.15233656792056838
839,4.195,-0.5217648337922854,-0.49809699173228505,-0.5108415255939143
840,4.2,-0.3588747719463507,-0.6448689210431997,-0.6335908375641885
841,4.205,0.3158836310506585,-0.12820339140377524,-0.10111305862907649
842,4.21,1.2801497929822536,0.8611922271232544,0.9001644059212168
843,4.215,2.323766959864347,2.004942125803972,2.0579756075738262
844,4.22,3.321590312181634,3.0947330365342838,3.1645514874485756
845,4.225,4.216865921217374,4.049678120265051,4.136809418850851
846,4.23,4.990115712635614,4.851568838689191,4.956513417287016
847,4.235,5.638904646021629,5.50450327862157,5.629579761186804
848,4.24,6.167639199273412,6.021044461473364,6.167778490939669
849,4.245,6.582940610387099,6.420618337888261,6.582718255581696
850,4.25,6.891700456997748,6.725335810199104,6.884664865395953
851,4.255,7.100368403024579,6.948687719351961,7.082533380045534
852,4.26,7.214805995744521,7.092820049559572,7.183951366497389
853,4.265,7.24041593938828,7.156220650983837,7.195439746783528
854,4.2700000000000005,7.18243157036013,7.138998392999971,7.123019771376777
855,4.275,7.046334702284643,7.043633183398823,6.972879623347595
856,4.28,6.83841036018981,6.874535032020373,6.75181267939608
857,4.285,6.566461716415729,6.637942340744159,6.467976049119875
858,4.29,6.240696122952315,6.342330274458552,6.132200167391581
859,4.295,5.874735816059472,5.999199591327817,5.7591645723696026
860,4.3,5.48657443201022,5.624061825885989,5.368237207840092
861,4.305,5.099070730467902,5.237310709001889,4.98382222301156
862,4.3100000000000005,4.739293013568463,4.864413900386003,4.633556796113244
863,4.315,4.435927814580119,4.534569526230014,4.344180715532724
864,4.32,4.214463465883804,4.27698384027595,4.1382107625769065
865,4.325,4.091189359563402,4.114772174770099,4.031577934000262
866,4.33,4.068526440101702,4.058295967241466,4.028618609566457
867,4.335,4.134239511288433,4.101304327617186,4.117178404530889
868,4.34,4.265004060762228,4.22245549355858,4.271148741382962
869,4.345,4.4322886220860696,4.391503172585357,4.459888677317113
870,4.3500000000000005,4.607787474245026,4.576661708106928,4.654881177678387
871,4.355,4.766805632020598,4.74993337961766,4.831329234446174
872,4.36,4.889519170272852,4.889411439887885,4.969186466412431
873,4.365,4.96082220438171,4.9793017320529565,5.053830130597602
874,4.37,4.969527924933837,5.008796597344995,5.075464877869653
875,4.375,4.90744209986108,4.970612001660272,5.027628305137196
876,4.38,4.768577874644404,4.859648649577397,4.9056788082283775
877,4.385,4.548630348585057,4.672046532506273,4.706241446555072
878,4.39,4.244774203958261,4.404766344466033,4.427198832709028
879,4.3950000000000005,3.8558613368440593,4.0557053629737805,4.067420302196809
880,4.4,3.3831599184537464,3.62432195214243,3.626999873464994
881,4.405,2.831879633777264,3.1128483046599653,3.109053816039633
882,4.41,2.2138347735621773,2.5283566701135465,2.522346564211488
883,4.415,1.5515683444684616,1.8860979303563852,1.8838387344627052
884,4.42,0.8836871672442286,1.2144378919121737,1.2225541402671078
885,4.425,0.269235302715978,0.5608254114938269,0.5852711115189324
886,4.43,-0.2147567532043083,-0.004477452483559574,0.039711703699568446
887,4.4350000000000005,-0.4905717795324659,-0.39487137693522634,-0.33188818381969476
888,4.44,-0.5113048102091327,-0.5333274842220836,-0.4560272335022386
889,4.445,-0.2858396024079957,-0.3920380517564217,-0.3053615507938181
890,4.45,0.1266187045822191,-0.013578201451546867,0.07944487435530156
891,4.455,0.6468465491308957,0.5120932834798158,0.610991049597442
892,4.46,1.2038856663259687,1.0923803913509351,1.19860654853085
893,4.465,1.7469985976542397,1.6597532941434587,1.7755732799966486
894,4.47,2.2451255359815416,2.1750150394062264,2.302502491255536
895,4.4750000000000005,2.681834518321593,2.6199343871069294,2.7600445736911197
896,4.48,3.050326666434918,2.989670331410661,3.1410921166546926
897,4.485,3.349844344021062,3.28747991297827,3.4454737301509413
898,4.49,3.5834298832577853,3.520698340190127,3.676931149691033
899,4.495,3.7566395207239593,3.697474118101599,3.8415721573901656
900,4.5,3.8768414174048176,3.825195710435483,3.94715320433298
901,4.505,3.9528189622851095,3.910859182547448,4.002774945430818
902,4.51,3.994474940169905,3.9620977038176166,4.01873431528858
903,4.515,4.012481899858911,3.9877235262272523,4.006361922156483
904,4.5200000000000005,4.017766654855365,3.9975648771280707,3.977710358750927
905,4.525,4.020773814864946,4.001794950252638,3.9449934323762963
906,4.53,4.030537490987534,4.009945420373788,3.919743814401517
907,4.535,4.053692582264815,4.02976713211538,3.91175931249166
908,4.54,4.093639149502351,4.06614517501007,3.9279833076985193
909,4.545,4.150083403410341,4.120323794014876,3.9714616696731992
910,4.55,4.21908983416181,4.189661145280748,4.040562087900113
911,4.555,4.293622005563588,4.267988500194439,4.128803055770295
912,4.5600000000000005,4.364402217013308,4.346452888242538,4.2255826552948665
913,4.565,4.4208528088787,4.414580170245021,4.317603364987413
914,4.57,4.451909869744383,4.461273930732766,4.3903989402762855
915,4.575,4.446585622156621,4.475549784152982,4.429608044500143
916,4.58,4.394245595550771,4.44692699848457,4.422019458186226
917,4.585,4.284626311972515,4.3654974454469775,4.356242721954359
918,4.59,4.107640878113036,4.221740419059392,4.222607422851848
919,4.595,3.8530121059250497,4.006155900103838,4.012366593727738
920,4.6000000000000005,3.5097470053343667,3.7087638328167625,3.7167593540730417
921,4.605,3.0654291288101945,3.318475710365087,3.326192945615685
922,4.61,2.5052547406282937,2.82229336373976,2.829370465168205
923,4.615,1.810663823141696,2.20422604412247,2.212117657537707
924,4.62,0.9572921240008208,1.4437262006137375,1.4557280426873183
925,4.625,-0.0882532563739915,0.5132931125717128,0.5345565977119762
926,4.63,-1.3736968084012466,-0.6253825980948502,-0.5877590120176173
927,4.635,-2.9700082727183656,-2.027863819497701,-1.9645944081785194
928,4.64,-4.985478506908494,-3.777884937523231,-3.6769424649966975
929,4.6450000000000005,-7.576388477699483,-6.004285701481283,-5.849796548849946
930,4.65,-10.833205018898337,-8.889536060964106,-8.660503546148242
931,4.655,-13.61669681763134,-12.48401380241812,-12.15958641948009
932,4.66,-12.416375939013305,-14.938039819079306,-14.561792258552236
933,4.665,-9.17514260213914,-11.39063497645927,-11.160427832638847
934,4.67,-6.412892384337626,-6.958775520455582,-6.8624015091043375
935,4.675,-4.298085068703993,-4.388567614735958,-4.33626135945031
936,4.68,-2.66793363748615,-2.6001935368625784,-2.562340090125028
937,4.6850000000000005,-1.3931592797183232,-1.2834546954021535,-1.2440197570844953
938,4.69,-0.3887013376438228,-0.2792267929206256,-0.22528092721200554
939,4.695,0.4017822654512274,0.4801934437326274,0.5694772447878105
940,4.7,1.0170805448759388,0.9988247348962833,1.1847984202303898
941,4.705,1.4851762531736572,1.251627695352481,1.6510101762335188
942,4.71,1.8273544749026072,1.533950633099043,1.988598344228917
943,4.715,2.060839901685413,1.8457863912759254,2.2118277000134245
944,4.72,2.2006158592678333,2.064259648445443,2.333917556146947
945,4.7250000000000005,2.2607776823292225,2.185852474126747,2.3674080186956745
946,4.73,2.255593232602952,2.2273085967067874,2.3245594557932594
947,4.735,2.200315666630404,2.206224862653414,2.2191237908151735
948,4.74,2.111682361694821,2.1404176031951647,2.067305652244554
949,4.745,2.007935040467603,2.0486158912322776,1.8883867498675913
950,4.75,1.9081443315449669,1.95052828432007,1.7085702592878609
951,4.755,1.8306910250999164,1.865956557839962,1.5475991533684956
952,4.76,1.791015936265551,1.8129018077899635,1.4162575809424203
953,4.765,1.7991612801878,1.8049653858105241,1.351639893298806
954,4.7700000000000005,1.8579532627465432,1.8488285716787023,1.4016052698821841
955,4.775,1.9625964556287037,1.9428626255347368,1.5656283156769435
956,4.78,2.101885659392784,2.0776015175497387,1.7861270569825418
957,4.785,2.260536775511383,2.2379597472537953,2.038768395238643
958,4.79,2.42177725724038,2.4062858042144826,2.3110877006655515
959,4.795,2.569478356806911,2.5651687464337236,2.589527644892966
960,4.8,2.689523342873104,2.6993395508171107,2.762333703290308
961,4.805,2.7704749726416416,2.7965784024715856,2.84193018058416
962,4.8100000000000005,2.803789345234074,2.847895636085852,2.882699942633565
963,4.815,2.783849918004506,2.8473515401822618,2.8668875298895946
964,4.82,2.7080492215425185,2.791839064126082,2.7865027241318443
965,4.825,2.57708773774868,2.6810767195202514,2.640922285487338
966,4.83,2.395607265446457,2.5179812146920075,2.4381110542318947
967,4.835,2.1732084997314804,2.3095084426269463,2.198642322256012
968,4.84,1.9257618692505651,2.0679461877113243,1.9315681072205364
969,4.845,1.6766210129283747,1.812451397380038,1.6483912046156952
970,4.8500000000000005,1.4568381288992915,1.5702448866811145,1.3844502577330378
971,4.855,1.3029432612629257,1.3762625981041876,1.1824478411918462
972,4.86,1.2509896435714076,1.2695246338579178,1.0700978433221118
973,4.865,1.3273815523200292,1.2850221393365207,1.0662565046221948
974,4.87,1.540187947833819,1.442700930670766,1.206717089260927
975,4.875,1.876132686435504,1.739089092469856,1.5045234195942792
976,4.88,2.305321216678717,2.147619851647428,1.9220561517168147
977,4.885,2.790474409453813,2.627926656113793,2.4192775857370576
978,4.89,3.295459938105729,3.137861806500563,2.983585746997937
979,4.8950000000000005,3.790190710995095,3.6418606443320964,3.528840649672855
980,4.9,4.251990996352212,4.113937037565184,4.015476282304494
981,4.905,4.664874719069629,4.537062385991519,4.456225279338733
982,4.91,5.018058936605788,4.901087483703582,4.837601937426483
983,4.915,5.30446448139556,5.200432542016688,5.14759422355916
984,4.92,5.519498828567222,5.432050004209335,5.38349802788403
985,4.925,5.66017589696439,5.593936471470873,5.543269992563357
986,4.93,5.724537792278169,5.6843427500045625,5.625755172623507
987,4.9350000000000005,5.711330539011889,5.701586786965949,5.630570327296986
988,4.94,5.619906219564554,5.644207141137707,5.557960767000241
989,4.945,5.4503595388731165,5.511256256485991,5.408830935234492
990,4.95,5.203953664971141,5.302705627027209,5.18499316303145
991,4.955,4.883949421410556,5.020073741447255,4.889709071429996
992,4.96,4.497019552866657,4.667470860380229,4.528659476533963
993,4.965,4.055474908868674,4.2533123574801674,4.111544893989282
994,4.97,3.580444034697578,3.7929669277598954,3.6545468683629485
995,4.9750000000000005,3.105663438357187,3.312434154664346,3.18374110410759
996,4.98,2.680217182442846,2.852427200592806,2.738908383664465
997,4.985,2.3663535725179226,2.470438913661399,2.3754879779781115
998,4.99,2.227450161452699,2.23565510590959,2.1597595811434815
999,4.995,2.3062814472859903,2.211203923919676,2.1518825933267407
1000,5.0,2.6055513799885217,2.426851291358531,2.3796881114089006
1001,5.005,3.086870731725704,2.8608889272783458,2.821266218758882
1002,5.01,3.689133330277668,3.449782779600808,3.414325172563487
1003,5.015,4.350729084917525,4.11785752523243,4.084931782420671
1004,5.0200000000000005,5.022622597420519,4.80211422176319,4.771541604715613
1005,5.025,5.671249621077931,5.460582532489901,5.43299042145766
1006,5.03,6.2760320721381015,6.069709883925002,6.0456913086929305
1007,5.035,6.825583705659557,6.6188543812476635,6.597923776392131
1008,5.04,7.314437370165084,7.10547085715165,7.085025049020986
1009,5.045,7.740710590276731,7.5312955145558576,7.506217619556496
1010,5.05,8.10458306028115,7.899290179152882,7.862739869379173
1011,5.055,8.407348834757391,8.211785674421362,8.156818783351477
1012,5.0600000000000005,8.650840447883017,8.470109620503884,8.391136258971152
1013,5.065,8.83708243253348,8.67506478822612,8.56857051739357
1014,5.07,8.968081798742036,8.827419452339319,8.692085050091208
1015,5.075,9.04569761066636,8.928092113418503,8.764676730963245
1016,5.08,9.071553898020955,8.978109440492748,8.789313807465996
1017,5.085,9.046973752077388,8.978479210340389,8.768830403682296
1018,5.09,8.972920695463923,8.93005602793782,8.705783613354612
1019,5.095,8.849938350066962,8.833422485945295,8.602274544798757
1020,5.1000000000000005,8.67808234682901,8.68878388657049,8.459687126832584
1021,5.105,8.456840099247977,8.495867999653028,8.278309356352217
1022,5.11,8.185034966055975,8.253821382413829,8.056938033504697
1023,5.115,7.860711783318893,7.961095382930568,7.79267308428193
1024,5.12,7.481001109519516,7.615316439843682,7.4809841564672
1025,5.125,7.041960459595459,7.213136582085009,7.115925590855434
1026,5.13,6.538393819707258,6.750061943384111,6.690386257111373
1027,5.135,5.963659463084527,6.22026172501089,6.19638405669507
1028,5.14,5.309499323819585,5.61637228499071,5.625319656302472
1029,5.1450000000000005,4.565982506520316,4.929342699407797,4.967957106822092
1030,5.15,3.72180459713718,4.148448122379917,4.214181142466022
1031,5.155,2.7655576774737374,3.2617975482639276,3.353124675976458
1032,5.16,1.6895116518913291,2.2581634936021175,2.3747073162006562
1033,5.165,0.4996356122513653,1.132201341915732,1.2745788293352107
1034,5.17,-0.7601276736004298,-0.10196796099006722,0.06719714840124347
1035,5.175,-1.9586714102777991,-1.378368805212701,-1.1828501790386152
1036,5.18,-2.822002034347908,-2.5158696585232265,-2.2994612620629775
1037,5.1850000000000005,-3.004090767421789,-3.159194190423589,-2.9374659907248946
1038,5.19,-2.393998891662957,-2.9231674099309206,-2.72125846929064
1039,5.195,-1.251407106575274,-1.8348606691953826,-1.6724319520295436
1040,5.2,0.0814069496744132,-0.3685334185212854,-0.24652202438527837
1041,5.205,1.3949703118901124,1.0816219699019882,1.1747531482686173
1042,5.21,2.602294183636618,2.373789777427774,2.4525213989715393
1043,5.215,3.678584082316645,3.4874064415403883,3.5663524325562754
1044,5.22,4.623995500397106,4.434757129427683,4.529043442446462
1045,5.2250000000000005,5.447020650125093,5.233186923919432,5.358045089424508
1046,5.23,6.157935848483475,5.903968466847953,6.068417334824811
1047,5.235,6.766445689545819,6.477925672779946,6.671971021749884
1048,5.24,7.280981885475337,6.9827361389130065,7.177821155173818
1049,5.245,7.708628228062854,7.425172923906736,7.593175088090089
1050,5.25,8.055265443820948,7.800232717245963,7.9239643619056075
1051,5.255,8.325779914330171,8.10437830212884,8.17525783137759
1052,5.26,8.524281036150535,8.337678715510307,8.351639140896106
1053,5.265,8.654313012702723,8.502119432657906,8.457604009953773
1054,5.2700000000000005,8.719063908627712,8.600365260008832,8.497924846818503
1055,5.275,8.721582274738878,8.635283339944444,8.477882742506534
1056,5.28,8.665015300380185,8.609880117843172,8.40322278580061
1057,5.285,8.552884177998543,8.527439180709214,8.280544602063678
1058,5.29,8.389411944757008,8.391774101448588,8.118727008395355
1059,5.295,8.179914423486238,8.207569153691185,7.928655173359926
1060,5.3,7.931251763788026,7.980798739783734,7.719320077318427
1061,5.305,7.652309823590136,7.719208457917389,7.495152426195581
1062,5.3100000000000005,7.354429553600809,7.4328078884457875,7.259208141608218
1063,5.315,7.051625867896689,7.134262827300962,7.017269576278852
1064,5.32,6.760351240927434,6.838984406077124,6.777202599067514
1065,5.325,6.498518280751418,6.564621852074131,6.547179633911561
1066,5.33,6.283598327328549,6.329651909045635,6.339501273563854
1067,5.335,6.129946100277825,6.150944684010472,6.173048835047781
1068,5.34,6.046000586475522,6.040651788197153,6.064644439333612
1069,5.345,6.032367583171271,6.003358700001538,6.021641107550021
1070,5.3500000000000005,6.081613730014018,6.0347139877640465,6.04163853872353
1071,5.355,6.179866286676438,6.122265508106006,6.11457533314689
1072,5.36,6.309508924661575,6.248172746221197,6.225443724077825
1073,5.365,6.451952010357895,6.39261368997688,6.356583638149541
1074,5.37,6.589725226878769,6.53666548070815,6.4899761564027925
1075,5.375,6.707643793855123,6.664035369722057,6.609839462593996
1076,5.38,6.793181922573885,6.761660648919882,6.703433619860295
1077,5.385,6.8363350569073695,6.819524202052342,6.759936032897498
1078,5.39,6.829233975405663,6.830069585971993,6.770235872796228
1079,5.3950000000000005,6.765692894546497,6.787511542472929,6.728330636544076
1080,5.4,6.640795807567994,6.687231642995948,6.631115389386534
1081,5.405,6.450573925455108,6.52535297056542,6.475994326191451
1082,5.41,6.191803492347598,6.298512067505665,6.260124082940861
1083,5.415,5.861952566189139,6.003808596221984,5.980729431442232
1084,5.42,5.459324536979451,5.638922121308746,5.63349215781802
1085,5.425,4.983486436258549,5.202431411049295,5.213849803126486
1086,5.43,4.43613606127102,4.69444145394876,4.721632101400871
1087,5.4350000000000005,3.822654778037652,4.117713955633083,4.1612892384589415
1088,5.44,3.154686447730301,3.479607384151874,3.541222827146069
1089,5.445,2.4540555032550917,2.7952242290110987,2.876781643786129
1090,5.45,1.7578270584051197,2.0920623381714774,2.1951403015302056
1091,5.455,1.1226013703618785,1.4156764736850973,1.5407509338267205
1092,5.46,0.6227916169213559,0.8334564897656289,0.9790169541568288
1093,5.465,0.3353640810261981,0.4293579894048607,0.5913196194874146
1094,5.47,0.3105874507041372,0.2807951920998626,0.45280345194978366
1095,5.4750000000000005,0.5466738267258465,0.4213558099294019,0.5963427903468137
1096,5.48,0.9917474077198342,0.8177456779394054,0.9900862504247807
1097,5.485,1.5711352620036536,1.3875099536304272,1.5543643840443733
1098,5.49,2.215457646931628,2.041028532360715,2.2022375788606445
1099,5.495,2.8738993186026947,2.7105895365427255,2.867734172179854
1100,5.5,3.5147484273939527,3.355821616121106,3.5111557106050926
1101,5.505,4.120744340502453,3.9573019747650453,4.1126519055218225
1102,5.51,4.68402324815953,4.509003721861735,4.664442526853546
1103,5.515,5.202267216029978,5.0127319276971924,5.165236231460557
1104,5.5200000000000005,5.6761444326423325,5.473868129957486,5.616886671690407
1105,5.525,6.10770990018921,5.897849017479743,6.022542916737052
1106,5.53,6.499435730798611,6.288185505665795,6.385670504151641
1107,5.535,6.8536355847381545,6.64642083739524,6.709552069295308
1108,5.54,7.172134698715017,6.972974481811187,6.997049407544839
1109,5.545,7.456095774670606,7.267773596079001,7.250511160946253
1110,5.55,7.705946047179731,7.530439873343815,7.471757536981016
1111,5.555,7.921370186355952,7.76024562526248,7.662094406474088
1112,5.5600000000000005,8.101343929271076,7.9560309468363695,7.822328289568976
1113,5.565,8.244188898485588,8.116155572708502,7.952772012586997
1114,5.57,8.347632564543918,8.238490402677943,8.053206457055522
1115,5.575,8.408860006660428,8.320431008410123,8.122686740155194
1116,5.58,8.42454640412287,8.358913164910646,8.15911716571642
1117,5.585,8.390860918909867,8.350414052670168,8.158784011726059
1118,5.59,8.303433425224737,8.290926565483328,8.116201811230132
1119,5.595,8.157274898842369,8.175896235826038,8.024356183185747
1120,5.6000000000000005,7.946639552372238,8.000109956678237,7.875075043462585
1121,5.605,7.66481102534022,7.757522386545441,7.659354503903398
1122,5.61,7.303784423672991,7.44099872242926,7.367701928995343
1123,5.615,6.853797547765933,7.041939474165596,6.990334697337001
1124,5.62,6.30263187357502,6.549730017407337,6.5167450601904
1125,5.625,5.634543505102565,5.950916932805387,5.934480268057548
1126,5.63,4.828567378113035,5.2279373450737605,5.227432178435024
1127,5.635,3.855696514373945,4.357078706808418,4.373615025252701
1128,5.64,2.673899083698,3.3050346643735122,3.3417246582431352
1129,5.6450000000000005,1.218609719873198,2.02271496423889,2.085032847832731
1130,5.65,-0.6173714174250211,0.43319345559503564,0.5295860516925828
1131,5.655,-3.032929780012708,-1.5943797885777133,-1.4511543153338549
1132,5.66,-6.467791978313534,-4.310277570105786,-4.099818437003886
1133,5.665,-12.279399815126627,-8.290493613834528,-7.974982306254793
1134,5.67,-33.30822077891802,-15.416205272672427,-14.899037998138974
1135,5.675,-13.33632539488996,-45.13593099425766,-43.675948917982225
1136,5.68,-7.24122542274444,-1.1716286162027663,-1.430434078285172
1137,5.6850000000000005,-3.822326263884225,-3.856505304942388,-3.8478231138646617
1138,5.69,-1.5020199849806513,-0.9089472845957962,-0.9400911099549116
1139,5.695,0.2026349865520874,0.5258523711137792,0.5005566313662451
1140,5.7,1.503898190057239,1.7664371854161365,1.746428939015467
1141,5.705,2.513777396278673,2.7447117249715536,2.7178391036600016
1142,5.71,3.2984327192007767,3.480095645912974,3.4891832236743925
1143,5.715,3.9000938968275154,4.464053322858495,4.077185587080449
1144,5.72,4.347343562431836,2.9591017128333514,4.527790427597323
1145,5.7250000000000005,4.66052511150205,4.162370018186516,4.847692028812718
1146,5.73,4.854883530211303,4.575624429447113,5.036244799097323
1147,5.735,4.942588606333887,4.7783848787576675,5.113931046459779
1148,5.74,4.9342085899641805,4.849675775761732,5.086660130870425
1149,5.745,4.839946502425002,4.817097355406163,4.95960818613655
1150,5.75,4.670822252907611,4.697531908757529,4.740274837026041
1151,5.755,4.439891978445615,4.505668241509292,4.448151064431718
1152,5.76,4.16348311966504,4.25738124304947,4.064518164281957
1153,5.765,3.8622397711530376,3.9717571644416263,3.685575140341416
1154,5.7700000000000005,3.5614959386726426,3.672355231791895,3.3371196681011557
1155,5.775,3.290208666483938,3.3873388176022594,2.8539316854551537
1156,5.78,3.0776889433671237,3.147646295229989,2.4283256251884953
1157,5.785,2.948123866341856,2.982490134899302,2.310745470935407
1158,5.79,2.914453863961576,2.9126393694982706,2.560471666405461
1159,5.795,2.9744779726508632,2.9439688963678234,2.623147602717698
1160,5.8,3.111434660423291,3.0649108335916138,2.9339599669854266
1161,5.805,3.29870761449571,3.2497041194784617,3.0922096432586805
1162,5.8100000000000005,3.506035152633944,3.465606681568194,4.03591628029661
1163,5.815,3.704547035609119,3.6801342773522783,3.8811956135722427
1164,5.82,3.8694870326137183,3.865573684475657,3.945816341085379
1165,5.825,3.980906112398353,4.000447634678322,4.175124438682861
1166,5.83,4.0231583815859695,4.068985949108972,4.171105398642535
1167,5.835,3.983940539516262,4.0597269106961855,4.159228359021869
1168,5.84,3.8533392647962903,3.9639667891232664,3.99343739065102
1169,5.845,3.623142352248141,3.774475436937298,3.70488015206451
1170,5.8500000000000005,3.286598856261919,3.484765232456759,3.418845628735082
1171,5.855,2.838891078225929,3.089129735535665,3.0164847985862324
1172,5.86,2.2788358121352283,2.583696526425745,2.4386679669013476
1173,5.865,1.6128276358838187,1.9690335321563643,1.7858287367732077
1174,5.87,0.8627513614958543,1.255516711691334,1.1178042522493445
1175,5.875,0.0797919424103246,0.4735665130902147,0.40116561641540915
1176,5.88,-0.6375899294997014,-0.3092044321013834,-0.4907815708221346
1177,5.885,-1.138106598565428,-0.967770689138292,-1.190219489168542
1178,5.89,-1.2622079215067137,-1.3215184552998016,-1.4696158222049158
1179,5.8950000000000005,-0.9428278638294691,-1.2077942181909656,-1.339297261571196
1180,5.9,-0.2615295844867482,-0.6147619650793192,-0.9351389354447024
1181,5.905,0.61801462282915,0.2883406128782262,0.3673469759010324
1182,5.91,1.5478937707603813,1.2875911862274632,1.2864985584126
1183,5.915,2.4337779957105057,2.2402840756848077,2.153665323752703
1184,5.92,3.226541088343924,3.080417357716377,3.0742551525513413
1185,5.925,3.904161171232232,3.785121687945817,3.7957555220967434
1186,5.93,4.458324588202427,4.350792351508683,4.391771579238196
1187,5.9350000000000005,4.88670265641416,4.783015599632194,4.855786570491108
1188,5.94,5.188871094667368,5.092445524417161,5.189388298390967
1189,5.945,5.364165553542328,5.288775768322865,5.39404138694037
1190,5.95,5.4104537121913,5.3740387893625154,5.469734798571369
1191,5.955,5.323255566129629,5.342239404980959,5.4143862086923304
1192,5.96,5.09486735524571,5.183049538995215,5.223292377025142
1193,5.965,4.71321547899603,4.8835772158885185,4.888378171075843
1194,5.97,4.160118724155485,4.427392514504114,4.39702999122057
1195,5.9750000000000005,3.4084463454023943,3.7920048175564665,3.7301608331745655
1196,5.98,2.417215246673215,2.9449718210650206,2.8588680256744756
1197,5.985,1.1226919376378632,1.837578442332393,1.7385087647230075
1198,5.99,-0.5785052164463492,0.39355641463544444,0.29791232801721446
1199,5.995,-2.86126549133742,-1.5123847150440675,-1.5813273880159366
1200,6.0,-6.007658492281346,-4.094870212055442,-4.104528103336499
1201,6.005,-10.014175525620184,-7.695361385107672,-7.602065898664273
1202,6.01,-10.848899951126237,-12.14187932121042,-11.912552094546419
1203,6.015000000000001,-6.808110445092643,-11.08004160191963,-10.901819897750334
1204,6.0200000000000005,-3.189411207040924,-4.213257342295636,-4.247197908218361
1205,6.025,-0.5155226520515404,-0.7924523137973081,-0.8689956132427437
1206,6.03,1.5120733408627434,1.4550036164894093,1.3752659213856382
1207,6.035,3.0963426240355134,3.0916132786053914,3.0196687657470282
1208,6.04,4.356942415944354,4.356814064686149,4.295788659481158
1209,6.045,5.366976595648558,5.348329564888535,5.306081584805841
1210,6.05,6.173227080060104,6.10426988218787,6.1063472605773725
1211,6.055,6.806717879974289,6.523052089266862,6.731446586961045
1212,6.0600000000000005,7.288440302529413,6.7993018935722604,7.2050892849576265
1213,6.065,7.632593108300454,7.239120640413932,7.54012243674086
1214,6.07,7.848472164980366,7.571030526163643,7.745213914567899
1215,6.075,7.9415747467104,7.758800700368175,7.826936250239204
1216,6.08,7.914207153544915,7.8135872987809885,7.787811231921207
1217,6.085,7.765739878401114,7.741922228096401,7.627761955659738
1218,6.09,7.492569473663543,7.544907181648309,7.345038937952189
1219,6.095,7.087784766046736,7.219222525946754,6.935029760041492
1220,6.1000000000000005,6.54047565858387,6.757313650567852,6.395913442979137
1221,6.105,5.834547707951532,6.146846620168098,5.723931001458359
1222,6.11,4.946796865140001,5.369428565710429,4.88912053377341
1223,6.115,3.843848494170742,4.3983714879838685,3.8697193167094452
1224,6.12,2.4774651630170403,3.1950601621202974,2.681220558124723
1225,6.125,0.7784184969308633,1.703395768856185,1.3018857515657198
1226,6.13,-1.3446129361029813,-0.15707468727179474,-0.3970011947932264
1227,6.135,-3.952054965761104,-2.48926357840255,-2.5612978500775894
1228,6.140000000000001,-6.677437965463227,-5.334323304720387,-5.2180485633327525
1229,6.1450000000000005,-7.60546879759394,-8.07846958718005,-7.75248035065051
1230,6.15,-5.6600644994569205,-7.917699306103897,-7.521819106838629
1231,6.155,-3.067518058848705,-4.281766718474383,-4.043145891416582
1232,6.16,-0.8845361886645821,-1.276258072948008,-1.1385590088365403
1233,6.165,0.8255153466286038,0.7356560913640076,0.830148741917534
1234,6.17,2.152377885803268,2.17761149300763,2.237717938671328
1235,6.175,3.1763687806648,3.239910640326481,3.274221187405387
1236,6.18,3.9543123911650655,4.018465892575741,4.034462202118801
1237,6.1850000000000005,4.524866552353696,4.550467325017664,4.588598388433903
1238,6.19,4.914085452388109,4.8250867773321025,4.975586892882792
1239,6.195,5.139230277033098,4.936905886206527,5.198982428314845
1240,6.2,5.211189987329541,5.04275993130502,5.270642292620149
1241,6.205,5.13600187779719,5.062573327563812,5.212633433346243
1242,6.21,4.915833020117091,4.94104151364082,5.024632341177905
1243,6.215,4.549704110602443,4.670129392226905,4.679062119755648
1244,6.22,4.034264470390736,4.248389581524797,4.172501454760381
1245,6.2250000000000005,3.3651308622439338,3.6730559887450998,3.5345581929946883
1246,6.23,2.539861514388332,2.9406468606929517,2.7575373911028556
1247,6.235,1.564931268953774,2.050919342952126,1.8217780512791841
1248,6.24,0.4715736382448534,1.0162657861020898,0.782944246485382
1249,6.245,-0.6523345327063712,-0.11729730348855316,-0.3272982051589093
1250,6.25,-1.6178355626957988,-1.2290931394138394,-1.463703642450823
1251,6.255,-2.1397284506466754,-2.072397734960699,-2.3106493059669946
1252,6.26,-2.007711738862213,-2.308070723776938,-2.501293653141273
1253,6.265000000000001,-1.3004737459408169,-1.771302375871029,-1.9077968660860725
1254,6.2700000000000005,-0.2985842522577763,-0.7090233604852143,-0.7906135707500015
1255,6.275,0.7516972101999946,0.479603511239552,0.46471046329399
1256,6.28,1.7167004280263545,1.561824503138674,1.6340413101876559
1257,6.285,2.5418239087435994,2.462955057376445,2.610716947658752
1258,6.29,3.210888461116709,3.173122337452206,3.341544990798191
1259,6.295,3.723162297971063,3.700473114719828,3.8814563009077867
1260,6.3,4.082850520310278,4.058229462119066,4.262549155439648
1261,6.305,4.294701209235202,4.266103897128354,4.485936434680468
1262,6.3100000000000005,4.362323465797427,4.3470010762556015,4.558003704424012
1263,6.315,4.287722137241962,4.311523255804891,4.482970469816535
1264,6.32,4.071509330577615,4.154772070150653,4.270318122828558
1265,6.325,3.7137828674068567,3.867820316901902,3.9254760462215526
1266,6.33,3.2161248569879994,3.4449335775291674,3.4432823758825535
1267,6.335,2.5858315307345867,2.885984227529429,2.8265081620465353
1268,6.34,1.844506952866722,2.2005801739686968,2.0939855939098306
1269,6.345,1.044035219450803,1.4182531715557327,1.2759146703395934
1270,6.3500000000000005,0.2900404830203368,0.6081729334084445,0.4299732464351038
1271,6.355,-0.2445114141906137,-0.09343034744805756,-0.3105961899089964
1272,6.36,-0.3661014748526537,-0.4756708148779607,-0.7221017092530833
1273,6.365,0.0112478660368123,-0.3347685175859336,-0.5981514035254758
1274,6.37,0.7889059653594632,0.3513619577994902,0.08185025898434972
1275,6.375,1.7720135224814235,1.3758240457623554,1.1313497277201847
1276,6.38,2.793698560637199,2.485253727756287,2.2969850882360885
1277,6.385,3.754802634586816,3.524325908455963,3.387174789849551
1278,6.390000000000001,4.608020882381981,4.42983592477177,4.344695329623685
1279,6.3950000000000005,5.334814832136017,5.184534296959624,5.1580904186464105
1280,6.4,5.930163970607203,5.789300638283606,5.816574433157238
1281,6.405,6.39445061213554,6.253274908961112,6.323106537555014
1282,6.41,6.729465514496344,6.590982200635871,6.686810086068157
1283,6.415,6.936463724143628,6.8158672012291,6.914608899180152
1284,6.42,7.01515484873445,6.931901296963974,7.009912358427897
1285,6.425,6.963060252618828,6.933763090696441,6.973662303589061
1286,6.43,6.774936098888117,6.812241597941294,6.804703504316782
1287,6.4350000000000005,6.4420744749878045,6.5567449589413584,6.499036937848495
1288,6.44,5.951329045752982,6.1546246302202885,6.048514203556577
1289,6.445,5.2837122585883805,5.589379567323667,5.4401096012142975
1290,6.45,4.412446966403859,4.838492053187666,4.654915807112185
1291,6.455,3.3006742311866017,3.8708895013731595,3.665457785600487
1292,6.46,1.9007027102871408,2.644335632476768,2.4329351031878472
1293,6.465,0.1646751701780155,1.105534899861767,0.9086074182616302
1294,6.47,-1.8872913984707615,-0.7926270020750463,-0.949012693822672
1295,6.4750000000000005,-3.8748697358218456,-2.989919821698921,-3.079131095973084
1296,6.48,-4.556981402237921,-4.898098736934218,-4.914386709081448
1297,6.485,-3.161710226059866,-4.7837768930411215,-4.780769425307547
1298,6.49,-0.9173788114911894,-2.1572788427654803,-2.1985555809943556
1299,6.495,1.2041228895844456,0.6103258081944345,0.5429678023973779
1300,6.5,2.987639138357816,2.7041049610205645,2.6389904470556296
1301,6.505,4.449479820759809,4.297847329825856,4.245217075119733
1302,6.51,5.640788502006945,5.536804977983481,5.501324041803977
1303,6.515000000000001,6.606664820884143,6.505680268032127,6.495919610137468
1304,6.5200000000000005,7.381147091809968,7.244013224296534,7.281885941630975
1305,6.525,7.988861823574194,7.764506514959883,7.892519438332545
1306,6.53,8.447256476405713,8.134699455786109,8.349915078793936
1307,6.535,8.76832842423755,8.459348944553344,8.66832102055595
1308,6.54,8.959791596273837,8.71394212180322,8.8566959872339
1309,6.545,9.025788621680425,8.856033895367005,8.920388036767346
1310,6.55,8.967241066418325,8.874093922037918,8.86155446040684
1311,6.555,8.781881993426534,8.765529671891178,8.67955480626194
1312,6.5600000000000005,8.463959117994339,8.52697130645527,8.371012614210958
1313,6.565,8.00352601811593,8.151634383801206,7.9297194614796656
1314,6.57,7.385127945575104,7.628003468645261,7.347238938814165
1315,6.575,6.58548160906372,6.938166537210957,6.610343659825825
1316,6.58,5.569309068814472,6.054978900017605,5.694022671389788
1317,6.585,4.281445769177466,4.936907519681163,4.563824242222884
1318,6.59,2.6305578761278503,3.518077343796352,3.174230179857309
1319,6.595,0.4510713263919804,1.6872727653701043,1.4301663355777938
1320,6.6000000000000005,-2.6043719817184523,-0.7624819969688676,-0.8820685500318275
1321,6.605,-7.483008299997341,-4.28106290898763,-4.220556631384495
1322,6.61,-18.880290734067977,-10.15715816910477,-9.84065894834252
1323,6.615,-12.685461265390698,-25.236457999946836,-24.369645902236805
1324,6.62,-5.377598885774539,-8.715517143450352,-8.46181379769428
1325,6.625,-1.5650702467365851,-1.0392583358933862,-0.9753930388545058
1326,6.63,0.9433075133248324,1.1529481401545483,1.209020062477645
1327,6.635,2.750254043841042,2.986115341340834,3.020516533113062
1328,6.640000000000001,4.106712943457037,4.291166202298516,4.308315165129971
1329,6.6450000000000005,5.140581905435429,5.30325194736744,5.295515772559962
1330,6.65,5.925322661546043,6.060103170748237,6.042159405049897
1331,6.655,6.506501204464551,6.743543681745317,6.591300990604229
1332,6.66,6.913864257743522,6.256394948545785,6.98178137147314
1333,6.665,7.167525525179331,6.58554949596139,7.227841484253679
1334,6.67,7.2814786241644995,6.980266927662325,7.33292906316319
1335,6.675,7.26584234635909,7.105563687366063,7.311869512837946
1336,6.68,7.128564261013465,7.06774811167066,7.171099391653023
1337,6.6850000000000005,6.877060735817525,6.896675526021173,6.9070280885798745
1338,6.69,6.520222535938629,6.607913624876061,6.522932145974199
1339,6.695,6.071263309305795,6.215048678675223,6.039886627243446
1340,6.7,5.551906499664462,5.735764846294738,5.464850322018959
1341,6.705,4.9980576005845005,5.197754685378064,4.853849422237607
1342,6.71,4.465612371536729,4.645611469110768,4.265552298954756
1343,6.715,4.031484250074091,4.146839570336744,3.675137149834657
1344,6.72,3.780958655134546,3.7901424362359792,3.2044466551126685
1345,6.7250000000000005,3.777005176657204,3.664892000430254,3.087347487718781
1346,6.73,4.027698736196845,3.820094586063104,3.427892780424844
1347,6.735,4.481621830724488,4.230818218425442,3.9418896267336256
1348,6.74,5.056124991253512,4.809732453568971,4.647255042497612
1349,6.745,5.670969118607734,5.45434139023569,5.362290200837653
1350,6.75,6.26554253680936,6.084213668168958,6.363987206123257
1351,6.755,6.800317048547796,6.649547029817285,6.897937282753849
1352,6.76,7.251615761537529,7.124065553601518,7.262098567542269
1353,6.765000000000001,7.605744931050877,7.4960896604123075,7.65916505997734
1354,6.7700000000000005,7.854512192686395,7.762162485920703,7.90953697975837
1355,6.775,7.9922174274325455,7.922391003056566,8.051038528018458
1356,6.78,8.01367543857504,7.976371099679264,8.055235036969323
1357,6.785,7.912821257248115,7.920444881480567,7.918729805175653
1358,6.79,7.681542004722964,7.747059220824786,7.705196355358247
1359,6.795,7.308437046790679,7.445102375967093,7.373832035263312
1360,6.8,6.777187832038251,6.999649651994597,6.8673502414032015
1361,6.805,6.064078638594111,6.3904724752723014,6.2077087612078214
1362,6.8100000000000005,5.133844651523977,5.5890618319362835,5.409519632768886
1363,6.815,3.9321479391220766,4.553410099362313,4.405405258556092
1364,6.82,2.370780680826153,3.2184738985607932,3.0329032241775136
1365,6.825,0.2957187853987552,1.4771940511774826,1.2770146086610765
1366,6.83,-2.588413268557472,-0.8612100697842218,-0.9796383413631142
1367,6.835,-6.873948427024933,-4.17155776406808,-4.174753724714904
1368,6.84,-12.130331720917413,-9.213602507957548,-9.129039001036693
1369,6.845,-8.723706086573038,-14.959069614518855,-14.529511449931368
1370,6.8500000000000005,-3.6974443642985184,-6.478214633978601,-6.327604724456123
1371,6.855,-0.3218828366762655,-0.5821421449742381,-0.627867760719905
1372,6.86,2.084342610756484,2.032770512231138,1.9908207423093955
1373,6.865,3.899399932143779,3.933200571766299,3.9025958657602886
1374,6.87,5.314657276002634,5.34577766773461,5.325362558803018
1375,6.875,6.436750032096647,6.452694942175758,6.44558151496369
1376,6.88,7.330214128386166,7.316621024742433,7.333372951596036
1377,6.885,8.036565890285491,7.943504562909368,8.03132386601523
1378,6.890000000000001,8.583694735473987,8.0472350219952,8.571050920609185
1379,6.8950000000000005,8.99087868475507,8.45263368646616,8.970735052433469
1380,6.9,9.271645907592555,8.894332957197948,9.239956843601323
1381,6.905,9.435500151475146,9.169830373841666,9.388752652431183
1382,6.91,9.489015769617025,9.308554357648374,9.423754413586666
1383,6.915,9.436575708729276,9.328289132460501,9.348417652886852
1384,6.92,9.28091802428581,9.238128275689036,9.165431275360213
1385,6.925,9.023612115856888,9.042900207368945,8.877729057663494
1386,6.93,8.665582418317623,8.745201193299774,8.48572010395106
1387,6.9350000000000005,8.207831435706122,8.34661589193276,8.006941647213825
1388,6.94,7.652594338050695,7.848861361325058,7.442347957318857
1389,6.945,7.0052965977672255,7.255338994285018,6.763946274317472
1390,6.95,6.277872535627345,6.573626215310215,6.021091884461947
1391,6.955,5.494096936331086,5.81960483721301,5.307762350513376
1392,6.96,4.697039069275919,5.023942696576194,4.655895811264992
1393,6.965,3.9562166555241953,4.2407250015707065,4.001097570341841
1394,6.97,3.366144760899763,3.554354006243342,3.448474492020982
1395,6.9750000000000005,3.0231677599144016,3.073042740719131,3.097403782441137
1396,6.98,2.98050847631076,2.893087791941876,3.127739611314257
1397,6.985,3.2151869669366477,3.0414423326929323,3.282190628184381
1398,6.99,3.6425407979196502,3.449558383282139,3.6304856294532466
1399,6.995,4.161823428800545,3.995228150398362,4.165268581664753
1400,7.0,4.690533431280473,4.566197251049635,4.714246377255335
1401,7.005,5.173693772136787,5.0888620248914025,5.213817379439594
1402,7.01,5.578910635768398,5.524067472922651,5.617218102010628
1403,7.015000000000001,5.888436368446345,5.854338121198386,5.913278621939891
1404,7.0200000000000005,6.092790717709775,6.074332915562376,6.124745894115549
1405,7.025,6.186561664204817,6.185073205666499,6.232528642100181
1406,7.03,6.165822007160169,6.189268033564356,6.215594890968662
1407,7.035,6.0265187711603465,6.08709276436381,6.092268584517466
1408,7.04,5.763362582511982,5.874301994510807,5.876486773813777
1409,7.045,5.368895226604588,5.5428350192816165,5.540469264523508
1410,7.05,4.8324958161018285,5.08171714836247,5.035711546259581
1411,7.055,4.139102859154146,4.476848653165606,4.394044545131239
1412,7.0600000000000005,3.2673893155529536,3.7096589678691414,3.628967365039668
1413,7.065,2.187048178702973,2.7548139568058825,2.6805128131033764
1414,7.07,0.8548425999753984,1.5768340619400387,1.5038048254664673
1415,7.075,-0.7901542595942662,0.12534265605474193,0.16260886820518028
1416,7.08,-2.826123456077239,-1.670184245811094,-1.5666049089823026
1417,7.085,-5.302912487680097,-3.896962435819537,-3.755522028489784
1418,7.09,-7.935235524356424,-6.587287595181367,-6.363133387145814
1419,7.095,-9.176218813643407,-9.261650374681697,-8.952371435606498
1420,7.1000000000000005,-7.679107276414305,-9.648916299935468,-9.332607822093948
1421,7.105,-5.216597169369042,-6.535434164101783,-6.314007791112706
1422,7.11,-3.0251386296967104,-3.481058252636572,-3.322878297205115
1423,7.115,-1.265521927596326,-1.384555916603322,-1.2451143110471339
1424,7.12,0.13123069276232,0.13936215477529235,0.27809368949214885
1425,7.125,1.2450466293116595,1.2894784171572042,1.4365982394852423
1426,7.13,2.1380835314543045,2.173486893150652,2.3393184980344595
1427,7.135,2.8567704447516467,2.841384759645303,3.0495770327924734
1428,7.140000000000001,3.4367439770326174,3.3000031059151604,3.6096019574846157
1429,7.1450000000000005,3.906664970672119,3.624118099843473,4.050869146164572
1430,7.15,4.290739751494134,3.982124422834116,4.397577401130744
1431,7.155,4.610233082139487,4.3407460515595515,4.670088597050478
1432,7.16,4.884203092653412,4.6543458538225835,4.8872735087500425
1433,7.165,5.129613631915763,4.927715979701991,5.066185987606516
1434,7.17,5.360969054921736,5.17641384044698,5.221924324479266
1435,7.175,5.589664907942982,5.414806673381912,5.367587208094607
1436,7.18,5.823312879494552,5.653506890189576,5.51373746877335
1437,7.1850000000000005,6.065317283354629,5.8985787406166486,5.66914983880545
1438,7.19,6.314906073750423,6.1513814518562295,5.8398956414238
1439,7.195,6.567661287763568,6.408983616953612,6.022645921482192
1440,7.2,6.81642208216128,6.665076052267608,6.214986773967102
1441,7.205,7.052330694607808,6.911158750099746,6.43218280159574
1442,7.21,7.265792922840289,7.1377140330343885,6.685556087163334
1443,7.215,7.447202635870856,7.33513668853368,6.951881445312312
1444,7.22,7.587377877751786,7.4943143567161075,7.193106863276734
1445,7.225,7.677730233864288,7.6068648959808005,7.395470841327994
1446,7.23,7.710224374748556,7.665103457550332,7.551723890119989
1447,7.235,7.677187759437353,7.661829658101734,7.630989019339018
1448,7.24,7.571015130664751,7.590010696338545,7.580310511242876
1449,7.245,7.383789833318505,7.442406024526289,7.425940284308865
1450,7.25,7.106819665341133,7.211144721767619,7.186820724818688
1451,7.255,6.73005943194723,6.887234260727414,6.8493972134543855
1452,7.26,6.241362475013998,6.459949734637395,6.403283241862802
1453,7.265000000000001,5.6254633169597685,5.916021037069842,5.837011236896206
1454,7.27,4.862535779525562,5.238492775832986,5.141403965223835
1455,7.275,3.926093326398684,4.405067470555183,4.30153084313356
1456,7.28,2.779941761219897,3.385656510729583,3.2847771752154857
1457,7.285,1.374138241849709,2.138820898694046,2.049597317737684
1458,7.29,-0.3579955035217468,0.607201916230343,0.5464320635660025
1459,7.295,-2.4872726208249816,-1.2848001570297747,-1.2974583897988659
1460,7.3,-4.977395761495032,-3.609388237527975,-3.5627358502721638
1461,7.305,-7.145572996210957,-6.267369940977623,-6.158928679380175
1462,7.31,-7.142584393457674,-8.203235892250666,-8.054208074213182
1463,7.315,-5.010967077290388,-6.9033523496075695,-6.80909318447085
1464,7.32,-2.5909466162625265,-3.516078226158223,-3.5199625456786023
1465,7.325,-0.5365637204444131,-0.8833985590283344,-0.9223157410950948
1466,7.33,1.1224616820801228,1.0040288645197712,0.9786614804775633
1467,7.335,2.4576876481323344,2.422154292006194,2.412399322458534
1468,7.34,3.5357967130011363,3.518839045070632,3.5265305086294623
1469,7.345,4.406922924116207,4.36970027400062,4.41528299633908
1470,7.35,5.107808180611214,5.002492867793166,5.124258464121923
1471,7.355,5.665906982666362,5.426323270690035,5.684071451963949
1472,7.36,6.102506639470338,5.774678336327418,6.117746409896478
1473,7.365,6.434925634995135,6.131791796342273,6.4415506980157975
1474,7.37,6.678075203405079,6.432186816350734,6.669001107985752
1475,7.375,6.845601428703626,6.652338633114778,6.812645441846578
1476,7.38,6.950733046656675,6.799743440582193,6.884463885020809
1477,7.385,7.006881522610751,6.888089259554667,6.896940757586444
1478,7.390000000000001,7.027975252057193,6.932100626990845,6.86394879760982
1479,7.395,7.028461775953527,6.946883833427234,6.801239449364252
1480,7.4,7.02289590933014,6.947718260570641,6.7277038564383655
1481,7.405,7.025072928211973,6.949490308007142,6.660607667702747
1482,7.41,7.046782274904592,6.965639366041838,6.612140775957318
1483,7.415,7.09642692772413,7.006750273312223,6.60452425961849
1484,7.42,7.177893646521141,7.079142889498794,6.67003617861768
1485,7.425,7.290057535171179,7.18393196106253,6.818771076491284
1486,7.43,7.427111472514403,7.316943974460088,7.023187650616518
1487,7.435,7.579611556598527,7.469571269735285,7.256596011204749
1488,7.44,7.735894139916571,7.630278912001373,7.506404172209436
1489,7.445,7.883466925293701,7.786276660341063,7.756304735390043
1490,7.45,8.010090172992236,7.924917297251245,7.951448795933777
1491,7.455,8.104439241143076,8.034592743974104,8.065910606479257
1492,7.46,8.156379836548737,8.105115491729999,8.129144435152831
1493,7.465,8.156955797012802,8.127702404588584,8.141067993270488
1494,7.47,8.098198253478143,8.094715644970993,8.089535670849585
1495,7.475,7.972843402663695,7.999296705300678,7.968403614903124
1496,7.48,7.774017502130839,7.83498775948455,7.774131547707896
1497,7.485,7.494925195007836,7.595390568195539,7.508670424375971
1498,7.49,7.1285668642140365,7.273880438950451,7.1678736699231225
1499,7.495,6.667517033443833,6.863380829947358,6.741122928598042
1500,7.5,6.103828643225373,6.356219765364765,6.22375370873496
1501,7.505,5.429211819560816,5.744142215102729,5.613573430668231
1502,7.51,4.635828325451678,5.018671340172621,4.898970314563277
1503,7.515000000000001,3.718471852568461,4.172269964411277,4.06337342166981
1504,7.52,2.679815927116217,3.2013185300501643,3.107248451321202
1505,7.525,1.542086007927241,2.1131111242598553,2.0491656858484757
1506,7.53,0.3701595399157908,0.9411754775487968,0.9198221913655691
1507,7.535,-0.6943033571667746,-0.22516441712572632,-0.1973590691849063
1508,7.54,-1.4217617090636463,-1.2005442482525277,-1.1119368856910956
1509,7.545,-1.5926835363378355,-1.7060812207624778,-1.5692790760266115
1510,7.55,-1.1858606488181802,-1.530124903871041,-1.3828223596192526
1511,7.555,-0.4011701345323307,-0.7678195157862744,-0.6287830829124834
1512,7.56,0.5210759881203794,0.25157945143075455,0.3819882752871786
1513,7.565,1.4219463832015655,1.2599556794697615,1.3866181290980384
1514,7.57,2.224603275658648,2.1394882274054745,2.2702236333430292
1515,7.575,2.900094466108925,2.85833687155619,3.002222474092753
1516,7.58,3.441962354733001,3.4164312339625487,3.58316571606429
1517,7.585,3.853043112334591,3.824125013334645,4.022311050884347
1518,7.59,4.139504845117955,4.098670833488444,4.330021060953182
1519,7.595,4.308446599008965,4.263039481166027,4.51566553924893
1520,7.6,4.367190184685739,4.33549380063388,4.587444203145417
1521,7.605,4.323442362827211,4.322091478233686,4.5529855599765074
1522,7.61,4.186018672080868,4.223414768275853,4.42028997590835
1523,7.615,3.966060179417521,4.04277703183254,4.198940867386398
1524,7.62,3.678755353795753,3.7892150396521744,3.9017239410747058
1525,7.625,3.345495352508665,3.4785953889693797,3.5467339906441557
1526,7.63,2.9960389141676136,3.1350966163944607,3.1598121549185825
1527,7.635,2.669523826678399,2.79284109050416,2.776626866668612
1528,7.640000000000001,2.4122227493989783,2.495961392689841,2.4428955130292866
1529,7.645,2.269892851039198,2.2943344561765175,2.210626462794116
1530,7.65,2.275261528546381,2.2327484563276077,2.128052517667899
1531,7.655,2.436371829907108,2.3355771781627253,2.22355844365281
1532,7.66,2.7337325754907225,2.5956552267643573,2.4919339621226704
1533,7.665,3.128515806932211,2.976566327346604,2.8951774011949354
1534,7.67,3.575752879556414,3.427334258105221,3.3785477762007297
1535,7.675,4.034871665882237,3.898747278911136,3.8882310167499257
1536,7.68,4.474559656989502,4.352688066789194,4.380124673314968
1537,7.685,4.873206072559269,4.7639780879002815,4.822067153467457
1538,7.69,5.217281178092806,5.118332684388184,5.195400056999626
1539,7.695,5.499301484599956,5.409354766722775,5.493571464744144
1540,7.7,5.716121057838435,5.635745081957374,5.716277365176894
1541,7.705,5.867739491487533,5.799052021201113,5.865557762841711
1542,7.71,5.956585906176568,5.902223138549826,5.945335884666301
1543,7.715,5.987172117498365,5.949120558735437,5.961657747748257
1544,7.72,5.966000484527879,5.944767303266811,5.922534578664045
1545,7.725,5.901610287238491,5.895857342220635,5.837457521666743
1546,7.73,5.8046301956049815,5.811178351251473,5.717442097887311
1547,7.735,5.687672516086408,5.701781546854032,5.575550642968779
1548,7.74,5.564875888003831,5.5807873171485065,5.426616689821422
1549,7.745,5.45091850954532,5.462684899716901,5.286124053277236
1550,7.75,5.359438742408197,5.361995791145802,5.1693243472118855
1551,7.755,5.301039329526908,5.291320452941049,5.090228783111592
1552,7.76,5.281343482058971,5.259088083152065,5.05900220203179
1553,7.765000000000001,5.299728909229648,5.267647109089661,5.0787519594777155
1554,7.77,5.349209107296073,5.312412749757042,5.144291346723569
1555,7.775,5.417485470604927,5.382448713534728,5.24261659455152
1556,7.78,5.4887292281776645,5.462245356469573,5.354251159704367
1557,7.785,5.545455399184615,5.533976389254252,5.457099663554079
1558,7.79,5.5699772569820185,5.5794678742450685,5.5306398953287195
1559,7.795,5.545211557570778,5.581423134991662,5.556733616239406
1560,7.8,5.454845973936637,5.523822825809109,5.518975513392633
1561,7.805000000000001,5.282993175335405,5.391648861351554,5.402347657114935
1562,7.81,5.01345579882015,5.170136596026779,5.1925410355953865
1563,7.815,4.628663919846353,4.843709467329403,4.874823952686159
1564,7.82,4.108262605409377,4.394655864009631,4.432681094346125
1565,7.825,3.427249564061237,3.8014990449198494,3.8461656180918986
1566,7.83,2.553548420329092,3.0369146320546254,3.089787093079912
1567,7.835,1.445203840102631,2.0650547310677148,2.129812095709756
1568,7.84,0.0491812326948745,0.8386165077575294,0.921324848953347
1569,7.845,-1.6873492835020278,-0.7013436643159938,-0.5920462435790022
1570,7.85,-3.74073690965892,-2.606868029623632,-2.4602743184079845
1571,7.855,-5.677676922218273,-4.809439305411837,-4.617041584328568
1572,7.86,-6.13985442080957,-6.639549326252514,-6.414827877600365
1573,7.865,-4.484698392873511,-6.210353722940846,-6.025952845765445
1574,7.87,-2.0965404342150915,-3.3046203278793946,-3.2257431523079365
1575,7.875,0.1112968323638344,-0.4606421573718382,-0.457465213749221
1576,7.88,1.9686940832310649,1.684653545269453,1.6521199131265019
1577,7.885,3.506032789599675,3.339135087617083,3.2952619818154263
1578,7.890000000000001,4.7784137532288495,4.6491338284243895,4.6117592614682055
1579,7.895,5.832223540297727,5.697487436312181,5.685577788656449
1580,7.9,6.702220472748193,6.521540553597592,6.565692635709606
1581,7.905,7.413804284848432,7.133128719477049,7.2829536924979585
1582,7.91,7.9854679920091165,7.611726166507433,7.857807634225992
1583,7.915,8.430648072036721,8.061396865731375,8.303429866952026
1584,7.92,8.759010757029035,8.448120651240233,8.628762546835443
1585,7.925,8.977324746622296,8.733232683327309,8.840423423002427
1586,7.930000000000001,9.090047304814618,8.910178606279153,8.942973894071276
1587,7.935,9.099713711706023,8.981023052792711,8.939462962601802
1588,7.94,9.00719256970326,8.948043156958526,8.832113233772779
1589,7.945,8.811854082884235,8.812088297901413,8.622744207580661
1590,7.95,8.511695602177301,8.572414616456298,8.313809970083632
1591,7.955,8.10348229960223,8.226797775184835,7.906794372637421
1592,7.96,7.583002296051621,7.771734628426446,7.398879639672455
1593,7.965,6.94563181359608,7.202808768252772,6.792805657861631
1594,7.97,6.187614465684451,6.515464936499528,6.104826409546138
1595,7.975,5.308890980288447,5.706717213172199,5.345776625576719
1596,7.98,4.319134408910527,4.778875114536979,4.5047102495248215
1597,7.985,3.2498205900716504,3.747407780614897,3.5762396776577106
1598,7.99,2.1750941845721847,2.656436634176065,2.5978501576890736
1599,7.995,1.235583899331813,1.6045472085787553,1.6616804333695576
1600,8.0,0.6296632513731438,0.7700854978100722,0.9146571130194698
1601,8.005,0.5166410122912741,0.3834128827356347,0.5543177017740204
1602,8.01,0.884521762439429,0.5794273554877067,0.7393948111273367
1603,8.015,1.5600694965880038,1.2455136573236811,1.380515896435515
1604,8.02,2.3455538295475225,2.1132502056683697,2.217051847960896
1605,8.025,3.1051606993166647,2.966639180184443,3.0397952792373832
1606,8.03,3.7672184453759376,3.701173288454291,3.7486269306429287
1607,8.035,4.2995694697488265,4.280721121364253,4.314288627939497
1608,8.040000000000001,4.689454536906547,4.697504808595535,4.732981997465852
1609,8.045,4.931978581893218,4.954377904086494,5.002797507401948
1610,8.05,5.024148133625954,5.060025223973917,5.125260942864488
1611,8.055,4.961710317057327,5.024934325273315,5.104046272499433
1612,8.06,4.737144532387393,4.851796158685833,4.934049653831657
1613,8.065,4.337851944785172,4.529847410349257,4.598802379840086
1614,8.07,3.7438435216176726,4.038013786894729,4.082656058357588
1615,8.075,2.924133187205383,3.3473849014616217,3.3718477470913655
1616,8.08,1.8305514236736096,2.418096851330926,2.4332602993429746
1617,8.085,0.3865918701308209,1.191153333968817,1.208481649609805
1618,8.09,-1.532683966614221,-0.42617401545897504,-0.38437434390664826
1619,8.095,-4.127959933511308,-2.585865017963326,-2.4957044332449874
1620,8.1,-7.585909116229253,-5.530588366987898,-5.379716719852469
1621,8.105,-10.49735083807107,-9.436199119482056,-9.201182214837008
1622,8.11,-8.353824796874965,-11.970641685409367,-11.697217998162882
1623,8.115,-4.549329476534147,-6.860995103063031,-6.791692209111272
1624,8.120000000000001,-1.553849272955707,-2.09596140822872,-2.1541997424128256
1625,8.125,0.7097552038295328,0.5430761557939032,0.4639763625477995
1626,8.13,2.4627834289903032,2.4249217041355835,2.358493442130627
1627,8.135,3.8486684998365073,3.8391385043721113,3.803112661062582
1628,8.14,4.955918724785399,4.941983797581072,4.9460334725964845
1629,8.145,5.84103830716285,5.796025952454205,5.853227507506582
1630,8.15,6.541546693063999,6.389346054376331,6.564177767055851
1631,8.155,7.083170269156838,6.673875463167358,7.108386397566347
1632,8.16,7.483957864361797,7.050881823197958,7.505195751646269
1633,8.165000000000001,7.756750454219297,7.432170157626795,7.766413040634953
1634,8.17,7.910745174462344,7.683253565280656,7.902048081654971
1635,8.175,7.952557326776786,7.80564929445792,7.919756318991109
1636,8.18,7.887023069679067,7.810482871583821,7.825027836779008
1637,8.185,7.717915680913659,7.7055844488168495,7.62255567570945
1638,8.19,7.4487335220147965,7.496464697739734,7.317024205083405
1639,8.195,7.083744747744937,7.187871145412818,6.914550735037304
1640,8.2,6.629536024664241,6.785394257520675,6.42970561524198
1641,8.205,6.097388678974354,6.297519105209609,5.868890254768713
1642,8.21,5.506806803552208,5.738582033710745,5.2354415717017595
1643,8.215,4.89017745530382,5.133002672425733,4.585077233723588
1644,8.22,4.297273194391922,4.520592680393949,4.005750182223782
1645,8.225,3.795551539945348,3.9609297284420473,3.550519346605098
1646,8.23,3.4594346002094643,3.5311780201306973,3.2324884646594407
1647,8.235,3.345389505991905,3.308975229835626,3.1260919715750095
1648,8.24,3.464758249872167,3.3393468588726147,3.2797429977517463
1649,8.245000000000001,3.777320962343362,3.606304984487325,3.6867643524818305
1650,8.25,4.21197236618865,4.038390470339315,4.145179504923606
1651,8.255,4.695168221566936,4.545038333051244,4.627843496251111
1652,8.26,5.168083602189707,5.04989297005349,5.12806151750721
1653,8.265,5.590223405377795,5.50212868471137,5.572325933374002
1654,8.27,5.936033628981422,5.872742007221197,5.930578908858902
1655,8.275,6.190018502217277,6.147289092843457,6.185004132884882
1656,8.28,6.342679642530778,6.31998961935091,6.334168698921672
1657,8.285,6.387707286364942,6.389326608330024,6.389276025529273
1658,8.290000000000001,6.32021035640274,6.354416369682529,6.3391086962289664
1659,8.295,6.135702602427423,6.212629650454781,6.171273310919165
1660,8.3,5.829685761544208,5.959164953127239,5.893991420954537
1661,8.305,5.397872874131824,5.588033255776043,5.512034811176585
1662,8.31,4.83740743920516,5.093573509997096,5.0064826597750836
1663,8.315,4.1499884881946745,4.472641467626251,4.357277583124567
1664,8.32,3.3488004793518664,3.728858839181071,3.5933761049082573
1665,8.325,2.472467622767268,2.881610106517283,2.7515106662037
1666,8.33,1.6086360885829674,1.9838671805508317,1.8660845342741434
1667,8.335,0.9177081294070408,1.1510923022350767,1.0534102428845045
1668,8.34,0.611261071537018,0.5847576888481525,0.5509277640296943
1669,8.345,0.8317319591574641,0.5243776936741806,0.5179017712415481
1670,8.35,1.526802586636327,1.0704863759717442,1.0537411363484637
1671,8.355,2.4998403821328488,2.056614883506934,2.03707100265726
1672,8.36,3.557896005265287,3.2003681747844075,3.1856440649697513
1673,8.365,4.580282077533283,4.306226986192409,4.303248504484552
1674,8.370000000000001,5.5087859567855375,5.290952094515129,5.307864700712596
1675,8.375,6.321152183190341,6.131519791533703,6.174785087226244
1676,8.38,7.012384122758149,6.828469701597867,6.902702257511605
1677,8.385,7.584768596291791,7.391906837066598,7.498237579746977
1678,8.39,8.04310370123514,7.838598496137798,7.969840299317162
1679,8.395,8.392542699946505,8.187435867229485,8.325432339768405
1680,8.4,8.637670640120493,8.449705188109402,8.571691579289514
1681,8.405,8.782143607479197,8.626480291440927,8.714039223309333
1682,8.41,8.828577799974953,8.714722293118363,8.756774096018212
1683,8.415000000000001,8.778546317349797,8.71179624878108,8.703191610870006
1684,8.42,8.632623995563515,8.616111963986363,8.55574368538888
1685,8.425,8.390464287367642,8.426471532612254,8.316244063689627
1686,8.43,8.050922563144105,8.141515589603065,7.986041168173719
1687,8.435,7.612273472826677,7.75950236049505,7.5661400031749935
1688,8.44,7.072622019791254,7.278394606346218,7.057524440374249
1689,8.445,6.430701250859322,6.696294338553109,6.462009719133169
1690,8.45,5.687418824931514,6.012420195205442,5.783071890412042
1691,8.455,4.848802444742089,5.229060137490833,5.025940688019845
1692,8.46,3.9313879501391074,4.355299318676431,4.198893481437431
1693,8.465,2.971251145693223,3.413780929015058,3.3196636212062742
1694,8.47,2.036326264242861,2.4517770801312766,2.42812159404364
1695,8.475,1.2348468219693025,1.5552988770129823,1.6012876111524093
1696,8.48,0.6997005051495376,0.8551581908525732,0.9595431594052721
1697,8.485,0.5303948395649587,0.49732037609751156,0.6396756624663089
1698,8.49,0.726587406517709,0.5604983480007926,0.7179271751225382
1699,8.495000000000001,1.1888118868716515,0.9850330227999966,1.1402536536506864
1700,8.5,1.785533676880107,1.6121777431752369,1.7565820196216695
1701,8.505,2.410724515895796,2.2890141192531153,2.420894138211082
1702,8.51,2.999086810864276,2.921465636251524,3.0434096235293304
1703,8.515,3.5176028449265253,3.466724784455963,3.583996515446403
1704,8.52,3.953433315299133,3.9117128366748455,4.03080772681909
1705,8.525,4.305165239678766,4.258995263522425,4.38512535115204
1706,8.53,4.577704579644983,4.520287904134553,4.653982306238393
1707,8.535,4.779584641966349,4.712034472366997,4.84715553617699
1708,8.540000000000001,4.921608670533001,4.8500760668955145,4.975689380073354
1709,8.545,5.016113684944827,4.9466503275248215,5.051351580452901
1710,8.55,5.076407029891021,5.011832592992107,5.087092174032337
1711,8.555,5.1160931366682565,5.055935262812195,5.097325520407018
1712,8.56,5.148140139911704,5.090077504552377,5.096824554091971
1713,8.565,5.18368358994741,5.125159361781038,5.099026107693626
1714,8.57,5.230732413140079,5.1702082294041976,5.114662319652641
1715,8.575000000000001,5.293078034531572,5.2307596052290855,5.150131250554973
1716,8.58,5.369727307065184,5.30772449884007,5.206525904154098
1717,8.585,5.455039494617264,5.397052139849124,5.2809423482203774
1718,8.59,5.539504005644787,5.490254448348954,5.367698985849259
1719,8.595,5.610882293116768,5.57556325119581,5.457718015453674
1720,8.6,5.655362174773143,5.63930133900849,5.537994549915275
1721,8.605,5.658441544503824,5.667056191975023,5.592367450103686
1722,8.61,5.605393927738246,5.64440041821953,5.602997592959369
1723,8.615,5.481284699807291,5.557083076659386,5.551419544959263
1724,8.620000000000001,5.270559054351912,5.39073036264866,5.418787332692991
1725,8.625,4.956205696532805,5.130119154458899,5.186092101425992
1726,8.63,4.518420145460711,4.7580363406936845,4.834460852319141
1727,8.635,3.9325366751679134,4.253619972635641,4.343890186990441
1728,8.64,3.1657057108507383,3.5898726140286623,3.6896928240993647
1729,8.645,2.171182014186245,2.7296559230390622,2.8375796607455706
1730,8.65,0.8776511127128452,1.6186750216606214,1.7366267859880344
1731,8.655,-0.8327650417357488,0.17205221208443078,0.3062741058429408
1732,8.66,-3.175271534230917,-1.7540311496933567,-1.5913283154102533
1733,8.665000000000001,-6.591556874166664,-4.429397855340902,-4.216612425393491
1734,8.67,-11.910567010557616,-8.423618759430909,-8.121123322469549
1735,8.675,-14.183810656115142,-14.783431978929398,-14.320349559244919
1736,8.68,-8.076255635799773,-15.216948574153593,-14.812951872595855
1737,8.685,-3.71517482621171,-4.265513305098306,-4.2760574828663955
1738,8.69,-0.7265542795174054,-0.9088536356724015,-0.9857978833070993
1739,8.695,1.4899771275145703,1.4997528376164295,1.3861061732173368
1740,8.700000000000001,3.21686409391295,3.230334540098305,3.1032932716894503
1741,8.705,4.601068128456645,4.599503414756324,4.472352383083316
1742,8.71,5.727336800627622,5.699582919290565,5.587482363619852
1743,8.715,6.64841099067475,6.5865447180929575,6.503492821366978
1744,8.72,7.39895321094372,7.086205219192099,7.252610148780973
1745,8.725,8.002616234270096,7.315605878066828,7.858759133329999
1746,8.73,8.475910995700291,7.963671806452037,8.332577846680067
1747,8.735,8.830448325411728,8.45452285637446,8.681983298229314
1748,8.74,9.074293094851786,8.79292569465619,8.91568745198473
1749,8.745000000000001,9.212802385408947,9.00653988639544,9.037898495972952
1750,8.75,9.249145452955029,9.108545674087347,9.05097673524169
1751,8.755,9.18461562360611,9.10527402700422,8.957356589229907
1752,8.76,9.018798231993271,8.999271295666576,8.757260990041019
1753,8.765,8.749635152671079,8.790495924488507,8.455638511503897
1754,8.77,8.373418401151213,8.47680351622816,8.066206948035422
1755,8.775,7.884754270692119,8.054129149138904,7.564460875960053
1756,8.78,7.276578416675038,7.516554340893469,6.933154404363094
1757,8.785,6.540407299857084,6.85641889351874,6.24194893964945
1758,8.790000000000001,5.667273283239236,6.064748607613426,5.543389367044098
1759,8.795,4.650429135831046,5.132607671532103,4.764024419379703
1760,8.8,3.492406187588988,4.054831199355308,3.814915654024768
1761,8.805,2.2220920724186457,2.839577860518186,2.746164133692317
1762,8.81,0.9310162488250778,1.5311193102549017,1.630547358843491
1763,8.815,-0.1731523919195723,0.2570260107578468,0.5463923898537484
1764,8.82,-0.7704393218138161,-0.7087840845630309,-0.462551899258532
1765,8.825000000000001,-0.6366596988940012,-0.9834206697522703,-0.7682157472356472
1766,8.83,0.1124207890163754,-0.4005278525051388,-0.20858287569664125
1767,8.835,1.1555556127735591,0.7266172730095999,0.8605584349477686
1768,8.84,2.2365971060962826,1.9560290964440865,2.034996970858889
1769,8.845,3.228663263733225,3.061732007804009,3.0794929528747037
1770,8.85,4.0861607054768605,3.9849776760675875,3.9616210347747076
1771,8.855,4.800279536997142,4.72655623402522,4.699460947738278
1772,8.86,5.376202160459197,5.301130029351995,5.278827931222831
1773,8.865,5.82339325679872,5.7270852541436685,5.71406514252249
1774,8.870000000000001,6.151840502758528,6.030588724451574,6.047715925634176
1775,8.875,6.370779693892333,6.241865067633276,6.291844542495173
1776,8.88,6.488428463555481,6.376602047095901,6.41394288148095
1777,8.885,6.512128904417366,6.434312777362464,6.409762899523654
1778,8.89,6.4486651899430765,6.41208120598452,6.346079586234158
1779,8.895,6.30467392651529,6.310682216855634,6.22504703583825
1780,8.9,6.0871268001246905,6.1341391049800364,6.006484079964977
1781,8.905,5.803885538440711,5.888642131323911,5.754620299340083
1782,8.91,5.464323646238116,5.582235800817926,5.507604817019821
1783,8.915000000000001,5.079977545033292,5.225067822621174,5.112411206806382
1784,8.92,4.6651249783428455,4.829881009448372,4.681038217537816
1785,8.925,4.237089391712023,4.4124723202286065,4.261817420415494
1786,8.93,3.8159611379326903,3.9918019066263963,3.843928146149402
1787,8.935,3.423391346959417,3.589357845463556,3.4623207569159944
1788,8.94,3.0802899299410624,3.227405018124336,3.1390634708681135
1789,8.945,2.803741506338677,2.9260507399112656,2.8884807204128555
1790,8.950000000000001,2.6040918285034342,2.699721535101456,2.718382314879403
1791,8.955,2.4834708527371427,2.554374591618643,2.6283623971650467
1792,8.96,2.43655604334393,2.486893016597146,2.6075857018465842
1793,8.965,2.453313506446786,2.4872036427055098,2.638951505225997
1794,8.97,2.522562884608928,2.542238846931274,2.708949316220964
1795,8.975,2.6350811254586457,2.640062009767,2.8100661814836796
1796,8.98,2.7854510965279413,2.7727702246693156,2.9377065460423237
1797,8.985,2.9724560445095465,2.937631677310085,3.09055615718191
1798,8.99,3.1982030995014976,3.136579234414029,3.2715801621255443
1799,8.995000000000001,3.466345242220971,3.3744632052136927,3.4869907437298675
1800,9.0,3.7798930069070416,3.6565715217460584,3.7434417531634576
1801,9.005,4.139200871408771,3.9860409138258346,4.044822476244952
1802,9.01,4.540687704671547,4.3618633531204285,4.390808048291677
1803,9.015,4.976615550532401,4.778060646812702,4.776674933015665
1804,9.02,5.435865116051511,5.224191879241384,5.1930581334697
1805,9.025,5.905311590557735,5.6868560412775695,5.626839855668507
1806,9.03,6.37129521229241,6.1515504269328805,6.064193690748285
1807,9.035,6.820802115988975,6.60428555776293,6.493251966245434
1808,9.04,7.242191202364683,7.032629570338356,6.90380776960602
1809,9.045,7.625487568077388,7.426145367185906,7.286417943952619
1810,9.05,7.962356223307977,7.7763589936766735,7.632763120009626
1811,9.055,8.245884469114088,8.076448533869126,7.934575066947627
1812,9.06,8.47027487341324,8.320819364209951,8.182626712552555
1813,9.065,8.6305139680271,8.504679434196078,8.369706265807302
1814,9.07,8.722050257158475,8.623672142288948,8.49166416646888
1815,9.075,8.74049331468051,8.67357792681799,8.54482786001102
1816,9.08,8.68133269012683,8.65006716394732,8.524924739921964
1817,9.085,8.539668663913446,8.54847726692368,8.427359210437787
1818,9.09,8.309944814332079,8.363589890765613,8.247166442686689
1819,9.095,7.985674802456073,8.089392423503716,7.978767934308566
1820,9.1,7.559165788880614,7.718818402009281,7.61570065416829
1821,9.105,7.021268135357652,7.243478163488563,7.150304123769741
1822,9.11,6.361251133010785,6.653428335687847,6.57341292693006
1823,9.115,5.567083736357237,5.9371225733755,5.874218490296553
1824,9.12,4.626859093587959,5.081926508184053,5.040695581768238
1825,9.125,3.5332737928986884,4.0761988329880765,4.061579381757468
1826,9.13,2.295910900895503,2.9155178190113964,2.9323983285190725
1827,9.135,0.9716165212612036,1.6194182808779303,1.671729577353882
1828,9.14,-0.2748191296515641,0.27207202921028273,0.3606969209192652
1829,9.145,-1.114834905332952,-0.8998778252611839,-0.7814241669675157
1830,9.15,-1.1896837723223983,-1.474896486262952,-1.3458030238417606
1831,9.155,-0.4792742098164596,-1.0796564760166447,-0.9681294853224163
1832,9.16,0.6722221559353057,0.1084681474842295,0.1848016622455697
1833,9.165,1.923607925649732,1.534641240545203,1.578681819163541
1834,9.17,3.0971890765878944,2.853124701198256,2.8776611683538125
1835,9.175,4.1298422228507885,3.9709505655607993,3.989971598221616
1836,9.18,5.009917177668138,4.8884599889995854,4.915880231708324
1837,9.185,5.744671999504813,5.625594387217152,5.676396325868915
1838,9.19,6.347022651128219,6.203549602608305,6.293107193982296
1839,9.195,6.830766973864716,6.649062873881485,6.784300718617753
1840,9.2,7.209166793033248,6.999727044228569,7.165062872126488
1841,9.205,7.494816839573291,7.2843775018251,7.448197603160425
1842,9.21,7.699992022544377,7.50913768973051,7.645374905224825
1843,9.215,7.8371488286934685,7.673417193424029,7.768124563909612
1844,9.22,7.919425116309828,7.781772455224252,7.82859222979514
1845,9.225,7.961019672403836,7.844183803554989,7.840203501238498
1846,9.23,7.977315553003653,7.87409040057052,7.818170571522485
1847,9.235,7.984586711810637,7.887039601165993,7.779642225356079
1848,9.24,7.999145949382864,7.899580808513731,7.743168417006672
1849,9.245,8.03590669639081,7.927867356397526,7.727239157686425
1850,9.25,8.106559149898386,7.9858011607110555,7.749028341414006
1851,9.255,8.217826573057451,8.082969578230257,7.823777177543531
1852,9.26,8.37039397111721,8.22296194610811,7.961579444307235
1853,9.265,8.558932807703851,8.402719089416689,8.161454550652959
1854,9.27,8.773222448808056,8.613236951149498,8.409840967776882
1855,9.275,8.999946616955464,8.841376022305045,8.686581746073387
1856,9.28,9.224575891533034,9.072102301717948,8.970237613648418
1857,9.285,9.432874957519752,9.290460178333738,9.238042032086831
1858,9.29,9.61183941772918,9.482873227062221,9.466589478098989
1859,9.295,9.750095372605015,9.637719279609684,9.63987766941462
1860,9.3,9.837909198679224,9.74534408219721,9.752268647837415
1861,9.305,9.866971308406049,9.797741821110705,9.800374298375903
1862,9.31,9.830085222419202,9.788104311586496,9.779538428244422
1863,9.315,9.720852200048206,9.710382678070488,9.685422823989448
1864,9.32,9.533413266234884,9.55894639217204,9.514851100609649
1865,9.325,9.262303752236562,9.328382012400656,9.265411130923544
1866,9.33,8.902496817988823,9.013463499773774,8.934139031868387
1867,9.335,8.449773946260299,8.609360255765061,8.517547109526458
1868,9.34,7.901687014443139,8.112240416203802,8.013303399990626
1869,9.345,7.259609078216235,7.520599843735589,7.421214149091635
1870,9.35,6.532742613869625,6.837946047510373,6.744601231858375
1871,9.355,5.745346240289132,6.07791813637904,5.996072943628931
1872,9.36,4.948052012265175,5.273323935902842,5.208443602177828
1873,9.365,4.230322002248698,4.489730510684698,4.447380826317712
1874,9.37,3.719875463913041,3.838443614771862,3.8217716586809516
1875,9.375,3.543955356792009,3.4682697550625536,3.476109229996618
1876,9.38,3.755024078007023,3.504737483108701,3.531996185182688
1877,9.385,4.291011827788706,3.955477343643696,3.994349123074892
1878,9.39,5.020916296634987,4.690473309336875,4.734279303417507
1879,9.395,5.818026055317224,5.536393912365883,5.58378059234682
1880,9.4,6.594864771356165,6.365892165505258,6.420072366610389
1881,9.405,7.301778101967509,7.112097506132132,7.178053017714664
1882,9.41,7.914176212223982,7.747416709118788,7.830410175169975
1883,9.415,8.421433911125314,8.264356016201386,8.368611910261352
1884,9.42,8.819857550229406,8.665723707930162,8.791893535831571
1885,9.425,9.108734226121896,8.959729620134294,9.102047974949478
1886,9.43,9.288215329198056,9.154676983846162,9.301155104486842
1887,9.435,9.35819091824302,9.25389313790373,9.390642715918693
1888,9.44,9.317673288940112,9.255173098980233,9.370918292110956
1889,9.445,9.164435533253847,9.153492032941735,9.241217122413032
1890,9.45,8.894785839106385,8.942982460285918,8.999531940091593
1891,9.455,8.503452753921293,8.617292920707117,8.642589281063572
1892,9.46,7.983661370373307,8.169296296589305,8.165886714163808
1893,9.465,7.327667766456397,7.590948105375986,7.563899148518208
1894,9.47,6.528434424676153,6.873854119958036,6.8308215553452944
1895,9.475,5.584089480131395,6.01146522253437,5.962816677363722
1896,9.48,4.508899469497684,5.005053844749496,4.963827062664265
1897,9.485,3.357910657522388,3.8783597501651528,3.85928164776817
1898,9.49,2.271644174649013,2.709978635074498,2.7263671033996006
1899,9.495,1.5134565163781537,1.6893514586945537,1.7475045343379474
1900,9.5,1.3797932267380586,1.1494438802764684,1.2427302175142625
1901,9.505,1.9375985604785504,1.4034800716430746,1.5134486595043306
1902,9.51,2.9475853569317865,2.383863961642307,2.493492792810212
1903,9.515,4.110882825980049,3.673429313357594,3.777232364286735
1904,9.52,5.24060642766279,4.934345730737334,5.034145350044832
1905,9.525,6.2549967254885175,6.036648585701704,6.136279529436865
1906,9.53,7.1281853100787895,6.955864507275116,7.060625215477611
1907,9.535,7.85792619571538,7.699567656770485,7.816931729714508
1908,9.54,8.450357483812313,8.282370385729648,8.421070970806367
1909,9.545,8.913625441066031,8.724003774365624,8.887688766980432
1910,9.55,9.255408099237162,9.05176613240473,9.228656467998945
1911,9.555,9.482053935284355,9.287947688578384,9.452922235039631
1912,9.56,9.598365525039885,9.436713102026705,9.566878389045307
1913,9.565,9.607629298758576,9.492316049116711,9.574951977456148
1914,9.57,9.511735934741491,9.449593156133972,9.480044194464089
1915,9.575,9.311344944960776,9.305797039073166,9.283814558877653
1916,9.58,9.006106703798887,9.059309647684334,8.98716212816795
1917,9.585,8.595007193005443,8.708683474546458,8.590971343211356
1918,9.59,8.076974275723064,8.252446427998974,8.096634637593343
1919,9.595,7.452012323261139,7.689590795752935,7.506250965198145
1920,9.6,6.723358244246416,7.020897365401734,6.823901942776007
1921,9.605,5.901510232214844,6.251625234462045,6.058978186373102
1922,9.61,5.011358392671034,5.3965807809911075,5.230048780054438
1923,9.615,4.1032806187691335,4.488986735274824,4.370053547967033
1924,9.62,3.265432780675069,3.5937827734400702,3.537774430885291
1925,9.625,2.6237294947508905,2.820477839413152,2.833112854201291
1926,9.63,2.305107485501903,2.315888026960516,2.392714129745998
1927,9.635,2.3651356370594607,2.2061864293267575,2.3331324082937104
1928,9.64,2.7467313609080786,2.5041420689385405,2.6604343534131676
1929,9.645,3.322265292439281,3.0858662001466355,3.251741764632562
1930,9.65,3.96585376832795,3.7805485529794463,3.944563164275877
1931,9.655,4.589642053144106,4.4602657186088495,4.618987925558729
1932,9.66,5.143626566050626,5.057059214285054,5.211263803550718
1933,9.665,5.603423644120468,5.542937824081014,5.695410770121629
1934,9.67,5.959348065851287,5.910843346635349,6.065114239963717
1935,9.675,6.20952027741534,6.164802683954818,6.3228330260844245
1936,9.68,6.356154276352184,6.315180704869824,6.473922084135465
1937,9.685,6.40384204075318,6.373818890048255,6.524368176277121
1938,9.69,6.3590443573690605,6.3494867718307475,6.481065057398102
1939,9.695,6.230365598343232,6.24788812600058,6.3522040183965895
1940,9.7,6.029407133787697,6.075307725336724,6.147370502948361
1941,9.705,5.77206010657029,5.842005806063112,5.879236600257499
1942,9.71,5.479992261029521,5.564302434322211,5.56673856519632
1943,9.715,5.181756343450546,5.265934390479327,5.236707455922388
1944,9.72,4.912424241415622,4.978592827358444,4.923124793876895
1945,9.725,4.7102800646626966,4.740445187406908,4.66556780564023
1946,9.73,4.609752106948989,4.590972782921909,4.504474058331516
1947,9.735,4.632163381294986,4.561654900004172,4.470912152810556
1948,9.74,4.778799499809798,4.665443466247677,4.577225825686977
1949,9.745,5.030750385939861,4.891193579573362,4.813535458586427
1950,9.75,5.355662535695503,5.207478450994601,5.149517088537437
1951,9.755,5.717077813961025,5.573457685356763,5.54314820394095
1952,9.76,6.081767081054684,5.9499162627401185,5.9522693599702405
1953,9.765,6.423328325313142,6.305671837221998,6.341694607725233
1954,9.77,6.722798058869641,6.619166019922317,6.6852551091447
1955,9.775,6.967747763359982,6.877336450619788,6.965891761396982
1956,9.78,7.150987873999172,7.073608850614887,7.174891359263913
1957,9.785,7.2694611967307585,7.205930250588528,7.309760582536471
1958,9.79,7.323539026612784,7.275253649455539,7.371902193254464
1959,9.795,7.316752076455595,7.284736672225208,7.365580279472013
1960,9.8,7.255911112710359,7.239739413925429,7.2979659445704606
1961,9.805,7.151520044223059,7.148436740737445,7.179530576155436
1962,9.81,7.018299872708038,7.022702800137704,7.024467208646646
1963,9.815,6.875492232590757,6.878899219438423,6.8511269037088764
1964,9.82,6.746415009495616,6.7381317185665095,6.682237921917816
1965,9.825,6.656632447441071,6.625376441332998,6.544083782565782
1966,9.83,6.630355111274309,6.566821424839568,6.463832329078689
1967,9.835,6.685540450404658,6.5852164010186875,6.465045467088892
1968,9.84,6.829349856225826,6.694212446670345,6.562373269083825
1969,9.845,7.056118595525154,6.894038208773108,6.7572642804380445
1970,9.85,7.348940403078271,7.170961059207102,7.036907351363292
1971,9.855,7.683973745811103,7.501031833220077,7.377402873116338
1972,9.86,8.035345013013863,7.856071559351639,7.749451586803842
1973,9.865,8.378866500093627,8.209046459259142,8.12365613300013
1974,9.87,8.69395176873903,8.537201999111018,8.474157688811875
1975,9.875,8.964029330751309,8.822958900441687,8.780559845220928
1976,9.88,9.17606412671983,9.053366505562952,9.027933834707403
1977,9.885,9.319701534600789,9.218897696979028,9.20550989878412
1978,9.89,9.386338064130776,9.312094867275341,9.305231529439261
1979,9.895,9.368246904313548,9.326353797378639,9.32060089079493
1980,9.9,9.257777266900607,9.254974320419596,9.245725750669585
1981,9.905,9.046586758859746,9.090457123757966,9.074485975657787
1982,9.91,8.724830002785083,8.823907696955148,8.79974356834976
1983,9.915,8.280192332585187,8.444362757778762,8.412488598697564
1984,9.92,7.696604824422239,7.937855899006146,7.900785344966966
1985,9.925,6.952382075546359,7.286020143062677,7.248323042895818
1986,9.93,6.017350461642192,6.463929849612048,6.432258813423887
1987,9.935,4.8482347743240375,5.436670341162449,5.419831943429564
1988,9.94,3.3811878601523797,4.153748483151309,4.162868271085417
1989,9.945,1.520875312601306,2.540024017800989,2.5888742238885443
1990,9.95,-0.8642593536367847,0.48289464701487894,0.5884547232984412
1991,9.955,-3.8384204776355952,-2.1687418753855985,-1.9859142410793487
1992,9.96,-6.500496090535909,-5.438392270786302,-5.159518761396869
1993,9.965,-5.8049325410346775,-7.8672228515546685,-7.525479412670048
1994,9.97,-2.774068215124318,-5.185771392317342,-4.951860746678353
1995,9.975,0.0195939585930129,-0.7901838270763042,-0.6886483507803334
1996,9.98,2.2147128750194,1.9352833586865237,1.9878576319071875
1997,9.985,3.930897390011989,3.8373402469347795,3.8722265832653715
1998,9.99,5.288532363440881,5.250742206626802,5.283766804366584
1999,9.995,6.37044528021459,6.339502160457558,6.382998789015158
2000,10.0,7.231810545378325,7.175899979850893,7.249217921660935
2001,10.005,7.909985612853023,7.773076376516258,7.927804713280237
2002,10.01,8.430822462479751,8.10796559238616,8.448177026672374
2003,10.015,8.812514138510764,8.414107994443079,8.829222768870235
2004,10.02,9.067965389227645,8.742307143971725,9.082265602830473
2005,10.025,9.206294096974627,8.969104994250767,9.215717533867707
2006,10.03,9.23381589799044,9.075085711359712,9.235757206001177
2007,10.035,9.15472203192657,9.066109328964075,9.146208304463343
2008,10.04,8.97158632375077,8.948081823881779,8.949800660100369
2009,10.045,8.685804967810217,8.724728637769832,8.649002244968429
2010,10.05,8.29807129633373,8.3981160915533,8.246596298771395
2011,10.055,7.809016634612989,7.96941898209225,7.749542106671298
2012,10.06,7.220215683763104,7.439837596373132,7.160652663397039
2013,10.065,6.535872453485807,6.811916981541947,6.476706603459664
2014,10.07,5.765666146138947,6.091679633936575,5.721643370811548
2015,10.075,4.92935060514507,5.292160423803125,4.94557273855271
2016,10.08,4.063371980310864,4.4390081660446885,4.179609331291205
2017,10.085,3.227951277543303,3.578227277911684,3.427405546178612
2018,10.09,2.508377916084916,2.783456417318779,2.7448177664606743
2019,10.095,1.9988379129778004,2.153833854814461,2.2320688359322256
2020,10.1,1.7637435483798989,1.7876991312690143,1.9883318246529331
2021,10.105,1.7999483722358112,1.7309991917968404,1.9821163569174116
2022,10.11,2.037697121576957,1.9401109446170892,2.174923361285503
2023,10.115,2.3792156002526936,2.3050646114094993,2.523657634627807
2024,10.12,2.7366446563455797,2.709826326754432,2.9130453285839915
2025,10.125,3.0472592288561646,3.070495342615906,3.255050324812708
2026,10.13,3.271762529141017,3.338401884352733,3.502564108550804
2027,10.135,3.3872695656723333,3.489150934797149,3.634355603372061
2028,10.14,3.3810806387214125,3.5126860305415204,3.65039892691118
2029,10.145,3.24686067558766,3.407385551269094,3.544284057225556
2030,10.15,2.983287330919457,3.1763712695508506,3.30677009301999
2031,10.155,2.5952498406641897,2.8251772205170274,2.9455974910677765
2032,10.16,2.098290257378661,2.3630094995018647,2.4772854975228107
2033,10.165,1.5275579156247645,1.80989770621755,1.9151068283481054
2034,10.17,0.9515915283556466,1.2098972736710794,1.289425607645935
2035,10.175,0.4845760018973539,0.648580322982899,0.6962924330881091
2036,10.18,0.2747297609323006,0.26449592711438363,0.28865134817175875
2037,10.185,0.4419652311723736,0.22353409521980794,0.22205007849959557
2038,10.19,0.9959824539637564,0.6272187373608356,0.5951253772178227
2039,10.195,1.8295147586998175,1.419667362166178,1.3822060208645
2040,10.2,2.795909764086721,2.4239106054003914,2.3794101940294086
2041,10.205,3.7776799916119512,3.467421918939318,3.401028895077538
2042,10.21,4.70344720781098,4.446310191413996,4.374620819469414
2043,10.215,5.5369670249104095,5.314456541945429,5.257846354260118
2044,10.22,6.262703669100834,6.057073215317339,6.029090720808156
2045,10.225,6.875765198523896,6.674327712292449,6.684925689652262
2046,10.23,7.3761263678442255,7.174380895498028,7.225134764205572
2047,10.235,7.7655682476748735,7.568931074023139,7.650033394597217
2048,10.24,8.04610612517225,7.867070705486808,7.960062247593768
2049,10.245,8.21917796185312,8.071362146848129,8.156121036785173
2050,10.25,8.28519874699156,8.179503451783175,8.239592581614334
2051,10.255,8.243270276988431,8.187541819177484,8.211678239661977
2052,10.26,8.090929897708314,8.091188716017127,8.0727047627097
2053,10.265,7.823866596470344,7.885601200516275,7.821778249729069
2054,10.27,7.435551999288306,7.564692156306647,7.456518320366117
2055,10.275,6.916741742019803,7.120388722635925,6.97257034880909
2056,10.28,6.254814639855479,6.541864936447216,6.362898501532802
2057,10.285,5.432967729095045,5.814686917691339,5.617042356239716
2058,10.29,4.4294822781313306,4.919879609385433,4.720138639422794
2059,10.295,3.2179816126721845,3.8332193105537913,3.651369837290493
2060,10.3,1.7720721067038263,2.526064394353538,2.383410765426657
2061,10.305,0.0862477502127455,0.9725235092311824,0.8889395248419327
2062,10.31,-1.7494329753922555,-0.8203040304293676,-0.8291774476915972
2063,10.315,-3.3523495228376987,-2.706864179646086,-2.6348633362117235
2064,10.32,-3.92538889087363,-4.136440432113844,-4.000127488153046
2065,10.325,-3.083240514344627,-4.076576118144462,-3.9282360277128188
2066,10.33,-1.498283683753763,-2.3853194534182034,-2.2761815010818225
2067,10.335,0.1431789492694301,-0.3403861689451464,-0.27325126794187504
2068,10.34,1.5863674749506682,1.362873769297678,1.4049537996319899
2069,10.345,2.788336943122568,2.694025599344373,2.724877723137148
2070,10.35,3.7669103141541935,3.725832834285134,3.7572451745432804
2071,10.355,4.550889988087461,4.517157164817786,4.563787129529989
2072,10.36,5.1670877393284345,5.103143804733209,5.1877833506324125
2073,10.365,5.638012238000125,5.509384144615325,5.65950906319384
2074,10.37,5.982360680626316,5.7923096563343215,6.000953345301149
2075,10.375,6.216113051774153,6.017628326812009,6.2287303259739435
2076,10.38,6.353650748003075,6.187701139442204,6.356488412367877
2077,10.385,6.408771271587619,6.286272094275643,6.396726166981318
2078,10.39,6.395570145368394,6.313334282764782,6.3620715188047585
2079,10.395,6.329144004400429,6.279394515991098,6.266590473650272
2080,10.4,6.226004838790211,6.199453312880863,6.126585012083538
2081,10.405,6.104020542087599,6.09091356743518,5.96065747430586
2082,10.41,5.98166263968139,5.972575999574847,5.78945073136051
2083,10.415,5.876427139474266,5.863314814982831,5.633505808270254
2084,10.42,5.802563686474208,5.7799932344196385,5.510262993001004
2085,10.425,5.768650590155032,5.734809710274037,5.436615909933094
2086,10.43,5.77584864895564,5.732818409392578,5.4298235658058065
2087,10.435,5.817551630817439,5.770621725163093,5.495282398701464
2088,10.44,5.880578180702797,5.8368859596059375,5.615752119372597
2089,10.445,5.947374951040651,5.914493359007856,5.761680931664289
2090,10.45,5.9983781873151205,5.983404247737949,5.906194206642665
2091,10.455,6.013835909089259,6.023174661979176,6.022599470199189
2092,10.46,5.97478638691585,6.014498957358171,6.0751399466507765
2093,10.465,5.863223283110023,5.9396807192329195,6.031175023615681
2094,10.47,5.66162448747861,5.782248789821137,5.88407617471443
2095,10.475,5.352008820941555,5.525994142610118,5.629449969391251
2096,10.48,4.914589256179407,5.153620679268972,5.2520831692762195
2097,10.485,4.325968971312596,4.6450700358012575,4.733051459770088
2098,10.49,3.5567101856350947,3.9754291846700767,4.050261741941185
2099,10.495,2.5680739203202623,3.112185968503213,3.17643418306323
2100,10.5,1.3081980685717,2.0115888919553577,2.0725547328886362
2101,10.505,-0.2888593110561801,0.6146196326239943,0.6816032598782016
2102,10.51,-2.280353502974409,-1.1521969875523794,-1.0669451787513902
2103,10.515,-4.559770310757735,-3.3402819953093985,-3.2207036943908367
2104,10.52,-6.24291612843561,-5.7478491464166055,-5.585227026049971
2105,10.525,-5.621168472568369,-7.04330448010321,-6.876357872675616
2106,10.53,-3.269934597911102,-5.053085556965469,-4.985253708596881
2107,10.535,-0.8109956817956507,-1.6785413386141244,-1.7249293737020244
2108,10.54,1.2741044002741502,0.8900905265438226,0.7885648395860452
2109,10.545,2.977869916838861,2.7910036210082945,2.6739171349302584
2110,10.55,4.366039819719772,4.252326384533502,4.1485876691279415
2111,10.555,5.497837387473292,5.401107379715249,5.332837550469488
2112,10.56,6.417196494984775,6.300245205938578,6.284619893072351
2113,10.565,7.155491860017131,6.968398996378603,7.043745691904613
2114,10.57,7.734987896905086,7.425669726810547,7.640324122964299
2115,10.575,8.171426691815848,7.811255677173752,8.091327402311068
2116,10.58,8.47579603190617,8.165191593866101,8.406603266711919
2117,10.585,8.65552227631245,8.421196262672163,8.593336915050461
2118,10.59,8.715297619007934,8.556669524257103,8.656449923835504
2119,10.595,8.657703883849452,8.570980060894644,8.59878791664138
2120,10.6,8.483778036023246,8.466359734777683,8.422088291570725
2121,10.605,8.19369173606959,8.244213607921429,8.12784796744469
2122,10.61,7.78780945228158,7.9052196804003305,7.718523067536308
2123,10.615,7.268587176451171,7.450592354718102,7.199727532427467
2124,10.62,6.644130221692559,6.884531188704491,6.577612185793088
2125,10.625,5.934723852039257,6.218780109545308,5.864046655091014
2126,10.63,5.183790595451038,5.480878068978487,5.100945546581759
2127,10.635,4.472373500233874,4.7276254256925005,4.367812311470482
2128,10.64,3.926557906238196,4.0614962174733735,3.766922322221565
2129,10.645,3.691074141837124,3.6338364471358937,3.4207616527544973
2130,10.65,3.853937225934807,3.598873985785283,3.466151472867476
2131,10.655,4.38117584277192,4.010285800677308,3.9556841146946593
2132,10.66,5.143699705767717,4.7619747719023735,4.780078830037631
2133,10.665,6.000319661787054,5.667641682566329,5.715853421562003
2134,10.67,6.84865764438973,6.575863097586042,6.616514826228662
2135,10.675,7.629647679417028,7.403956855206813,7.43665531657124
2136,10.68,8.314080475719429,8.117378948137864,8.146103145681966
2137,10.685,8.889545924928274,8.706152010145017,8.73118863623565
2138,10.69,9.351993706876511,9.172275328431597,9.19154052381619
2139,10.695,9.701020164180528,9.52432260681313,9.532978301392927
2140,10.7,9.937395215922136,9.772510050610093,9.765474749533466
2141,10.705,10.061800578969798,9.922677224760692,9.891156022682686
2142,10.71,10.074199223920106,9.974276739149538,9.907557966667689
2143,10.715,9.97354262735842,9.923117483257162,9.817978399611874
2144,10.72,9.757695769674218,9.764162897969968,9.625331368495079
2145,10.725,9.423586203052102,9.492465072150232,9.322258700726067
2146,10.73,8.967725112755051,9.103244926468289,8.898444342869318
2147,10.735,8.387482638771349,8.592244142709783,8.358210234039396
2148,10.74,7.683949568585624,7.95715040018608,7.710872504691104
2149,10.745,6.8680520653299615,7.201197295080153,6.958758986424904
2150,10.75,5.972770744785252,6.341037135988313,6.120629031935636
2151,10.755,5.074203947636744,5.422368934861049,5.252570630126784
2152,10.76,4.315366978219501,4.5459461755830235,4.433368741868085
2153,10.765,3.8965375824219146,3.892717471302595,3.8256391201035136
2154,10.77,3.976787460037015,3.694640492576159,3.6658270086608735
2155,10.775,4.542259269506382,4.085120257121182,4.08464601265908
2156,10.78,5.419312079019012,4.948730833884381,4.966141060758738
2157,10.785,6.412216235039194,6.017449165108017,6.048029908091111
2158,10.79,7.388227754577698,7.078609102615502,7.120915619610495
2159,10.795,8.278940403986299,8.031383417641736,8.085324256943693
2160,10.8,9.055635254123892,8.843041237802357,8.910297033728297
2161,10.805,9.70945484984432,9.509347231390961,9.593272001057372
2162,10.81,10.2402332030785,10.037334279596552,10.140589024349875
2163,10.815,10.65096820007819,10.440926983134464,10.560276223238084
2164,10.82,10.945242183673802,10.737279311463087,10.859647410995837
2165,10.825,11.126063802344316,10.9377582458741,11.0444396964379
2166,10.83,11.195373434673714,11.04342653333352,11.118560983802869
2167,10.835,11.153859326983843,11.04986197455634,11.084258545931817
2168,10.84,11.000937253678876,10.952165734041213,10.942403729387468
2169,10.845,10.734864480767005,10.746192886897402,10.69265994528003
2170,10.85,10.353057499561356,10.428177481912305,10.33382805185268
2171,10.855,9.852819066980606,9.994505822074654,9.86470458349059
2172,10.86,9.232927539656432,9.442270917103691,9.28525296091494
2173,10.865,8.497014733826473,8.771143740897951,8.598303318398896
2174,10.87,7.660475739782684,7.987666208021464,7.813572093715818
2175,10.875,6.763553095972728,7.1141151458597145,6.956111518837615
2176,10.88,5.8918961569425,6.205050558677399,6.0809149837489445
2177,10.885,5.194333349256142,5.372033455132069,5.294974316297995
2178,10.89,4.858842068764821,4.799567083612965,4.7732070856387026
2179,10.895,5.008563250281595,4.6967844437583715,4.714115440866802
2180,10.9,5.59886982217196,5.147573886073563,5.195764095660225
2181,10.905,6.457741295000902,6.00873606936206,6.076023056620279
2182,10.91,7.409402946765358,7.032281006140718,7.110535400809968
2183,10.915,8.338058972391993,8.036092998284484,8.120558278773036
2184,10.92,9.184219641032652,8.935276848722525,9.024792844970708
2185,10.925,9.922799406687655,9.702061801339083,9.798568480317781
2186,10.93,10.54614038578226,10.333236504095158,10.440207572073698
2187,10.935,11.054392535621986,10.836240559891543,10.955722634014768
2188,10.94,11.450675655680538,11.225160469455766,11.352984541441426
2189,10.945,11.7387794513377,11.515990064317663,11.639349774901223
2190,10.95,11.922111148487597,11.718348948723621,11.820591151944647
2191,10.955,12.003234554242695,11.833040993079624,11.900833846128972
2192,10.96,11.983682437374965,11.856836511720264,11.882948894664704
2193,10.965,11.86389319415498,11.786406991708844,11.768587361356634
2194,10.97,11.643208697527282,11.619084249645965,11.55815069775273
2195,10.975,11.319920218380808,11.352366316478566,11.2514405866463
2196,10.98,10.891390959953103,10.983428749199755,10.848445498319084
2197,10.985,10.3543395494809,10.508945494623292,10.349160753205705
2198,10.99,9.705468235970727,9.925284122631377,9.753165985602553
2199,10.995,8.942812469482732,9.229242298527788,9.060375261922207
2200,11.0,8.068557648542061,8.419765557447146,8.272292443808999
2201,11.005,7.094701931964041,7.501576833986379,7.393906565798465
2202,11.01,6.053675983415729,6.492441518794398,6.440173433001611
2203,11.015,5.015331649923036,5.436579826149946,5.4500938695220285
2204,11.02,4.104097754774976,4.425209534072973,4.50758684916925
2205,11.025,3.4885904846635936,3.613611982942336,3.7583530206160702
2206,11.03,3.305526247331064,3.194676131408663,3.3846408551323264
2207,11.035,3.5567990713491158,3.28500655246843,3.496636486995746
2208,11.04,4.1072447726928765,3.8069381514111424,4.020078331950475
2209,11.045,4.786330297352706,4.54410202845784,4.748559028647909
2210,11.05,5.466433918694893,5.302049274093208,5.496145751630652
2211,11.055,6.074881305552714,5.974182701274336,6.160907427515236
2212,11.06,6.577148826289173,6.518083393158943,6.703012018452441
2213,11.065,6.959794667281257,6.922576716017998,7.112856139583775
2214,11.07,7.21980910782835,7.190436517158274,7.392589063661717
2215,11.075,7.359109115593831,7.332471066405446,7.547887771099388
2216,11.08,7.382122962221812,7.363800651418389,7.585181350056857
2217,11.085,7.29517405859828,7.297234272000132,7.511291464258619
2218,11.09,7.107069093726239,7.139889714031153,7.333913575608696
2219,11.095,6.8307223635342265,6.897554721851374,7.063019947599872
2220,11.1,6.485823781426863,6.581098938342395,6.713718791363796
2221,11.105,6.102378951014052,6.211181686156438,6.310022523926747
2222,11.11,5.724099661195687,5.822035880711542,5.888463662510761
2223,11.115,5.408811391419672,5.464201818030524,5.500733473312643
2224,11.12,5.2211769896620455,5.202783775875035,5.212234436622504
2225,11.125,5.214916495122895,5.105489360351469,5.090464026672454
2226,11.13,5.411059208285191,5.21868464542641,5.182104812709247
2227,11.135,5.788088606719591,5.543350363663858,5.490863847736749
2228,11.14,6.2928559427148,6.03210314394238,5.9740742788300905
2229,11.145,6.862523429798899,6.612138629931692,6.562316589386872
2230,11.15,7.441875318191284,7.2137942309795955,7.185810985176434
2231,11.155,7.990101988130817,7.785688607227568,7.79017277922065
2232,11.16,8.480156325567025,8.295890927757338,8.338684989032362
2233,11.165,8.895320316196141,8.727190184221854,8.807814928239587
2234,11.17,9.225675853020388,9.071955371807949,9.182933299329886
2235,11.175,9.465385930699082,9.327985967786812,9.456620655121636
2236,11.18,9.610840477621169,9.495139222786946,9.626900817417056
2237,11.185,9.65946909514768,9.572895836077517,9.694072268573136
2238,11.19,9.6090163515458,9.559355452877615,9.658569540800903
2239,11.195,9.457139177098457,9.451432859765085,9.520566818666705
2240,11.2,9.201262327692136,9.24544088511318,9.28009815209979
2241,11.205,8.838712096117124,8.937567195779454,8.937038910162613
2242,11.21,8.367261033402276,8.524307966491744,8.491120420151223
2243,11.215,7.786397758393351,8.003217711288585,7.942634373511003
2244,11.22,7.099944837196505,7.374514114383922,7.294212786242088
2245,11.225,6.32112161914466,6.644388035296689,6.553985459086611
2246,11.23,5.481574126739423,5.831394890124566,5.741545423087506
2247,11.235,4.644985091962036,4.977680565693124,4.898907712857144
2248,11.24,3.919736831864963,4.165108633448595,4.106305582990253
2249,11.245,3.4498123852518288,3.52720952542355,3.4934807294249985
2250,11.25,3.35662142191322,3.2273764461541523,3.218262374702216
2251,11.255,3.6568830361835536,3.372425963951847,3.3830876894181463
2252,11.26,4.248902727475911,3.9169487642673806,3.9423006293703975
2253,11.265,4.985764683706134,4.688907128886242,4.726414373366332
2254,11.27,5.746023968215508,5.51231387561379,5.5617502245187085
2255,11.275,6.453775559479206,6.277214283603099,6.3399003333183535
2256,11.28,7.068882028921531,6.9325158976931744,7.010992132802727
2257,11.285,7.57253268363606,7.45975785757968,7.557191057385989
2258,11.29,7.9568470958971504,7.85600800993697,7.974562135837148
2259,11.295,8.218777036042153,8.126363822151522,8.264090981273155
2260,11.3,8.356778446274854,8.27940307689709,8.427642361611653
2261,11.305,8.368993999326989,8.321026808162745,8.466162985949248
2262,11.31,8.252180671287158,8.25005465280399,8.378865760504716
2263,11.315,8.00095613596889,8.059288882947806,8.162791676625812
2264,11.32,7.607133394086167,7.738402129520276,7.812436163146567
2265,11.325,7.059038380589348,7.274978767469323,7.31931816810126
2266,11.33,6.34085315277226,6.653911058563962,6.671487295137813
2267,11.335,5.432384219829061,5.856391709720211,5.853053650633577
2268,11.34,4.310765244253031,4.859606813479129,4.844218914776653
2269,11.345,2.959211093853784,3.6393568086209496,3.623886830321783
2270,11.35,1.3992217474381785,2.182753840382417,2.1819680548433777
2271,11.355,-0.2107368029784621,0.5338038818460298,0.563380736540549
2272,11.36,-1.384173177988477,-1.0699533022953664,-1.0003582564855238
2273,11.365,-1.4070769601212465,-1.9542043874085717,-1.8562553661392345
2274,11.37,-0.2396505356801161,-1.2782113570489493,-1.1892609625656325
2275,11.375,1.4187046235744816,0.6054600812930948,0.6643637723174498
2276,11.38,3.0512968243441927,2.576394833052332,2.620013232143593
2277,11.385,4.482326734614615,4.214019154743134,4.2615343936446415
2278,11.39,5.685026274613957,5.51940108536577,5.581881345640823
2279,11.395,6.6753785965547525,6.550827862864484,6.6352284219972955
2280,11.4,7.4767744505749985,7.3533185845205065,7.469469898244648
2281,11.405,8.110268508258939,7.953718830622458,8.11920470930191
2282,11.41,8.5925819147178,8.37981362628187,8.60849538117282
2283,11.415,8.936234855254956,8.689288493956585,8.953852862451612
2284,11.42,9.15013462003384,8.92230626903275,9.166434197536564
2285,11.425,9.24014691134495,9.06566573937246,9.253791545010992
2286,11.43,9.209543452490143,9.100487526774465,9.220708417664863
2287,11.435,9.059331477648213,9.019126014509196,9.069561265468327
2288,11.44,8.788513395144186,8.818741314403688,8.800905575617138
2289,11.445,8.394364429100847,8.496881844774524,8.413983426208766
2290,11.45,7.872894476169256,8.050139347621187,7.907221684993765
2291,11.455,7.219837701762696,7.474228839270966,7.279124505501054
2292,11.46,6.432907674930605,6.765149924165226,6.528768233735467
2293,11.465,5.5168870723831365,5.922138966223925,5.659005548166731
2294,11.47,4.494629772151637,4.954375726619874,4.687069260736383
2295,11.475,3.428524712596409,3.895352115794523,3.6569384056602416
2296,11.48,2.452286381713372,2.8302611449417956,2.65431371884855
2297,11.485,1.7835081930298875,1.933522223187477,1.837920202721408
2298,11.49,1.639068250959538,1.4699306647244947,1.452630729009762
2299,11.495,2.0583309668685343,1.6540003817249778,1.7011311605742332
2300,11.5,2.862976596358932,2.4207763560996853,2.5148605650066562
2301,11.505,3.819051786328548,3.46458182022283,3.582902009026615
2302,11.51,4.763583667529921,4.515293159889476,4.636797621335891
2303,11.515,5.614046680441999,5.445273036900928,5.563814909910161
2304,11.52,6.337016097223604,6.215824069196759,6.334180865746703
2305,11.525,6.92261947458622,6.822896637108135,6.9455755654037015
2306,11.53,7.37060536839757,7.273846034118847,7.405418786297343
2307,11.535,7.683705717930703,7.582395267882442,7.723597186824035
2308,11.54,7.864612914665584,7.767104957145104,7.909585464216457
2309,11.545,7.914582617717404,7.841610796502785,7.968475402922296
2310,11.55,7.8327041255192835,7.806063424160195,7.900610271270543
2311,11.555,7.615382048438035,7.651609142714042,7.705033903365077
2312,11.56,7.25579952315443,7.367109676895655,7.378601836681152
2313,11.565,6.743237893421497,6.940497430593576,6.91201400039729
2314,11.57,6.062207917872859,6.357304430148559,6.290757385346132
2315,11.575,5.19153058275173,5.598819923347517,5.500051543101267
2316,11.58,4.104144774670583,4.6406375231732255,4.522582291855419
2317,11.585,2.7707493708336037,3.452644492010921,3.33251856020497
2318,11.59,1.178831148555717,2.004770133547246,1.9034401380412542
2319,11.595,-0.5936513672691214,0.29480645773093705,0.23785577276621694
2320,11.6,-2.164950649704504,-1.5466111087294525,-1.540562974711019
2321,11.605,-2.669759233867523,-2.962997296973713,-2.8998688528444125
2322,11.61,-1.6495007142305869,-2.813904451461547,-2.7351686591070274
2323,11.615,0.1562365165126846,-0.8820110294374208,-0.8290204083004591
2324,11.62,2.003964145844228,1.4075063448917748,1.4428348278536527
2325,11.625,3.635750234766959,3.3095465397173776,3.3493442787841268
2326,11.63,5.016594660640749,4.818598708567022,4.873197020223289
2327,11.635,6.170336401495304,6.021330310665489,6.093849316584697
2328,11.64,7.129256075243548,6.982610181842031,7.078875336725844
2329,11.645,7.92192962026522,7.739349952425435,7.8756356612246226
2330,11.65,8.57144475960153,8.315648687193994,8.516401759885918
2331,11.655,9.096099555611165,8.769210700671481,9.023999815241103
2332,11.66,9.510495582788238,9.171429299243554,9.415291375061932
2333,11.665,9.826523745876068,9.520978194936243,9.70353772086326
2334,11.67,10.054166598588326,9.795296070836917,9.899611282218263
2335,11.675,10.202145733867408,9.989297339119291,10.012564982119127
2336,11.68,10.278458718541476,10.107455836785203,10.050718534984892
2337,11.685,10.290842152897232,10.156944819509905,10.022447229832796
2338,11.69,10.247182950171702,10.145654132071437,9.936483872671905
2339,11.695,10.155881988245364,10.081928543235907,9.803061819335632
2340,11.7,10.026152261502366,9.97475403332733,9.63429254912327
2341,11.705,9.868207380003556,9.833996971435537,9.442981313651675
2342,11.71,9.693269298129156,9.670537693906624,9.246625430830242
2343,11.715,9.513307201996431,9.496186022956849,9.07048461373709
2344,11.72,9.340431694889292,9.3232756300261,8.935417823238637
2345,11.725,9.185931410201954,9.163869029368009,8.844160159732173
2346,11.73,9.059058925266529,9.028598869868157,8.79046447369037
2347,11.735,8.9658154848823,8.925323878398526,8.773822675203897
2348,11.74,8.90807110217646,8.857933211711837,8.792320317551347
2349,11.745,8.883307558276499,8.825687108106168,8.828192312048305
2350,11.75,8.885077825762998,8.823352865203967,8.859471843103025
2351,11.755,8.904030646849051,8.842115558643883,8.888976976672934
2352,11.76,8.929187367256068,8.870965946795714,8.919300461973437
2353,11.765,8.949149672427126,8.89815125977864,8.940673062726326
2354,11.77,8.953028256172537,8.91235293317869,8.942449739188525
2355,11.775,8.931027143825062,8.90343774920068,8.916440121835874
2356,11.78,8.874727812798206,8.862798698469447,8.858139066550642
2357,11.785,8.777170161769913,8.783399668072239,8.763626660243494
2358,11.79,8.632836949162147,8.659666643780305,8.626758626417017
2359,11.795,8.437637939142423,8.487356106691292,8.443468549104406
2360,11.8,8.188978349799386,8.26350503317643,8.213322454585446
2361,11.805,7.885993437823052,7.986543995034108,7.934690496070923
2362,11.81,7.530039627788172,7.656646340949001,7.6038877745387605
2363,11.815,7.125546548427176,7.276395768703775,7.2230376605715705
2364,11.82,6.681332224668138,6.851872116118383,6.803728105118698
2365,11.825,6.212411382341079,6.394247881892547,6.359830429763704
2366,11.83,5.742074747944287,5.921879678835561,5.908537247245861
2367,11.835,5.303433975638745,5.462526532844171,5.479319427050338
2368,11.84,4.938703032903563,5.054555985198915,5.106316170564411
2369,11.845,4.693865792273727,4.744883725397194,4.823327515393971
2370,11.85,4.607744482981114,4.580952780608814,4.676394815120307
2371,11.855,4.698970653058478,4.596571179950523,4.703871893942061
2372,11.86,4.958682970207854,4.797702987944293,4.912503449679508
2373,11.865,5.354409879762239,5.158520196614867,5.277220786177269
2374,11.87,5.842134290674213,5.631823759218179,5.752552214020506
2375,11.875,6.378526824147075,6.16601617517626,6.288366342523965
2376,11.88,6.928100633381828,6.7177374491364015,6.842090903128083
2377,11.885,7.465122251275042,7.256391804951771,7.383159231524626
2378,11.89,7.972499694357955,7.763183774408256,7.892036323244225
2379,11.895,8.43967004629619,8.228182649746662,8.357343509499131
2380,11.9,8.860561686394899,8.647253240794647,8.773075812203864
2381,11.905,9.231995487473066,9.01938983320812,9.136532153057404
2382,11.91,9.5525463887512,9.344691879891236,9.44694624612218
2383,11.915,9.821772907216404,9.623223165630712,9.704634081069237
2384,11.92,10.039709308951725,9.854697722981246,9.910479403138659
2385,11.925,10.206534829319969,10.0385917703409,10.065626696439182
2386,11.93,10.322358475357712,10.1742955511381,10.17129485278964
2387,11.935,10.387077824159386,10.261154820321778,10.228653893193957
2388,11.94,10.40028457415147,10.298419017430719,10.238725661704962
2389,11.945,10.3611994398286,10.28515214166539,10.202282050334876
2390,11.95,10.26862574416517,10.22014379602265,10.119719311209582
2391,11.955,10.120916084084826,10.101835479062292,9.990882673695623
2392,11.96,9.915950937363348,9.928265665233921,9.814823936728526
2393,11.965,9.65113336430344,9.69703498061881,9.58953225231091
2394,11.97,9.32341185442558,9.405296670780736,9.311758475226366
2395,11.975,8.92935686631513,9.049786863074068,8.97705857775162
2396,11.98,8.46534103615654,8.626926216543644,8.580093446011723
2397,11.985,7.92791805225572,8.133055602626758,8.11516875674652
2398,11.99,7.31457775883241,7.564925443063585,7.577065754826747
2399,11.995,6.625201627840941,6.920662276027134,6.96232623717208
2400,12.0,5.864780869478902,6.201618804815422,6.271278716928892
2401,12.005,5.048258850300526,5.415802992013888,5.511380780021986
2402,12.01,4.208401871412276,4.5839137469647095,4.702916618562728
2403,12.015,3.40617472318352,3.748901393663338,3.8880894784551034
2404,12.02,2.73754548490071,2.9876949369916037,3.1422987202510715
2405,12.025,2.320535491199545,2.415822464757392,2.5786376657937597
2406,12.03,2.2475400124808336,2.1629677460047927,2.3243141769716145
2407,12.035,2.5273836341952105,2.305306829045112,2.455142564086725
2408,12.04,3.078333919891797,2.801811822771144,2.9335185477420733
2409,12.045,3.780717459603884,3.516550577013951,3.629324906280527
2410,12.05,4.530351865875106,4.305398215099817,4.403525793465
2411,12.055,5.257681101475519,5.070612578180438,5.1613159101833315
2412,12.06,5.923222424250588,5.761584271090729,5.853252889599784
2413,12.065,6.50710761137554,6.357287499663134,6.4581053615393325
2414,12.07,7.000557095482871,6.852560812004554,6.968651214487298
2415,12.075,7.400469632152867,7.250875203052327,7.383635780954214
2416,12.08,7.706321035206377,7.559584094759161,7.703842333271524
2417,12.085,7.918458649205769,7.784865740405678,7.930342757082215
2418,12.09,8.037167849611457,7.928471407697832,8.063830801596023
2419,12.095,8.06214187883147,7.988365939547639,8.104435922591536
2420,12.1,7.992147067926519,7.960903340352283,8.051667989394392
2421,12.105,7.824765749851025,7.84198754529646,7.90433462470247
2422,12.11,7.5561472156277585,7.627080627919173,7.660397013854941
2423,12.115,7.180722630011354,7.31073874218416,7.316751745785402
2424,12.12,6.690856974861039,6.8860578111433455,6.8689096875870295
2425,12.125,6.076435448075502,6.344118531585232,6.310577289046109
2426,12.13,5.324444749935967,5.6734368997001585,5.6331802485019535
2427,12.135,4.4187958617210334,4.859492247265274,4.825242339028216
2428,12.14,3.341192183610005,3.8846667068937983,3.871630728981547
2429,12.145,2.0755173350309293,2.729706878240794,2.753961413080957
2430,12.15,0.6231100664175819,1.3801300072142828,1.456355063922115
2431,12.155,-0.9512622611342156,-0.15226687831718166,-0.01323423667977952
2432,12.16,-2.4095851409472746,-1.765890922916018,-1.5607199924040032
2433,12.165,-3.232628631815346,-3.123212179065888,-2.8636557314706588
2434,12.17,-2.944878344559036,-3.5449872596416636,-3.2670482746318754
2435,12.175,-1.7572434452292771,-2.585190426049434,-2.336262338664284
2436,12.18,-0.2513595214546081,-0.8514559336510468,-0.6521944640066311
2437,12.185,1.2131281966184648,0.862202254181911,1.0190533069449574
2438,12.19,2.514246578092457,2.3110187654267307,2.4383523871684236
2439,12.195,3.633314638124683,3.4980699267000777,3.607989471792113
2440,12.2,4.584159368784764,4.465501572192452,4.571287016171415
2441,12.205,5.3877657874867335,5.248416958329194,5.367704181609652
2442,12.21,6.064499800424905,5.873314934325355,6.027327372042851
2443,12.215,6.632193939962859,6.3777462790744694,6.5727445812089895
2444,12.22,7.106045648120103,6.816224587547492,7.021091300560034
2445,12.225,7.498990484052883,7.213388722959462,7.3856837229845835
2446,12.23,7.822120620190189,7.561462682686885,7.6774074409797946
2447,12.235,8.085021036655434,7.854284871420999,7.905666019203451
2448,12.24,8.295995971553767,8.093835528722721,8.07904184899189
2449,12.245,8.462191277708854,8.285588417523613,8.205637584296747
2450,12.25,8.58962994990716,8.435559197335238,8.293075150064228
2451,12.255,8.68318335076247,8.549151719902763,8.348482933378309
2452,12.26,8.746503762803515,8.630717588172196,8.378105126372052
2453,12.265,8.781944924869196,8.68335502895884,8.386480572186057
2454,12.27,8.790495026702693,8.70879794131934,8.37842841794246
2455,12.275,8.771740396436341,8.707359101192381,8.362280140937688
2456,12.28,8.723868157312719,8.67792221130436,8.34544843975284
2457,12.285,8.64370411269212,8.617978472839717,8.325149743641024
2458,12.29,8.526770425398766,8.52369453391459,8.288571546595106
2459,12.295,8.367338344957222,8.389988674020532,8.222190298666547
2460,12.3,8.158445074753658,8.210584774005,8.113360309069577
2461,12.305,7.891839911065098,7.9780097140595885,7.944197605838535
2462,12.31,7.557820486231534,7.683497602749573,7.69246661976762
2463,12.315,7.144911518208616,7.316760219042739,7.347837151017751
2464,12.32,6.6393209406700935,6.865572667421957,6.907986991495019
2465,12.325,6.024075040407304,6.31510078921557,6.363339321127553
2466,12.33,5.27767644169122,5.646854759748801,5.697282371159288
2467,12.335,4.372038426395294,4.837081537680784,4.888380091699269
2468,12.34,3.2693444046444755,3.8543000547111723,3.9088975453725197
2469,12.345,1.9175541750207128,2.655570858723645,2.72019419004034
2470,12.35,0.2457169445968619,1.181268184946736,1.2653715516195692
2471,12.355,-1.8299461757573088,-0.6496525742212551,-0.5342636490742398
2472,12.36,-4.319085480600116,-2.9272895024595593,-2.7653238780036835
2473,12.365,-6.6546381486449135,-5.61725107319867,-5.395008997042057
2474,12.37,-6.874438094325905,-7.8194446876157215,-7.556012544560488
2475,12.375,-4.660426479459317,-6.774176090013951,-6.578165666702056
2476,12.38,-2.059846265366267,-3.1303355633185355,-3.0652165154491655
2477,12.385,0.1513297457224947,-0.2643877345434449,-0.2697137247773185
2478,12.39,1.9395739460336645,1.7721991428207193,1.7415715183229308
2479,12.395,3.3847179207279536,3.30660167903587,3.278058619625674
2480,12.4,4.55859119134186,4.502089915917673,4.496893939078727
2481,12.405,5.513548175657922,5.440893959189418,5.477256508669147
2482,12.41,6.286665487837412,6.1531734273147976,6.263817182365393
2483,12.415,6.904449061641438,6.637170736221071,6.889642560347273
2484,12.42,7.386234290030607,7.018453502293184,7.376921651169902
2485,12.425,7.746493288298702,7.40693619479625,7.738949033889968
2486,12.43,7.996432703759293,7.726629626393965,7.985672111363974
2487,12.435,8.145174457898415,7.943060638885475,8.125571367892924
2488,12.44,8.200724255100006,8.058225424373342,8.165760604201344
2489,12.445,8.17087779374617,8.080521076961649,8.11319772754016
2490,12.45,8.064181881996676,8.019131489625403,7.97605258413094
2491,12.455,7.8910381678544255,7.8841503983849694,7.764888553216634
2492,12.46,7.664982378131732,7.687776711985394,7.495536329922759
2493,12.465,7.404047122983065,7.445791561485278,7.186785033482385
2494,12.47,7.131866258493601,7.1790375591918645,6.85725951051257
2495,12.475,6.877790862385181,6.914408874166344,6.543204027798019
2496,12.48,6.674934206259269,6.684409389586845,6.304165002111488
2497,12.485,6.555266185904678,6.52400604114557,6.187547325352874
2498,12.49,6.542275199510694,6.464028615929607,6.20042492519926
2499,12.495,6.643998779734445,6.522451326963024,6.338869309338833
2500,12.5,6.85029300087095,6.697679360433535,6.600790372680315
2501,12.505,7.136088395533614,6.96833023949687,6.964929155375878
2502,12.51,7.468552045213533,7.300048895718417,7.356694413593788
2503,12.515,7.81426168330227,7.655086175630045,7.7147295351092
2504,12.52,8.14379926936948,7.999678916853028,8.049988904301951
2505,12.525,8.433434934465257,8.30731638110564,8.34836369010934
2506,12.53,8.664842301643802,8.558790050254686,8.58421490649208
2507,12.535,8.823904122593836,8.740648332556258,8.743725031679427
2508,12.54,8.899293244674569,8.843167884356982,8.818003768076276
2509,12.545,8.881134085774692,8.858380508775113,8.806490416056995
2510,12.55,8.759810624021494,8.77842354806295,8.703986384476725
2511,12.555,8.524866677783699,8.59431989650686,8.496913811531405
2512,12.56,8.16388747810641,8.295078108287539,8.17674823909083
2513,12.565,7.661216853441496,7.866828608802168,7.737278052843383
2514,12.57,6.99633374759217,7.291683380478602,7.159377773301579
2515,12.575,6.141707530566501,6.546065016101367,6.410428835131299
2516,12.58,5.060133710549655,5.598334545123377,5.462946266697171
2517,12.585,3.7026854222153593,4.405860788308219,4.289722075899667
2518,12.59,2.014117069572329,2.913349064093963,2.837274610035974
2519,12.595,-0.0201359786764045,1.0625569211350325,1.04479251907222
2520,12.6,-2.142355260047045,-1.1367837836586787,-1.0661054749752417
2521,12.605,-3.2389272555921487,-3.269462029692379,-3.107331637633714
2522,12.61,-2.1328205070255946,-3.731022638157352,-3.5526674200183876
2523,12.615,0.1424921503781976,-1.3196180714018872,-1.2167403420973129
2524,12.62,2.385450357637392,1.6596756338094445,1.6947725161561884
2525,12.625,4.288833326226122,3.9296024062938004,3.9359521673719273
2526,12.63,5.857227716921443,5.65183331887739,5.651788000904945
2527,12.635,7.145352832763368,6.995132442355892,7.0028858806355725
2528,12.64,8.20306154876379,8.058849483015706,8.088207905611972
2529,12.645,9.068328771736148,8.891592828783192,8.965350254826713
2530,12.65,9.769011525850573,9.50762640428158,9.670189259849565
2531,12.655,10.325448570741152,9.95607745420309,10.226697629866486
2532,12.66,10.75253031615152,10.360790600947297,10.650738958190345
2533,12.665,11.061179688552292,10.719845184377007,10.953016999974267
2534,12.67,11.259398383070447,10.98462111030111,11.1415828633411
2535,12.675,11.3530302341091,11.142961342781668,11.222439483284322
2536,12.68,11.346363440579124,11.196898138156769,11.200071248801635
2537,12.685,11.2426752544508,11.150461903468102,11.078391260025153
2538,12.69,11.04482415350438,11.007309734351436,10.861531660017878
2539,12.695,10.756018396107695,10.770842796919942,10.555191566014013
2540,12.7,10.38093862748078,10.44504591689331,10.167217068797948
2541,12.705,9.927461277652268,10.035856140862496,9.704463030102223
2542,12.71,9.409282465025669,9.553267460193354,9.180079618458175
2543,12.715,8.849646744270336,9.014487964960747,8.628487631361667
2544,12.72,8.285798951937707,8.448296536420363,8.096121966067793
2545,12.725,7.772127033647012,7.899878908474028,7.6210497628758835
2546,12.73,7.377182754931926,7.433163105486582,7.242847582390634
2547,12.735,7.1686794934754765,7.1242546153608455,7.026794621553185
2548,12.74,7.187728660469097,7.039479275062751,7.035448190621715
2549,12.745,7.428371270689389,7.2034528354607685,7.276656208043836
2550,12.75,7.8407393308043005,7.581722448393567,7.682012359461524
2551,12.755,8.354783773919726,8.097574854195935,8.192825216041857
2552,12.76,8.904403933196146,8.667770178130912,8.753443161192925
2553,12.765,9.439277412170794,9.227390737979206,9.3008933365557
2554,12.77,9.925831257342832,9.735187484924936,9.793635939579666
2555,12.775,10.343480424534503,10.168644391827545,10.209772925384843
2556,12.78,10.68026471033109,10.517543615181971,10.54217788465398
2557,12.785,10.929407002203096,10.77892206580158,10.790508430981815
2558,12.79,11.086968753467689,10.95311848811081,10.950436039785739
2559,12.795,11.150357486806907,11.040604693136096,11.018749233677767
2560,12.8,11.117407470011631,11.040246381034336,10.998195420032424
2561,12.805,10.985828559104426,10.949212793383069,10.888927802478793
2562,12.81,10.752902516312952,10.763646664673015,10.682653217325562
2563,12.815,10.415383299874216,10.479215499998663,10.372951693284948
2564,12.82,9.96964074719542,10.09138533339166,9.965401295278397
2565,12.825,9.412206396563375,9.595695741254055,9.46300668626
2566,12.83,8.741090143101939,8.988443693406298,8.860376224775965
2567,12.835,7.958625537107502,8.268348126253628,8.161372950499262
2568,12.84,7.077263711520886,7.440195855959242,7.3746407957832165
2569,12.845,6.130498375026989,6.522261084996385,6.497887739250551
2570,12.85,5.190348435033193,5.560098201892483,5.573127114618258
2571,12.855,4.3847521847730615,4.647668734908273,4.702062480962731
2572,12.86,3.885694965770698,3.944483833895797,4.038940148749692
2573,12.865,3.829310656200821,3.6466661058349725,3.771373949727335
2574,12.87,4.211810802020855,3.8679156019219363,4.009186754689587
2575,12.875,4.892466485425889,4.521925056407282,4.6686798615025165
2576,12.88,5.699290451529599,5.386780392589144,5.534283183831967
2577,12.885,6.505988249759259,6.268846323104067,6.417360778024366
2578,12.89,7.24166863052957,7.0644293656236075,7.216827403065608
2579,12.895,7.873035716984704,7.733233212585805,7.8938553797436395
2580,12.9,8.387116926655594,8.265082724798896,8.438994456445073
2581,12.905,8.780562385080856,8.662910947502642,8.853890358531135
2582,12.91,9.05397089547876,8.936945962939731,9.14335149625689
2583,12.915,9.20908261524801,9.100593717364507,9.3122165453645
2584,12.92,9.247454402684385,9.163055788822163,9.364221280350097
2585,12.925,9.169890072222742,9.125225756702221,9.301737845109816
2586,12.93,8.976290467005532,8.98292474085196,9.125878389195334
2587,12.935,8.665821690275584,8.731211412007191,8.836773816272007
2588,12.94,8.237478360962081,8.36610037662247,8.43410558163535
2589,12.945,7.691329553321612,7.885077584123152,7.918089756323557
2590,12.95,7.031067550630147,7.288203201595373,7.291200045313793
2591,12.955,6.269011024103401,6.581027633961222,6.5612880014552575
2592,12.96,5.435313542520827,5.780776488469365,5.747615683616619
2593,12.965,4.592624030750382,4.927823810289003,4.8920929092195165
2594,12.97,3.851681425629028,4.103342141943041,4.076368025233831
2595,12.975,3.366405594375561,3.4452479691569495,3.436442096344421
2596,12.98,3.274704357792761,3.131284514828786,3.1450497802050865
2597,12.985,3.604451317089824,3.2885379241739394,3.323907667178201
2598,12.99,4.250625667061009,3.8796556395618524,3.9343985541839643
2599,12.995,5.055450189180816,4.720956643415956,4.7951082378495915
2600,13.0,5.88918931266501,5.6211438806334275,5.715673584097206
2601,13.005,6.672693597445481,6.46310649809798,6.577379440172926
2602,13.01,7.365914225118581,7.195103773731198,7.327432888491641
2603,13.015,7.951716033950031,7.8005218473713995,7.95007995233016
2604,13.02,8.424603843697218,8.278903715433671,8.445114381958462
2605,13.025,8.784340271893255,8.638236319615938,8.817123664520516
2606,13.03,9.032626980477843,8.890783802428722,9.071562604548255
2607,13.035,9.171440747094392,9.046745213186746,9.213481845613359
2608,13.04,9.20220745421058,9.109313223922083,9.246920197793989
2609,13.045,9.12538308094639,9.076071958723384,9.174474769967796
2610,13.05,8.94022290336374,8.942763419935478,8.99726137076193
2611,13.055,8.644632012035903,8.705030536127124,8.715134639713062
2612,13.06,8.235053547329798,8.35836927774815,8.326660716860076
2613,13.065,7.706399291833142,7.897599992376129,7.8290000212871504
2614,13.07,7.052090329324546,7.3164527205805285,7.218239550287119
2615,13.075,6.264398667022184,6.6074496129291225,6.489955273156502
2616,13.08,5.335558477358314,5.762301905336253,5.639559364441599
2617,13.085,4.260758736987654,4.7734028317607216,4.663145918252632
2618,13.09,3.045561841800763,3.6378658496170746,3.5603667289937797
2619,13.095,1.7229935059803003,2.367451626806259,2.342364648307844
2620,13.1,0.3876972335603782,1.011150888372534,1.0528063582562606
2621,13.105,-0.7588990959512377,-0.30100490503973454,-0.18790334630172367
2622,13.11,-1.4240410338626543,-1.306782130150797,-1.1307186670540412
2623,13.115,-1.4154394823388872,-1.6625617831861028,-1.446371310826879
2624,13.12,-0.8433738769498589,-1.2364015891260198,-1.0084332357613377
2625,13.125,0.0017080395582547,-0.3146103648758105,-0.09311901641965559
2626,13.13,0.8833150520447779,0.7059422711666601,0.9166886128156166
2627,13.135,1.6802339153497563,1.6131255561507318,1.8162963364087892
2628,13.14,2.347901978945776,2.346531160573396,2.5481415376639367
2629,13.145,2.879151057054419,2.90531522806884,3.113366503979085
2630,13.15,3.2833721599739283,3.306148981044287,3.5305385285473894
2631,13.155,3.5777414706066897,3.5733989832504847,3.8225128717012655
2632,13.16,3.784220031534644,3.7422875171058285,4.013427030402152
2633,13.165,3.9288860927298552,3.855216689473548,4.128941756709474
2634,13.17,4.04170507084402,3.946488021383766,4.197401693576594
2635,13.175,4.155416835058386,4.040968348526474,4.250289883831877
2636,13.18,4.30257880446054,4.163827054753912,4.320825366591265
2637,13.185,4.510613345634871,4.3416843149226,4.440475936395869
2638,13.19,4.7961659407725,4.595936477491156,4.633677945378422
2639,13.195,5.1613368839112574,4.935361476207845,4.912116945073099
2640,13.2,5.593937244249575,5.3526460411500905,5.271682176057413
2641,13.205,6.0716676746418505,5.826648716261613,5.6945185229691395
2642,13.21,6.567955854756164,6.328787757797731,6.155090967819577
2643,13.215,7.056928178721183,6.829913767178745,6.627404874304489
2644,13.22,7.516287524070991,7.304896791030025,7.090246767946711
2645,13.225,7.928222916192666,7.734362014997913,7.527189168771008
2646,13.23,8.279073090454448,8.104419083847576,7.922876435699823
2647,13.235,8.558434447682133,8.405422753284073,8.2617465778068
2648,13.24,8.758146704216525,8.630460359367424,8.52984253975999
2649,13.245,8.871354203119495,8.773949772031921,8.71468204363086
2650,13.25,8.891694780696987,8.830549049716467,8.803283215966651
2651,13.255,8.81259581648969,8.79442089013721,8.783662487140557
2652,13.26,8.626627647990151,8.65874443489954,8.649271711943488
2653,13.265,8.324855492360834,8.415298548956702,8.396911714821627
2654,13.27,7.896132818668844,8.053969566983552,8.02113186864808
2655,13.275,7.326297789421582,7.562102942348922,7.51275362261049
2656,13.28,6.597307826862333,6.92368465644244,6.859178311064955
2657,13.285,5.686607834148144,6.118452814021984,6.043927035488008
2658,13.29,4.567921897606711,5.1214026066319285,5.045577232909958
2659,13.295,3.217709000690512,3.9043973117695012,3.8385178126285053
2660,13.3,1.6416549019738471,2.445876819126626,2.4025765207457095
2661,13.305,-0.0365861785426552,0.7688327087543154,0.7601862587340253
2662,13.31,-1.3703733346569902,-0.9348438077562262,-0.9037555196668583
2663,13.315,-1.5764715640374585,-2.0332770244881946,-1.979247577271372
2664,13.32,-0.4613809654633027,-1.5534056925344908,-1.5229730200814124
2665,13.325,1.2529888989088622,0.35328828083440555,0.3274388327417377
2666,13.33,2.967971776305172,2.4427322379600134,2.3742415196918265
2667,13.335,4.476499294884497,4.181504281988823,4.096602105015554
2668,13.34,5.746937051753688,5.565438626602004,5.485305585605441
2669,13.345,6.796744508315433,6.661195313830145,6.602753813516452
2670,13.35,7.651430521544099,7.519891917578488,7.4990817764914794
2671,13.355,8.333692883481344,8.170833466559667,8.20870077794874
2672,13.36,8.861355276936392,8.638824901664831,8.756404517713914
2673,13.365,9.247609071555832,8.98108124057812,9.15926935620492
2674,13.37,9.501697545350348,9.24798524785366,9.428074952684764
2675,13.375,9.62953919807177,9.428326523134098,9.569521917375933
2676,13.38,9.634181393128788,9.499641917447978,9.587515422122287
2677,13.385,9.516087106703395,9.452287931641681,9.483538081985358
2678,13.39,9.273290661557436,9.282341768222413,9.257027992395454
2679,13.395,8.901482449001868,8.986130994036214,8.90578473134045
2680,13.4,8.394138006202173,8.558364814742516,8.426315968302301
2681,13.405,7.742953313225787,7.991740888619294,7.814225427507667
2682,13.41,6.939224104370469,7.277419828416141,7.063681920572952
2683,13.415,5.97774790864335,6.406924979917034,6.1689606696847985
2684,13.42,4.8670590791895405,5.37749575866722,5.134481617809836
2685,13.425,3.654172258766137,4.205949703262389,3.9888044233121094
2686,13.43,2.474593557217259,2.961697811417176,2.804943591785199
2687,13.435,1.6080519868610763,1.83107453171889,1.7548891320420013
2688,13.44,1.4031635919228722,1.1758671397268623,1.177350784132527
2689,13.445,1.9652659190872657,1.3820078952223485,1.4415965311791457
2690,13.45,3.028701640398503,2.412128331176362,2.5081796135084766
2691,13.455,4.251829581650518,3.785806270030763,3.8977172680036865
2692,13.46,5.428369808432808,5.113162783060087,5.221604823645275
2693,13.465,6.473673401909986,6.256993044035262,6.35701859168948
2694,13.47,7.364079771216797,7.198716145994127,7.2953213286195915
2695,13.475,8.100040274393406,7.951134937375359,8.05155560314892
2696,13.48,8.689770812896512,8.531445288536256,8.644522424074797
2697,13.485,9.142823431505716,8.960520385946769,9.091725626478755
2698,13.49,9.46777943399999,9.26852012820068,9.40870981815001
2699,13.495,9.671568987355547,9.481640169765496,9.606136599460363
2700,13.5,9.759419595587287,9.604555760574454,9.689385098036675
2701,13.505,9.735057113410088,9.630123350865954,9.663187207545528
2702,13.51,9.601046535031037,9.552593385106054,9.532272945560088
2703,13.515,9.359291854026708,9.369743926750342,9.297770056256898
2704,13.52,9.011814413457856,9.081523592678975,8.958523802458842
2705,13.525,8.562049757385658,8.689552067265362,8.518648781203087
2706,13.53,8.017075160244291,8.198035583290473,7.989155345402379
2707,13.535,7.391389566726643,7.616240276524848,7.383159702204628
2708,13.54,6.712926016820604,6.963033918447197,6.721694339447175
2709,13.545,6.031174377917532,6.274101354908591,6.045968544297343
2710,13.55,5.423995941068837,5.611198963146649,5.41672859735826
2711,13.555,4.992850177343178,5.068111247686581,4.918677716913043
2712,13.56,4.8329032866266335,4.759096539016537,4.66098772290537
2713,13.565,4.984343951436209,4.774494935427721,4.729287460339173
2714,13.57,5.406660286906494,5.121317471731896,5.1254867293119695
2715,13.575,6.005014353049867,5.71080459154982,5.757614041518069
2716,13.58,6.678931410311205,6.41467112188846,6.493230492163652
2717,13.585,7.351861472074388,7.126905634494044,7.224184065638948
2718,13.59,7.975754302077435,7.783335941682144,7.890524926243982
2719,13.595,8.524247466570685,8.352678858376589,8.466118272744218
2720,13.6,8.984652936482712,8.823430108620794,8.940943177808165
2721,13.605,9.35210093960301,9.195268062799562,9.313133543431029
2722,13.61,9.625953801157362,9.473929366765713,9.585338143634665
2723,13.615,9.80782546862621,9.666764167765637,9.762449682158035
2724,13.62,9.90061218534632,9.77913720783485,9.84962282801348
2725,13.625,9.908156594614272,9.813789407320925,9.851567652544606
2726,13.63,9.835343970926615,9.772652663078837,9.773647736357596
2727,13.635,9.688543686441736,9.658820578501128,9.622488418956163
2728,13.64,9.47637045615476,9.477790161680788,9.405654095605286
2729,13.645,9.210746455823264,9.238373068180959,9.132914316629297
2730,13.65,8.908171044278667,8.953719802298963,8.819412708695138
2731,13.655,8.590900993560698,8.64251458668917,8.487199921999434
2732,13.66,8.287379946788873,8.329963774227977,8.164240890678531
2733,13.665,8.030845574387028,8.047696823327346,7.883822516489486
2734,13.67,7.855039507456038,7.831259366217326,7.6821461567212825
2735,13.675,7.787066014840449,7.714117285933339,7.590052492945707
2736,13.68,7.839750622923773,7.718865581586742,7.6250503754396295
2737,13.685,8.007535249431616,7.84932269727529,7.787814880817459
2738,13.69,8.268528629778837,8.088517463686076,8.059834855273463
2739,13.695,8.59138622984862,8.404379747076582,8.40692905347553
2740,13.7,8.943066521503454,8.759554676645717,8.789322074861637
2741,13.705,9.294290607712828,9.11986277990796,9.171111262426617
2742,13.71,9.621923883101465,9.458615943340693,9.525057327532803
2743,13.715,9.909117153424246,9.757301562234975,9.832867394240928
2744,13.72,10.14436512800549,10.004345254956949,10.083202470051432
2745,13.725,10.320301332318646,10.193266829631845,10.26959724778104
2746,13.73,10.432639058228244,10.32089701056799,10.388990040057358
2747,13.735,10.479401786097036,10.385994343696208,10.440709000973001
2748,13.74,10.460461116162246,10.388455902535542,10.425765038291711
2749,13.745,10.377359182644412,10.329127434252324,10.346494340379312
2750,13.75,10.233388906745471,10.210042673708735,10.206585040874433
2751,13.755,10.033909846242226,10.034897312443675,10.011352941161197
2752,13.76,9.78686952525251,9.809652792798266,9.768182197369988
2753,13.765,9.503460253168353,9.54323479395967,9.487223314386501
2754,13.77,9.19874804033648,9.248266995508967,9.182268900786728
2755,13.775,8.89195220658573,8.941654444183257,8.871334626426574
2756,13.78,8.605870112307732,8.64462371197066,8.576415605509812
2757,13.785,8.364880058079624,8.381618900211542,8.3220476922245
2758,13.79,8.191281192812092,8.177458103399633,8.132274770341384
2759,13.795,8.100606209657622,8.052702875635722,8.026041095319771
2760,13.8,8.097597757590728,8.018386747924199,8.012341539696674
2761,13.805,8.174793669818985,8.072404804477511,8.087290173826984
2762,13.81,8.314488960965905,8.199658682149135,8.234596763157775
2763,13.815,8.493017843878159,8.376051026466737,8.429426316901388
2764,13.82,8.685356478823723,8.574219859359921,8.643938899027585
2765,13.825,8.868513415075377,8.768448488736576,8.852108027044297
2766,13.83,9.023259690191075,8.937442794307223,9.03241551815001
2767,13.835,9.134541197958333,9.065106780276968,9.168530038482
2768,13.84,9.191159572002976,9.14008585166291,9.248812283680593
2769,13.845,9.185215225942711,9.154808753596736,9.265433887095313
2770,13.85,9.11163024311122,9.104524106283474,9.213575864953828
2771,13.855,8.967937171882223,8.986648665228286,9.09092258123241
2772,13.86,8.754458775802338,8.800624295674094,8.897555026583202
2773,13.865,8.474994581907202,8.548381552547236,8.636324317376822
2774,13.87,8.138132676380218,8.235453403348554,8.313801201703566
2775,13.875,7.759245801724916,7.872778283724422,7.941905256339684
2776,13.88,7.362965494281438,7.47917080739345,7.540226930343961
2777,13.885,6.9852363670956645,7.084093080531458,7.13867943481883
2778,13.89,6.6728462967931925,6.729443485358775,6.779205372506956
2779,13.895,6.477359620757708,6.467584974136559,6.513818899483829
2780,13.9,6.441956753078575,6.352008254392178,6.395480764756083
2781,13.905,6.585611778744523,6.420068651573944,6.461257898811022
2782,13.91,6.8948223126486425,6.675653643334364,6.715378130199058
2783,13.915,7.329515597304615,7.0853115670551405,7.125324047940068
2784,13.92,7.838294087295468,7.592412649617632,7.635482064940259
2785,13.925,8.37256143162502,8.137991494882652,8.187409911215422
2786,13.93,8.8937877328688,8.674592272112367,8.733412372799013
2787,13.935,9.374655335523729,9.169930464435762,9.240207242921427
2788,13.94,9.79713951513817,9.604677114001662,9.686783596438161
2789,13.945,10.149849181985411,9.968681105657009,10.060731716449478
2790,13.95,10.42568876073027,10.257438188757998,10.355050487446139
2791,13.955,10.620109199431877,10.469124400606718,10.5658777490923
2792,13.96,10.729887561593229,10.602377959245285,10.691008882267361
2793,13.965,10.75229094657,10.655123338339262,10.728959152138067
2794,13.97,10.68448890311814,10.624324902396275,10.678359490707026
2795,13.975,10.523108692301893,10.506125997477625,10.537536161156869
2796,13.98,10.263854793097714,10.295910385063163,10.304174357067103
2797,13.985,9.901131884501993,9.988141359818858,9.97499392239903
2798,13.99,9.427619648845392,9.576012502802783,9.545378029334069
2799,13.995,8.833751115922704,9.050957636748027,9.008900916923999
2800,14.0,8.107050770965005,8.402026715939101,8.356695618540966
2801,14.005,7.23131406799281,7.615106774684318,7.576588137201025
2802,14.01,6.185720232281046,6.671988576366083,6.651960871361859
2803,14.015,4.944380570567405,5.549433017342819,5.560539166013217
2804,14.02,3.478281413462001,4.2189725920265015,4.2739695557510196
2805,14.025,1.766690083907695,2.650239660907542,2.7610430857279007
2806,14.03,-0.1579749053755394,0.8278131789674656,1.00424051918232
2807,14.035,-2.068686770264624,-1.1847308776071248,-0.9378862440756484
2808,14.04,-3.308097404347074,-3.048157520292719,-2.739801760547377
2809,14.045,-3.142004418835262,-3.859068124584528,-3.528291051610733
2810,14.05,-1.873789937929876,-2.8448968269904764,-2.550878720950821
2811,14.055,-0.3286380382990689,-0.908485160445494,-0.6710871380115275
2812,14.06,1.0724991508170365,0.8311635660332009,1.0296617413043778
2813,14.065,2.2259698993851504,2.167493288334966,2.346167338793043
2814,14.07,3.134424122929207,3.1624219815213945,3.336268545500153
2815,14.075,3.824600628619904,3.884252774287739,4.06836303122263
2816,14.08,4.324513072026959,4.376993315002287,4.59183892966031
2817,14.085,4.6587996941629815,4.666278186695916,4.940804043514766
2818,14.09,4.849186138949224,4.791597053874005,5.140414442095013
2819,14.095,4.916454171263542,4.8295297306446034,5.2110874788616455
2820,14.1,4.883031098084749,4.814920178716795,5.172136932345155
2821,14.105,4.775977210413545,4.73998641327563,5.045698034752834
2822,14.11,4.629991415559097,4.6138547922922255,4.8602015711282025
2823,14.115,4.489285257670444,4.468855635387321,4.653347688527183
2824,14.12,4.4060059998926135,4.352972626578837,4.473516119456846
2825,14.125,4.432504105422264,4.322458940397279,4.376529509352155
2826,14.13,4.6075001746501645,4.4294041399902095,4.415031271943766
2827,14.135,4.942426907477752,4.704097860664581,4.6215481914464736
2828,14.14,5.417569728333841,5.141452272617807,4.993733190057213
2829,14.145,5.991202818300376,5.702851260014916,5.498077713116121
2830,14.15,6.614672135904186,6.332909619816512,6.091614405444246
2831,14.155,7.244255545846641,6.978258242187469,6.734743592237676
2832,14.16,7.846333252676435,7.597923665292363,7.387213605727281
2833,14.165,8.397517020594803,8.164944216306326,8.00928323545143
2834,14.17,8.882546689794633,8.663687861119662,8.574220079342586
2835,14.175,9.291808119519738,9.086281708366542,9.066704971435918
2836,14.18,9.619240173583846,9.42936856608,9.469638905835257
2837,14.185,9.860783063946744,9.691417514503543,9.759602969015365
2838,14.19,10.013282246632382,9.87083546402761,9.934503211112599
2839,14.195,10.073708662416925,9.965080492229822,10.007395789363802
2840,14.2,10.038567667593178,9.97051414217545,9.981396495422121
2841,14.205,9.90339214150921,9.882451450328055,9.854103298954499
2842,14.21,9.66223054110588,9.695042128187623,9.622971602165237
2843,14.215,9.307041245495224,9.400884241906098,9.28577497161173
2844,14.22,8.826885415897328,8.990371561354971,8.83888070864254
2845,14.225,8.206762690979385,8.450734701676877,8.27237571316424
2846,14.23,7.425838525089579,7.7646341085479635,7.57041754253587
2847,14.235,6.45463306788614,6.908014425692548,6.7126505353591055
2848,14.24,5.250425181587665,5.8466920228417045,5.667852525996478
2849,14.245,3.7496813125868655,4.530750234953773,4.384678888488569
2850,14.25,1.8565830669253405,2.8853026884569175,2.786652111518585
2851,14.255,-0.5643793560855496,0.7968632548471035,0.7649623444457845
2852,14.26,-3.597941546284937,-1.8915721576315967,-1.8311848342194486
2853,14.265,-6.409141722409922,-5.233521784033449,-5.057802527044043
2854,14.27,-5.844902267296288,-7.862327226789365,-7.597480271708321
2855,14.275,-2.795856947527624,-5.300032243325852,-5.117216466156352
2856,14.28,0.0194460416078034,-0.8003653941920454,-0.7376166559665878
2857,14.285,2.220893389500092,1.948685342780124,1.96835259092942
2858,14.29,3.935966534253208,3.852597041456685,3.8563168027623185
2859,14.295,5.290241005500644,5.261841053024662,5.263886018986537
2860,14.3,6.369429672344428,6.346396273475317,6.357727716558215
2861,14.305,7.230501029486314,7.181211935535775,7.220234761432346
2862,14.31,7.912123297935082,7.781787656679045,7.89879588216855
2863,14.315,8.441268458011814,8.118662976954184,8.42424773004562
2864,14.32,8.837213509071457,8.427803664696974,8.816673459061734
2865,14.325,9.114005706600109,8.773879257120033,9.088362612936143
2866,14.33,9.282032302594384,9.027007480407995,9.24871999628807
2867,14.335,9.3490620593861,9.16770348395123,9.305126229731876
2868,14.34,9.320973831084697,9.203587701263729,9.262807425758211
2869,14.345,9.202306048897352,9.142530200621078,9.126143545855452
2870,14.35,8.996719255580523,8.990432573112376,8.899507305789104
2871,14.355,8.707445859566477,8.75180314239584,8.587681533666244
2872,14.36,8.337799044891542,8.430493213900824,8.199926200901585
2873,14.365,7.891821813050786,8.03042995627948,7.741648955320105
2874,14.37,7.375172210434645,7.5564551523897965,7.210895992260612
2875,14.375,6.796349121802581,7.0154061831419465,6.631451997026186
2876,14.38,6.168331520258667,6.417567359592081,6.051994052572669
2877,14.385,5.5105598803072695,5.778556080030656,5.495965030237205
2878,14.39,4.850809791168239,5.121494108964637,4.944260790744658
2879,14.395,4.225799201556604,4.478798678239552,4.411428723608096
2880,14.4,3.678569364252694,3.892030875991327,3.9421426628418876
2881,14.405,3.2508475192157507,3.4073889517958924,3.5867098408232687
2882,14.41,2.971292989744682,3.0651664772796936,3.306472808118478
2883,14.415,2.845125866981604,2.8856425671375594,3.1196482144551276
2884,14.42,2.8521243500188582,2.859552299111478,3.084179750027951
2885,14.425,2.9545347717552177,2.95097823789878,3.163207596807998
2886,14.43,3.109253301578028,3.111106188929962,3.3022637707316482
2887,14.435,3.2774990123178807,3.2931098277944617,3.4566359235386073
2888,14.44,3.429356430610613,3.460678693504402,3.5937959132582247
2889,14.445,3.544308918657684,3.5898264234946478,3.7020596845575673
2890,14.45,3.609873053972783,3.6671515494290543,3.7666098780093664
2891,14.455,3.6198352253298713,3.6871662830692533,3.772186789656663
2892,14.46,3.5727819520525683,3.649798591365187,3.722139849220217
2893,14.465,3.4711058631550307,3.558414156913945,3.6266910248997855
2894,14.47,3.3204354517766523,3.4186044311631454,3.4828862415091617
2895,14.475,3.129345199566027,3.23783677956233,3.282438320876838
2896,14.48,2.909159579345053,3.025675803016805,3.0456862545374013
2897,14.485,2.6736320550685,2.794053814399755,2.802848570760492
2898,14.49,2.438267263324233,2.5571481219127143,2.5612472257306753
2899,14.495,2.2191060915673324,2.33060536733649,2.333051202819759
2900,14.5,2.030964113978235,2.130026591798311,2.160871787493258
2901,14.505,1.8854062603409016,1.9688647665463823,2.024005105085838
2902,14.51,1.7890348415882895,1.8562227435785443,1.9088115042174403
2903,14.515,1.7427435050567044,1.7953138000973774,1.848051245549577
2904,14.52,1.7423037014739842,1.7832848377706374,1.8432543690650203
2905,14.525,1.7801283374411512,1.8126022348415791,1.8817089258351052
2906,14.53,1.8476307555400096,1.8735377334593792,1.9546949473645805
2907,14.535,1.9375035892765105,1.9569140843279147,2.052383109979598
2908,14.54,2.045435788835876,2.056362927910245,2.166666728664876
2909,14.545,2.1710504949123712,2.1697063397758063,2.2931973424820002
2910,14.55,2.318015932507739,2.2993860902675824,2.4322422518807763
2911,14.555,2.493339844330279,2.4519943836138185,2.5886107780946688
2912,14.56,2.705895002500092,2.6369727390866893,2.7706256170122914
2913,14.565,2.9643412631897634,2.8645844134758454,2.98817738566257
2914,14.57,3.274830891061458,3.143429089253008,3.250184871993344
2915,14.575,3.639094395161186,3.478030402112721,3.5620782027379274
2916,14.58,4.05350359817362,3.867206242288046,3.9240396602518404
2917,14.585,4.509392381935945,4.303794413125531,4.330561210889399
2918,14.59,4.9944279768208,4.775807293160857,4.7713999638835025
2919,14.595,5.4944697615491735,5.268509117396312,5.233461472841982
2920,14.6,5.995318052606308,5.766633774875489,5.7028614665794155
2921,14.605,6.483978556580103,6.256112611579563,6.166549374532784
2922,14.61,6.949349694457506,6.725055287217145,6.613245784714542
2923,14.615,7.382431171404118,7.164048844561535,7.033763451899613
2924,14.62,7.776221137473912,7.565991925488712,7.420908603247405
2925,14.625,8.125456088317526,7.925694859587486,7.769155468076297
2926,14.63,8.426302626434916,8.239425722912003,8.07425462952687
2927,14.635,8.676065154336236,8.50451474818191,8.332896867448593
2928,14.64,8.872940726322712,8.719065408481043,8.542499837105149
2929,14.645,9.015832579435957,8.881772716969213,8.701135082300075
2930,14.65,9.104224094852984,8.991825630229593,8.80756632671299
2931,14.655,9.13811148981418,9.048868652016814,8.861319706394818
2932,14.66,9.117993621841311,9.053007506330232,8.862707807604426
2933,14.665,9.044919012138816,9.004855006913267,8.812800893757924
2934,14.67,8.920592208028364,8.905621045041435,8.713396184385562
2935,14.675,8.74754260837194,8.757254208814448,8.567032791565696
2936,14.68,8.529357128010522,8.56264236467213,8.377077184961236
2937,14.685,8.270970899921092,8.325874989012625,8.147892688210511
2938,14.69,7.97899373545662,8.052558650495325,7.885096184720176
2939,14.695,7.662019820368697,7.750154495239153,7.595879986058816
2940,14.7,7.330821845040681,7.4282680981652085,7.289330910284159
2941,14.705,6.99827504278452,7.098766576557686,6.976615037523873
2942,14.71,6.67881730948352,6.775537088149177,6.670830141796604
2943,14.715,6.387280426754519,6.473671676823569,6.3862958465436765
2944,14.72,6.137084779320482,6.207932344577994,6.137120004429668
2945,14.725,5.938084275204357,5.990582251853321,5.935112781769414
2946,14.73,5.794659344349155,5.829042225750302,5.787493952203835
2947,14.735,5.704749496224244,5.724152025378998,5.695160041750177
2948,14.74,5.6602303797799,5.66978298690834,5.652250890630053
2949,14.745,5.648495690880581,5.654041302684756,5.647261730757471
2950,14.75,5.654655920263487,5.661604089852888,5.665265525393515
2951,14.755,5.663679760708523,5.676331008709955,5.69041756510593
2952,14.76,5.662042191645453,5.683410198912975,5.708025293101469
2953,14.765,5.638775128115057,5.670720976789382,5.705880388414188
2954,14.77,5.58605255138681,5.6294883267969436,5.674933917350407
2955,14.775,5.49953243785734,5.554499447778575,5.609580139105647
2956,14.78,5.3786626485781,5.44417763121915,5.507824248887922
2957,14.785,5.22708745087507,5.3007471023820525,5.371533679033414
2958,14.79,5.053185147209326,5.130619025123921,5.206869887682336
2959,14.795,4.870612922874958,4.944982682943183,5.0248722867437605
2960,14.8,4.698513826516347,4.7603782681563445,4.841987881226027
2961,14.805,4.56078712514331,4.598753679178253,4.680086583301257
2962,14.81,4.483714759568919,4.486238312037552,4.565235433399893
2963,14.815,4.491617404000314,4.449855201540702,4.524477757336777
2964,14.82,4.601314379006766,4.512068364747128,4.580503350456033
2965,14.825,4.817492436009061,4.684583596059617,4.745565791421522
2966,14.83,5.131340985901169,4.964283612250405,5.017430901844213
2967,14.835,5.52321373451386,5.333809117965245,5.379805122259073
2968,14.84,5.967799758253191,5.766635682513588,5.807132767181834
2969,14.845,6.4393217927519055,6.233820069618862,6.271055590869667
2970,14.85,6.915074525922609,6.709352342266338,6.745576985229656
2971,14.855,7.3769848084117555,7.17283198746979,7.209685510379639
2972,14.86,7.811725978294799,7.60988530473286,7.64784902049373
2973,14.865,8.210084266611053,8.011313755148366,8.049364410700047
2974,14.87,8.566089735974215,8.371772018659215,8.407350007031125
2975,14.875,8.876186715774452,8.68845007362776,8.717787770046785
2976,14.88,9.138550320617364,8.96002263726043,8.978751105935316
2977,14.885,9.352565457197624,9.185977359558688,9.18982460661981
2978,14.89,9.518446905179582,9.3662842294877,9.351680337577758
2979,14.895,9.636968701459532,9.50127360076769,9.465769947528557
2980,14.9,9.70927251392974,9.591591549675273,9.53409627316002
2981,14.905,9.73672996931674,9.638158926793343,9.55903399227687
2982,14.91,9.720839555412445,9.642113128392399,9.543174771799913
2983,14.915,9.663143588158656,9.604735943300687,9.48917734226943
2984,14.92,9.565154662219037,9.52737474412735,9.39960683451355
2985,14.925,9.428284212533718,9.411360966643013,9.276754034763101
2986,14.93,9.253768623131318,9.2579265278812,9.12244004505079
2987,14.935,9.042591026270816,9.06811763415495,8.937833890754238
2988,14.94,8.795399776811148,8.842706189309107,8.72332399859839
2989,14.945,8.512427748434229,8.582101156079165,8.478473781301398
2990,14.95,8.193420275710627,8.286265331038656,8.202065047546533
2991,14.955,7.837584107580218,7.954646943423965,7.892213734305712
2992,14.96,7.443575900692148,7.586140558042047,7.546536696722902
2993,14.965,7.009558138489246,7.179098875187025,7.162346019697354
2994,14.97,6.5333658947516335,6.731428189792135,6.736855841387505
2995,14.975,6.01285470342814,6.240819271447376,6.267429089918525
2996,14.98,5.446545806435336,5.705198607246778,5.751965201404344
2997,14.985,4.834759658582609,5.123541687696409,5.189607580865459
2998,14.99,4.181534434347506,4.497280566784668,4.582028217657879
2999,14.995,3.497727515402882,3.832660932700917,3.9356472420704485
3000,15.0,2.805628058861676,3.144501203563915,3.265231028063666
3001,15.005,2.144682766052336,2.461636245551388,2.5991487593365648
3002,15.01,1.5756563161845902,1.8332241929707602,1.985499499536889
3003,15.015,1.1764987739324393,1.331924168545604,1.495249102903574
3004,15.02,1.021801158413349,1.0449038394403387,1.213612988874134
3005,15.025,1.149225240538812,1.0438054573402518,1.2110368560446
3006,15.03,1.5373886520366622,1.3437205178612448,1.503379069423156
3007,15.035,2.117236265883338,1.8877299066422144,2.0366134542867393
3008,15.04,2.8051543857625045,2.577552678497696,2.7161302931920495
3009,15.045,3.529678665824718,3.3193832992693313,3.451006261217409
3010,15.05,4.240788147673044,4.047578256366773,4.177074143652018
3011,15.055,4.907765621883327,4.724626931907476,4.8569538420234295
3012,15.06,5.513621614748273,5.332747940958827,5.471664951548039
3013,15.065,6.050067736327229,5.8663724102535175,6.012917398760122
3014,15.07,6.514016341657395,6.326998077296067,6.4781640271106635
3015,15.075,6.905420750360586,6.719134932601414,6.867864683204363
3016,15.08,7.226047469754821,7.04709128295866,7.184110997042251
3017,15.085,7.478844395260054,7.313700818383964,7.430019366503926
3018,15.09,7.667682684417791,7.520999166929684,7.609546092834092
3019,15.095,7.797336727852785,7.671446155342996,7.727540477778218
3020,15.1,7.873618926752166,7.768731134354581,7.789939747637645
3021,15.105,7.903609330764461,7.818140531205942,7.804042699000012
3022,15.11,7.895919492285611,7.826748115574984,7.7788037315566045
3023,15.115,7.860908302169714,7.803562159909214,7.725084099805315
3024,15.12,7.810730635666193,7.75960267298697,7.655773576117916
3025,15.125,7.759062906805131,7.707777361550536,7.585602382863612
3026,15.13,7.720346268188245,7.662372144298569,7.5303435506769
3027,15.135,7.708465913441875,7.637987410669593,7.505228643921665
3028,15.14,7.734975923209344,7.647878791645793,7.522851346961426
3029,15.145,7.807242834290914,7.701920234385007,7.59115694631004
3030,15.15,7.927071225268358,7.8047143091167195,7.711998302116674
3031,15.155,8.090313113064516,7.954522641761093,7.880582956637877
3032,15.16,8.287612633893687,8.14348219353243,8.086182762155516
3033,15.165,8.505991412863063,8.359054320681556,8.314174860409587
3034,15.17,8.730715848404035,8.586148146876939,8.548617228768702
3035,15.175,8.946925114763966,8.809194872780415,8.774187106376768
3036,15.18,9.14073442769138,9.013657512740512,8.977121185567974
3037,15.185,9.299777959703862,9.186812571888474,9.145559552727953
3038,15.19,9.41330725907126,9.317907193074902,9.269583261278882
3039,15.195,9.472004471927075,9.397904447136074,9.340978910968545
3040,15.2,9.467647671851724,9.419025492297479,9.352788089306305
3041,15.205,9.39272228774205,9.374244637380524,9.298799139372319
3042,15.21,9.240034221022746,9.256830035402121,9.173113585427712
3043,15.215,9.002357558701453,9.0599676555198,8.969785955611332
3044,15.22,8.672147322626895,8.776473680532648,8.682510716818143
3045,15.225,8.241372837068482,8.398602121099824,8.304435301326818
3046,15.23,7.701600750795686,7.917999683544398,7.828183051179323
3047,15.235,7.044630486740106,7.32597017645727,7.24611425494808
3048,15.24,6.2643778985815946,6.614449265327862,6.551109879600107
3049,15.245,5.361557175705118,5.778611859340241,5.738869236415369
3050,15.25,4.354363217291533,4.823151145168193,4.8138299441106795
3051,15.255,3.300388030779136,3.776370469169482,3.8027789295388565
3052,15.26,2.331650699238819,2.718460429044816,2.782438438314795
3053,15.265,1.6749318386955552,1.8238543412013901,1.9209659042185594
3054,15.27,1.5698391734838777,1.3727349691088468,1.4897196540651736
3055,15.275,2.07122548358328,1.6100163008070325,1.7273367685064858
3056,15.28,2.9910690699845683,2.481924073888537,2.5844736475261207
3057,15.285,4.077110845887429,3.658649430079541,3.7436855042531287
3058,15.29,5.156108994026316,4.846732009078774,4.9204466301458885
3059,15.295,6.143037955723876,5.912324411959732,5.983872005081254
3060,15.3,7.005398031433844,6.818307921887585,6.897492744393503
3061,15.305,7.735289924014816,7.563429909566968,7.660493378244677
3062,15.31,8.334710097408284,8.157410244201266,8.281858332147882
3063,15.315,8.808805778920114,8.616264023742804,8.77155133239167
3064,15.32,9.162974455881272,8.961923737168375,9.137939476148627
3065,15.325,9.40168027986597,9.212193250153508,9.387253023879165
3066,15.33,9.528007710434592,9.370838856258448,9.523734257647721
3067,15.335,9.543520294812955,9.43274295321871,9.549932869015912
3068,15.34,9.448243141946683,9.392023620216172,9.466945366439955
3069,15.345,9.240709345389924,9.244142759832624,9.27463636505853
3070,15.35,8.918087704728487,8.985120207486315,8.971886699568664
3071,15.355,8.476493569803615,8.61072721738873,8.556890125185713
3072,15.36,7.9117311485600785,8.116342734700487,8.027562359241387
3073,15.365,7.22101484256422,7.497676102050637,7.382374484504465
3074,15.37,6.406832229108398,6.752927944912703,6.622741892771022
3075,15.375,5.485250604663362,5.887820184619202,5.758425357291816
3076,15.38,4.502368376818331,4.9264034681816735,4.817091873465023
3077,15.385,3.560928308871441,3.932108105891161,3.8618347850033192
3078,15.39,2.841856306448513,3.0400379029422915,3.0208559641095083
3079,15.395,2.5632601260499976,2.475306317750797,2.5072750527490895
3080,15.4,2.835539497983643,2.475789248742753,2.547041069584655
3081,15.405,3.5573650450117333,3.0877576724051767,3.1810837139315007
3082,15.41,4.511776583072126,4.086014528752701,4.186835262298079
3083,15.415,5.514201134150127,5.183925730198445,5.283485773436021
3084,15.42,6.458332668371039,6.2104490782741335,6.306029739970102
3085,15.425,7.295904346474728,7.1006892820778935,7.1942310155021145
3086,15.43,8.009710980941552,7.839769403893326,7.93596773864906
3087,15.435,8.596658548879027,8.431037399633896,8.535755085293069
3088,15.44,9.059144416788795,8.885743759013629,9.002553467597549
3089,15.445,9.401021974656317,9.221214464525673,9.345280754780951
3090,15.45,9.625774903475682,9.454612316534579,9.570816598669007
3091,15.455,9.735690289842804,9.59294542304617,9.683499960789144
3092,15.46,9.731450758305185,9.63305700370023,9.685675642650835
3093,15.465,9.611867225457754,9.568442065917242,9.577799658020743
3094,15.47,9.373609570695612,9.392635428386383,9.357941052876512
3095,15.475,9.01084911304029,9.098936281535364,9.022020294511341
3096,15.48,8.51474641870425,8.67917652339666,8.564669010791345
3097,15.485,7.872725212907579,8.122518331354515,7.978711025851297
3098,15.49,7.067499525769208,7.414288614328665,7.253100795087139
3099,15.495,6.075954924475968,6.534719903118309,6.371484902250038
3100,15.5,4.868535852485627,5.457691914160827,5.3113158551615305
3101,15.505,3.411910868006594,4.15039838815489,4.042430644826015
3102,15.51,1.6856860406824343,2.577905392465003,2.530454496299164
3103,15.515,-0.2481515940334675,0.7279433353339231,0.7609749046347929
3104,15.52,-2.027651306039655,-1.289416952220793,-1.1638974189143205
3105,15.525,-2.75298180180449,-2.9395344398638628,-2.7321815821859827
3106,15.53,-1.8707867140967196,-3.015970380963461,-2.78030777116005
3107,15.535,-0.1458003218779525,-1.172568658668343,-0.9701806306254026
3108,15.54,1.6173964915832886,1.0710646274112174,1.2331519499408174
3109,15.545,3.1452125080463347,2.8904586794778346,3.0277414143687107
3110,15.55,4.403246638109469,4.288515169529148,4.412639707370151
3111,15.555,5.417211800208789,5.360528263217541,5.481194928304049
3112,15.56,6.22009354831154,6.174884171231201,6.304747124149893
3113,15.565,6.840079080695029,6.76876530636935,6.92992559906598
3114,15.57,7.299075559346426,7.163165065337174,7.387818722602045
3115,15.575,7.613629577492369,7.412929187187709,7.699645617260138
3116,15.58,7.796180633661591,7.593826946701376,7.879449787605386
3117,15.585,7.856206657567654,7.703031744973831,7.936867636852465
3118,15.59,7.801254415966196,7.712584375150055,7.8793125014332634
3119,15.595,7.637973945720216,7.61407789290047,7.712648318628071
3120,15.6,7.373334695219812,7.410138240408886,7.442329067719804
3121,15.605,7.01625629642195,7.107652412805802,7.075833622234988
3122,15.61,6.579935029034656,6.717084151221181,6.625167009254727
3123,15.615,6.085106363779728,6.25453618141142,6.1092001149171145
3124,15.62,5.564118104980596,5.745387590326105,5.555846329796282
3125,15.625,5.064543989877942,5.228783335473239,5.004625408479336
3126,15.63,4.648826883342382,4.760944261963265,4.51444380079124
3127,15.635,4.38451715370091,4.412478227079927,4.165973658839175
3128,15.64,4.323043445078683,4.253169577104895,4.0369755468396935
3129,15.645,4.476876868452553,4.32416020142534,4.16169583366393
3130,15.65,4.813375204892508,4.614248368110427,4.515477108234139
3131,15.655,5.27111477948191,5.063391787206078,5.033466899126728
3132,15.66,5.784117735814935,5.592088940460358,5.633521764824961
3133,15.665,6.29791614568512,6.130503303767427,6.230523824481789
3134,15.67,6.774161740594497,6.630390778387467,6.757841461991688
3135,15.675,7.188552685998043,7.063547431704282,7.19865536804284
3136,15.68,7.526860630760348,7.416032976087881,7.552445480266489
3137,15.685,7.781380855647507,7.682936570558508,7.813533157761622
3138,15.69,7.948414647817264,7.864343567512308,7.979231582350577
3139,15.695,8.026705143120235,7.962112586584141,8.050681725272556
3140,15.7,8.016601485604129,7.97781794010214,8.032880497389183
3141,15.705,7.919772207699197,7.912375264341109,7.931146271184551
3142,15.71,7.739377948343219,7.766911574581577,7.74785043665963
3143,15.715,7.480697968179574,7.544012743893912,7.487557133321298
3144,15.72,7.152265771475053,7.249006697003442,7.160069361205204
3145,15.725,6.767574502584063,6.891458258327164,6.776549979470078
3146,15.73,6.347281664878258,6.487123958199158,6.3497006486730925
3147,15.735,5.92142231131601,6.060331779305963,5.9037621163014045
3148,15.74,5.530282591732406,5.646092917834662,5.480156812319958
3149,15.745,5.221536261091942,5.290112508622395,5.127987694131069
3150,15.75,5.041346689777341,5.0437023808060095,4.897103933943771
3151,15.755,5.020497730741696,4.951367433164577,4.833623644050436
3152,15.76,5.162474827704586,5.034075897206521,4.954712702249562
3153,15.765,5.442023999221789,5.27850310020056,5.232871131954725
3154,15.77,5.815339053978094,5.6416938608293945,5.623465840943132
3155,15.775,6.234285070353856,6.068089920292591,6.075771278196231
3156,15.78,6.656701233299294,6.506356057566868,6.5380048546572525
3157,15.785,7.050472229197155,6.917771221397274,6.9700443463344195
3158,15.79,7.393253005238685,7.276956967153389,7.3460042876435505
3159,15.795,7.670395403050952,7.5691352567837,7.650497782744388
3160,15.8,7.872665703689084,7.786777545588745,7.875000334047042
3161,15.805,7.994391202167584,7.926612545394403,8.015158373863265
3162,15.81,8.03216045522666,7.987230765290833,8.069057143931646
3163,15.815,7.98401579169953,7.967569160714886,8.036191561080493
3164,15.82,7.84905130919401,7.866432747880376,7.916915809167209
3165,15.825,7.627366778671987,7.682784490387053,7.71228177384253
3166,15.83,7.320387028696299,7.416383297321293,7.424237448781531
3167,15.835,6.931624445997158,7.06859661136053,7.056186794567253
3168,15.84,6.468029167088992,6.64350919758317,6.6140130759892255
3169,15.845,5.942102274473311,6.149594242122598,6.107763595553132
3170,15.85,5.374833937604061,5.602205370766201,5.554137285749289
3171,15.855,4.799025428350426,5.02691690965213,4.979662234520097
3172,15.86,4.261315306094019,4.462990258273082,4.423819413223458
3173,15.865,3.819363981832184,3.964575564124244,3.9398907222975548
3174,15.87,3.530158134572341,3.5950371083295565,3.5892216912191754
3175,15.875,3.4303583602855587,3.410102565694788,3.424894739213687
3176,15.88,3.51957539470848,3.4336389132553866,3.468532289787243
3177,15.885,3.7600824195278526,3.642662677450062,3.6961012101061774
3178,15.89,4.093197594884124,3.976575192172092,4.047039760620808
3179,15.895,4.458990541309015,4.363296127824261,4.449719206776443
3180,15.9,4.808187751080722,4.741256512279366,4.842963529142788
3181,15.905,5.10512593765889,5.067289329182427,5.1837742385130685
3182,15.91,5.325753654963651,5.314743785227398,5.445251531713652
3183,15.915,5.454286504035543,5.468688606333162,5.611508961697022
3184,15.92,5.480269045995944,5.52150736595599,5.673217479907606
3185,15.925,5.396566360897141,5.469396907468381,5.624664465355639
3186,15.93,5.198352669653534,5.309774345765955,5.462163480434525
3187,15.935,4.88316892377865,5.040153629753133,5.183577630720043
3188,15.94,4.452387700854542,4.659033926856919,4.788989911903485
3189,15.945,3.9149028639639134,4.168900191734602,4.282963705346655
3190,15.95,3.294464359296445,3.5818042276012934,3.679421657467464
3191,15.955,2.6420759976328534,2.9290540209705695,3.0108393446235286
3192,15.96,2.0513641441586983,2.276499247313086,2.343113537977039
3193,15.965,1.662153924578829,1.741421571812141,1.7920972168940277
3194,15.97,1.6210211049453818,1.4890663620321578,1.5204452238211492
3195,15.975,1.994441966355455,1.6682633432195946,1.6753985821257342
3196,15.98,2.716892931025787,2.2974383825653537,2.278076149000267
3197,15.985,3.642985278971119,3.232990105354797,3.1917009834234946
3198,15.99,4.634243037389274,4.28075405422255,4.228378329857454
3199,15.995,5.598365663286387,5.302723831434666,5.252581457280764
3200,16.0,6.485530408232573,6.23081711315337,6.195516934790453
3201,16.005,7.272934395955635,7.039798123413633,7.029537863816888
3202,16.01,7.95226724774804,7.725048273177331,7.746221295483316
3203,16.015,8.522150525640033,8.292171571450721,8.34500861818768
3204,16.02,8.98406575420717,8.75242995585874,8.82835127209106
3205,16.025,9.340261618415662,9.117255291749007,9.199670874537954
3206,16.03,9.592688182905356,9.392362619906592,9.4623357434035
3207,16.035,9.742432995999067,9.577167746624433,9.619087518769216
3208,16.04,9.78937918150658,9.668179222948856,9.671744884883857
3209,16.045,9.731931263975682,9.66132036498135,9.621034011920603
3210,16.05,9.566711848093084,9.552178332902264,9.466405429386027
3211,16.055,9.288149405425097,9.335345830719277,9.205744368053956
3212,16.06,8.887864813687745,9.003558500079002,8.834900670114216
3213,16.065,8.353718283861562,8.546713006239735,8.346943786276334
3214,16.07,7.6682771933934655,7.9505830609077535,7.731066473837246
3215,16.075,6.806251344943624,7.194892087446378,6.970824506886264
3216,16.080000000000002,5.729965924454961,6.250136811745502,6.040630000600039
3217,16.085,4.380785682145369,5.071945001877861,4.898994547871133
3218,16.09,2.661236498371294,3.5902155991905635,3.4768222215034905
3219,16.095,0.3923448060816258,1.6859807617652462,1.6551340226748108
3220,16.1,-2.8113630907257887,-0.8653276883270395,-0.7889169640139198
3221,16.105,-8.068705615619402,-4.565852688344137,-4.348041580275506
3222,16.11,-23.646214761683552,-10.95243043562224,-10.517082209121853
3223,16.115000000000002,-11.6548669399992,-32.40119618671716,-31.269172647905407
3224,16.12,-4.73545330211892,-4.257507862943937,-4.232885586177055
3225,16.125,-1.051551281449893,-0.7524204147102846,-0.7388672135995655
3226,16.13,1.408556721352905,1.7468109157448262,1.7404877983514684
3227,16.135,3.2052073754422845,3.443317400780797,3.423940300605369
3228,16.14,4.575653352096025,4.753008691065492,4.7230618653001875
3229,16.145,5.642662702903073,5.789873389388269,5.741526652668663
3230,16.15,6.477945259777743,6.583426554427325,6.546082723462857
3231,16.155,7.126966540145132,7.452163207422581,7.167715641601459
3232,16.16,7.62033988809922,6.59233592797386,7.647701402177324
3233,16.165,7.979691871220544,7.358307451601766,8.000136129351503
3234,16.17,8.220971302275021,7.851944498949745,8.228327571537951
3235,16.175,8.356477941682183,8.109833510232985,8.348354847661327
3236,16.18,8.39622038593924,8.232134217701276,8.367831066631247
3237,16.185,8.348922812952317,8.248812704694098,8.29204067751714
3238,16.19,8.222863127108974,8.17569513484466,8.127129646010113
3239,16.195,8.026652297854731,8.024377232461788,7.886222561566115
3240,16.2,7.770014634146113,7.805504850967571,7.556740688575233
3241,16.205000000000002,7.464575160687666,7.53046053651586,7.200101217084917
3242,16.21,7.124581733245913,7.212532470003816,6.8354173650775465
3243,16.215,6.767372066594852,6.867771342629309,6.3442138546015645
3244,16.22,6.413252555196193,6.515392374865812,5.844918225645481
3245,16.225,6.084363695862216,6.177354397968719,5.537893193827141
3246,16.23,5.802228539796351,5.876661323058851,5.490996183945946
3247,16.235,5.584179590162229,5.634166943728358,5.335039323718234
3248,16.240000000000002,5.439648203276699,5.464376244003409,5.3313758736538235
3249,16.245,5.36783670231593,5.371688759662271,5.277631955187079
3250,16.25,5.357919271677013,5.3489178160454935,5.7858814234554306
3251,16.255,5.391678771153563,5.379019991085438,5.646014839925389
3252,16.26,5.447324047416752,5.439229253081979,5.587461050325164
3253,16.265,5.503003698686804,5.505660349736529,5.704962282537392
3254,16.27,5.539148877648882,5.556737797347178,5.713811896941697
3255,16.275,5.539552391836584,5.574900540572779,5.720173905979645
3256,16.28,5.491540922319434,5.546904998359887,5.63898412651346
3257,16.285,5.385687024990591,5.463333082999582,5.4763352334912145
3258,16.29,5.215414325960564,5.317829362696591,5.3219097229711565
3259,16.295,4.976727389546721,5.106432643652799,5.104835644093239
3260,16.3,4.66821552101841,4.827242171396842,4.772336795150535
3261,16.305,4.291445623436669,4.480561480216866,4.389541768306375
3262,16.31,3.8518518728410553,4.069592545052865,4.0047437359542215
3263,16.315,3.3602040975706897,3.601722955854476,3.582603239503915
3264,16.32,2.8346045110397524,3.0904191105646373,2.9955779417535995
3265,16.325,2.302572649380295,2.5575740550849915,2.4197374581820226
3266,16.330000000000002,1.801978029171425,2.0356453242455146,1.9489283023520554
3267,16.335,1.3785549450149568,1.567894286372944,1.5106525331196456
3268,16.34,1.077674469182782,1.2038904922389864,1.040276014838672
3269,16.345,0.9309981672813584,0.9879459434087248,1.107135586603468
3270,16.35,0.944272628856742,0.942823014232443,1.0629016635537427
3271,16.355,1.0947502586628908,1.058221849148807,1.1164373427548528
3272,16.36,1.340272442142576,1.293808811165619,1.3960911279799286
3273,16.365000000000002,1.633209733546725,1.595146594363468,1.7095060566129336
3274,16.37,1.9311954429540727,1.9106906667520032,2.0370687009489883
3275,16.375,2.20180912406764,2.201013134159737,2.341818644867664
3276,16.38,2.422780922514356,2.440255217411177,2.5961659689734815
3277,16.385,2.580249125418941,2.6138056419083457,2.7838087954233406
3278,16.39,2.666761549119942,2.7152231689138127,2.896201076543629
3279,16.395,2.6797605406753933,2.7435387740582264,2.9302272713226154
3280,16.4,2.620748865025763,2.70124593686413,2.88685571667686
3281,16.405,2.495116066345271,2.59328747982211,2.770632401571494
3282,16.41,2.312529080291644,2.4272421016318804,2.589853606442534
3283,16.415,2.0877182141192643,2.214452269362524,2.3572585143097253
3284,16.42,1.8413239830553996,1.9715035914168144,2.091020022569531
3285,16.425,1.600164308623491,1.7213895663467307,1.8156056401351344
3286,16.43,1.3959258228786051,1.4935340862845479,1.5617077472186183
3287,16.435,1.2612635366019864,1.321554043127123,1.3640707720985348
3288,16.44,1.2232420548189855,1.2378123716398792,1.2562093442323858
3289,16.445,1.2960910987594425,1.2652870430453618,1.262457731051668
3290,16.45,1.476907115512348,1.4099230302194456,1.3903613501815748
3291,16.455000000000002,1.7469517050690389,1.6580594234448127,1.6278549504967885
3292,16.46,2.0777379594148586,1.9810240816787257,1.947364846701031
3293,16.465,2.4384265235234817,2.344107584174465,2.3143148526468216
3294,16.47,2.8014044529773763,2.7148914212724744,2.6952617474696354
3295,16.475,3.145028525272058,3.0679473042099774,3.062708351121162
3296,16.48,3.454150033179369,3.386024240170554,3.3966097384576424
3297,16.485,3.719487231332311,3.659222773475568,3.684005877624705
3298,16.490000000000002,3.9366595045557378,3.883452701737288,3.9180262399439596
3299,16.495,4.105308829589044,4.0588774112826345,4.096834285255761
3300,16.5,4.22844959871541,4.188689609811106,4.222686479922091
3301,16.505,4.312026313510077,4.27838486119875,4.3012031828850406
3302,16.51,4.364573013745298,4.335493711452509,4.340876375175299
3303,16.515,4.396820115930903,4.369520502621381,4.352692014481715
3304,16.52,4.421073897706479,4.391753727399265,4.34964984563485
3305,16.525,4.450219474284228,4.41467229512525,4.345971042825595
3306,16.53,4.496301000878992,4.450805433253494,4.355862793442246
3307,16.535,4.568821834684616,4.51108984255675,4.391849916868706
3308,16.54,4.67312397996157,4.6030082685630545,4.462902125301864
3309,16.545,4.809318612901648,4.729014889820192,4.5728183173524
3310,16.55,4.972126411237127,4.885794420537184,4.719392405839838
3311,16.555,5.151665008161138,5.064651245090472,4.894650518661169
3312,16.56,5.334873147950282,5.252877997856886,5.086037710159841
3313,16.565,5.507090837193034,5.435584939223255,5.278113434933054
3314,16.57,5.653380389644252,5.597398818060149,5.454245432921508
3315,16.575,5.7593742094472,5.723639725140135,5.597942771275137
3316,16.580000000000002,5.811631233923301,5.800866983167843,5.693710495495211
3317,16.585,5.797598179463556,5.81688765997407,5.727465162096754
3318,16.59,5.705303222821176,5.7604011350324225,5.686549430038471
3319,16.595,5.522894772971768,5.620448330291329,5.559370132348208
3320,16.6,5.238116148156743,5.38579553223282,5.33477002591149
3321,16.605,4.837813905637932,5.044347876581838,5.001319566285758
3322,16.61,4.307663147988156,4.582694324388369,4.546713623374472
3323,16.615000000000002,3.632572413914534,3.9860024447043285,3.95751630855933
3324,16.62,2.799009694762357,3.238866767097499,3.219844875685901
3325,16.625,1.8025572683420648,2.328782696381546,2.322618012634657
3326,16.63,0.6689753145650558,1.2567253111792516,1.267713652874316
3327,16.635,-0.4950062785052405,0.06594376333919705,0.09780482004296509
3328,16.64,-1.4176958206152688,-1.0903182090328825,-1.0380299195148384
3329,16.645,-1.6706787049380862,-1.8462144387149584,-1.784637344500652
3330,16.65,-1.0187689545755598,-1.6854689433051755,-1.6398804426849587
3331,16.655,0.2780213545256232,-0.4875299686208052,-0.48212426072428993
3332,16.66,1.7941355199719728,1.2015410661841548,1.1646596663156807
3333,16.665,3.268936353608188,2.858005961260712,2.7931219237042058
3334,16.67,4.601910447532961,4.305324078045971,4.229284107953687
3335,16.675,5.769227298873768,5.528677091351032,5.456937579861936
3336,16.68,6.77507991067754,6.549598773344778,6.49735071518035
3337,16.685,7.6316637171767185,7.390694262617423,7.374254110977698
3338,16.69,8.35194735707071,8.074295077960452,8.106875003773652
3339,16.695,8.947348578629125,8.63405255679448,8.709733287030824
3340,16.7,9.427182289938823,9.106220906967938,9.193482198755078
3341,16.705000000000002,9.798707552045023,9.50116785594692,9.565914915215547
3342,16.71,10.067344262611588,9.810831635134619,9.83284512778819
3343,16.715,10.236909206294513,10.028396666488497,9.99862571358334
3344,16.72,10.309826918446843,10.151654580159628,10.066523347162557
3345,16.725,10.287313022046492,10.180421346298633,10.039101530926477
3346,16.73,10.169548819686822,10.11474341673527,9.918573898559478
3347,16.735,9.955884764932676,9.95421427041506,9.707070997130419
3348,16.740000000000002,9.64513923081874,9.697869862913286,9.4065469734178
3349,16.745,9.23611161917949,9.344425176949542,9.018959370256031
3350,16.75,8.728526479832421,8.892870221141063,8.548399459190748
3351,16.755,8.124799002951715,8.343647724558672,8.00274797699182
3352,16.76,7.43328870513254,7.700882082835978,7.391098957048989
3353,16.765,6.67402185974555,6.976474366255712,6.722506340996678
3354,16.77,5.887732513763852,6.197214538587827,6.015212338878308
3355,16.775,5.14683043205089,5.4156729534808115,5.312902030063992
3356,16.78,4.55949481146087,4.722176171154296,4.696091469584364
3357,16.785,4.247550150276095,4.244805758816534,4.279088166794572
3358,16.79,4.288603898524959,4.112077770388036,4.178656754324546
3359,16.795,4.663704641742913,4.374573365988668,4.447068020577272
3360,16.8,5.270877050464438,4.955935211484791,5.018301654616619
3361,16.805,5.98757294380052,5.704154221877556,5.749364966895916
3362,16.81,6.7171424322956526,6.482069733771782,6.509026514732455
3363,16.815,7.399010972817339,7.205673321894057,7.2173613893625514
3364,16.82,8.00034295828009,7.834714164377546,7.837379906481679
3365,16.825,8.505255151973119,8.354101394052067,8.355532488207388
3366,16.830000000000002,8.906966836159102,8.76187691971258,8.767928733888045
3367,16.835,9.203044047489191,9.063130631360057,9.074765900528757
3368,16.84,9.392717420242672,9.265188426095886,9.27788595116963
3369,16.845,9.475389185474697,9.372477878033083,9.377945701880636
3370,16.85,9.449764722901913,9.384225685238263,9.373392650708677
3371,16.855,9.313278581346792,9.295917057510525,9.262591479307472
3372,16.86,9.06162093420425,9.101304652874589,9.04479040510855
3373,16.865000000000002,8.688239806030879,8.79300236936993,8.717256346871377
3374,16.87,8.183724760899333,8.36198522111958,8.273673823675061
3375,16.875,7.534990588797664,7.796638010778814,7.704760955324334
3376,16.88,6.724205350707497,7.081590257171466,6.99533314263142
3377,16.885,5.727532234330449,6.196353144881193,6.12266833668631
3378,16.89,4.514286831251948,5.113881519000927,5.061125345724221
3379,16.895,3.049217994713814,3.7999431534684422,3.7813618938137257
3380,16.9,1.3087938019482643,2.2171941991195987,2.2495099498012943
3381,16.905,-0.6480934471514772,0.3495152856837107,0.44952575935231565
3382,16.91,-2.4502840563368427,-1.6960774895057042,-1.5176035022014052
3383,16.915,-3.151651066985717,-3.3686211817314202,-3.122493818276361
3384,16.92,-2.183844244823179,-3.394142282204337,-3.134590920113867
3385,16.925,-0.3729915291372148,-1.4300224139110664,-1.2167050338623397
3386,16.93,1.4578794603971368,0.8995001204461599,1.0664743656226787
3387,16.935,3.045626038882727,2.7765787899355763,2.917714830183934
3388,16.94,4.364727715144361,4.229121684361184,4.357968279992982
3389,16.945,5.446128624017366,5.3609720687784455,5.48780558475908
3390,16.95,6.326328757725078,6.244289440771848,6.382035900518503
3391,16.955000000000002,7.036457931639786,6.9183829881142636,7.089556327651378
3392,16.96,7.601331248647166,7.405761656741905,7.64349250397593
3393,16.965,8.040624218330239,7.766225241933497,8.067462441159137
3394,16.97,8.370241929690875,8.08179528128238,8.37854941241461
3395,16.975,8.603477064717088,8.350378845966128,8.589898784743925
3396,16.98,8.751925883071644,8.546474307718695,8.71273545122126
3397,16.985,8.826205345491564,8.666001104175574,8.757106754137947
3398,16.990000000000002,8.836510128974789,8.715696184510188,8.732610711092093
3399,16.995,8.793024224202128,8.705291627942394,8.649454573008043
3400,17.0,8.706174098640432,8.645356790834652,8.51927462686304
3401,17.005,8.586685980888994,8.546849998947437,8.355624202859186
3402,17.01,8.445397060821323,8.420940752364185,8.172649019653488
3403,17.015,8.292781481300867,8.278675276233677,7.982638422149538
3404,17.02,8.1381985978344,8.130359335451459,7.800711243245141
3405,17.025,7.988952997322815,7.984671061306687,7.649006831451803
3406,17.03,7.849348371813756,7.847637488851909,7.543624677982779
3407,17.035,7.719970908581564,7.721711470732948,7.479396403802227
3408,17.04,7.597403907896681,7.605216902529447,7.438975732901812
3409,17.045,7.474447911032422,7.4923446749629425,7.40936566872964
3410,17.05,7.34075434267444,7.373698667162804,7.3760878244485735
3411,17.055,7.183657864015768,7.237200207906666,7.309098437573773
3412,17.06,6.988964436871951,7.0690596082012505,7.174606241986723
3413,17.065,6.741509054531532,6.854548883007618,6.97093807491797
3414,17.07,6.42539066306967,6.578417376477127,6.6981686865029655
3415,17.075,6.023877331134834,6.22491097311646,6.342062858685889
3416,17.080000000000002,5.519040229870931,5.777442583698444,5.886548972082629
3417,17.085,4.891252927741978,5.218021231930372,5.315774505047685
3418,17.09,4.118886421598234,4.52663451619991,4.614646099495963
3419,17.095,3.17912567460672,3.6810368340659414,3.7651610579587365
3420,17.1,2.0526616617988758,2.65821378031098,2.744287263820603
3421,17.105,0.7404142456223175,1.441318242078852,1.5357307132930695
3422,17.11,-0.6860069250613234,0.04331048298890483,0.15492768739266705
3423,17.115000000000002,-1.9665941010005528,-1.4232742983616804,-1.2891347620386906
3424,17.12,-2.5570741038454163,-2.5903588156086883,-2.444520386447702
3425,17.125,-2.0182978454264995,-2.752226865209619,-2.627520077053206
3426,17.13,-0.6320210247557,-1.534806795205344,-1.4643463255233202
3427,17.135,1.0150555225735127,0.36412922345488496,0.3799520997984853
3428,17.14,2.5866073202487456,2.1827429090161314,2.1670840429542095
3429,17.145,3.973685685187366,3.714584247953276,3.6960559585397648
3430,17.150000000000002,5.161111590632913,4.970955988780627,4.972861241725982
3431,17.155,6.161939979643568,5.992751376829245,6.024250710921721
3432,17.16,6.994578794970071,6.81156822207022,6.88450172147717
3433,17.165,7.675886301738783,7.450635052372413,7.584700478311067
3434,17.17,8.219517637884943,7.946146509060934,8.142754989847315
3435,17.175,8.635865423706585,8.348488812330917,8.570074946656593
3436,17.18,8.932398670210338,8.673259698422829,8.874815889520615
3437,17.185,9.114019901644104,8.905713708975842,9.062347119154722
3438,17.19,9.18332775856618,9.034010252394314,9.135862642990027
3439,17.195,9.140756344311376,9.053426061187023,9.09678124489489
3440,17.2,8.984584222867833,8.961448605240298,8.945075283169983
3441,17.205000000000002,8.710806241300626,8.754896743989633,8.679454185600417
3442,17.21,8.312855237231862,8.428681713026407,8.297380177872903
3443,17.215,7.781157183508522,7.975109945523068,7.794402811717397
3444,17.22,7.102518563471452,7.383247960768097,7.162871906573502
3445,17.225,6.259427160839339,6.638197736425848,6.393164198189535
3446,17.23,5.229654602049614,5.720358622358881,5.475464716645047
3447,17.235,3.9876084006576384,4.605223367709954,4.394284594141608
3448,17.240000000000002,2.512474822086577,3.265757617823002,3.1218758799515687
3449,17.245,0.8198983669023464,1.684459403410898,1.6314301616483524
3450,17.25,-0.9363315924602672,-0.1014623209468386,-0.0497838476377126
3451,17.255,-2.254668712235528,-1.8583676070953397,-1.7026796001774178
3452,17.26,-2.3719677241351795,-2.8854528962807144,-2.6600856719720074
3453,17.265,-1.2464066097683044,-2.273398810201,-2.05161657827629
3454,17.27,0.3714553817876154,-0.4002205472454792,-0.23239906364361307
3455,17.275000000000002,1.946203502029061,1.5328432446747522,1.6492284924588905
3456,17.28,3.3049890023111104,3.104844114023073,3.18539274015052
3457,17.285,4.425528606559096,4.33078837881364,4.387913996026576
3458,17.29,5.326254846101648,5.274790583374857,5.320683803823133
3459,17.295,6.031432247170888,5.983545449212034,6.036142951480681
3460,17.3,6.56200715636596,6.483287398833955,6.570408680240729
3461,17.305,6.933924072208476,6.800368901564582,6.946041349732971
3462,17.31,7.158370986933847,6.994120346065113,7.176985890950555
3463,17.315,7.242351461133664,7.10505886767875,7.272447771206189
3464,17.32,7.18913944212466,7.1155335796000045,7.236618187081735
3465,17.325,6.998505152833952,7.00250544824327,7.06799736313083
3466,17.330000000000002,6.6666851957261,6.754324710210543,6.7628241947997125
3467,17.335,6.186082006732846,6.362860078669456,6.318144315757314
3468,17.34,5.544679283755758,5.81818736431217,5.728013086823973
3469,17.345,4.725203544043129,5.106217078488877,4.980356365731133
3470,17.35,3.7042820715740135,4.20725394335715,4.059015610320235
3471,17.355,2.452711080528436,3.0950511947948964,2.9395136714262087
3472,17.36,0.9411588094509225,1.7377187611193734,1.5864857305579556
3473,17.365000000000002,-0.832748490092224,0.1065761014185096,-0.023250817338359653
3474,17.37,-2.744056515668056,-1.784469027205203,-1.8617151987178238
3475,17.375,-4.28558959897082,-3.7365697262058433,-3.7312171550640247
3476,17.38,-4.543250099831299,-5.02305947896112,-4.938040109850418
3477,17.385,-3.378408777867696,-4.500104999936504,-4.382934594846192
3478,17.39,-1.6760953543181156,-2.4817416422523575,-2.364885568084638
3479,17.395,-0.0541025960834276,-0.4343821727282675,-0.3053206959252588
3480,17.400000000000002,1.3095563931545948,1.1701665921369786,1.3152852339225114
3481,17.405,2.401824245200656,2.380711328142962,2.5320570474782333
3482,17.41,3.2479055269322563,3.2791148158482866,3.4370732244399544
3483,17.415,3.87531985006917,3.919046573160316,4.095285402555633
3484,17.42,4.305712093265552,4.326802310218256,4.543081522789479
3485,17.425,4.553850997449722,4.52333773894088,4.802959385113915
3486,17.43,4.6281542295210745,4.571137878039702,4.8892636231596756
3487,17.435,4.5312479642368855,4.517580767011748,4.810305797360211
3488,17.44,4.260199291712236,4.335144469156618,4.566603995303805
3489,17.445,3.806382011196906,3.98904777060978,4.15127179683211
3490,17.45,3.155120804595346,3.457381018489692,3.5535202373284953
3491,17.455000000000002,2.285697155066413,2.720019543033938,2.7576241904414394
3492,17.46,1.1738130238451758,1.7530711813120905,1.7394813110174039
3493,17.465,-0.1961199712485904,0.5310320223674543,0.47227575691630097
3494,17.47,-1.7842825483830542,-0.9557165495496331,-1.0495356429542708
3495,17.475,-3.351885721231114,-2.6345816955511,-2.7489116269666143
3496,17.48,-4.235526281888424,-4.151851683610085,-4.2805814943261264
3497,17.485,-3.729450741749007,-4.601276580162976,-4.758553170481685
3498,17.490000000000002,-2.158141944374986,-3.2584619813984013,-3.460097885011807
3499,17.495,-0.3271854147989579,-1.042641956247242,-1.265242718510665
3500,17.5,1.3574909909180313,0.9696861328067263,0.7661691234859189
3501,17.505,2.7960878992774947,2.5841251031815298,2.429281440794456
3502,17.51,3.9912879604907054,3.8609962533654083,3.777053442612293
3503,17.515,4.968639608250959,4.866497003034042,4.867464396846738
3504,17.52,5.753978450557811,5.6425191773732415,5.7263898805329285
3505,17.525000000000002,6.368274681878847,6.212274742181316,6.3741138158654245
3506,17.53,6.827193980909496,6.611996903695978,6.846672928731202
3507,17.535,7.1417255480828,6.909919572203833,7.167042765804137
3508,17.54,7.318877212329374,7.127039718465155,7.343454082001136
3509,17.545,7.362193590264841,7.237562231120713,7.380847581186055
3510,17.55,7.272065687904422,7.2233275742155065,7.282891178336294
3511,17.555,7.045861135706671,7.076662145648028,7.052636917556763
3512,17.56,6.677939578311908,6.7919933041050715,6.6885720587326
3513,17.565,6.1596948956802455,6.36216436468621,6.183956334826627
3514,17.57,5.479985720513957,5.777401950998865,5.532206952714404
3515,17.575,4.626930431029567,5.025684422751836,4.726874943746008
3516,17.580000000000002,3.59372547284708,4.095262835117898,3.7573395191063756
3517,17.585,2.3954890728887155,2.98278561421858,2.619936572927824
3518,17.59,1.112894940832522,1.7164569329334651,1.353664719643827
3519,17.595,-0.021562910375663,0.41495686703523216,0.09076014309413427
3520,17.6,-0.5752069106539661,-0.6021603271831601,-0.8586293078298217
3521,17.605,-0.1974897833873342,-0.7887866599759921,-0.9777236495418169
3522,17.61,0.9441116587649324,0.1548735389205973,0.020566519307473996
3523,17.615000000000002,2.391290306441582,1.7615880791324123,1.6769312468628605
3524,17.62,3.827602107023778,3.404646237296477,3.3633578192870344
3525,17.625,5.125256661345359,4.839043840301645,4.823256967308444
3526,17.63,6.252042920252984,6.036525729838509,6.032773864851614
3527,17.635,7.210971598850903,7.020231739559327,7.02972429393459
3528,17.64,8.01521064154497,7.815823533657571,7.846908241936742
3529,17.645,8.679148075662123,8.445822723869078,8.507770874117064
3530,17.650000000000002,9.215565736795323,8.942034958592973,9.030928001636333
3531,17.655,9.634977337130174,9.345617909476593,9.432143103897923
3532,17.66,9.945681952344142,9.674759371429632,9.724346618802075
3533,17.665,10.154013616480258,9.922670142195573,9.9149567676342
3534,17.67,10.264607492335545,10.081247554021983,10.008462840747217
3535,17.675,10.280627305726018,10.147789758775438,10.010296427905823
3536,17.68,10.203944229456113,10.122339884423173,9.92438386354762
3537,17.685,10.035274809047245,10.005412651994714,9.750211811638554
3538,17.69,9.774294701954886,9.79703705535059,9.487340036146314
3539,17.695,9.419755457251306,9.496454155623052,9.140951025738431
3540,17.7,8.969650874844229,9.102094564385576,8.716392782417003
3541,17.705000000000002,8.42151842658213,8.611727643690193,8.215514461641808
3542,17.71,7.773039331576008,8.022828457577392,7.64382875201911
3543,17.715,7.023254171613205,7.333347729744245,7.005979053899821
3544,17.72,6.174998198976764,6.543280090784059,6.2913612895960505
3545,17.725,5.239639202411754,5.657793915567698,5.49213523520705
3546,17.73,4.245743716709759,4.69327382040302,4.620707764635471
3547,17.735,3.2528514599416747,3.6882021219915964,3.709729772902967
3548,17.740000000000002,2.3663996852097458,2.7197837345611204,2.8241721869049856
3549,17.745,1.7345655227586043,1.9193806614736415,2.0812343721593667
3550,17.75,1.49524785148296,1.45876017288386,1.6479509792663087
3551,17.755,1.6864830304508291,1.4683225814109653,1.6593699336829402
3552,17.76,2.216981231708314,1.9267236570301707,2.1013380376641697
3553,17.765,2.9370955270880934,2.666072418308008,2.8146798646740914
3554,17.77,3.719312777363069,3.5000772111236684,3.621244158947523
3555,17.775000000000002,4.484858714995706,4.3104782799438155,4.408776368146873
3556,17.78,5.194722238169741,5.044671411559952,5.128515122379623
3557,17.785,5.834095611517311,5.687204096598913,5.766097893827711
3558,17.79,6.400983306406356,6.24037681380759,6.322497833551961
3559,17.795,6.899560144128447,6.715868828501344,6.805416127327206
3560,17.8,7.336616629851544,7.130396653848125,7.223779305543086
3561,17.805,7.719699790303278,7.499617500681168,7.584855612655801
3562,17.81,8.056123303117927,7.832954053420978,7.895710834032064
3563,17.815,8.352413990198581,8.13432327127063,8.16516738829134
3564,17.82,8.613984793126669,8.405613470691232,8.401493822550572
3565,17.825,8.844941168969761,8.64849254152162,8.610174512900436
3566,17.830000000000002,9.047984592784667,8.864469783369202,8.795321836292839
3567,17.835,9.224399875666595,9.054461713607001,8.958543231095287
3568,17.84,9.374117402336577,9.218465220563509,9.096757245836137
3569,17.845,9.495836906372537,9.355438514631754,9.208174302769553
3570,17.85,9.587192880666215,9.463338664605466,9.294834991761736
3571,17.855,9.644937565658488,9.539247641742211,9.358274962463206
3572,17.86,9.66511757023066,9.57953151629532,9.39794683268098
3573,17.865000000000002,9.643224304898103,9.57999315008304,9.410959823849186
3574,17.87,9.574305016041333,9.535993170601323,9.391407268710761
3575,17.875,9.453028578802575,9.442526531726035,9.330943904031471
3576,17.88,9.273707284324988,9.294252166290907,9.219929317511951
3577,17.885,9.030282801179382,9.085481280266016,9.047959788521094
3578,17.89,8.716293072670927,8.810137032869548,8.80448630283951
3579,17.895,8.324851290795866,8.461707692439813,8.48038760095691
3580,17.900000000000002,7.848696762343054,8.033232627674623,8.068922815706152
3581,17.905,7.280437826933914,7.51739685974165,7.5646652874901115
3582,17.91,6.613234825963083,6.906887907521522,6.962360459592741
3583,17.915,5.842438182088262,6.195334634697575,6.257479779756563
3584,17.92,4.969229596963402,5.3794937621470265,5.448503386364808
3585,17.925,4.008245021547635,4.46403312893567,4.541544588298303
3586,17.93,3.0021408865872616,3.4714150035297604,3.5596885622583048
3587,17.935,2.044178101270384,2.460385691664114,2.560809664651535
3588,17.94,1.295454384500362,1.5530264022561333,1.6639938732592494
3589,17.945,0.9505739956719303,0.948661901384602,1.0632843884160956
3590,17.95,1.117621992469191,0.8596368408936694,0.965797035450247
3591,17.955000000000002,1.7219894540907967,1.342189610159858,1.4282755888062169
3592,17.96,2.573337635659084,2.2145059470444903,2.2771855744114395
3593,17.965,3.495569072613636,3.216723442199619,3.2622386324674637
3594,17.97,4.3794286044344855,4.1764173142036105,4.216296235254348
3595,17.975,5.171165960272588,5.019331827578691,5.066641375407915
3596,17.98,5.849007055865525,5.7233869889675075,5.790850102293946
3597,17.985,6.406700600608499,6.287655117592321,6.385857935631206
3598,17.990000000000002,6.844606028082373,6.720515279299343,6.854634141214234
3599,17.995,7.165323916218779,7.036535794766523,7.2018107867982835
3600,18.0,7.371650709268881,7.250968829493864,7.43189748372923
3601,18.005,7.465650607789904,7.371066709476475,7.548249448235873
3602,18.01,7.44825228745226,7.395002327158609,7.552819027129954
3603,18.015,7.31909903172546,7.317453293111745,7.446281196315269
3604,18.02,7.076550644702745,7.13321422153423,7.228201088797988
3605,18.025,6.717847371779802,6.837656196935777,6.897258965472056
3606,18.03,6.239565275995096,6.426338477583323,6.451617283152201
3607,18.035,5.6386892024455,5.895067324327468,5.889575254780683
3608,18.04,4.915012630591146,5.240995669325029,5.210900265215084
3609,18.045,4.076309581027587,4.465613220116145,4.41989732856269
3610,18.05,3.148889231760955,3.581413188950104,3.532160055490284
3611,18.055,2.1967256566721924,2.6254586560061672,2.587421196206771
3612,18.06,1.3466889574731318,1.6833259552862643,1.6710859753542349
3613,18.065,0.7922920151259876,0.917641411019094,0.9402060366761744
3614,18.07,0.717109943411667,0.5591800250311723,0.6154435581798312
3615,18.075,1.1537321556291618,0.7839590365150944,0.8641653115614574
3616,18.08,1.95329293051964,1.5355980645088572,1.6289315961746382
3617,18.085,2.912698765538476,2.558601936320408,2.6583173701481924
3618,18.09,3.882324051019176,3.6148506508723823,3.717287307300979
3619,18.095,4.781543898827889,4.580798705774251,4.684577209139762
3620,18.1,5.575475919606961,5.413360604270175,5.519966093405905
3621,18.105,6.252994958404542,6.105014403297654,6.218271214956179
3622,18.11,6.813778566988409,6.661991789446255,6.785857872575403
3623,18.115,7.261815276974279,7.098097401147381,7.231990307000739
3624,18.12,7.602393440484998,7.432016562720882,7.565889389641968
3625,18.125,7.840794212526362,7.679149338647791,7.795549529786745
3626,18.13,7.981793677784895,7.844965674491808,7.927374518544684
3627,18.135,8.029552275723615,7.928469897928357,7.966563683074233
3628,18.14,7.987703463676068,7.9280969122611875,7.917605627979373
3629,18.145,7.859569091221807,7.843840676189362,7.784426654316324
3630,18.15,7.648490217854203,7.6771469911905665,7.5708124781925505
3631,18.155,7.358299832648186,7.43059839026675,7.281534873507852
3632,18.16,6.993990949792737,7.107996616915765,6.923279806348431
3633,18.165,6.562649971214528,6.714891310509185,6.5047669415100104
3634,18.17,6.07471539850849,6.259538374128313,6.037319401347081
3635,18.175,5.545544618261577,5.754277796632867,5.536289368322014
3636,18.18,4.997050611404114,5.217234576038199,5.021449019649847
3637,18.185,4.4587218432766935,4.673960360330592,4.516646492985348
3638,18.19,3.9667138594642952,4.15806376520862,4.050777558405074
3639,18.195,3.559401450260473,3.7091588413161394,3.6576431448390228
3640,18.2,3.268884504754426,3.3663559621735644,3.370393158528125
3641,18.205,3.111011354083847,3.1574362941080487,3.2107032012549257
3642,18.21,3.079361721295598,3.088049672374496,3.178850554189843
3643,18.215,3.147275993260217,3.1380352615030978,3.2526856830927233
3644,18.22,3.2764771794920238,3.268181392285541,3.3953559287800825
3645,18.225,3.4268461288301517,3.432812738555647,3.5650957744097806
3646,18.23,3.563008644965734,3.590472231859554,3.7234878466929393
3647,18.235,3.656850062807772,3.7089084840802484,3.8402666641499534
3648,18.24,3.687250349262872,3.76536578493431,3.8940005038037455
3649,18.245,3.638612930574217,3.7446506290961485,3.870194106382731
3650,18.25,3.4992087684176894,3.636662404939805,3.7586519432756056
3651,18.255,3.2598110552403843,3.434114780134599,3.5515355255228185
3652,18.26,2.9128048306553467,3.1308075589563313,3.24244452240482
3653,18.265,2.451898018487908,2.7207562929126263,2.8258219673561085
3654,18.27,1.8726913362608508,2.1983751985228603,2.2967800799507345
3655,18.275,1.1747068991007956,1.559875302018638,1.652492958650543
3656,18.28,0.3661169767381943,0.8064401831551011,0.8957510060789122
3657,18.285,-0.5266715334554133,-0.04932561725441964,0.04100360295696248
3658,18.29,-1.4422827235741704,-0.970997024749912,-0.8744719514017678
3659,18.295,-2.263642868091785,-1.8775770931722198,-1.7707878001263522
3660,18.3,-2.817080161054925,-2.620673884156024,-2.503382015360538
3661,18.305,-2.937848361964383,-2.9952823330684906,-2.873580901907247
3662,18.31,-2.588605628210725,-2.843643673699032,-2.728054595341641
3663,18.315,-1.892298825410268,-2.203835164642155,-2.1016772071945944
3664,18.32,-1.0309489504958615,-1.293308084682641,-1.2032655094559228
3665,18.325,-0.1475424304462608,-0.3315876983738688,-0.24572125290668456
3666,18.33,0.6760179452204772,0.5566029283315865,0.6483707784874229
3667,18.335,1.4018774600099575,1.3223980801928992,1.4297007229739456
3668,18.34,2.016645803794658,1.954142275206531,2.0851417807190136
3669,18.345,2.5189181532757097,2.456005435848775,2.615973705596725
3670,18.35,2.9127202323371018,2.840699382390367,3.028540508363525
3671,18.355,3.2043940619031237,3.1262120856900033,3.3307396073496367
3672,18.36,3.401269463682895,3.328857543466187,3.53083955605958
3673,18.365,3.511234544862805,3.4574281163147926,3.6372656950185567
3674,18.37,3.5427615925687443,3.5156165085288587,3.6588063540171745
3675,18.375,3.505162978908372,3.507278868923332,3.6049900065767915
3676,18.38,3.408942079456127,3.438875391024391,3.486545087272097
3677,18.385,3.2661214966872154,3.3197393571281966,3.315875653853211
3678,18.39,3.0904050164753505,3.161795948155886,3.1074283675430774
3679,18.395,2.8969880679612285,2.979183835756966,2.8777515295328246
3680,18.4,2.7018170817153453,2.7876109343021955,2.645064742555463
3681,18.405,2.5201739866213746,2.60316701281065,2.428330957453411
3682,18.41,2.364679511059592,2.440458856003044,2.2455911102877733
3683,18.415,2.243133568491097,2.3102579124718297,2.110852157914854
3684,18.42,2.1568662247707238,2.217252303907585,2.0300121755076597
3685,18.425,2.10022153965509,2.158717779858027,1.9984449821709145
3686,18.43,2.061372099125397,2.124697275086077,2.0020503651770687
3687,18.435,2.024105612393069,2.0996387745010394,2.020215867572778
3688,18.44,1.9698995955962928,2.0648047532769116,2.028566389891866
3689,18.445,1.87965994539731,2.0005677040317402,2.001866466406363
3690,18.45,1.7348025865546777,1.887983122739279,1.917767837266589
3691,18.455,1.5176679711233834,1.709476885639691,1.7587342682959952
3692,18.46,1.211447749563742,1.448808843478342,1.5102857213385588
3693,18.465,0.7998868078659215,1.0906110444560726,1.1587574573358062
3694,18.47,0.2671020013300461,0.6198401774250035,0.6906579136567137
3695,18.475,-0.4019115604635428,0.021567802471325948,0.09286499978689733
3696,18.48,-1.2188504668166638,-0.718161261826892,-0.6465203655337266
3697,18.485,-2.184815038904608,-1.6087826588681082,-1.535096512440922
3698,18.49,-3.2715401794115944,-2.645096441451602,-2.5665552652524095
3699,18.495,-4.379994938001395,-3.7818896236883592,-3.6959417378195454
3700,18.5,-5.278760360931317,-4.879628919767198,-4.787019414817012
3701,18.505,-5.615805592677984,-5.63156996099667,-5.541622203925142
3702,18.51,-5.174238317755844,-5.618380937020545,-5.551479309113207
3703,18.515,-4.124733662124303,-4.7039934184588255,-4.680008584589462
3704,18.52,-2.8230409868889668,-3.283866022907752,-3.3046784281935064
3705,18.525,-1.523702777143907,-1.8231032694205958,-1.8742513184174747
3706,18.53,-0.3422863200304485,-0.5264728263050023,-0.5887265435053033
3707,18.535,0.6840498536091426,0.5642281716160484,0.5093748789822055
3708,18.54,1.551117028116766,1.4571860173711109,1.4265099619691646
3709,18.545,2.266319607881159,2.169586903169669,2.1783554973646995
3710,18.55,2.840094479394274,2.7210688015916955,2.7802597013451043
3711,18.555,3.2828692362237835,3.14019347783291,3.2453488851207073
3712,18.56,3.604282971823845,3.4588477593341764,3.584171441009973
3713,18.565,3.813378344009812,3.6911399732818433,3.805496578748256
3714,18.57,3.919308045696985,3.8355304097478404,3.9175991734084548
3715,18.575,3.932450612301913,3.8910773649120554,3.9295040439086897
3716,18.58,3.865973625604568,3.8634522077473523,3.852425389229973
3717,18.585,3.73788808356613,3.7651556734325924,3.7016844077437354
3718,18.59,3.573449647457736,3.6161201206889824,3.4991207022814725
3719,18.595,3.407234287271687,3.445411544545018,3.2756739242524806
3720,18.6,3.283267906064639,3.2927134662795834,3.072993828970672
3721,18.605,3.2507081871131094,3.2071488472291536,2.9423465644927993
3722,18.61,3.353418836384077,3.240309985227991,2.9389209624813493
3723,18.615,3.616068754950517,3.4322847985220175,3.108638043169245
3724,18.62,4.03471906789998,3.7957739175353407,3.469226651362491
3725,18.625,4.578953687125798,4.309315713053398,3.9992303539535614
3726,18.63,5.20388880078237,4.926153392191691,4.647503432123772
3727,18.635,5.863638150137081,5.592115180232526,5.354785603274888
3728,18.64,6.519756552862983,6.260227145870348,6.068377964178383
3729,18.645,7.143848424431456,6.896594990773103,6.745815538081782
3730,18.65,7.7166214609321235,7.479843699032297,7.357327395715251
3731,18.655,8.225678091131286,7.998090269145862,7.8896280747989
3732,18.66,8.663311571487174,8.445676195883681,8.339827149528453
3733,18.665,9.024751431804708,8.820302877694898,8.70681690376439
3734,18.67,9.306896024965685,9.120784171577586,8.9897635389591
3735,18.675,9.507430989624844,9.345683100202663,9.188801632302937
3736,18.68,9.624212733277895,9.492843957454113,9.304920585382916
3737,18.685,9.654814418738225,9.559419670178592,9.338827245418866
3738,18.69,9.59615465579728,9.541942474511579,9.289768826928796
3739,18.695,9.444144869163358,9.436227991338145,9.15589802110805
3740,18.7,9.193296922310894,9.23709757068313,8.934578408970449
3741,18.705,8.83622611604639,8.937946957643508,8.62106780034208
3742,18.71,8.362961941734389,8.530150245528194,8.207529043461395
3743,18.715,7.759929810660557,8.00222496258844,7.683832935353586
3744,18.72,7.008368356587158,7.338601876261411,7.037299277754
3745,18.725,6.081746053807821,6.517709011956982,6.248877960538827
3746,18.73,4.941311107713365,5.508818623918647,5.2886435453714915
3747,18.735,3.527924482619418,4.266546400511236,4.111048812125127
3748,18.74,1.745890293146303,2.7205940423964887,2.643962772441895
3749,18.745,-0.5719462160841324,0.7550656735721519,0.768450679415527
3750,18.75,-3.744182131742336,-1.8370384133134001,-1.72086057835548
3751,18.755,-8.350478967887302,-5.459382786132764,-5.216925316783758
3752,18.76,-12.769221155873147,-10.83804763385865,-10.425244492667689
3753,18.765,-8.645625649016253,-15.074156361815222,-14.552335505502375
3754,18.77,-4.175807696311361,-5.963012551393984,-5.791909846794983
3755,18.775,-1.1546813000292704,-1.3385656821561245,-1.2846672216517971
3756,18.78,1.0004663070245423,1.0478248390840186,1.0692450989889886
3757,18.785,2.6125640499967724,2.7228610588944324,2.7293957772447244
3758,18.79,3.850510256866749,3.959712837181432,3.9623445267903543
3759,18.795,4.810624457001805,4.9041479619025985,4.912502963717523
3760,18.8,5.552213617816059,5.614645491520481,5.646088270529382
3761,18.805,6.114044982356935,6.053590992967406,6.202266876632089
3762,18.81,6.522691234579611,6.04554743613966,6.610320216410459
3763,18.815,6.7971298123206,6.383724527100561,6.886060638318067
3764,18.82,6.951495611571794,6.6837524336724705,7.038923825509068
3765,18.825,6.996890152375491,6.831276910047519,7.079530648907891
3766,18.83,6.942722229058833,6.854569737372573,7.015618645227127
3767,18.835,6.797861545358205,6.7727619613106524,6.85355516749597
3768,18.84,6.571794216005018,6.5995200607549025,6.600978360840779
3769,18.845,6.27591138492439,6.347307508065414,6.267736633073788
3770,18.85,5.924988272873727,6.0300461040784015,5.866549035074804
3771,18.855,5.538758240301283,5.665257982973994,5.429587426441047
3772,18.86,5.143181240574641,5.2759427644275,4.97236603074767
3773,18.865,4.77052970092555,4.891781618736039,4.498783147617516
3774,18.87,4.456993471590417,4.548588373271176,4.096216908693056
3775,18.875,4.236818726145462,4.284503699942108,3.8727303381358915
3776,18.88,4.133826405060834,4.132152764572108,3.843119501716224
3777,18.885,4.153925398635251,4.108683811529415,3.9190228182844793
3778,18.89,4.283109952727413,4.2089057531077865,4.129091035814727
3779,18.895,4.492304314561251,4.406523109002725,4.4471162362455505
3780,18.9,4.745897918070146,4.663050207200786,4.887832117492661
3781,18.905,5.009415004568568,4.938663612085529,5.143465274600903
3782,18.91,5.2538810466504895,5.199596708353827,5.360173698989366
3783,18.915,5.457042794632201,5.4207698470949754,5.5802063819282575
3784,18.92,5.602722156070148,5.585223761773355,5.724967679667683
3785,18.925,5.679472771216714,5.68223131975727,5.797609222446361
3786,18.93,5.679216459450917,5.705178178251491,5.778757374927657
3787,18.935,5.596140379041095,5.649700832914911,5.675876600503927
3788,18.94,5.425927564302659,5.512361229806829,5.511135215742227
3789,18.945,5.165323099254069,5.290000840089858,5.261705791757909
3790,18.95,4.812047398126901,4.979708646275355,4.912784507820975
3791,18.955,4.365126391048023,4.579233267434005,4.486335792938579
3792,18.96,3.825809720827433,4.087784418061543,3.9946263471455348
3793,18.965,3.1993948573141555,3.507405676337301,3.4137473304952195
3794,18.97,2.4984401173347424,2.845344868792299,2.720853099789442
3795,18.975,1.747865892293126,2.118036930223968,1.9814679413662453
3796,18.98,0.9917470134597371,1.3572306024445377,1.245270738442533
3797,18.985,0.2989740556316385,0.6176678845702499,0.5271860176710224
3798,18.99,-0.2403274202839727,-0.01801508501582383,-0.08500502437435031
3799,18.995,-0.538529694914595,-0.44830224536411567,-0.40506730496858445
3800,19.0,-0.55125291018773,-0.5881893716991504,-0.512539971756321
3801,19.005,-0.303723726257486,-0.4196779555465673,-0.3473808897797319
3802,19.01,0.1252116772280404,-0.009785278452877577,0.08069703650348625
3803,19.015,0.6440310677935659,0.5297637880040265,0.633638157226283
3804,19.02,1.1786088160743171,1.0980402883512568,1.2137203283665805
3805,19.025,1.6805942984918831,1.6295304937893231,1.7587985688163728
3806,19.03,2.1234351907982587,2.090838622398587,2.235348571816666
3807,19.035,2.495673470147128,2.469913714252071,2.6302148964034013
3808,19.04,2.795567718063403,2.7678461344344725,2.941955959929215
3809,19.045,3.0276843856059985,2.9938303484534687,3.17575332619446
3810,19.05,3.2009863045297378,3.1611792314693483,3.34089225982508
3811,19.055,3.3277984593894288,3.28403891308084,3.449663634983402
3812,19.06,3.4231174261702426,3.3762644864825893,3.5168886113011326
3813,19.065,3.503828334825257,3.4522258303553652,3.559521359130785
3814,19.07,3.587499564828468,3.5274697939236725,3.595929875470711
3815,19.075,3.6906096190724345,3.6179812294449105,3.644582007204101
3816,19.08,3.826366337265192,3.7381705933302074,3.7220850554275984
3817,19.085,4.0026311609113066,3.8983264228801704,3.840886246158597
3818,19.09,4.2206453196991305,4.102463699160685,4.007312382401842
3819,19.095,4.47506540287495,4.34743215396587,4.220726999578756
3820,19.1,4.755298916601073,4.623682728564066,4.474147842413366
3821,19.105,5.047616307797572,4.917368783516349,4.755878099168399
3822,19.11,5.33733035488194,5.212941655644247,5.051335043428154
3823,19.115,5.610514162598458,5.49540066013716,5.344686172690425
3824,19.12,5.855063617194254,5.751748707810171,5.620350008356991
3825,19.125,6.061179516933601,5.971634931112429,5.864243035515321
3826,19.13,6.221466959810238,6.147411587081531,6.064513995405398
3827,19.135,6.330856818589648,6.273889254249284,6.2119640143464405
3828,19.14,6.386509575635677,6.348032412241138,6.300597457827349
3829,19.145,6.387810215731919,6.368766937851443,6.3281218164905475
3830,19.15,6.336521385387285,6.336999642077278,6.295841950666574
3831,19.155,6.237127757704961,6.255887808588714,6.208205121210735
3832,19.16,6.097362270693813,6.131347263915382,6.072732125483954
3833,19.165,5.928831138678032,5.972738140090286,5.900467833720743
3834,19.17,5.747524341934728,5.793585414355555,5.706570110374555
3835,19.175,5.5738087296771655,5.612040867256133,5.510601143270854
3836,19.18,5.431324461831659,5.4505780137649245,5.336082506754817
3837,19.185,5.344250307346298,5.334247252175822,5.208742876333638
3838,19.19,5.3329551066821255,5.286992524909829,5.152917515655752
3839,19.195,5.409131686825189,5.326374453138882,5.18637462849297
3840,19.2,5.572437178564799,5.458425269798605,5.315330101494554
3841,19.205,5.810367797580792,5.675198587919141,5.532179360180627
3842,19.21,6.101414844627745,5.956576388807019,5.817295769999748
3843,19.215,6.419824515439892,6.2754161710066025,6.143889800115243
3844,19.22,6.739909750062942,6.603360243497885,6.483474642951686
3845,19.225,7.038752116282034,6.9150073049950445,6.809845087001904
3846,19.23,7.29722354943533,7.189747758292217,7.100903772847158
3847,19.235,7.499836481282747,7.411778907312316,7.338957978300272
3848,19.24,7.633990157119797,7.569123146810533,7.510290986452322
3849,19.245,7.689003856376065,7.652273658329001,7.604244658903022
3850,19.25,7.6551290046719265,7.652836093230084,7.6119759535636655
3851,19.255,7.522589474604802,7.562353692476494,7.5252502536982
3852,19.26,7.280611310160861,7.37134775782871,7.335412841150749
3853,19.265,6.916343376285382,7.068457397998312,7.032404055464271
3854,19.27,6.4135103411471,6.639463308836955,6.603633639967074
3855,19.275,5.750550109569326,6.0659321447022005,6.032513148930329
3856,19.28,4.897836267131445,5.323155916341385,5.2963498603393155
3857,19.285,3.813345779956258,4.376907728691694,4.363122388881809
3858,19.29,2.435916874284521,3.1782572988488678,3.1863770604254746
3859,19.295,0.6762787328241971,1.6554900793720368,1.6972928023305198
3860,19.3,-1.5823076031496073,-0.29607037643882084,-0.20533067123701532
3861,19.305,-4.370136374702692,-2.807771748130527,-2.6492125982597514
3862,19.31,-6.800755223083785,-5.858403184685104,-5.615539993073925
3863,19.315,-6.147216317957586,-8.032221929920599,-7.7379743026587064
3864,19.32,-3.23631565355524,-5.553009030782276,-5.360617134217678
3865,19.325,-0.4583348758186,-1.3203538100508707,-1.2567171339661547
3866,19.33,1.7664756790539136,1.4434611852536925,1.4555432060247666
3867,19.335,3.527812255270152,3.3976312367323693,3.391023765073922
3868,19.34,4.935612202893129,4.866596104577531,4.858272263279287
3869,19.345,6.0685821173161125,6.009273765525353,6.0123540264466895
3870,19.35,6.979912655454519,6.897323744506048,6.931425343530628
3871,19.355,7.705743441893405,7.545485169572489,7.660066023311227
3872,19.36,8.270960522897665,7.940414065416602,8.22686217224754
3873,19.365,8.692814021462036,8.289737743973358,8.649979976943143
3874,19.37,8.983161189810762,8.647891859736369,8.940079783388658
3875,19.375,9.149875091604205,8.9029314697836,9.104596392609455
3876,19.38,9.197744774874984,9.03196529986226,9.148492777230462
3877,19.385,9.129067162758425,9.037920815866613,9.07412344842104
3878,19.39,8.94406888228925,8.924204765024182,8.882317692296663
3879,19.395,8.64128266001999,8.691818774998417,8.573122187732205
3880,19.4,8.218041802374245,8.339650358675838,8.146419002255302
3881,19.405,7.671378355957129,7.8652533746166045,7.605265419542234
3882,19.41,6.9998902237058624,7.2661408683082875,6.949097301932224
3883,19.415,6.207718957946453,6.5423058984381806,6.173626461933211
3884,19.42,5.312803017632905,5.701460228788789,5.3033352156803515
3885,19.425,4.362652703978558,4.769749327082228,4.398108961748944
3886,19.43,3.4586776798979924,3.8117995171157384,3.5266582554814745
3887,19.435,2.7735108011577987,2.959822284449629,2.780239799868508
3888,19.44,2.5095710310145583,2.4266550621239276,2.349389166877325
3889,19.445,2.7674005796496,2.430294375995535,2.449411271337434
3890,19.45,3.454158043139194,3.010596856202953,3.121816149467761
3891,19.455,4.368756246636767,3.9613995840381446,4.100931705207259
3892,19.46,5.335843213340048,5.016249549724672,5.129023758098065
3893,19.465,6.251226461244009,6.009867019282479,6.102319536608489
3894,19.47,7.065768578120598,6.875658485229275,6.955307714767287
3895,19.475,7.760842044733364,7.596170088819023,7.664953937679298
3896,19.48,8.33217377176289,8.173014345427578,8.232917073624947
3897,19.485,8.781357950497075,8.616317331245893,8.668732863427309
3898,19.49,9.111775543196606,8.942160221520346,8.989764154548697
3899,19.495,9.326706276763522,9.166488811708213,9.200812320938581
3900,19.5,9.428463769877284,9.296145602962541,9.29873415491245
3901,19.505,9.41798220454812,9.32870619593131,9.290320912071945
3902,19.51,9.294579956232424,9.25851197659787,9.183044448192128
3903,19.515,9.055766878247509,9.079921351640717,8.968489173183233
3904,19.52,8.697030620247322,8.787276733704338,8.630505590812241
3905,19.525,8.211578893482345,8.373962650193398,8.173979890842116
3906,19.53,7.590063097105286,7.831560709918061,7.6077100171413194
3907,19.535,6.820415203043309,7.149253181323596,6.916895383397827
3908,19.54,5.888216579927232,6.313575913153408,6.088327337112393
3909,19.545,4.778821136522685,5.309026523699065,5.130929870039839
3910,19.55,3.4847030459760253,4.1211668160871096,4.002967364143208
3911,19.555,2.027391145610593,2.7469517846034397,2.6833126992052336
3912,19.56,0.514640852039457,1.224996890238181,1.2317831417159102
3913,19.565,-0.7547871292257419,-0.28716307670790187,-0.19985086042611222
3914,19.57,-1.2851342866905793,-1.3814469709160857,-1.2258888509092278
3915,19.575,-0.8138200887562164,-1.451160882799294,-1.261433867733862
3916,19.58,0.3290043945762489,-0.37171635393113256,-0.18576021833547696
3917,19.585,1.6614971789047852,1.1852342903559974,1.352160821785736
3918,19.59,2.918258669025888,2.6478551067093252,2.798024566247672
3919,19.595,4.010171602656738,3.862377118013127,4.002357073253223
3920,19.6,4.923976324120062,4.834411724560497,4.9719350387397405
3921,19.605,5.6716819956885285,5.596406126267762,5.741726695778446
3922,19.61,6.271797175453603,6.176913897659348,6.3447129668011115
3923,19.615,6.743366475502902,6.603130118556166,6.808005350280001
3924,19.62,7.104590967385142,6.917599531475308,7.15379721798257
3925,19.625,7.373007301116603,7.167820936257456,7.400759033301862
3926,19.63,7.566128171691425,7.371115588397204,7.56596476862409
3927,19.635,7.702095778099097,7.527591825953132,7.666542520934586
3928,19.64,7.8000813614802045,7.6436264804789396,7.720297359388205
3929,19.645,7.880187970826413,7.73385425467062,7.7461613124520525
3930,19.65,7.962634007565987,7.817097579834355,7.764774189550872
3931,19.655,8.066125540296877,7.913002702182466,7.797859458213825
3932,19.66,8.205626502059726,8.039107857685007,7.865664714064366
3933,19.665,8.390127562200451,8.207982128452489,7.983474416605656
3934,19.67,8.621238734230971,8.424919363929297,8.1590953638778
3935,19.675,8.893222945177774,8.68701486259022,8.393592510581652
3936,19.68,9.194481694565876,8.984077087559205,8.68328823401597
3937,19.685,9.509892614004691,9.301017550169135,9.017862181951582
3938,19.69,9.823180412818662,9.620751534428692,9.377360086268684
3939,19.695,10.118720200009488,9.926645787214373,9.736893260228047
3940,19.7,10.382563665339315,10.204015017413418,10.074470747507425
3941,19.705,10.602781292287917,10.440666019141732,10.370613464143213
3942,19.71,10.769338430068917,10.626754064471541,10.603915935686906
3943,19.715,10.873714938732045,10.754259181551827,10.756441843011093
3944,19.72,10.908414071493432,10.816325367062364,10.824364997966965
3945,19.725,10.866437684459324,10.80661494070182,10.809060916517051
3946,19.73,10.740751347313836,10.718741172242485,10.707829615196196
3947,19.735,10.523724787532888,10.545766393703966,10.515836195936844
3948,19.74,10.206502665407127,10.279701040239486,10.22789888916228
3949,19.745,9.77822714614708,9.910910848119446,9.838283520473698
3950,19.75,9.224982328340731,9.427316201150807,9.33844913733102
3951,19.755,8.528235929961056,8.813219987203603,8.714583896991563
3952,19.76,7.662362251391377,8.04748976476392,7.94732164687437
3953,19.765,6.590413275393491,7.100576699159333,7.009616284185622
3954,19.77,5.256313228625599,5.929308036749539,5.859742489714504
3955,19.775,3.5690187371037885,4.467070383540831,4.431248925879647
3956,19.78,1.3660777627700262,2.603431185368526,2.616264520504785
3957,19.785,-1.6867118372104009,0.13600853627912102,0.22018793815183724
3958,19.79,-6.46154936675951,-3.366286178850162,-3.1741938485653574
3959,19.795,-16.16731326005951,-9.081658939019508,-8.70978727112917
3960,19.8,-11.585353641084172,-21.55582173382011,-20.78878189644474
3961,19.805,-4.644880827215537,-8.583714032080758,-8.337559404615934
3962,19.81,-0.8964701307439755,-0.4827331100127594,-0.45786022808140814
3963,19.815,1.574816161324888,1.734279262818387,1.7639570551640231
3964,19.82,3.3489960673022208,3.56722319577031,3.592791746514
3965,19.825,4.671955662696647,4.850871144784487,4.882231932018305
3966,19.83,5.669330446853262,5.831118729335934,5.867651833961847
3967,19.835,6.412774653501998,6.55232787399634,6.609118947264611
3968,19.84,6.945857804373604,7.140697432848841,7.1454829872172345
3969,19.845,7.295802470459024,6.759098707648296,7.508193203450979
3970,19.85,7.479337652735472,6.949839424760355,7.712101555076716
3971,19.855,7.505764878988829,7.250228364622297,7.758826618332629
3972,19.86,7.378537024386587,7.277318264086068,7.653208838614434
3973,19.865,7.095930845523927,7.115024593941799,7.394703449702503
3974,19.87,6.651069857861901,6.780826456895161,6.976167784555402
3975,19.875,6.031398799104127,6.2732886909556935,6.386625345374037
3976,19.88,5.217675130425078,5.580587078036067,5.613188177060693
3977,19.885,4.182750227894657,4.681893925745414,4.625630614380093
3978,19.89,2.8914799406419838,3.5470189932322906,3.420669182457485
3979,19.895,1.3075689153937875,2.1374028583019644,1.9696450929490679
3980,19.9,-0.5689935451263044,0.41716738163513867,0.16713317847913434
3981,19.905,-2.5511790268122905,-1.5917684491564517,-1.9212148781841423
3982,19.91,-3.900126753247755,-3.5939440248426155,-3.882547846323474
3983,19.915,-3.571286421830969,-4.533849457717464,-4.655072398576506
3984,19.92,-1.899168755825148,-3.197962670236013,-3.271742111268196
3985,19.925,0.0322538861581319,-0.7191038906479621,-0.7526636873657928
3986,19.93,1.7435543451946425,1.4014171669437925,1.4030287866647506
3987,19.935,3.15120348738804,3.0097480759311788,3.3007969208204697
3988,19.94,4.277524277954252,4.225958397722969,4.50581631284665
3989,19.945,5.159756829764845,5.141362414158221,5.322359089127286
3990,19.95,5.829639763045005,5.8068060758305124,6.02227518916264
3991,19.955,6.310529688787746,6.243337248458751,6.502850121142733
3992,19.96,6.618202633863247,6.480356579365183,6.805956367779093
3993,19.965,6.762007724670067,6.604897256651219,6.929148359764808
3994,19.97,6.745624276440038,6.644988301489125,6.876230251814498
3995,19.975,6.567261345862068,6.557374701687603,6.704905963218275
3996,19.98,6.219203999605631,6.3125308265799855,6.386622517365405
3997,19.985,5.686493382588475,5.8932390446540515,5.870443511866642
3998,19.99,4.944247311748027,5.279901189881125,5.169662814210663
3999,19.995,3.9525137829489143,4.442722525328647,4.291676222522387
