Index,x[m],Actual,order-10,order-50
0,0.0,9.328059297345993,,
1,0.005,9.555937878486516,,
2,0.01,9.735138206463429,,
3,0.015,9.869158717427528,,
4,0.02,9.961055147642554,,
5,0.025,10.013430575730917,,
6,0.03,10.028416302551804,,
7,0.035,10.007644266466178,,
8,0.04,9.952212959501828,,
9,0.045,9.862649360774071,,
10,0.05,9.738869346009649,,
11,0.055,9.580138417127952,,
12,0.06,9.385033495005484,9.344088639311492,
13,0.065,9.151405065623534,9.208320948353151,
14,0.07,8.876337377962196,9.037868657247515,
15,0.075,8.556102965937425,8.830806366462994,
16,0.08,8.186106950313334,8.584497800393347,
17,0.085,7.760817114235744,8.295559690668233,
18,0.09,7.2736791145669555,7.959815118440025,
19,0.095,6.717025650969408,7.572230974187083,
20,0.1,6.082011509279899,7.126836539422834,
21,0.105,5.358660927602088,6.616626853529977,
22,0.11,4.536242132602464,6.033470594636108,
23,0.115,3.6044870746161495,5.368079644509706,
24,0.12,2.556883956396885,4.610184770026879,
25,0.125,1.3988474523712189,3.7492669695091676,
26,0.13,0.166468390084444,2.7766787359931264,
27,0.135,-1.0367195329868717,1.6911210169621729,
28,0.14,-1.9949307568600765,0.5119171690048834,
29,0.145,-2.410798399426604,-0.6912363918535549,
30,0.15,-2.1191975948449038,-1.7430224427539338,
31,0.155,-1.2669132641166934,-2.310879503567005,
32,0.16,-0.1523945774376162,-2.019576676398364,
33,0.165,0.998499233174488,-0.8635009040242343,
34,0.17,2.074158747991636,0.6529937449746033,
35,0.175,3.0338154938365625,2.0451261136626138,
36,0.18,3.8694185571762,3.146498107112345,
37,0.185,4.585856629058742,3.964073346135393,
38,0.19,5.192308659832472,4.545012353328975,
39,0.195,5.698783030358623,4.946366999596859,
40,0.2,6.114878927288912,5.2395985991783665,
41,0.205,6.449465375569341,5.498224275726006,
42,0.21,6.710724947951976,5.764656137801644,
43,0.215,6.906328962568926,6.034543262131109,
44,0.22,7.043643826667117,6.2821324961624825,
45,0.225,7.129921356322308,6.488309542481494,
46,0.23,7.172444857217065,6.646138709924203,
47,0.235,7.178607345798196,6.75647715813601,
48,0.24,7.155898386185418,6.823991085453422,
49,0.245,7.111777974299722,6.8550686828609475,
50,0.25,7.0534247540447605,6.856845379070511,
51,0.255,6.987364902407105,6.836679767998454,
52,0.26,6.919016709495553,6.801742687838759,5.935375867948279
53,0.265,6.852217498384698,6.758577829329816,5.896706292897938
54,0.27,6.788821441336862,6.712603622839287,5.934159423093566
55,0.275,6.728455431570291,6.667599465013036,6.034160316842986
56,0.28,6.668489445155989,6.625267335443327,6.172505894238371
57,0.285,6.604225701393171,6.584974893518877,6.319667310949958
58,0.29,6.529257108410143,6.5437586652158615,6.442948559706656
59,0.295,6.435910728159447,6.49660083157369,6.514033499842005
60,0.3,6.315686651239597,6.436915396939923,6.519327436857751
61,0.305,6.159622970365467,6.357123277423991,6.4604110440132025
62,0.31,5.958551106242348,6.249184261738893,6.342618102097937
63,0.315,5.703240590321038,6.104986301523018,6.167764199246847
64,0.32,5.3844633822403685,5.916549260517007,5.936057224759396
65,0.325,4.993038879082921,5.676057143733239,5.648222009616438
66,0.33,4.5199661017298345,5.375775308875576,5.304609226642702
67,0.335,3.956837536395044,5.007936753226866,4.903642871866166
68,0.34,3.2969138494366867,4.5647072200664764,4.441876006950457
69,0.345,2.537618700643829,4.038389147975761,3.915000832267827
70,0.35,1.6859282915533382,3.4221461058754383,3.3180540962467293
71,0.355,0.7691601315771474,2.711806178772048,2.646941510046193
72,0.36,-0.1462886657410304,1.9098801150636198,1.9044551818357789
73,0.365,-0.932602817477014,1.0339871084896148,1.1099047295412836
74,0.37,-1.403920224866285,0.1332135384579738,0.3120738792297413
75,0.375,-1.3969797660723642,-0.6851408259925069,-0.3903008093571625
76,0.38,-0.8979998784139759,-1.2303858427824768,-0.8279305716108576
77,0.385,-0.0556911441262761,-1.2609996506410344,-0.7902806552660788
78,0.39,0.939281670394416,-0.6496793426025764,-0.1705136540573413
79,0.395,1.947997355586646,0.44057507632561954,0.8825645899590189
80,0.4,2.8952001845132376,1.6685037850124993,2.0670006044378866
81,0.405,3.748036386620482,2.782492186357638,3.1629026697263023
82,0.41,4.496099978777789,3.6910286748212418,4.091655238454153
83,0.415,5.139530499233004,4.391194834378032,4.850805139210146
84,0.42,5.682962693002337,4.913139425379814,5.460235351338435
85,0.425,6.132689660960239,5.302742480112746,5.940540195042701
86,0.43,6.495431069893253,5.613385154887688,6.307761127846254
87,0.435,6.777877450517037,5.889099127178389,6.573624848351757
88,0.44,6.986607658761819,6.147686277317451,6.74707068748457
89,0.445,7.128186933987724,6.3824490722394565,6.835798302312047
90,0.45,7.209351706546184,6.579119098401126,6.84750935387701
91,0.455,7.2372300525372335,6.728056109914259,6.790880906465764
92,0.46,7.219560248285863,6.8264181353039115,6.67636900297191
93,0.465,7.164866968233957,6.876310720520239,6.516792120965734
94,0.47,7.082542729336319,6.882925594682025,6.32761697110878
95,0.475,6.9827688536516295,6.8534608050791315,6.127148401344912
96,0.48,6.87620682163603,6.796568954379198,5.93675603100564
97,0.485,6.77341264547914,6.721994871746082,5.780044291300181
98,0.49,6.683986901335027,6.640156035647457,5.679009984021498
99,0.495,6.615568862331067,6.561509990323035,5.647686381656724
100,0.5,6.572883170430918,6.495648688160189,5.6877295457918144
101,0.505,6.557094714495837,6.4501843869725155,5.789210028387598
102,0.51,6.565673292601604,6.429636104503299,5.9341291975469606
103,0.515,6.592819676865851,6.434631498211857,6.099196890216591
104,0.52,6.630329437375241,6.461724502125422,6.259634411742489
105,0.525,6.668659624500684,6.503956800652889,6.395618459085538
106,0.53,6.697959808783582,6.552027978744281,6.496747242796991
107,0.535,6.708909588408277,6.595729744355921,6.559762727375987
108,0.54,6.69331142483646,6.6252576251562925,6.583233878644373
109,0.545,6.644472800198256,6.632136282493187,6.565804930455264
110,0.55,6.557457689444654,6.609686164142742,6.5072767263907165
111,0.555,6.4292999987305,6.553119812936948,6.4090147228653525
112,0.56,6.259264022819504,6.459440326267731,6.273252129902413
113,0.5650000000000001,6.04921756484195,6.3273268324130445,6.102590058055706
114,0.5700000000000001,5.804150426861891,6.1571571022925085,5.900300866151392
115,0.5750000000000001,5.532811152947568,5.951260156142743,5.6707473339577135
116,0.58,5.248325969585645,5.714428336027062,5.41976844169001
117,0.585,4.968489640870017,5.45465021613021,5.156060477981836
118,0.59,4.715210002517349,5.18393347832117,4.89324786039157
119,0.595,4.512494066064582,4.918935914931624,4.650496631603275
120,0.6,4.382667030043754,4.680896488835808,4.450667164113075
121,0.605,4.341421873752861,4.494134801287472,4.316941656160094
122,0.61,4.393452558094389,4.382437337277821,4.268476540992738
123,0.615,4.530775685198351,4.363398916530111,4.315593914313895
124,0.62,4.734640539963775,4.442352160225562,4.45661487750972
125,0.625,4.979950731139227,4.6089285577916295,4.677939732599855
126,0.63,5.240056304290385,4.838740628315484,4.956268208187938
127,0.635,5.490251403069331,5.099731706700183,5.2621738243429395
128,0.64,5.709481309249652,5.359866827102825,5.56532837690383
129,0.645,5.880614002947244,5.5927101475078365,5.839323140926985
130,0.65,5.9898836336507255,5.779567331622181,6.0638230459379265
131,0.655,6.025998335332541,5.9088440326684255,6.2243194499287124
132,0.66,5.979198101826802,5.973906877688819,6.310818134187421
133,0.665,5.840386023805621,5.970525586317151,6.3163768678167544
134,0.67,5.600366213148539,5.894629763453785,6.235866667207822
135,0.675,5.2491940896348925,5.740804171713281,6.065023818831258
136,0.68,4.775675568345305,5.501599541144195,5.799733556610626
137,0.685,4.167173499283854,5.167423126012107,5.435463035685375
138,0.6900000000000001,3.410211204517299,4.726671075338593,4.9667935737207545
139,0.6950000000000001,2.4932380461402963,4.165929615712278,4.387086954732621
140,0.7000000000000001,1.4151861035203268,3.4704474145695894,3.688517396452604
141,0.705,0.208708829350785,2.6257472022991926,2.8631959170333987
142,0.71,-1.0056912656432058,1.6227272876599326,1.9074103184181515
143,0.715,-1.9380829550521217,0.47231225437921864,0.834344762894963
144,0.72,-2.16515961281995,-0.7559288270336211,-0.2918199937300612
145,0.725,-1.5022795333660743,-1.8475119468704495,-1.2791149930633265
146,0.73,-0.2421223699086375,-2.3344290461972195,-1.7103977783664162
147,0.735,1.2055096128122378,-1.6618505863812274,-1.0900062447078103
148,0.74,2.60191543580818,0.07641179152804423,0.5026526195087957
149,0.745,3.8576006474864193,2.047509791951368,2.3292409595390042
150,0.75,4.952743003653684,3.6870013351106787,3.8862711126756744
151,0.755,5.892787463868022,4.917252228583438,5.104161245639913
152,0.76,6.690319916874571,5.8068164434643625,6.048236889028397
153,0.765,7.358528662880587,6.425283413911346,6.7839806506491565
154,0.77,7.909115774679725,6.842115634065685,7.355637091934518
155,0.775,8.351823809118686,7.148076199573068,7.790700788383078
156,0.78,8.694510970786226,7.435179707457874,8.106122763453905
157,0.785,8.94338163607982,7.74403993709328,8.312712849844166
158,0.79,9.103232754422931,8.049010656231268,8.418160408813431
159,0.795,9.177672121936912,8.308125529557348,8.428905322607568
160,0.8,9.16930032186373,8.497153812127081,8.351277806328298
161,0.805,9.079861561142192,8.607513473322571,8.1925161229935
162,0.81,8.910374295348308,8.637690089438484,7.961698081975777
163,0.8150000000000001,8.661256587958214,8.588465368841415,7.670031007350973
164,0.8200000000000001,8.332466849320785,8.46099885980403,7.330584111404215
165,0.8250000000000001,7.923690658402648,8.256174773524,6.959335999221079
166,0.8300000000000001,7.434622244703622,7.9744537318287145,6.577648375780717
167,0.835,6.865420004796007,7.615945373392318,6.210122123345715
168,0.84,6.217466172546092,7.180624605798517,5.872527478420785
169,0.845,5.494637999681875,6.668713390199101,5.5593167577368146
170,0.85,4.705395647349651,6.081321263863936,5.246048666360989
171,0.855,3.866052233944916,5.4215185676447835,4.902835316871232
172,0.86,3.005401388172798,4.696122754632038,4.5010488278329355
173,0.865,2.169903935357753,3.9185943573736535,4.015840008328729
174,0.87,1.4261103287876864,3.113451914255134,3.4415745655468917
175,0.875,0.8534578603161201,2.32214756281387,2.8118816843770227
176,0.88,0.5215270540233514,1.6085268970807265,2.2010569539246707
177,0.885,0.4594047504212403,1.0578296451360734,1.7027848341074519
178,0.89,0.64138968670413,0.7586516872964575,1.407040300947123
179,0.895,1.003332117796542,0.7632195129852164,1.3707102872864376
180,0.9,1.4735250994449522,1.048578400787716,1.5852355353939744
181,0.905,1.994460417895885,1.520999180360906,1.9778593719557893
182,0.91,2.529073639074081,2.06712014759203,2.454408141923192
183,0.915,3.0577725793981743,2.602766119475718,2.9430761149058755
184,0.92,3.572900153711635,3.0869437931174017,3.4075395646095297
185,0.925,4.07374508292176,3.5124861382329824,3.8359721593170883
186,0.93,4.562849405519475,3.892764559189962,4.228123140850767
187,0.935,5.043504108232182,4.2508224292315315,4.591075223763667
188,0.94,5.518180779319854,4.609965910152548,4.937575295269528
189,0.945,5.987695724596263,4.98608154724687,5.280446911773335
190,0.95,6.450946508684647,5.384298741981421,5.627012509515151
191,0.955,6.9050665694376985,5.800834270364302,5.9770263126715415
192,0.96,7.3458361487294415,6.227225572080525,6.3219154656694
193,0.965,7.76819528923408,6.653767978661021,6.647882797547029
194,0.97,8.166736306063827,7.071250559457333,6.945507096182981
195,0.975,8.536099918910239,7.4715765585697556,7.215994791685829
196,0.98,8.87124548690511,7.847910503576038,7.465077071123472
197,0.985,9.167600052386828,8.194643389430482,7.6976096879569145
198,0.99,9.421109696018457,8.507260477165202,7.918114471368687
199,0.995,9.628222628614637,8.782143781379093,8.13042772225208
200,1.0,9.78583144172866,9.01634430777324,8.335611595400259
201,1.005,9.891196576991057,9.207362706699252,8.5303237299946
202,1.01,9.941867457085644,9.352968351554765,8.706610313094869
203,1.015,9.935613542842766,9.45107088280859,8.853083832914393
204,1.02,9.87037563668346,9.499643294259615,8.956848729386532
205,1.025,9.74424849130364,9.49668719241931,9.005716369408226
206,1.03,9.555509751766092,9.440230211977124,8.990426632430044
207,1.035,9.30271844310844,9.32835105752497,8.906123578720486
208,1.04,8.984920270505075,9.15923694564859,8.752250429979819
209,1.045,8.602019252816255,8.931290169298252,8.531123969825142
210,1.05,8.155407852140263,8.643315799800025,8.246457253018587
211,1.055,7.648989525875285,8.294843627422138,7.902675403204523
212,1.06,7.090763785312051,7.886667757919403,7.504930880231898
213,1.065,6.495121435176704,7.421729204372381,7.059569839834518
214,1.07,5.885778914330141,6.906515495295537,6.575161844125505
215,1.075,5.298605031671606,6.35317759121409,6.06436376988254
216,1.08,4.782230281547834,5.782474568713099,5.546698029952599
217,1.085,4.3928354409929495,5.227223454118007,5.051898976012662
218,1.09,4.180438413007376,4.734768294822214,4.62252319401571
219,1.095,4.1704015575805,4.364902543494642,4.312569900121172
220,1.1,4.351963345349871,4.178102053269835,4.1772174812641465
221,1.105,4.683299673324159,4.21253560995835,4.252045738930409
222,1.11,5.108762928137709,4.460681070897374,4.531486695882446
223,1.115,5.57560250161424,4.866202455359775,4.965274588769156
224,1.12,6.042647218217368,5.348100248264299,5.479541931577742
225,1.125,6.481664943627987,5.832661095343867,6.0054013483301265
226,1.13,6.875132767612331,6.27112077583501,6.495013869705169
227,1.135,7.213228402569842,6.640558895707754,6.922292272400771
228,1.14,7.491276801803971,6.937147617369566,7.2763770093176
229,1.145,7.707933054665192,7.168372418917096,7.554882618820748
230,1.15,7.864010793051888,7.346023866273707,7.759472105280184
231,1.155,7.961784046100851,7.480553059462629,7.893619836486941
232,1.16,8.004610896360251,7.577987742565186,7.961723287734973
233,1.165,7.996767312953072,7.6400256478229265,7.968911174268231
234,1.17,7.943412043304311,7.666160026022221,7.9211760116902425
235,1.175,7.85062271661955,7.655937214148156,7.825628626659043
236,1.18,7.725450430936945,7.610305302542259,7.690754550589873
237,1.185,7.575938314318061,7.5320829549194555,7.5265881263484635
238,1.19,7.411043947596289,7.425952022473489,7.3447320100476094
239,1.195,7.240404023012072,7.298268275402476,7.158128362557074
240,1.2,7.073893092523154,7.156791449223503,6.980431703289156
241,1.205,6.920967470811763,7.010314919321018,6.824839263227037
242,1.21,6.7898528460376,6.868133700714018,6.702453569309301
243,1.215,6.686714176943951,6.739308475323281,6.620620482387325
244,1.22,6.615002586753792,6.631751694062265,6.581838438793071
245,1.225,6.575165222935238,6.551262994096738,6.583561288801921
246,1.23,6.564816043856027,6.500735667550529,6.618845824493574
247,1.235,6.579330953331648,6.4797836559470845,6.677698830962006
248,1.24,6.61271373720464,6.484953943711323,6.748945163978512
249,1.245,6.658531538551536,6.510508236037406,6.822150832792489
250,1.25,6.710746910883424,6.549566795597794,6.888942364628902
251,1.255,6.764345041479825,6.595307525304026,6.943446494502464
252,1.26,6.815727544161777,6.641945851844543,6.982183458044746
253,1.265,6.862892190438604,6.685344922134086,7.003856793108817
254,1.27,6.905436399381616,6.7232434983537495,7.009148481453271
255,1.275,6.944420042893468,6.755183152928581,7.000436013545967
256,1.28,6.982112669308227,6.782250154319064,6.981427110454192
257,1.285,7.021642074315821,6.8067327458224165,6.9567898050390315
258,1.29,7.066561600821152,6.831754083119413,6.931818383558518
259,1.295,7.120364248971857,6.86089835355057,6.9121236137228195
260,1.3,7.1859891629648125,6.897821469319215,6.9033374311149975
261,1.305,7.265382234736796,6.945837794912359,6.910795967941484
262,1.31,7.359177297226776,7.007497805145787,6.9390952217617565
263,1.315,7.466550497657408,7.084204467982492,6.99145322250846
264,1.32,7.585268733248439,7.1759393222370935,7.069005719942442
265,1.325,7.711913378946715,7.281166628153823,7.170320244381195
266,1.33,7.842227271629944,7.396951030374685,7.29138936021514
267,1.335,7.971517118920906,7.5192717673669325,7.426190398146861
268,1.34,8.095047663881157,7.643466476027863,7.567640831278434
269,1.345,8.208382291019019,7.764711099945636,7.708563391953903
270,1.35,8.30764791998902,7.878447908439785,7.842332419346845
271,1.355,8.389722005456298,7.980704280982851,7.963186617558158
272,1.36,8.452352144240834,8.06828477897772,8.066396449043747
273,1.365,8.494223753104434,8.138852779442294,8.148405275899098
274,1.37,8.5149901856906,8.190936971451663,8.20694116225443
275,1.375,8.515274730970209,8.223901199265494,8.241070922832602
276,1.38,8.496647125612297,8.237907394320912,8.251189779314657
277,1.385,8.461570038927524,8.233886534738264,8.238953508856573
278,1.39,8.41330480763183,8.213517100989428,8.207161739457534
279,1.395,8.355762060279055,8.179197945957362,8.1595978573616
280,1.4,8.293283677771667,8.1339944753701,8.100825743314676
281,1.405,8.230349695390357,8.08153398035039,8.03593865565848
282,1.41,8.1712181716423,8.025828298270326,7.970253933875019
283,1.415,8.11952615758494,7.971010738874294,7.908951424136102
284,1.42,8.077900540659305,7.920990534060708,7.856665192259669
285,1.425,8.047640590424121,7.879051441780425,7.817056592906489
286,1.43,8.028531619906992,7.847447243271008,7.792417974492409
287,1.435,8.018828400910788,7.827066768537504,7.783372133819867
288,1.44,8.01541307788105,7.817243644141714,7.788733222843488
289,1.445,8.014097209982605,7.815763932082982,7.805573637172586
290,1.45,8.010013852164263,7.81908132113452,7.829501005313576
291,1.455,7.998040164445506,7.822699398914038,7.855102835282098
292,1.46,7.973202548896171,7.821643729383622,7.8764817240877125
293,1.465,7.931037491073784,7.81093701255501,7.887794472118154
294,1.47,7.867903621383104,7.786009291877839,7.883725237410824
295,1.475,7.781257819154983,7.743010936000607,7.859856092938052
296,1.48,7.669917479369294,7.679033743968072,7.812933774970746
297,1.485,7.534331380800458,7.592273192436304,7.741057840344741
298,1.49,7.37687206185523,7.482177273143536,7.643828150693938
299,1.495,7.202141048346135,7.349624649112354,7.522489150066935
300,1.5,7.017241353218698,7.197159340631043,7.380097163831172
301,1.505,6.831917964954278,7.029282335743709,7.221715794928321
302,1.51,6.658404702174526,6.852761186458094,7.05461144103214
303,1.515,6.510774213767064,6.676863730742196,6.888372640713026
304,1.52,6.403624247043434,6.513352539874383,6.734814284936442
305,1.525,6.350111313618708,6.376010412862291,6.607467137492446
306,1.53,6.3596634377745165,6.279455446612408,6.520440712988734
307,1.535,6.436023886520972,6.237132559676851,6.486559919795862
308,1.54,6.576341195992556,6.2587051116762495,6.514974075989068
309,1.545,6.771674379262543,6.347544983543972,6.608858880622684
310,1.55,7.008692820928383,6.499330649395793,6.7641100490622925
311,1.555,7.271907866971933,6.702530160756158,6.969723221665694
312,1.56,7.545730451695315,6.940730995978891,7.209833259557744
313,1.565,7.815926627210011,7.195900603753136,7.466609129172759
314,1.57,8.070384761727153,7.451360691750668,7.722939854206393
315,1.575,8.299330202354772,7.693650879168741,7.964205087679961
316,1.58,8.49519374471876,7.91311198103392,8.17900774069221
317,1.585,8.652315013310117,8.103489123658278,8.359142843925216
318,1.59,8.766603846681509,8.261018997846389,8.499174355669814
319,1.595,8.83522886207001,8.383425826265821,8.595904322447515
320,1.6,8.856364925528622,8.469119866361243,8.647888354143541
321,1.605,8.82900973130039,8.516730322645232,8.655051675840454
322,1.61,8.752869441450141,8.524956493139356,8.618404757309804
323,1.615,8.628309726585687,8.49263181880934,8.539834944885785
324,1.62,8.45636813888195,8.418882164045467,8.42194603296583
325,1.625,8.238824145156368,8.303298002656028,8.26792157650075
326,1.63,7.978322497638112,8.146089858072,8.081395399986015
327,1.635,7.678542123540558,7.9482306805200365,7.866323222774625
328,1.64,7.344394342700435,7.711602112064554,7.626863266415466
329,1.645,6.982218887198442,7.439159190645812,7.36729035220678
330,1.65,6.599922818735555,7.135116010902143,7.091981038624029
331,1.655,6.206978483525289,6.805135672178253,6.805504118614267
332,1.66,5.814172157910421,6.456481221841756,6.512819119040035
333,1.665,5.432996074676304,6.098050576506054,6.2195250696046696
334,1.67,5.074631831943845,5.740183643943071,5.9320303472275295
335,1.675,4.74860092752057,5.394111943397848,5.6574638543817475
336,1.68,4.46133372920369,5.070952321315186,5.403158025129407
337,1.685,4.215045105248679,4.7802629625451685,5.175642555799809
338,1.69,4.007292216133486,4.528386908590317,4.979299503919471
339,1.695,3.831386842231021,4.317032935407941,4.815072722032093
340,1.7,3.6775356673233768,4.142631022689449,4.679742159338628
341,1.705,3.534359263455953,3.996812287267571,4.5661280797037005
342,1.71,3.39040461434152,3.867938532342686,4.464213143228051
343,1.715,3.235391505472678,3.743189869276824,4.362790552824263
344,1.72,3.061111417095691,3.610572165209488,4.25110730606114
345,1.725,2.862033773977391,3.4603790926858613,4.120118156386163
346,1.73,2.635732943286474,3.2859670129224456,3.9632409504529065
347,1.735,2.3832387867061224,3.0839732761309895,3.7767219901582
348,1.74,2.1093534239350884,2.8542386751746425,3.559802452160244
349,1.745,1.8228792720756992,2.599693680375655,3.314848419561874
350,1.75,1.5365774375543084,2.3263762413819906,3.047523581423981
351,1.755,1.2665513586171937,2.043597171942089,2.7669797035284853
352,1.76,1.030711750827373,1.7640811892783135,2.4859204048868184
353,1.765,0.8461622307277011,1.503720919042022,2.2202589035770983
354,1.77,0.725838137797356,1.280456221286149,1.9879820006750846
355,1.775,0.6753674282440226,1.1118681860312463,1.8068756407356648
356,1.78,0.6914114932592772,1.0115327868448252,1.6911400360250375
357,1.785,0.7622544892494463,0.9850299274099799,1.6476619928764236
358,1.79,0.8703533206033474,1.0272969637130989,1.6734277265468407
359,1.795,0.9957267332605516,1.1229088388786104,1.7554953420764163
360,1.8,1.119007869367406,1.2494990522353167,1.873762485359645
361,1.805,1.2235337150628895,1.3828222859018187,2.0052589593329544
362,1.81,1.2964590473023827,1.501330763252355,2.1281373986008374
363,1.815,1.329226302646605,1.5889152577054535,2.22422422946596
364,1.82,1.3177873821392814,1.635694710654033,2.2800782298201456
365,1.825,1.262886975747232,1.6375016013217731,2.2871397985434223
366,1.83,1.1705756366728055,1.594875097559719,2.241609654094198
367,1.835,1.0529401750624152,1.5122402536661936,2.144472926156272
368,1.84,0.92877794252242,1.397721238884381,2.001846689616404
369,1.845,0.8235696712297951,1.2637298079267096,1.8256455186158647
370,1.85,0.7677365967591734,1.1280736833326452,1.6343671109162674
371,1.855,0.7922267640300138,1.0148614073150095,1.4534994999542161
372,1.86,0.921585251195746,0.9539900001291874,1.3146212547345932
373,1.865,1.1667786712062824,0.9777278817228439,1.2519485974524152
374,1.87,1.5214650348512455,1.1135341052195078,1.2955590681920408
375,1.875,1.9639853083198595,1.3745677399921905,1.4625329291729918
376,1.88,2.463770347757432,1.752551886362831,1.7501158238326506
377,1.885,2.9885377958008186,2.2182796058243612,2.135610684764539
378,1.89,3.5093783807358463,2.7304888087699735,2.583712913251529
379,1.895,4.002988734683378,3.2478114049843008,3.0566786628809925
380,1.9,4.45178730863233,3.7374556411733124,3.5217845334569753
381,1.905,4.8429651086408985,4.178249441883618,3.9540820868358635
382,1.91,5.167227321385619,4.559420290816322,4.335829304833544
383,1.915,5.4176055576701625,4.8773728703379025,4.654742172801249
384,1.92,5.588465827543294,5.132043618816382,4.902369406051905
385,1.925,5.674708933293702,5.3237808158394415,5.072962488764336
386,1.93,5.671108722800362,5.451352041047256,5.162738997982674
387,1.935,5.57171733844661,5.511237641160254,5.169336102193119
388,1.94,5.36925961997559,5.497831922490395,5.091308984127552
389,1.945,5.054426498950434,5.403911896007593,4.927596437629617
390,1.95,4.614948399906195,5.220876530340807,4.676899112565599
391,1.955,4.034269884731804,4.9385527750918214,4.336903274203341
392,1.96,3.289530313937319,4.544541644116184,3.903251915513338
393,1.965,2.3483337541873364,4.023079662757967,3.368114531306192
394,1.97,1.1633859847144792,3.353270637164494,2.7181276242894263
395,1.975,-0.336533199333294,2.5063273844950302,1.931359309283026
396,1.98,-2.2605879256798533,1.4411064475030515,0.9727396097558132
397,1.985,-4.7641888581656975,0.09661372786970812,-0.21305176074914822
398,1.99,-7.912567886869716,-1.6206528505817834,-1.7129790116683692
399,1.995,-10.413787020494135,-3.8555387722684653,-3.6621910703991443
400,2.0,-8.869834057838165,-6.805510893942387,-6.244692506273378
401,2.005,-5.514122312085178,-10.427866341339765,-9.432129936800603
402,2.01,-2.66327969160098,-11.962521190863784,-10.776905157922169
403,2.015,-0.4421080616810976,-5.780834221847931,-5.259196820659373
404,2.02,1.310085655140223,-0.260059769658767,-0.2858334133276976
405,2.025,2.71874913723451,2.2117287821356495,2.005304638004829
406,2.03,3.8663970854791057,3.6808353173368538,3.4181703686863196
407,2.035,4.807581199281868,4.639965395091253,4.404833041285367
408,2.04,5.579528976886189,5.233840034969978,5.15573146962371
409,2.045,6.208519189864985,5.405744374596238,5.742466811613389
410,2.05,6.713689142796733,5.316619231790148,6.199046234168545
411,2.055,7.109379283050705,5.302788664678482,6.542164888207375
412,2.06,7.406637067641599,5.710432807242473,6.777955053109548
413,2.065,7.614227467390753,6.256221260242362,6.909200200624671
414,2.07,7.739349747597703,6.687494764655029,6.939598502365664
415,2.075,7.788180146629477,6.992395888409313,6.872547743711427
416,2.08,7.766315577650165,7.190437588180433,6.712331164436065
417,2.085,7.679167446896992,7.2976183587152335,6.46692512967285
418,2.09,7.532337517921999,7.325593969374802,6.153174106644052
419,2.095,7.331993181308021,7.283405035291731,5.7906884148890905
420,2.1,7.085242446993552,7.178809641748088,5.390799675472493
421,2.105,6.800484872995205,7.019213258117448,4.974538398276269
422,2.11,6.487680266513028,6.81236397290117,4.616161807297556
423,2.115,6.158433872246103,6.5669038866046545,4.42605053338653
424,2.12,5.825757438146651,6.292787506156566,4.430836559043366
425,2.125,5.503359944548315,6.001506059984382,4.555572164231642
426,2.13,5.204393843657575,5.705991415013733,4.721404145271261
427,2.135,4.939762230862346,5.420033283467722,4.936149365119131
428,2.14,4.716342203836208,5.1570738816747586,5.124261914327249
429,2.145,4.5356639348744325,4.928401556963558,5.182991435510758
430,2.15,4.393536069441343,4.741060844329762,5.0595385285238805
431,2.155,4.280785736386868,4.596118045221731,4.891444773852782
432,2.16,4.184860915746975,4.4880240555905955,4.754311063424457
433,2.165,4.091786659205877,4.40549778317746,4.610120420974766
434,2.17,3.987997962223112,4.33371458862996,4.444812251876411
435,2.1750000000000003,3.8618034413166575,4.257038847460743,4.264684744498869
436,2.18,3.704492944454536,4.1614528796157755,4.081553744975225
437,2.185,3.511274668380913,4.036186686198126,3.893034254746845
438,2.19,3.2822880808579638,3.8745325391904064,3.681233479042273
439,2.195,3.0238958336987194,3.6741668140157904,3.4498637142286572
440,2.2,2.750284811865664,3.43743156408694,3.2132878314176336
441,2.205,2.485013040525566,3.171995454801391,2.9565392336681797
442,2.21,2.261437116127192,2.89213965857547,2.6654410822250787
443,2.215,2.120145876466029,2.620540288737035,2.3748629271027277
444,2.22,2.1015842795249826,2.3897207132706964,2.153944301374781
445,2.225,2.2344986229305257,2.241283222844906,2.0491661792935627
446,2.23,2.525296180034922,2.2201359774739724,2.110527376709226
447,2.235,2.955243663475419,2.3619997520887166,2.3642239110722962
448,2.24,3.487542946592378,2.6775747969976504,2.782411226012256
449,2.245,4.079142810213204,3.1433944145326964,3.272967723893251
450,2.25,4.690496355406729,3.7083149955820938,3.822571494410761
451,2.255,5.29032029469449,4.312341854331862,4.423580466648616
452,2.26,5.85623952438778,4.904695670038899,5.021095979556119
453,2.265,6.373369669620192,5.452207558241911,5.57897426714192
454,2.27,6.832369962418305,5.93887312325105,6.081099351651153
455,2.275,7.227700406897275,6.361288152205342,6.517506150051495
456,2.28,7.55629925545827,6.723193717542423,6.882912002246715
457,2.285,7.816665805313882,7.030498128623565,7.174941142900954
458,2.29,8.008265298495028,7.2876574258304,7.393036748792191
459,2.295,8.13117331759234,7.496103596409433,7.5380199977730875
460,2.3000000000000003,8.185899310923991,7.654607079271358,7.611975713722065
461,2.305,8.173354333753975,7.760604294584857,7.618248488046181
462,2.31,8.094951608739207,7.811467691107913,7.561444605056123
463,2.315,7.952849742573336,7.805278613187632,7.447401178804675
464,2.32,7.750367555415237,7.741182429011365,7.283113585461976
465,2.325,7.492614064024956,7.619578298357986,7.076619978576738
466,2.33,7.18737800466487,7.442359291362468,6.8368355844106725
467,2.335,6.8462856919505,7.2133433891113645,6.573339347946099
468,2.34,6.486120335558358,6.93898372081123,6.296201488394695
469,2.345,6.129940434317107,6.629402766799264,6.0161016258594024
470,2.35,5.807218979219143,6.299709750241153,5.7450543186494905
471,2.355,5.551825523392405,5.971357338136287,5.497796378353989
472,2.36,5.396856845601774,5.672892777517448,5.293266093636559
473,2.365,5.3668201222636895,5.438882702904001,5.154874952436741
474,2.37,5.470188119611942,5.30543180495369,5.107886945768833
475,2.375,5.696545590455556,5.301559328035167,5.172928997129709
476,2.38,6.020197189528803,5.4386375340200965,5.357232884073747
477,2.385,6.407896408119566,5.703701969127894,5.648572756565409
478,2.39,6.8264516373476845,6.062170826947059,6.016980483728482
479,2.395,7.247492997348941,6.469247576920438,6.423980305378202
480,2.4,7.649161422489202,6.88296156231324,6.833353725308103
481,2.405,8.015796591076025,7.272298868930177,7.217678717838961
482,2.41,8.336768438190154,7.619078228757025,7.5595108476469575
483,2.415,8.605173492333085,7.915795311301569,7.849403209189102
484,2.42,8.816717756990366,8.161887229810588,8.08318487341214
485,2.4250000000000003,8.968872471607606,8.359904550179259,8.259761596061926
486,2.43,9.060286217044473,8.512483580134301,8.379737822602298
487,2.435,9.090407166187427,8.62068876019825,8.444718192289901
488,2.44,9.059271762105904,8.683777336202052,8.457013641816312
489,2.445,8.96742975463791,8.699869560182648,8.419489199446089
490,2.45,8.815991605084632,8.666835996479865,8.335407912063285
491,2.455,8.60679976252713,8.582978051134784,8.208279791466113
492,2.46,8.342738899948893,8.447430718870779,8.041811698332793
493,2.465,8.028209466626503,8.260407467935185,7.84003256608357
494,2.47,7.669787514850213,8.023438164627606,7.607565787284765
495,2.475,7.277067712968577,7.739716164466373,7.349910343707668
496,2.48,6.8636108352623895,7.414628995900421,7.073607498527823
497,2.485,6.447759783903292,7.056505519893616,6.78637331726145
498,2.49,6.052838865347242,6.677546317883504,6.497473806616814
499,2.495,5.705997192060206,6.294770884059435,6.218516674170299
500,2.5,5.434983549238633,5.930572042089229,5.964400285043027
501,2.505,5.262865478967828,5.6121272898491945,5.7536331193675
502,2.51,5.202172903958671,5.368672748089691,5.6069142856616185
503,2.515,5.251156960128971,5.22599451344639,5.543138449384985
504,2.52,5.394277830092287,5.1989899227876055,5.573317814296057
505,2.525,5.6066308986377145,5.285421086546839,5.695035780650963
506,2.53,5.859882728704515,5.464887713478412,5.891070898687993
507,2.535,6.127180287437875,5.704483748119797,6.133727835752348
508,2.54,6.385898400424127,5.9681526402772604,6.392448441680761
509,2.545,6.618442720824609,6.224835533215547,6.640453195817443
510,2.5500000000000003,6.811873332224617,6.4525512849635,6.857932928865505
511,2.555,6.957046605208969,6.638604465505249,7.032085962280614
512,2.56,7.047705165004425,6.777521365610694,7.15557833889147
513,2.565,7.079715759345586,6.868186451195551,7.224765047628288
514,2.57,7.050520372897967,6.9111646184755475,7.238311522281977
515,2.575,6.958807824314541,6.9068388355978385,7.1963421694300544
516,2.58,6.804399950652136,6.854633666580135,7.100002892759006
517,2.585,6.58835584001804,6.753173043147151,6.951267418367506
518,2.59,6.313316119040585,6.600950423896249,6.752872252750348
519,2.595,5.9841270300969605,6.397125511117885,6.508368435320765
520,2.6,5.608786102785526,6.1422874267632395,6.222357464639042
521,2.605,5.199707407580194,5.839230996962675,5.90099186798477
522,2.61,4.775158737848924,5.493884169203094,5.552769408736199
523,2.615,4.360402347316093,5.116506423683676,5.189561514226251
524,2.62,3.987564708513141,4.723155015289219,4.827727142014971
525,2.625,3.6928375803808446,4.3371348426723095,4.48904906668591
526,2.63,3.510037051599687,3.989627203146183,4.200939174704974
527,2.635,3.4616261174105905,3.71799271006286,3.9947978809723033
528,2.64,3.551229076673195,3.5599333672402382,3.9010348234302734
529,2.645,3.762252980603874,3.5430709731754275,3.9403097466463297
530,2.65,4.063556082136659,3.673384881328277,4.113891175883783
531,2.655,4.418449735597449,3.929766884834412,4.399390375589673
532,2.66,4.792329900251976,4.269950211978831,4.7563723756522345
533,2.665,5.156733455954364,4.644697661728889,5.138960278802671
534,2.67,5.490237798185344,5.011315027178547,5.5074754259619665
535,2.6750000000000003,5.777595270948408,5.340428746985985,5.833857869241067
536,2.68,6.008265057457703,5.616222569890161,6.101340909685395
537,2.685,6.174972358278982,5.83317662730652,6.301482477421861
538,2.69,6.272526394123618,5.991755437497914,6.430994443120921
539,2.695,6.296923633557893,6.094352674753379,6.489366195951669
540,2.7,6.24468446256286,6.142320397246262,6.477380948222285
541,2.705,6.112354613103836,6.134579031405114,6.39630453172741
542,2.71,5.89610850828141,6.067668758883643,6.247491710816325
543,2.715,5.591402541871179,5.936527541974618,6.03220470260841
544,2.72,5.192635753908396,5.735247197940484,5.751487434926162
545,2.725,4.6927824948959245,5.457439567839014,5.405971162844486
546,2.73,4.082969373551243,5.096202758251289,4.995521020796425
547,2.735,3.35198618359825,4.643814716618234,4.518677641765443
548,2.74,2.4857735304687085,4.091266315583246,3.9718863862784493
549,2.745,1.4670943978371902,3.42769519812391,3.348538239078275
550,2.75,0.2761017153704482,2.639763569233983,2.6379146482625133
551,2.755,-1.1059399889467565,1.711089543277713,1.824280817159639
552,2.76,-2.682862536494034,0.6221140939884133,0.8866580687133223
553,2.765,-4.400285345312231,-0.6483532419875342,-0.19949466947798022
554,2.77,-6.035744776813619,-2.1160230112765914,-1.4552413129855468
555,2.775,-7.06758550376826,-3.766624351909046,-2.875344911961019
556,2.78,-6.964599757989783,-5.481397223817822,-4.360713391957578
557,2.785,-5.901040616556514,-6.857443159872888,-5.556974812972284
558,2.79,-4.488590190421398,-7.05837491211223,-5.719295691007703
559,2.795,-3.114593014985142,-5.562815149570778,-4.375807040603357
560,2.8000000000000003,-1.90865353887528,-3.3340627457798835,-2.3711863733702954
561,2.805,-0.8887331003160458,-1.4865608409676065,-0.6895217880945026
562,2.81,-0.0380464579070636,-0.20316198241596606,0.5109176873622232
563,2.815,0.6679976946441499,0.6484576960365436,1.358108741276253
564,2.82,1.2537975540398705,1.1797212085968374,1.9681981876459114
565,2.825,1.7416957051982342,1.4675400600792825,2.4145184976206617
566,2.83,2.151893335171705,1.6112354776451832,2.741239520313529
567,2.835,2.5027022613398886,1.7422775218517397,2.976072939648495
568,2.84,2.810661298390531,1.9587344763554757,3.137740911328696
569,2.845,3.090382904401909,2.2558473304023217,3.240598705418914
570,2.85,3.3541482815894907,2.5766154873733758,3.297339590068564
571,2.855,3.6113666930364863,2.888420481051006,3.3199906608311793
572,2.86,3.8680775877130102,3.185589837122589,3.3202488054026738
573,2.865,4.126682291029475,3.4724104765829074,3.3098483854164478
574,2.87,4.386030331770634,3.753926850927182,3.3006472204416477
575,2.875,4.641872124330928,4.032515204210702,3.3037036416803707
576,2.88,4.887574842776501,4.307007202761326,3.3293368939559507
577,2.885,5.114932910687405,4.573003870418096,3.3916730151838674
578,2.89,5.31490767177205,4.823772153945712,3.5130986174158494
579,2.895,5.47818376941505,5.051317791450995,3.7152188187006816
580,2.9,5.595496649933186,5.247324705908781,3.9973078960537602
581,2.905,5.6577377108978,5.403773226185563,4.328693281873473
582,2.91,5.655869813532123,5.513183854207808,4.665263439146258
583,2.915,5.580688989699532,5.568536961447786,4.963952941024765
584,2.92,5.422456578167553,5.56296942427054,5.176394799227836
585,2.9250000000000003,5.170407670285392,5.489350125936271,5.254242200239128
586,2.93,4.812122676630383,5.339803745846526,5.173155900974721
587,2.935,4.332736320313988,5.105205115797118,4.944302706704047
588,2.94,3.713971807430136,4.774620987130285,4.586523737381633
589,2.945,2.933093103070108,4.334644392674794,4.102322903040784
590,2.95,1.9622946783155677,3.7685603027177974,3.485887461923534
591,2.955,0.7706117869242941,3.0553294841868546,2.7302787052445794
592,2.96,-0.6639499800716065,2.168590203946111,1.8244191961261378
593,2.965,-2.305361282312347,1.0766533729919843,0.7485748589894268
594,2.97,-3.902949458892793,-0.25275915452070663,-0.5222276993027064
595,2.975,-4.7424947412161975,-1.8293748774565897,-1.9941134059306735
596,2.98,-4.096159329588137,-3.552006294646553,-3.5762173273457982
597,2.985,-2.373995153648383,-4.938173787851138,-4.842922048057957
598,2.99,-0.4209744001940235,-4.782078482168229,-4.722922487711676
599,2.995,1.3726977906850144,-2.3659724034348963,-2.564797126690343
600,3.0,2.922128036719578,0.6402291338031976,0.16761193532290175
601,3.005,4.237314900383213,2.888084920536969,2.2830937846077197
602,3.01,5.347345591401087,4.427949631301304,3.8255162705778623
603,3.015,6.280174120198115,5.490842731798162,5.001966322566574
604,3.02,7.058504586067733,6.201808756456172,5.929436540071998
605,3.025,7.69981869989072,6.630184363441751,6.661216104864892
606,3.03,8.217254650821712,6.887036880394174,7.230848762642678
607,3.035,8.620481007207948,7.131052411610143,7.664262688608433
608,3.04,8.916381431799135,7.4682899231279825,7.974615300592884
609,3.045,9.1095430507362,7.852221169407073,8.167631064127908
610,3.0500000000000003,9.202578802083202,8.188948527653883,8.247716395701033
611,3.055,9.196313554606949,8.435354479514087,8.218893261780911
612,3.06,9.089854453550434,8.581239686337394,8.085554540900667
613,3.065,8.880556013723997,8.625973818597663,7.85399660389424
614,3.0700000000000003,8.563882440322244,8.570044680239555,7.533359942750117
615,3.075,8.133165835520131,8.412666064279376,7.134100011504886
616,3.08,7.579265726864648,8.151096063021958,6.6672394676247615
617,3.085,6.890171839281997,7.780340351426821,6.150576270100107
618,3.09,6.050714514957364,7.29286829054799,5.614881943680776
619,3.095,5.042922753032957,6.67825702622188,5.088863311894069
620,3.1,3.8487000998972887,5.922822265472423,4.566392703786874
621,3.105,2.4598439905531126,5.00952860363314,3.999259606364536
622,3.11,0.9096238584647393,3.919119870910739,3.3257226889706475
623,3.115,-0.6432653980687599,2.6353359717059153,2.4926919699138512
624,3.12,-1.7797826219153317,1.162780162824986,1.453940601580309
625,3.125,-1.9303078194036367,-0.41868470008394265,0.22869437833395256
626,3.13,-1.0337533817719486,-1.8149588585408383,-0.9381864613201412
627,3.135,0.3698376085964509,-2.3315115889251556,-1.393710127935269
628,3.14,1.8152136021259535,-1.252383069324713,-0.45946063001846316
629,3.145,3.1108824665217565,0.9089213280714699,1.4286269954284951
630,3.15,4.21079165412671,2.9350684293932456,3.201343061390631
631,3.155,5.119199503896179,4.406072332453281,4.499042665115071
632,3.16,5.853341598140069,5.401616127750589,5.410628901682366
633,3.165,6.431381505585812,6.036649899302605,6.057985494456937
634,3.17,6.869145388777088,6.3872825082514675,6.519133054996344
635,3.1750000000000003,7.179699101194772,6.535320182809003,6.840633387390795
636,3.18,7.373801847578677,6.596714277831362,7.048264173882426
637,3.185,7.460626075090971,6.677187049632398,7.149231928752303
638,3.19,7.448596537587871,6.795607586879078,7.144881947060184
639,3.1950000000000003,7.346367707707313,6.8960505238222805,7.0457134611904175
640,3.2,7.164020364330135,6.931079441449866,6.869430084170776
641,3.205,6.914562865537687,6.884410139187912,6.630387749341448
642,3.21,6.615746978041878,6.757553703337864,6.339827769546659
643,3.215,6.291973140417508,6.560624997318364,6.005228343969809
644,3.22,5.975564257749859,6.309910674989102,5.629105747447345
645,3.225,5.70596867712702,6.028520691979695,5.222368272142147
646,3.23,5.525063773439284,5.747824936443871,4.831278536897949
647,3.235,5.4679313041640585,5.507765932331045,4.529870171837446
648,3.24,5.551976620206079,5.353636241292424,4.393346356190366
649,3.245,5.770557018356351,5.327060593498037,4.47549406503492
650,3.25,6.095616019559956,5.451928466200931,4.786119325448771
651,3.255,6.487407123740776,5.72203625946007,5.28848263007751
652,3.26,6.905079027160106,6.100225657845393,5.915541836315256
653,3.265,7.313478347249964,6.53168662202846,6.580583902066836
654,3.27,7.685489283950439,6.962440061086408,7.1927117382648245
655,3.275,8.001491669570285,7.351840257180859,7.687816432077394
656,3.28,8.247654560762133,7.675803877552277,8.049283963579562
657,3.285,8.414096769264349,7.924042129899802,8.289829101253769
658,3.29,8.49332925234139,8.09513919980347,8.418610085281333
659,3.295,8.479057350771047,8.1914876527651,8.43944480251554
660,3.3000000000000003,8.365290724300833,8.215077111618907,8.359212004028219
661,3.305,8.145686104740212,8.164921955856732,8.187101552377403
662,3.31,7.813076509416633,8.03641673674588,7.930024031396299
663,3.315,7.359208375782671,7.822040160408347,7.590198693042771
664,3.3200000000000003,6.774846533182783,7.5124074350768595,7.167736064719835
665,3.325,6.050716357698397,7.097020814301349,6.661693862535392
666,3.33,5.180479929309932,6.56470035347141,6.066606281382015
667,3.335,4.168621760419494,5.904178354306292,5.374152182805399
668,3.34,3.0494633511200284,5.105853853146951,4.58208654056167
669,3.345,1.926652242333047,4.166790039122926,3.7001666589436484
670,3.35,1.0265064603622107,3.1036334586951853,2.753961311888877
671,3.355,0.6752206796235434,1.9831472076743588,1.806384239828517
672,3.36,1.0624019219864698,0.982763061744476,1.0097178543123344
673,3.365,2.0279414938868547,0.45686811372858305,0.6633628925970374
674,3.37,3.2450921404356645,0.8290842845950435,1.1243331482024672
675,3.375,4.474262820679216,2.124158703173229,2.4062665874787412
676,3.38,5.602148799434715,3.7827181668531598,4.01611024940314
677,3.385,6.589739221668637,5.274276490578992,5.484782885812441
678,3.39,7.430535512650964,6.432763920634177,6.66479218414306
679,3.395,8.12994111464291,7.275770543606017,7.575630655774388
680,3.4,8.696590187462391,7.855920045214088,8.267916079725811
681,3.405,9.138985681300548,8.232133417202412,8.783260672982717
682,3.41,9.46431982814578,8.478320985154308,9.150044172389428
683,3.415,9.678156366556514,8.67149168291012,9.386656911756274
684,3.42,9.784437259296183,8.85467597849599,9.504935692386274
685,3.4250000000000003,9.78560397634426,9.018348919627229,9.512810417170869
686,3.43,9.682764218755832,9.129223768213064,9.416131604351648
687,3.435,9.47590530361544,9.161562118546271,9.219889961246409
688,3.44,9.164208468733555,9.102280950156338,8.929249492403068
689,3.4450000000000003,8.746586801193411,8.945568826210572,8.550515813409218
690,3.45,8.222686668485164,8.688585819387612,8.091740048841741
691,3.455,7.594803414786399,8.329611263669602,7.562968927249225
692,3.46,6.871513550383895,7.867839396655135,6.977332411665881
693,3.465,6.074265652276132,7.304464574846531,6.353516716782555
694,3.47,5.248127610484104,6.645381180529125,5.716608271869735
695,3.475,4.475157074437043,5.90650906888451,5.094443743083465
696,3.48,3.879112397140245,5.123354054604495,4.516083589537933
697,3.485,3.596304988913506,4.365851468131435,4.024348827726424
698,3.49,3.703176386017191,3.753912769262458,3.698355042399954
699,3.495,4.160180811472686,3.4518655856108476,3.654975806120956
700,3.5,4.842022892368208,3.6018886281531604,3.9914526172380183
701,3.505,5.61475343209244,4.204790719659712,4.686740128600874
702,3.51,6.381363158109896,5.082679696561819,5.578585184408416
703,3.515,7.085437067058705,6.004644338047358,6.4745729498961735
704,3.52,7.698707171512479,6.817888776035469,7.254911588247879
705,3.525,8.208929778927057,7.463533477225542,7.877532052457546
706,3.53,8.61195291060277,7.937640169174868,8.343546841060489
707,3.535,8.90721740163217,8.262211203209716,8.670050349289395
708,3.54,9.09534626213834,8.471748680444085,8.875635497592594
709,3.545,9.176865349055506,8.601896521888872,8.974398426564168
710,3.5500000000000003,9.151495840968003,8.675963345523861,8.975436826028435
711,3.555,9.01770984443957,8.697654016842689,8.88443320035729
712,3.56,8.772376627581165,8.656198634106506,8.70389715774114
713,3.565,8.41039436652888,8.536608983565202,8.433598224309616
714,3.5700000000000003,7.924231472218425,8.325550764963474,8.0738000892967
715,3.575,7.303311344195107,8.011966972974633,7.628031573980062
716,3.58,6.533182374258107,7.585562172445009,7.101218658103751
717,3.585,5.594459229033236,7.035046034035812,6.495407601234247
718,3.59,4.461726286591459,6.346566132792942,5.806793195847816
719,3.595,3.103408076405389,5.502228790522864,5.023427340284624
720,3.6,1.4867095624559992,4.478612653956178,4.123963464080977
721,3.605,-0.3967247732247626,3.2455928828803193,3.0791812146614674
722,3.61,-2.431250218348179,1.7672961123399413,1.854257951064349
723,3.615,-4.109592414709003,0.012553431107265034,0.4140076397894461
724,3.62,-4.471231238743568,-1.9972674085039221,-1.2370753823585385
725,3.625,-3.346977332793969,-4.010167701975115,-2.893080657093379
726,3.63,-1.6669158685600638,-5.0990371952995535,-3.745709585867644
727,3.635,-0.073198882691032,-3.8316215631819315,-2.5273290862628937
728,3.64,1.25665648856122,-0.9251853796430511,0.13320539517359897
729,3.645,2.31378249492363,1.473434106682089,2.337187742951632
730,3.65,3.126706780768172,2.984609488648715,3.7515095239480356
731,3.655,3.725531711449136,3.8932508407951043,4.641310512607784
732,3.66,4.134316428498468,4.383006971793751,5.196064007658
733,3.665,4.370568615882463,4.532891550221769,5.518622402885249
734,3.67,4.446252195782235,4.424205805822695,5.6623189359037625
735,3.675,4.368950178156774,4.20649241514049,5.654667423880841
736,3.68,4.142981752395168,4.034802921370764,5.508569736526912
737,3.685,3.770661442961672,3.926843274444461,5.228693392527875
738,3.69,3.2541709396229503,3.773576430738482,4.815841819281076
739,3.695,2.598965225243313,3.500489330663602,4.269499892421506
740,3.7,1.8204388681298176,3.0852541206195796,3.5904936364037696
741,3.705,0.9566080150131872,2.526913181112023,2.785076520199355
742,3.71,0.0888872181925448,1.8362267326863524,1.870409489473103
743,3.715,-0.6369513392112678,1.0416079315004056,0.8818255112962978
744,3.72,-1.0267653935004653,0.20699604729833165,-0.11366402496980843
745,3.725,-0.9380825671658208,-0.5394639475248786,-0.988644343301238
746,3.73,-0.397656380312773,-0.9854002585660657,-1.5262272510149906
747,3.735,0.423502665996019,-0.8914727036439016,-1.4708720237385222
748,3.74,1.3397993554794718,-0.18279703248315204,-0.7281013962107741
749,3.745,2.2259731790240527,0.915753548657789,0.48806170373936286
750,3.75,3.0166537510940143,2.0607233150399407,1.830412403452399
751,3.755,3.683342427337987,3.0364907853716647,3.0697553897178196
752,3.76,4.215966726116927,3.777203034172582,4.106554099691223
753,3.765,4.6123371277895,4.289016734341208,4.888201096644554
754,3.77,4.872777431756169,4.604087805356889,5.394915786476153
755,3.775,4.997454869793871,4.767835539104851,5.658813390626506
756,3.78,4.984969641845219,4.829299000646771,5.736591888572402
757,3.785,4.831447657029814,4.822345500926928,5.653962743645198
758,3.79,4.529727153969657,4.7511024649022655,5.417049353136127
759,3.795,4.068377541121986,4.595993677044066,5.034428186733479
760,3.8,3.430330817004586,4.330634585864089,4.516189112745239
761,3.805,2.590911556871543,3.930680603783938,3.8670191108296965
762,3.81,1.5151662753110546,3.3731363031025534,3.0814840561269103
763,3.815,0.1552288672807072,2.6323027792552254,2.14862213978215
764,3.82,-1.5470569625797004,1.6753226980199174,1.0529735175100674
765,3.825,-3.624530336156113,0.4577882084536249,-0.23646786772268147
766,3.83,-5.88913226411384,-1.0792109758360384,-1.7680641304643885
767,3.835,-7.327195880929603,-3.000829822158174,-3.587147686601213
768,3.84,-6.522313431881051,-5.307421490613697,-5.672595211050135
769,3.845,-4.323816572057102,-7.568195349560133,-7.629291130047903
770,3.85,-2.101283597298607,-7.883871073325887,-7.771816305344732
771,3.855,-0.2349407200296601,-4.434618305540788,-4.48979306653159
772,3.86,1.2715735228073926,-0.554944769420783,-0.7663082307276516
773,3.865,2.475623047459181,1.7943538509619152,1.6039674835429492
774,3.87,3.429676312784345,3.214790633776802,3.1196433018235714
775,3.875,4.173051643294909,4.099436775081848,4.144185094625394
776,3.88,4.73386143817092,4.594009539687838,4.8558025894571575
777,3.885,5.131875299502591,4.739786247597864,5.33827495374269
778,3.89,5.380776466034028,4.6656054338629005,5.6363034236377345
779,3.895,5.4897834849702765,4.596962864524447,5.7748222689623905
780,3.9,5.46485648432295,4.70315064858083,5.767565174236416
781,3.905,5.309736281576738,4.873847029005976,5.623062113005788
782,3.91,5.027105559365851,4.954013076274829,5.347481127889694
783,3.915,4.620290798973291,4.899655134447833,4.9451555778161564
784,3.92,4.096201509196882,4.708416165695818,4.420396603336302
785,3.925,3.47066268986166,4.3858276037209745,3.780655304545897
786,3.93,2.777714961522645,3.9400832748490457,3.0404322199022706
787,3.935,2.0835148947189204,3.385152932771857,2.2229846465776646
788,3.94,1.4991713668741062,2.7486316861385216,1.3653905460287104
789,3.945,1.171248135452463,2.085249036887188,0.5410811041956718
790,3.95,1.2223793738726196,1.495374003370669,-0.10839806951588393
791,3.955,1.6685606636985213,1.1359649471097737,-0.3836680883403254
792,3.96,2.4069625699399677,1.1860013932245361,-0.11679098367842755
793,3.965,3.29082943002682,1.7326909719420756,0.7166330498853641
794,3.97,4.200147583276268,2.6642331665907952,1.9555097612175714
795,3.975,5.060976740842039,3.735629014474908,3.3476280505532525
796,3.98,5.835271449857011,4.740524482273736,4.649085772703702
797,3.985,6.506393729604599,5.581682726384195,5.701347376333448
798,3.99,7.068821126083788,6.238706727603308,6.459125798762558
799,3.995,7.522199970994031,6.727592482799767,6.992194795591301
800,4.0,7.868194412455042,7.08161248042439,7.365886117709779
801,4.005,8.108883089183417,7.340728689831825,7.593266161788479
802,4.01,8.245960544283498,7.538041003657003,7.685965505914789
803,4.015,8.280345358070635,7.687566081215099,7.664825083113083
804,4.0200000000000005,8.211993546319949,7.784168556151412,7.550942413827187
805,4.025,8.03982475459484,7.814171376442832,7.355497964938655
806,4.03,7.761736429372572,7.764612959097483,7.080554149819895
807,4.035,7.374739846223978,7.6260664826068485,6.733841623549665
808,4.04,6.87533182841341,7.391864586128296,6.324055867268287
809,4.045,6.260359759156882,7.056755841327704,5.845658571531215
810,4.05,5.52891813497337,6.6161069684537415,5.2925432523626
811,4.055,4.686346493746212,6.0659011453945535,4.680531811508965
812,4.0600000000000005,3.752251615238973,5.403785916228414,4.039582012843294
813,4.065,2.7751070630299357,4.631868788037546,3.3900441438650044
814,4.07,1.853119919170202,3.7627960488924064,2.7481609545310146
815,4.075,1.1457473147706236,2.8318555910718035,2.1292931381324074
816,4.08,0.8323553022369256,1.9182054304832157,1.5598274756122654
817,4.085,0.998987808631421,1.171663850938546,1.1188272182023615
818,4.09,1.5637092762323404,0.8128600254787592,0.991986604081597
819,4.095,2.3473617440130257,1.033576773995561,1.3572984400750365
820,4.1,3.187984685208696,1.8058155005304317,2.1843484597655456
821,4.105,3.984588819219005,2.850379096475352,3.2254504989627284
822,4.11,4.686494611183551,3.867173352078443,4.223115928551567
823,4.115,5.272359874083199,4.701227204535169,5.04964557863173
824,4.12,5.735306064476746,5.3158458354146045,5.680810140349468
825,4.125,6.074685945194362,5.725847497439889,6.133388791325977
826,4.13,6.291945585141413,5.966703811333459,6.431603765836667
827,4.135,6.388628801156004,6.0849367488719395,6.595635021487121
828,4.14,6.365436807942856,6.125514769185138,6.639362772026522
829,4.1450000000000005,6.221806212587277,6.113565419953586,6.571245571431654
830,4.15,5.955775122496139,6.046797316927271,6.395794501740564
831,4.155,5.564098865347168,5.906820434178796,6.11488722559408
832,4.16,5.042759100747301,5.674117876032456,5.729325036583769
833,4.165,4.388295069216834,5.333963364245041,5.2405822309111985
834,4.17,3.600946180336834,4.875995130458999,4.651754628308617
835,4.175,2.6916956178463765,4.292994446397718,3.9675147723256723
836,4.18,1.697018364321952,3.581516715199638,3.194721176029266
837,4.1850000000000005,0.7053721167758681,2.746049749807331,2.346269358241701
838,4.19,-0.1126296051830933,1.809662841369918,1.4511490895485109
839,4.195,-0.5217648337922854,0.8364809523781913,0.5743350412116213
840,4.2,-0.3588747719463507,-0.030042988842873264,-0.151487945746684
841,4.205,0.3158836310506585,-0.5344598230181488,-0.5004753586681732
842,4.21,1.2801497929822536,-0.3802544570642228,-0.21774992125905346
843,4.215,2.323766959864347,0.5040224249062097,0.7465095246397464
844,4.22,3.321590312181634,1.7992741060185309,2.092085755017758
845,4.225,4.216865921217374,3.0887054392285793,3.430638732271695
846,4.23,4.990115712635614,4.158697720739776,4.558674448037492
847,4.235,5.638904646021629,4.969692888515483,5.437750541159555
848,4.24,6.167639199273412,5.546959111003879,6.094542880767227
849,4.245,6.582940610387099,5.935146199970529,6.566549651991267
850,4.25,6.891700456997748,6.191990865899266,6.8845707814412656
851,4.255,7.100368403024579,6.379211899833235,7.071423509553199
852,4.26,7.214805995744521,6.538853995723566,7.144419065313411
853,4.265,7.24041593938828,6.6768668421042054,7.11709994530679
854,4.2700000000000005,7.18243157036013,6.775424383163429,7.000293419679496
855,4.275,7.046334702284643,6.815842275429388,6.803352468369502
856,4.28,6.83841036018981,6.788101046465011,6.535530787962502
857,4.285,6.566461716415729,6.689802593061943,6.207000864953997
858,4.29,6.240696122952315,6.523406877784874,5.830025395309954
859,4.295,5.874735816059472,6.294722395604678,5.420854985839613
860,4.3,5.48657443201022,6.012637731684308,5.001563017371467
861,4.305,5.099070730467902,5.689618416368476,4.600504841806105
862,4.3100000000000005,4.739293013568463,5.342548551613482,4.2500863736531365
863,4.315,4.435927814580119,4.993438211075196,3.980628880415307
864,4.32,4.214463465883804,4.6692721315751635,3.8126824603724287
865,4.325,4.091189359563402,4.399997003540516,3.7542309188481457
866,4.33,4.068526440101702,4.213773427377503,3.8038445327492525
867,4.335,4.134239511288433,4.129787633850933,3.9516576448191216
868,4.34,4.265004060762228,4.151158604128179,4.175049604094097
869,4.345,4.4322886220860696,4.262089014840829,4.439279690292828
870,4.3500000000000005,4.607787474245026,4.431840063995628,4.707726211850719
871,4.355,4.766805632020598,4.623681535692806,4.951564536290816
872,4.36,4.889519170272852,4.803914143537061,5.150221632686086
873,4.365,4.96082220438171,4.947210343199383,5.2885566078709125
874,4.37,4.969527924933837,5.037736418275493,5.357119432335195
875,4.375,4.90744209986108,5.0675041065276885,5.352416424232128
876,4.38,4.768577874644404,5.033566899763736,5.274888902374281
877,4.385,4.548630348585057,4.935186589357809,5.1262537852881955
878,4.39,4.244774203958261,4.771704717634039,4.908173723699183
879,4.3950000000000005,3.8558613368440593,4.5415228005743264,4.622230280340714
880,4.4,3.3831599184537464,4.242188839643315,4.269787649966494
881,4.405,2.831879633777264,3.871274729641045,3.852203825584139
882,4.41,2.2138347735621773,3.4277329170023196,3.372991153147222
883,4.415,1.5515683444684616,2.9137024464459014,2.8407861003704906
884,4.42,0.8836871672442286,2.3370771670639927,2.2707496628060206
885,4.425,0.269235302715978,1.7153587163325632,1.685253257124662
886,4.43,-0.2147567532043083,1.0811471145506841,1.116496891660332
887,4.4350000000000005,-0.4905717795324659,0.4884297681241545,0.6109873949200164
888,4.44,-0.5113048102091327,0.01543775727073804,0.23275870066014548
889,4.445,-0.2858396024079957,-0.24570895169044515,0.05761415454914509
890,4.45,0.1266187045822191,-0.2227271934830224,0.14680661866797795
891,4.455,0.6468465491308957,0.09006958406894316,0.5048243054260908
892,4.46,1.2038856663259687,0.6146182888591163,1.061108683484576
893,4.465,1.7469985976542397,1.2289541732170517,1.7045435514199578
894,4.47,2.2451255359815416,1.8264598459467032,2.3367645031321844
895,4.4750000000000005,2.681834518321593,2.344300805595433,2.8976593066459557
896,4.48,3.050326666434918,2.7594033601218686,3.361044013868228
897,4.485,3.349844344021062,3.0747081205067106,3.721151796475227
898,4.49,3.5834298832577853,3.307585950989287,3.9820755890195167
899,4.495,3.7566395207239593,3.4805511294186617,4.152018614660331
900,4.5,3.8768414174048176,3.6132022422302468,4.240806273331918
901,4.505,3.9528189622851095,3.7174718209919275,4.259099697968672
902,4.51,3.994474940169905,3.798212699553745,4.21836130308834
903,4.515,4.012481899858911,3.857276240865181,4.131079548703562
904,4.5200000000000005,4.017766654855365,3.8972628374135145,4.01100202618141
905,4.525,4.020773814864946,3.9230935356963723,3.8732137529071746
906,4.53,4.030537490987534,3.9417934944063995,3.7339205409689966
907,4.535,4.053692582264815,3.9613847485266724,3.6098348581149255
908,4.54,4.093639149502351,3.989453686445014,3.517108187017346
909,4.545,4.150083403410341,4.031697873402086,3.4697411317969395
910,4.55,4.21908983416181,4.090710667180147,3.4774140836923975
911,4.555,4.293622005563588,4.165273437066487,3.54302134449291
912,4.5600000000000005,4.364402217013308,4.250349208166693,3.6608524549058536
913,4.565,4.4208528088787,4.337775334427949,3.8165671793704554
914,4.57,4.451909869744383,4.4174222290174,3.9892291304504512
915,4.575,4.446585622156621,4.478450100695056,4.154515332438247
916,4.58,4.394245595550771,4.510322070623736,4.2880978834413055
917,4.585,4.284626311972515,4.503378885387037,4.368734189973808
918,4.59,4.107640878113036,4.448951118797426,4.380510276728605
919,4.595,3.8530121059250497,4.339103977243864,4.313333972294252
920,4.6000000000000005,3.5097470053343667,4.166154259380823,4.161507427420499
921,4.605,3.0654291288101945,3.9220813000057175,3.921526780544495
922,4.61,2.5052547406282937,3.5978976180753977,3.590318335088689
923,4.615,1.810663823141696,3.182972382764082,3.1640110791189766
924,4.62,0.9572921240008208,2.664226023794123,2.6367409562843234
925,4.625,-0.0882532563739915,2.025037986335452,1.9991873694852416
926,4.63,-1.3736968084012466,1.2436123288181653,1.236731356974424
927,4.635,-2.9700082727183656,0.29038224109724453,0.32691894348423567
928,4.64,-4.985478506908494,-0.8762759274679812,-0.7644770973223736
929,4.6450000000000005,-7.576388477699483,-2.3173254510619516,-2.0899523446527732
930,4.65,-10.833205018898337,-4.125499698237487,-3.731230839190701
931,4.655,-13.61669681763134,-6.4443550080763075,-5.816241725100886
932,4.66,-12.416375939013305,-9.474383121664294,-8.52503450240946
933,4.665,-9.17514260213914,-13.22451180659145,-11.869459918423166
934,4.67,-6.412892384337626,-15.223644744775184,-13.65594297563659
935,4.675,-4.298085068703993,-9.441072430470662,-8.508631036968156
936,4.68,-2.66793363748615,-3.775676124412149,-3.410147639913456
937,4.6850000000000005,-1.3931592797183232,-1.347811951060259,-1.1502033425274165
938,4.69,-0.3887013376438228,0.021946816011311654,0.18743851813486945
939,4.695,0.4017822654512274,0.8603990464505715,1.0804510009593606
940,4.7,1.0170805448759388,1.3296057870070515,1.7273717399192297
941,4.705,1.4851762531736572,1.3711870502594627,2.2011274232615903
942,4.71,1.8273544749026072,1.131087414921435,2.5358854660750723
943,4.715,2.060839901685413,0.9412032499427392,2.748812023614326
944,4.72,2.2006158592678333,1.1699977105543953,2.847212718351726
945,4.7250000000000005,2.2607776823292225,1.563937309687394,2.8357404260445445
946,4.73,2.255593232602952,1.8511663696840168,2.721187200374492
947,4.735,2.200315666630404,2.0198629196428404,2.511514357175992
948,4.74,2.111682361694821,2.0962236913035337,2.2171127598744733
949,4.745,2.007935040467603,2.105113499798001,1.8538152504131444
950,4.75,1.9081443315449669,2.06905082056217,1.4484736363120385
951,4.755,1.8306910250999164,2.0097655353734725,1.033524797077098
952,4.76,1.791015936265551,1.9487066744902855,0.6343578638890177
953,4.765,1.7991612801878,1.9062017857559765,0.28336531611746185
954,4.7700000000000005,1.8579532627465432,1.89938911014718,0.061442076111310584
955,4.775,1.9625964556287037,1.9394533719223643,0.08419585264510765
956,4.78,2.101885659392784,2.029216267713568,0.37965885455624804
957,4.785,2.260536775511383,2.1623263239675685,0.860340478976628
958,4.79,2.42177725724038,2.32473565994416,1.4185201645933234
959,4.795,2.569478356806911,2.4980228780276255,2.031307841409809
960,4.8,2.689523342873104,2.6632338788474352,2.5984343652171993
961,4.805,2.7704749726416416,2.80390574468115,2.9880825153167634
962,4.8100000000000005,2.803789345234074,2.9076345530534287,3.119471842335173
963,4.815,2.783849918004506,2.9662969988150785,3.112637721184485
964,4.82,2.7080492215425185,2.9754330042786603,3.0516374619312394
965,4.825,2.57708773774868,2.93336178301192,2.9063226182437614
966,4.83,2.395607265446457,2.8405062167425656,2.6731854791690375
967,4.835,2.1732084997314804,2.699243757023429,2.375536892023302
968,4.84,1.9257618692505651,2.514427342937606,2.0449839846940683
969,4.845,1.6766210129283747,2.2945599770297855,1.7019165048604665
970,4.8500000000000005,1.4568381288992915,2.053465777353382,1.3516396686517105
971,4.855,1.3029432612629257,1.8120983611428576,1.0225686569143657
972,4.86,1.2509896435714076,1.5997150168653929,0.7593515889127964
973,4.865,1.3273815523200292,1.452969907265039,0.5789822236695175
974,4.87,1.540187947833819,1.410964176320042,0.49110426349955105
975,4.875,1.876132686435504,1.5052025698508884,0.5377421656991306
976,4.88,2.305321216678717,1.7470507793179997,0.7700797674379434
977,4.885,2.790474409453813,2.1199395441653563,1.182545773479275
978,4.89,3.295459938105729,2.5831480571939447,1.744765337351196
979,4.8950000000000005,3.790190710995095,3.0857836970884076,2.4016028509732235
980,4.9,4.251990996352212,3.581840990334973,3.069426674828159
981,4.905,4.664874719069629,4.0387072870575205,3.63676888727357
982,4.91,5.018058936605788,4.438326120754281,4.1042281543512775
983,4.915,5.30446448139556,4.7741447470040965,4.506124120215929
984,4.92,5.519498828567222,5.046679244540801,4.827489193430817
985,4.925,5.66017589696439,5.259199501285627,5.060491702683387
986,4.93,5.724537792278169,5.414429094760128,5.208730352588895
987,4.9350000000000005,5.711330539011889,5.512874296653169,5.274701319238887
988,4.94,5.619906219564554,5.552793406052375,5.261387068208443
989,4.945,5.4503595388731165,5.531145975637666,5.172582545558326
990,4.95,5.203953664971141,5.444720625880263,5.0129028957576685
991,4.955,4.883949421410556,5.291026868225006,4.7878688822480395
992,4.96,4.497019552866657,5.068983381635263,4.504127239024038
993,4.965,4.055474908868674,4.77966789089294,4.169868603239483
994,4.97,3.580444034697578,4.427457528341262,3.7955549755119633
995,4.9750000000000005,3.105663438357187,4.0218980960088215,3.3951394069340677
996,4.98,2.680217182442846,3.580603669459806,2.9880405668810814
997,4.985,2.3663535725179226,3.1332276520275855,2.6020658946557162
998,4.99,2.227450161452699,2.7256187918709665,2.2767781240834055
999,4.995,2.3062814472859903,2.4210682119649625,2.0647970055045124
1000,5.0,2.6055513799885217,2.292430057774709,2.0255389996632664
1001,5.005,3.086870731725704,2.3991829935845486,2.2059170141947257
1002,5.01,3.689133330277668,2.755300060333918,2.6128871234838997
1003,5.015,4.350729084917525,3.312836529864935,3.1996586816783967
1004,5.0200000000000005,5.022622597420519,3.982018070710006,3.883829389200756
1005,5.025,5.671249621077931,4.672242016217862,4.583528811095086
1006,5.03,6.2760320721381015,5.320280386356837,5.241616511319309
1007,5.035,6.825583705659557,5.8948963685798,5.828437094015257
1008,5.04,7.314437370165084,6.389091101720029,6.333532970529522
1009,5.045,7.740710590276731,6.810617257905055,6.756765001238706
1010,5.05,8.10458306028115,7.173671851296902,7.102468101705622
1011,5.055,8.407348834757391,7.491819706584758,7.376423322158301
1012,5.0600000000000005,8.650840447883017,7.773287167252491,7.584593723994878
1013,5.065,8.83708243253348,8.020042232589393,7.73279045728835
1014,5.07,8.968081798742036,8.229971091222513,7.8267697315457845
1015,5.075,9.04569761066636,8.399727147553115,7.872485349544047
1016,5.08,9.071553898020955,8.526510101684604,7.876319329760755
1017,5.085,9.046973752077388,8.6086061454399,7.845152581292176
1018,5.09,8.972920695463923,8.645242430825174,7.786205730980551
1019,5.095,8.849938350066962,8.636233219106447,7.706662214144004
1020,5.1000000000000005,8.67808234682901,8.58163920545339,7.6130783020780175
1021,5.105,8.456840099247977,8.481497933673442,7.510501758586638
1022,5.11,8.185034966055975,8.335618192324457,7.401282526541337
1023,5.115,7.860711783318893,8.143415781083267,7.283886435569704
1024,5.12,7.481001109519516,7.903769715402744,7.152296835432882
1025,5.125,7.041960459595459,7.614883166668568,6.996377638557441
1026,5.13,6.538393819707258,7.274138044470248,6.803048038637913
1027,5.135,5.963659463084527,6.877935682866613,6.557889176909121
1028,5.14,5.309499323819585,6.4215197654169,6.2468953165875645
1029,5.1450000000000005,4.565982506520316,5.898784180624958,5.857955959119162
1030,5.15,3.72180459713718,5.302084072599927,5.3814151456753
1031,5.155,2.7655576774737374,4.622107323129848,4.809438344998269
1032,5.16,1.6895116518913291,3.84796109764841,4.134858114681125
1033,5.165,0.4996356122513653,2.967871150906015,3.350693431164002
1034,5.17,-0.7601276736004298,1.9714989478384721,2.4515512279420086
1035,5.175,-1.9586714102777991,0.8563837911335179,1.4389689024328396
1036,5.18,-2.822002034347908,-0.3554811465786969,0.335905781867174
1037,5.1850000000000005,-3.004090767421789,-1.5784951954258908,-0.7784664467075331
1038,5.19,-2.393998891662957,-2.5885897557837447,-1.7018143360390177
1039,5.195,-1.251407106575274,-2.962848484182948,-2.053998756426929
1040,5.2,0.0814069496744132,-2.2898461006127295,-1.4628756168753272
1041,5.205,1.3949703118901124,-0.7318347901764728,-0.06447716312910767
1042,5.21,2.602294183636618,1.028349726407741,1.5409378299016807
1043,5.215,3.678584082316645,2.5341973679544108,2.9513113160729105
1044,5.22,4.623995500397106,3.700935890449455,4.094947259808039
1045,5.2250000000000005,5.447020650125093,4.5730445073077854,5.016223399401791
1046,5.23,6.157935848483475,5.208706281593989,5.7660559859759
1047,5.235,6.766445689545819,5.6728363861835165,6.379281226847112
1048,5.24,7.280981885475337,6.047223734479543,6.8766264846885665
1049,5.245,7.708628228062854,6.408950369691331,7.270040164095949
1050,5.25,8.055265443820948,6.788935219618521,7.566842387288333
1051,5.255,8.325779914330171,7.165888208757558,7.772396486734229
1052,5.26,8.524281036150535,7.506001634808301,7.89165338416841
1053,5.265,8.654313012702723,7.788951971222654,7.930151898819269
1054,5.2700000000000005,8.719063908627712,8.00730162385008,7.894947247815246
1055,5.275,8.721582274738878,8.160143477826555,7.795405899335659
1056,5.28,8.665015300380185,8.249207904085246,7.643457571221853
1057,5.285,8.552884177998543,8.277213309507475,7.453581843793277
1058,5.29,8.389411944757008,8.247332264063791,7.243911437525445
1059,5.295,8.179914423486238,8.163153746577805,7.037832776633511
1060,5.3,7.931251763788026,8.028881470882684,6.861000876513216
1061,5.305,7.652309823590136,7.849669282674293,6.730876477706775
1062,5.3100000000000005,7.354429553600809,7.632052693493169,6.647470920005837
1063,5.315,7.051625867896689,7.384440508892233,6.596117407556409
1064,5.32,6.760351240927434,7.117597308357966,6.557584736350613
1065,5.325,6.498518280751418,6.844977574507007,6.512501012801075
1066,5.33,6.283598327328549,6.582672508728358,6.4432430046634
1067,5.335,6.129946100277825,6.348639513711856,6.343703625659357
1068,5.34,6.046000586475522,6.160899336388602,6.228518275133771
1069,5.345,6.032367583171271,6.034651542278074,6.125764099907709
1070,5.3500000000000005,6.081613730014018,5.978845070731104,6.058047185019616
1071,5.355,6.179866286676438,5.993417583062227,6.0348270870211405
1072,5.36,6.309508924661575,6.068599816308038,6.055744376990822
1073,5.365,6.451952010357895,6.186903900293733,6.113808626200372
1074,5.37,6.589725226878769,6.327039270584801,6.196999576646466
1075,5.375,6.707643793855123,6.4680908071123495,6.2903325132020225
1076,5.38,6.793181922573885,6.592500311049112,6.379194151467684
1077,5.385,6.8363350569073695,6.687307680070275,6.451386824860157
1078,5.39,6.829233975405663,6.743920837103872,6.496177169447667
1079,5.3950000000000005,6.765692894546497,6.757024036325692,6.504233965948114
1080,5.4,6.640795807567994,6.723222270016971,6.470550416362231
1081,5.405,6.450573925455108,6.639865699625641,6.3956119879038
1082,5.41,6.191803492347598,6.504298760415273,6.281848634374766
1083,5.415,5.861952566189139,6.313574611722219,6.129476575125604
1084,5.42,5.459324536979451,6.064527520826212,5.934475157339867
1085,5.425,4.983486436258549,5.7540554485582796,5.687860331530367
1086,5.43,4.43613606127102,5.379524568329449,5.378564920288014
1087,5.4350000000000005,3.822654778037652,4.939314856898896,5.000938784202109
1088,5.44,3.154686447730301,4.433639858157637,4.558683224936916
1089,5.445,2.4540555032550917,3.86588739443438,4.060571419998091
1090,5.45,1.7578270584051197,3.244846532466922,3.5182162339192655
1091,5.455,1.1226013703618785,2.5882661240800178,2.9496252152150326
1092,5.46,0.6227916169213559,1.9280156184129207,2.384318746823902
1093,5.465,0.3353640810261981,1.3160767496944512,1.8686106689115722
1094,5.47,0.3105874507041372,0.8275986443853824,1.4685447961866749
1095,5.4750000000000005,0.5466738267258465,0.5522030703823306,1.2626514028752815
1096,5.48,0.9917474077198342,0.5637439719326585,1.3155885327069754
1097,5.485,1.5711352620036536,0.8760001360076779,1.6390858861106739
1098,5.49,2.215457646931628,1.4222343459220146,2.173767737860016
1099,5.495,2.8738993186026947,2.0880911099667308,2.8181313408123647
1100,5.5,3.5147484273939527,2.7682579914436114,3.4785392261827948
1101,5.505,4.120744340502453,3.3976878754477697,4.096347944885071
1102,5.51,4.68402324815953,3.950560614420846,4.645801831647632
1103,5.515,5.202267216029978,4.427487532595726,5.121187690605444
1104,5.5200000000000005,5.6761444326423325,4.843827826872538,5.526070087350625
1105,5.525,6.10770990018921,5.22025202791003,5.867207627053151
1106,5.53,6.499435730798611,5.57452166181071,6.15181522129308
1107,5.535,6.8536355847381545,5.916216232823822,6.386610989451605
1108,5.54,7.172134698715017,6.246505568211409,6.577678164067647
1109,5.545,7.456095774670606,6.56164222854561,6.7306468417526
1110,5.55,7.705946047179731,6.8566397128925765,6.85096500126961
1111,5.555,7.921370186355952,7.1271623406253175,6.94414413027452
1112,5.5600000000000005,8.101343929271076,7.369875840002139,7.0159077784263655
1113,5.565,8.244188898485588,7.58214586529127,7.0722060392854456
1114,5.57,8.347632564543918,7.761646793717237,7.119069643704633
1115,5.575,8.408860006660428,7.906072502178167,7.162180143257551
1116,5.58,8.42454640412287,8.01296208977216,7.205898171374866
1117,5.585,8.390860918909867,8.07960195814255,7.251667727336242
1118,5.59,8.303433425224737,8.102963804613793,7.296340956144701
1119,5.595,8.157274898842369,8.079648427784171,7.3314099039560245
1120,5.6000000000000005,7.946639552372238,8.005814865695768,7.343657403970312
1121,5.605,7.66481102534022,7.877080015286921,7.316825017583492
1122,5.61,7.303784423672991,7.688375127918823,7.233672661599867
1123,5.615,6.853797547765933,7.433742449840547,7.07813257537549
1124,5.62,6.30263187357502,7.1060472096946246,6.837052412523798
1125,5.625,5.634543505102565,6.696565252080968,6.500550046687008
1126,5.63,4.828567378113035,6.194380461251388,6.060536932298698
1127,5.635,3.855696514373945,5.58547927601231,5.508208683314559
1128,5.64,2.673899083698,4.851341846632201,4.831490556076844
1129,5.6450000000000005,1.218609719873198,3.9666554780321985,4.012332778707152
1130,5.65,-0.6173714174250211,2.8954076484787405,3.022803142728039
1131,5.655,-3.032929780012708,1.5837705448396209,1.8183504686468117
1132,5.66,-6.467791978313534,-0.053954996301148306,0.3249736432773531
1133,5.665,-12.279399815126627,-2.166259479730888,-1.5885215823835415
1134,5.67,-33.30822077891802,-5.043478826684657,-4.181158754983684
1135,5.675,-13.33632539488996,-9.372022792757098,-8.066666084332397
1136,5.68,-7.24122542274444,-17.47122892146703,-15.316166009010692
1137,5.6850000000000005,-3.822326263884225,-54.44760633110083,-48.2916016628767
1138,5.69,-1.5020199849806513,10.520534842279634,9.22875498002205
1139,5.695,0.2026349865520874,1.3965086998023026,1.3119086941035594
1140,5.7,1.503898190057239,3.3982409639407463,3.1874638639307387
1141,5.705,2.513777396278673,3.7702677265830813,3.6107059034964237
1142,5.71,3.2984327192007767,4.341008055752279,4.226135483362516
1143,5.715,3.9000938968275154,5.187466419706039,4.726279465918374
1144,5.72,4.347343562431836,4.192206778073925,5.132690548531255
1145,5.7250000000000005,4.66052511150205,3.039989556805624,5.433709870681598
1146,5.73,4.854883530211303,1.1635086102570962,5.638395120719767
1147,5.735,4.942588606333887,3.395486252587383,5.719040987916608
1148,5.74,4.9342085899641805,4.062369040124421,5.666306958599226
1149,5.745,4.839946502425002,4.373117030291528,5.492873415352851
1150,5.75,4.670822252907611,4.501565023018409,5.1903969611007845
1151,5.755,4.439891978445615,4.504561943844806,4.76417452737956
1152,5.76,4.16348311966504,4.411648871100078,4.199107381203913
1153,5.765,3.8622397711530376,4.244287278158369,3.5493029833374057
1154,5.7700000000000005,3.5614959386726426,4.022723346466528,2.894107910137869
1155,5.775,3.290208666483938,3.7693741190169407,2.2017342241030935
1156,5.78,3.0776889433671237,3.5105684898226386,1.3694671302737977
1157,5.785,2.948123866341856,3.2765838514312566,0.5549921307817112
1158,5.79,2.914453863961576,3.0991935715166687,0.4486540799770644
1159,5.795,2.9744779726508632,3.0061266250741503,0.9641595628722426
1160,5.8,3.111434660423291,3.013362728975366,1.7768482116457078
1161,5.805,3.29870761449571,3.1186107488804984,2.204638782669635
1162,5.8100000000000005,3.506035152633944,3.3003035453558835,3.4095347625063113
1163,5.815,3.704547035609119,3.523663202951523,4.325759683102133
1164,5.82,3.8694870326137183,3.7505841582020722,5.145784837051918
1165,5.825,3.980906112398353,3.9480882186031994,4.601732774380891
1166,5.83,4.0231583815859695,4.092400571838807,4.601098005527353
1167,5.835,3.983940539516262,4.168972142159183,4.7258161784032096
1168,5.84,3.8533392647962903,4.17019129939486,4.520397207734735
1169,5.845,3.623142352248141,4.0923277502491135,4.2262547672597615
1170,5.8500000000000005,3.286598856261919,3.9327311419966513,3.7894868215728783
1171,5.855,2.838891078225929,3.6879683226163706,3.361559960697037
1172,5.86,2.2788358121352283,3.3532634545578173,2.941560718318402
1173,5.865,1.6128276358838187,2.9232619109673985,2.3413203883787004
1174,5.87,0.8627513614958543,2.3940627096082845,1.6621584442115043
1175,5.875,0.0797919424103246,1.7669122057757396,1.0936656220605085
1176,5.88,-0.6375899294997014,1.0549016069193118,0.4469018647258345
1177,5.885,-1.138106598565428,0.2951211303086927,-0.40199543176608543
1178,5.89,-1.2622079215067137,-0.4315960168554138,-1.291118722215562
1179,5.8950000000000005,-0.9428278638294691,-0.9790641636180641,-1.746844737078968
1180,5.9,-0.2615295844867482,-1.144847035712158,-1.9035395461792772
1181,5.905,0.61801462282915,-0.770037711848456,-1.3554179311920613
1182,5.91,1.5478937707603813,0.09937115593595713,-0.2787279649621244
1183,5.915,2.4337779957105057,1.2060394420128362,1.3150671483651206
1184,5.92,3.226541088343924,2.282782544173524,2.1882946047415963
1185,5.925,3.904161171232232,3.188592098429619,3.0716682720994526
1186,5.93,4.458324588202427,3.8865988298502607,3.959089803953109
1187,5.9350000000000005,4.88670265641416,4.388211986916731,4.563954067631394
1188,5.94,5.188871094667368,4.725477214115327,5.025373022071653
1189,5.945,5.364165553542328,4.9405342781987756,5.340519761643084
1190,5.95,5.4104537121913,5.072710739179987,5.516161487758669
1191,5.955,5.323255566129629,5.142176414510545,5.557187735889688
1192,5.96,5.09486735524571,5.144093236440785,5.466274728197217
1193,5.965,4.71321547899603,5.058563836424461,5.244130807612483
1194,5.97,4.160118724155485,4.862902573063498,4.889505296739569
1195,5.9750000000000005,3.4084463454023943,4.5358324257799225,4.398817901600466
1196,5.98,2.417215246673215,4.0555422910215615,3.7652017160362408
1197,5.985,1.1226919376378632,3.3955654734785616,2.9765496590832763
1198,5.99,-0.5785052164463492,2.5194776622585686,2.011998559511902
1199,5.995,-2.86126549133742,1.3731623832982622,0.8357543137933483
1200,6.0,-6.007658492281346,-0.12848726888373108,-0.6148601249048697
1201,6.005,-10.014175525620184,-2.1267290865960575,-2.454060663868267
1202,6.01,-10.848899951126237,-4.866027034061487,-4.894329350106817
1203,6.015000000000001,-6.808110445092643,-8.732085096329543,-8.28507445612703
1204,6.0200000000000005,-3.189411207040924,-13.396677296694827,-12.352773813134151
1205,6.025,-0.5155226520515404,-10.489424903578545,-9.671946532680803
1206,6.03,1.5120733408627434,-0.9188034617097864,-1.0214685097896972
1207,6.035,3.0963426240355134,2.477672322597446,2.1902937787095254
1208,6.04,4.356942415944354,4.2413823493232785,3.938643484087015
1209,6.045,5.366976595648558,5.339179451050051,5.078217814394146
1210,6.05,6.173227080060104,6.074619240846669,5.906141538942661
1211,6.055,6.806717879974289,6.379021980204456,6.522577082239152
1212,6.0600000000000005,7.288440302529413,6.221475344070168,6.972921340375008
1213,6.065,7.632593108300454,5.931029584082962,7.2809032892330645
1214,6.07,7.848472164980366,6.025067736481192,7.457906794449648
1215,6.075,7.9415747467104,6.576822842383545,7.507173124058727
1216,6.08,7.914207153544915,7.000432287499011,7.431759117806902
1217,6.085,7.765739878401114,7.237437248627709,7.233805066504928
1218,6.09,7.492569473663543,7.316976984767653,6.912781963334685
1219,6.095,7.087784766046736,7.256701283199307,6.467872792426112
1220,6.1000000000000005,6.54047565858387,7.063621569282935,5.90401572302728
1221,6.105,5.834547707951532,6.7374907894571265,5.235337912507759
1222,6.11,4.946796865140001,6.272195105142085,4.466638136220732
1223,6.115,3.843848494170742,5.655748819492332,3.587526997421573
1224,6.12,2.4774651630170403,4.869184570999821,2.619317970719589
1225,6.125,0.7784184969308633,3.884229298890853,1.6577694760479305
1226,6.13,-1.3446129361029813,2.659341083177874,0.7584741340233112
1227,6.135,-3.952054965761104,1.1335884023704117,-0.19797483006134708
1228,6.140000000000001,-6.677437965463227,-0.7806231418499232,-1.4344739834566909
1229,6.1450000000000005,-7.60546879759394,-3.192743166434024,-3.085875234423286
1230,6.15,-5.6600644994569205,-6.122549751056443,-5.182124451900037
1231,6.155,-3.067518058848705,-8.73712581805641,-7.137924175666809
1232,6.16,-0.8845361886645821,-7.462558366903144,-5.895507380647919
1233,6.165,0.8255153466286038,-2.1794195976746717,-1.27073903346884
1234,6.17,2.152377885803268,1.2947775539542836,1.798540833673957
1235,6.175,3.1763687806648,3.1096965994667283,3.4123827034731535
1236,6.18,3.9543123911650655,4.1664170809644085,4.333462905072581
1237,6.1850000000000005,4.524866552353696,4.7718604900670885,4.88260800967832
1238,6.19,4.914085452388109,4.9868365098907255,5.213484697227895
1239,6.195,5.139230277033098,4.844983535604525,5.404640949293555
1240,6.2,5.211189987329541,4.555297537919792,5.469717548950671
1241,6.205,5.13600187779719,4.41415811512731,5.408178912428175
1242,6.21,4.915833020117091,4.506577459911399,5.245824995441541
1243,6.215,4.549704110602443,4.570961848492806,4.979443257655072
1244,6.22,4.034264470390736,4.4860028034986446,4.560713757758277
1245,6.2250000000000005,3.3651308622439338,4.238586656496764,3.972413303534714
1246,6.23,2.539861514388332,3.8313829623890197,3.258510896999349
1247,6.235,1.564931268953774,3.2655682952645533,2.4510533378227666
1248,6.24,0.4715736382448534,2.540973084878734,1.5566566041432082
1249,6.245,-0.6523345327063712,1.6611903125099223,0.5982960816816236
1250,6.25,-1.6178355626957988,0.6452332077276974,-0.4215077465401933
1251,6.255,-2.1397284506466754,-0.44705623128415173,-1.504833134706284
1252,6.26,-2.007711738862213,-1.4664030275487638,-2.490944475729105
1253,6.265000000000001,-1.3004737459408169,-2.1176052064250177,-2.9600598501485758
1254,6.2700000000000005,-0.2985842522577763,-2.0198212021262645,-2.5829817848269183
1255,6.275,0.7516972101999946,-1.0584757590483997,-1.3518055185890638
1256,6.28,1.7167004280263545,0.35618069197562274,0.3324575941791519
1257,6.285,2.5418239087435994,1.7039155820657905,1.98063596648002
1258,6.29,3.210888461116709,2.75572227281923,3.3013033317601703
1259,6.295,3.723162297971063,3.491696950475137,4.201544489969034
1260,6.3,4.082850520310278,3.9509951798594996,4.733243758547103
1261,6.305,4.294701209235202,4.184347744779684,5.037792796521796
1262,6.3100000000000005,4.362323465797427,4.25531905010911,5.165038006534937
1263,6.315,4.287722137241962,4.233253926193172,5.117043171885156
1264,6.32,4.071509330577615,4.163319047653431,4.911541242130128
1265,6.325,3.7137828674068567,4.044162655648818,4.571365079408237
1266,6.33,3.2161248569879994,3.845391623057682,4.115056345453974
1267,6.335,2.5858315307345867,3.538264685120737,3.5444769678296195
1268,6.34,1.844506952866722,3.106839236518671,2.859717681042645
1269,6.345,1.044035219450803,2.547682587916381,2.078806030607968
1270,6.3500000000000005,0.2900404830203368,1.872016932529367,1.2215131894650897
1271,6.355,-0.2445114141906137,1.1162914440393674,0.30993978773578146
1272,6.36,-0.3661014748526537,0.3644869786985856,-0.5769700608469108
1273,6.365,0.0112478660368123,-0.2217297159822973,-1.256634831401934
1274,6.37,0.7889059653594632,-0.4016325086430905,-1.4719943426909365
1275,6.375,1.7720135224814235,0.031137021450241775,-1.0164226106250753
1276,6.38,2.793698560637199,1.0326201303349736,0.07881496265076748
1277,6.385,3.754802634586816,2.2883131702103885,1.5049532915846946
1278,6.390000000000001,4.608020882381981,3.4827935537120966,2.9120201501387353
1279,6.3950000000000005,5.334814832136017,4.467471987891539,4.111089750833402
1280,6.4,5.930163970607203,5.215179267399437,5.084742856173278
1281,6.405,6.39445061213554,5.746799018516303,5.839596160466568
1282,6.41,6.729465514496344,6.101830571925323,6.378571601094326
1283,6.415,6.936463724143628,6.3303706876816435,6.724291470054415
1284,6.42,7.01515484873445,6.479707504515536,6.901682976720485
1285,6.425,6.963060252618828,6.574302994201621,6.927283064478538
1286,6.43,6.774936098888117,6.608525997923281,6.8116471736071595
1287,6.4350000000000005,6.4420744749878045,6.5601497899930985,6.56301426350664
1288,6.44,5.951329045752982,6.406049044436392,6.187592656520101
1289,6.445,5.2837122585883805,6.126943435258488,5.688243395521667
1290,6.45,4.412446966403859,5.70517845859872,5.0639222615108785
1291,6.455,3.3006742311866017,5.121103331730947,4.3096175578106575
1292,6.46,1.9007027102871408,4.349665935014591,3.4146506973541584
1293,6.465,0.1646751701780155,3.35712127640804,2.3603118219810972
1294,6.47,-1.8872913984707615,2.098099127918416,1.119386493390322
1295,6.4750000000000005,-3.8748697358218456,0.5165117704120119,-0.3427415501312101
1296,6.48,-4.556981402237921,-1.4314120429955937,-2.0537636567985764
1297,6.485,-3.161710226059866,-3.647462604631057,-3.9274468829130313
1298,6.49,-0.9173788114911894,-5.360780773481174,-5.293162950746398
1299,6.495,1.2041228895844456,-4.413964339741176,-4.253170042844554
1300,6.5,2.987639138357816,-0.578190073645338,-0.6189458929922544
1301,6.505,4.449479820759809,2.727256538368828,2.5525870376075095
1302,6.51,5.640788502006945,4.761235813771157,4.57765037202211
1303,6.515000000000001,6.606664820884143,6.054808846912209,5.92461080210249
1304,6.5200000000000005,7.381147091809968,6.888020964929895,6.868162875527289
1305,6.525,7.988861823574194,7.357177905041121,7.54674371062206
1306,6.53,8.447256476405713,7.521423136353308,8.028760116648996
1307,6.535,8.76832842423755,7.541952946884749,8.350771318030493
1308,6.54,8.959791596273837,7.635314787155318,8.533329475946633
1309,6.545,9.025788621680425,7.8837359874739255,8.58763309157949
1310,6.55,8.967241066418325,8.141242238300087,8.519862723206717
1311,6.555,8.781881993426534,8.297461660597678,8.333378192264625
1312,6.5600000000000005,8.463959117994339,8.324952517806459,8.029451885911074
1313,6.565,8.00352601811593,8.22007166359378,7.608352344351553
1314,6.57,7.385127945575104,7.980797822991775,7.071511847560869
1315,6.575,6.58548160906372,7.601413886970867,6.422962451065614
1316,6.58,5.569309068814472,7.07069906009836,5.665343111300171
1317,6.585,4.281445769177466,6.370109248251321,4.797509632724303
1318,6.59,2.6305578761278503,5.470655073795575,3.823537198009614
1319,6.595,0.4510713263919804,4.327061570266594,2.754541084069171
1320,6.6000000000000005,-2.6043719817184523,2.866247227810621,1.5647154247657773
1321,6.605,-7.483008299997341,0.9625734201596616,0.1234602255613968
1322,6.61,-18.880290734067977,-1.62267589170591,-1.8445295810467206
1323,6.615,-12.685461265390698,-5.421477961797766,-4.865993212056576
1324,6.62,-5.377598885774539,-12.00566075774624,-10.383839924727178
1325,6.625,-1.5650702467365851,-30.04929501107096,-26.199788016701376
1326,6.63,0.9433075133248324,-4.332986623349726,-3.310535560118387
1327,6.635,2.750254043841042,4.311545628054947,4.4612233261960235
1328,6.640000000000001,4.106712943457037,5.059767654278585,5.18685237546131
1329,6.6450000000000005,5.140581905435429,6.040387201294565,6.077436570033036
1330,6.65,5.925322661546043,6.665623074498015,6.632363358161941
1331,6.655,6.506501204464551,7.263866841221461,7.04147975035807
1332,6.66,6.913864257743522,6.8852274716408015,7.316224964456795
1333,6.665,7.167525525179331,5.997142604529358,7.480284392443922
1334,6.67,7.2814786241644995,4.818545506688658,7.544133599542815
1335,6.675,7.26584234635909,5.529458945525332,7.496213962638252
1336,6.68,7.128564261013465,6.245098257314152,7.331607199993084
1337,6.6850000000000005,6.877060735817525,6.497524253061056,7.05268856541899
1338,6.69,6.520222535938629,6.523786434835359,6.64331026278448
1339,6.695,6.071263309305795,6.3904545343829495,6.096657932131493
1340,6.7,5.551906499664462,6.128432793994941,5.421805449041746
1341,6.705,4.9980576005845005,5.75974849113111,4.666093899993418
1342,6.71,4.465612371536729,5.308400332418105,3.8929103353749186
1343,6.715,4.031484250074091,4.808529317751703,3.117002838896749
1344,6.72,3.780958655134546,4.312616312727114,2.3100832205317063
1345,6.7250000000000005,3.777005176657204,3.897622247650449,1.5829998371945502
1346,6.73,4.027698736196845,3.660658724711669,1.3644000197905122
1347,6.735,4.481621830724488,3.6912977130130007,1.816532283273316
1348,6.74,5.056124991253512,4.021418733623853,2.771265289408369
1349,6.745,5.670969118607734,4.591252971633779,3.7912094229875044
1350,6.75,6.26554253680936,5.276412192427162,5.1754380813634775
1351,6.755,6.800317048547796,5.95372816776613,6.5056756701068865
1352,6.76,7.251615761537529,6.543224100971021,7.5837661363822155
1353,6.765000000000001,7.605744931050877,7.009683515479795,7.8466237919188755
1354,6.7700000000000005,7.854512192686395,7.347908803255345,8.009341572590584
1355,6.775,7.9922174274325455,7.569285890827468,8.228715014950119
1356,6.78,8.01367543857504,7.691528236599995,8.241514367872897
1357,6.785,7.912821257248115,7.729504824244433,8.085378813245706
1358,6.79,7.681542004722964,7.68850425047912,7.7872053372244565
1359,6.795,7.308437046790679,7.562851613486131,7.420250675972286
1360,6.8,6.777187832038251,7.339136846204196,7.008537623060967
1361,6.805,6.064078638594111,6.999876164937217,6.459956095332158
1362,6.8100000000000005,5.133844651523977,6.524697167206575,5.786737534634749
1363,6.815,3.9321479391220766,5.8888441668551526,5.077729236656701
1364,6.82,2.370780680826153,5.059501284696264,4.238219451609806
1365,6.825,0.2957187853987552,3.989469806374617,3.1171701762338193
1366,6.83,-2.588413268557472,2.605862406766467,1.6785777377670477
1367,6.835,-6.873948427024933,0.7876693640439649,0.000159852473729849
1368,6.84,-12.130331720917413,-1.6839384798239037,-2.1905080034238473
1369,6.845,-8.723706086573038,-5.2463693874296595,-5.215193875598386
1370,6.8500000000000005,-3.6974443642985184,-10.79355291705301,-9.900888905183356
1371,6.855,-0.3218828366762655,-16.764639291276232,-14.834052963691478
1372,6.86,2.084342610756484,-3.6387620578422997,-3.095717090127419
1373,6.865,3.899399932143779,3.3594693027129674,3.222590958870507
1374,6.87,5.314657276002634,5.30151195664107,5.165943949260993
1375,6.875,6.436750032096647,6.565723386039132,6.467506064164965
1376,6.88,7.330214128386166,7.4006456625460775,7.365634135194064
1377,6.885,8.036565890285491,7.952234191828953,8.051650652467217
1378,6.890000000000001,8.583694735473987,7.874752626954297,8.568613330689582
1379,6.8950000000000005,8.99087868475507,7.430527753502808,8.94226267707407
1380,6.9,9.271645907592555,7.030523080344557,9.187055353141893
1381,6.905,9.435500151475146,7.556445086451086,9.305086040978033
1382,6.91,9.489015769617025,8.175714663022546,9.296863506768398
1383,6.915,9.436575708729276,8.541053119049149,9.166866632115031
1384,6.92,9.28091802428581,8.725927677546826,8.916472477130899
1385,6.925,9.023612115856888,8.770544478765856,8.546910753605525
1386,6.93,8.665582418317623,8.694663857055938,8.060582957520312
1387,6.9350000000000005,8.207831435706122,8.508672987198533,7.476637947862672
1388,6.94,7.652594338050695,8.218370053365932,6.820316654531087
1389,6.945,7.0052965977672255,7.827440753931818,6.090720971373942
1390,6.95,6.277872535627345,7.339290140687153,5.28404080920544
1391,6.955,5.494096936331086,6.759099403469672,4.492562356049548
1392,6.96,4.697039069275919,6.096845514795981,3.9209196863069735
1393,6.965,3.9562166555241953,5.372122542946458,3.611082684782297
1394,6.97,3.366144760899763,4.6215315636723115,3.4445785366518376
1395,6.9750000000000005,3.0231677599144016,3.908139350444582,3.301680796106961
1396,6.98,2.98050847631076,3.327827322997413,3.385470770078648
1397,6.985,3.2151869669366477,2.997934229038581,3.6369174071045007
1398,6.99,3.6425407979196502,3.0101539546502902,3.991208633837934
1399,6.995,4.161823428800545,3.3621634974589942,4.264605500259847
1400,7.0,4.690533431280473,3.938350194007109,4.698318276610363
1401,7.005,5.173693772136787,4.577584019901709,5.255997901389623
1402,7.01,5.578910635768398,5.155043188632648,5.720005525220787
1403,7.015000000000001,5.888436368446345,5.607348635839319,6.042127271362167
1404,7.0200000000000005,6.092790717709775,5.916796722223998,6.22988888090975
1405,7.025,6.186561664204817,6.09145158373883,6.324854663287921
1406,7.03,6.165822007160169,6.151999346003686,6.341764087794478
1407,7.035,6.0265187711603465,6.121252865946152,6.248850602624916
1408,7.04,5.763362582511982,6.014190611532511,6.064096625381523
1409,7.045,5.368895226604588,5.8323981163555185,5.828323951582211
1410,7.05,4.8324958161018285,5.565925657956434,5.495840620669088
1411,7.055,4.139102859154146,5.198975650836004,5.005059761389119
1412,7.0600000000000005,3.2673893155529536,4.7138249258682805,4.37437533272653
1413,7.065,2.187048178702973,4.0913061300906355,3.6792553538452117
1414,7.07,0.8548425999753984,3.308997423702743,2.890812527598917
1415,7.075,-0.7901542595942662,2.3381644580857124,2.01821143669858
1416,7.08,-2.826123456077239,1.1395981671631659,1.0250209674596333
1417,7.085,-5.302912487680097,-0.34188095601874924,-0.1628501649923919
1418,7.09,-7.935235524356424,-2.183014466712188,-1.7929958746279233
1419,7.095,-9.176218813643407,-4.475842588303891,-3.83888536973566
1420,7.1000000000000005,-7.679107276414305,-7.233395842362063,-6.22988103685705
1421,7.105,-5.216597169369042,-9.803607453324577,-8.44001507699642
1422,7.11,-3.0251386296967104,-9.287749891948234,-7.899536666118511
1423,7.115,-1.265521927596326,-4.598752492791679,-3.62654127675793
1424,7.12,0.13123069276232,-0.9109416240840602,-0.21384662486965755
1425,7.125,1.2450466293116595,1.0770957806897443,1.696204925405509
1426,7.13,2.1380835314543045,2.258943587299055,2.889153175016558
1427,7.135,2.8567704447516467,2.981281398668765,3.6926685761115055
1428,7.140000000000001,3.4367439770326174,3.342720149688935,4.256862762746421
1429,7.1450000000000005,3.906664970672119,3.3793582146742605,4.652930762699995
1430,7.15,4.290739751494134,3.2778190480559974,4.920939452408535
1431,7.155,4.610233082139487,3.3194707706218116,5.086184349631438
1432,7.16,4.884203092653412,3.6454586514978295,5.166147393553519
1433,7.165,5.129613631915763,4.055356875393109,5.176010901541155
1434,7.17,5.360969054921736,4.4231268216897135,5.130681167282038
1435,7.175,5.589664907942982,4.741768210235879,5.04431989189883
1436,7.18,5.823312879494552,5.028572370663173,4.931128128540497
1437,7.1850000000000005,6.065317283354629,5.299958221275572,4.807368774683011
1438,7.19,6.314906073750423,5.567157137468465,4.692479606445345
1439,7.195,6.567661287763568,5.835631365141382,4.6029921663495985
1440,7.2,6.81642208216128,6.105448400063203,4.5501733359536445
1441,7.205,7.052330694607808,6.372263859809968,4.558433079803135
1442,7.21,7.265792922840289,6.628735572614143,4.684184602484706
1443,7.215,7.447202635870856,6.866055866089154,4.978445527807565
1444,7.22,7.587377877751786,7.075258610148939,5.419157356146028
1445,7.225,7.677730233864288,7.248073159224628,5.924648536542911
1446,7.23,7.710224374748556,7.377271645419548,6.4290725773862505
1447,7.235,7.677187759437353,7.456596679126509,6.893662328538438
1448,7.24,7.571015130664751,7.4804231806888435,7.231488778604988
1449,7.245,7.383789833318505,7.443306709170345,7.358946175415098
1450,7.25,7.106819665341133,7.339525676349364,7.267369172330069
1451,7.255,6.73005943194723,7.162661941304932,7.045329769653505
1452,7.26,6.241362475013998,6.905204559535042,6.725639669528416
1453,7.265000000000001,5.6254633169597685,6.558117232413629,6.293348091478402
1454,7.27,4.862535779525562,6.110281307241909,5.748156218833987
1455,7.275,3.926093326398684,5.547701901095909,5.098029651227219
1456,7.28,2.779941761219897,4.852328257163631,4.346666848362243
1457,7.285,1.374138241849709,4.000275850262824,3.478275905364437
1458,7.29,-0.3579955035217468,2.9591486560129034,2.4623794248294844
1459,7.295,-2.4872726208249816,1.6841334740475817,1.2670709934031303
1460,7.3,-4.977395761495032,0.11311073752025802,-0.161173912524748
1461,7.305,-7.145572996210957,-1.8348964312284348,-1.9134644353677857
1462,7.31,-7.142584393457674,-4.2300374704175425,-4.0658769034630176
1463,7.315,-5.010967077290388,-6.914563713660064,-6.46480502570796
1464,7.32,-2.5909466162625265,-8.507217481640486,-7.860975641383028
1465,7.325,-0.5365637204444131,-5.922704403037429,-5.496472474432535
1466,7.33,1.1224616820801228,-1.2932609415447933,-1.2410437264813012
1467,7.335,2.4576876481323344,1.5791817701983875,1.515666363076745
1468,7.34,3.5357967130011363,3.2387310072126834,3.2049195341823715
1469,7.345,4.406922924116207,4.275729322587704,4.321608191581107
1470,7.35,5.107808180611214,4.911706783428923,5.120717934286748
1471,7.355,5.665906982666362,5.189809429715737,5.7238206828279825
1472,7.36,6.102506639470338,5.197584823761199,6.174319235179404
1473,7.365,6.434925634995135,5.161500400861562,6.496678793168363
1474,7.37,6.678075203405079,5.333885977113732,6.70586627849527
1475,7.375,6.845601428703626,5.691039028635576,6.81045846610755
1476,7.38,6.950733046656675,6.0297440961929105,6.818312637213754
1477,7.385,7.006881522610751,6.284323085158867,6.738081521113316
1478,7.390000000000001,7.027975252057193,6.459090988500481,6.580031977189577
1479,7.395,7.028461775953527,6.570932902919485,6.358201955146986
1480,7.4,7.02289590933014,6.637673370408841,6.093371423291991
1481,7.405,7.025072928211973,6.676587810642124,5.8117032993362505
1482,7.41,7.046782274904592,6.7042072452963986,5.538292391204721
1483,7.415,7.09642692772413,6.735782961646657,5.302066223952311
1484,7.42,7.177893646521141,6.784197403751576,5.157059257894294
1485,7.425,7.290057535171179,6.85853047906877,5.1808963244729735
1486,7.43,7.427111472514403,6.962744071104877,5.413004187535287
1487,7.435,7.579611556598527,7.095044141227573,5.813288210269738
1488,7.44,7.735894139916571,7.248305279738018,6.304700848267921
1489,7.445,7.883466925293701,7.4115223650767685,6.839224651302169
1490,7.45,8.010090172992236,7.57182181754391,7.354567322451855
1491,7.455,8.104439241143076,7.716389239266096,7.753182870133893
1492,7.46,8.156379836548737,7.8338191912847455,7.967429049757587
1493,7.465,8.156955797012802,7.914708363632968,8.031890339883002
1494,7.47,8.098198253478143,7.951591113189066,8.01748553530479
1495,7.475,7.972843402663695,7.9384583519412235,7.927295740438145
1496,7.48,7.774017502130839,7.870117732037482,7.752149816730958
1497,7.485,7.494925195007836,7.7415937463053925,7.5010449016625325
1498,7.49,7.1285668642140365,7.547674880998057,7.189015924771354
1499,7.495,6.667517033443833,7.282627206632236,6.825155817865308
1500,7.5,6.103828643225373,6.940038383332679,6.404947369878485
1501,7.505,5.429211819560816,6.512747376442313,5.925590382674831
1502,7.51,4.635828325451678,5.992852743519757,5.39052918943242
1503,7.515000000000001,3.718471852568461,5.371876106745797,4.7881545550008555
1504,7.52,2.679815927116217,4.641313745612219,4.094988389008635
1505,7.525,1.542086007927241,3.7941251782894736,3.306273177385476
1506,7.53,0.3701595399157908,2.828383997492243,2.4432586017983073
1507,7.535,-0.6943033571667746,1.7557238398230015,1.5308702207635
1508,7.54,-1.4217617090636463,0.6196587536029137,0.6107765215697754
1509,7.545,-1.5926835363378355,-0.469615907083214,-0.22426577367317257
1510,7.55,-1.1858606488181802,-1.2904290140158547,-0.8029012446187869
1511,7.555,-0.4011701345323307,-1.5252937836201435,-0.8877552748565511
1512,7.56,0.5210759881203794,-0.9779863316501229,-0.31079595848506614
1513,7.565,1.4219463832015655,0.14125585013724162,0.7748645243977785
1514,7.57,2.224603275658648,1.3741419026948267,1.972065921413233
1515,7.575,2.900094466108925,2.417625253030621,3.009668209385823
1516,7.58,3.441962354733001,3.189542708045775,3.818905889688758
1517,7.585,3.853043112334591,3.704857105361661,4.416851305816068
1518,7.59,4.139504845117955,4.004761107037587,4.835962691353499
1519,7.595,4.308446599008965,4.143929440826202,5.103280994034159
1520,7.6,4.367190184685739,4.1866272854332,5.237833935253227
1521,7.605,4.323442362827211,4.186195751683774,5.252576553307467
1522,7.61,4.186018672080868,4.161316285470808,5.156932189236433
1523,7.615,3.966060179417521,4.09919775361245,4.959104815581813
1524,7.62,3.678755353795753,3.9809550525949255,4.668074942697248
1525,7.625,3.345495352508665,3.7979434337828377,4.295540279953659
1526,7.63,2.9960389141676136,3.5539900590963827,3.8580988218526944
1527,7.635,2.669523826678399,3.2639646859911355,3.379659585512781
1528,7.640000000000001,2.4122227493989783,2.953532718730448,2.8937721653529236
1529,7.645,2.269892851039198,2.6597070903376347,2.445504388514906
1530,7.65,2.275261528546381,2.429724238294481,2.09163780570916
1531,7.655,2.436371829907108,2.314773122431329,1.8951622079489332
1532,7.66,2.7337325754907225,2.3562615932033952,1.9090974994246697
1533,7.665,3.128515806932211,2.568109058482869,2.1529339182579577
1534,7.67,3.575752879556414,2.9264624992451775,2.59827634318417
1535,7.675,4.034871665882237,3.3771985517743417,3.1778733124482885
1536,7.68,4.474559656989502,3.8572085101607807,3.810280398668355
1537,7.685,4.873206072559269,4.31423639208785,4.4205877147992005
1538,7.69,5.217281178092806,4.715496536219646,4.951594073133867
1539,7.695,5.499301484599956,5.046651262622184,5.370399252802539
1540,7.7,5.716121057838435,5.306686375491697,5.66910914347859
1541,7.705,5.867739491487533,5.502118040397243,5.855730106126682
1542,7.71,5.956585906176568,5.641830216694764,5.942286435130484
1543,7.715,5.987172117498365,5.733432888927791,5.940684879367813
1544,7.72,5.966000484527879,5.781905317139376,5.863898803812138
1545,7.725,5.901610287238491,5.790379258021105,5.726413327201268
1546,7.73,5.8046301956049815,5.761933355579511,5.543344804229978
1547,7.735,5.687672516086408,5.70122419861815,5.330017087572505
1548,7.74,5.564875888003831,5.615427143205082,5.102628937318355
1549,7.745,5.45091850954532,5.514472059077184,4.87851344870705
1550,7.75,5.359438742408197,5.410655955080937,4.675370359153853
1551,7.755,5.301039329526908,5.317614560240106,4.51108400331279
1552,7.76,5.281343482058971,5.24859847771944,4.403846251553894
1553,7.765000000000001,5.299728909229648,5.214160980176756,4.369671565196905
1554,7.77,5.349209107296073,5.219711130542533,4.417033822105812
1555,7.775,5.417485470604927,5.263720795043686,4.542223168718293
1556,7.78,5.4887292281776645,5.337372747994274,4.727850352183208
1557,7.785,5.545455399184615,5.425921420643398,4.945023586724079
1558,7.79,5.5699772569820185,5.511258378508268,5.15978840284907
1559,7.795,5.545211557570778,5.574672836564835,5.341587496849468
1560,7.8,5.454845973936637,5.598887069907734,5.467427156039762
1561,7.805000000000001,5.282993175335405,5.568941243435432,5.5202944928970865
1562,7.81,5.01345579882015,5.471995885226898,5.487041748666428
1563,7.815,4.628663919846353,5.296378509110473,5.357341533508695
1564,7.82,4.108262605409377,5.030231821944933,5.122320018428679
1565,7.825,3.427249564061237,4.660019150102429,4.772866170493357
1566,7.83,2.553548420329092,4.16897721812445,4.297936900194141
1567,7.835,1.445203840102631,3.5354225700265243,3.6827137755285606
1568,7.84,0.0491812326948745,2.73067482613014,2.9063771197310393
1569,7.845,-1.6873492835020278,1.7163847645943187,1.9393682268651147
1570,7.85,-3.74073690965892,0.4417125008880216,0.74058003150465
1571,7.855,-5.677676922218273,-1.1557653655766158,-0.7420630539208126
1572,7.86,-6.13985442080957,-3.1250462185795858,-2.549507252331181
1573,7.865,-4.484698392873511,-5.355747367134784,-4.5817006970939165
1574,7.87,-2.0965404342150915,-6.971510710371977,-6.057002748106163
1575,7.875,0.1112968323638344,-5.630734258274327,-4.885380981781207
1576,7.88,1.9686940832310649,-1.5029674222578286,-1.198078971384347
1577,7.885,3.506032789599675,1.809100184052956,1.8138048158853044
1578,7.890000000000001,4.7784137532288495,3.8485322380774565,3.7345146821057984
1579,7.895,5.832223540297727,5.177840593642681,5.0614103045038945
1580,7.9,6.702220472748193,6.064459919581041,6.0495081910101485
1581,7.905,7.413804284848432,6.5932683139046,6.817333592916436
1582,7.91,7.9854679920091165,6.827241420182098,7.418611176822969
1583,7.915,8.430648072036721,6.94095249182335,7.8790670710748145
1584,7.92,8.759010757029035,7.158681444264298,8.210677621206045
1585,7.925,8.977324746622296,7.544329472406935,8.418498771857259
1586,7.930000000000001,9.090047304814618,7.937037458812467,8.505589968274329
1587,7.935,9.099713711706023,8.23554579151335,8.474893698592123
1588,7.94,9.00719256970326,8.420555902655838,8.329598194696057
1589,7.945,8.811854082884235,8.494248092318527,8.074488329101907
1590,7.95,8.511695602177301,8.460876148740653,7.718128426081094
1591,7.955,8.10348229960223,8.322999471353524,7.273095141111037
1592,7.96,7.583002296051621,8.081090106019575,6.7515890202739826
1593,7.965,6.94563181359608,7.733761171650084,6.166763176899948
1594,7.97,6.187614465684451,7.278125338159928,5.548539694116777
1595,7.975,5.308890980288447,6.710329137417202,4.951176229461836
1596,7.98,4.319134408910527,6.026555109273923,4.415476362995846
1597,7.985,3.2498205900716504,5.225122453133748,3.9237749563827125
1598,7.99,2.1750941845721847,4.310977338257904,3.4211718250834764
1599,7.995,1.235583899331813,3.305072430651914,2.87919506108594
1600,8.0,0.6296632513731438,2.26264587238669,2.3064942822369985
1601,8.005,0.5166410122912741,1.3029304330808662,1.737042395862904
1602,8.01,0.884521762439429,0.6349884445413547,1.2974407464779452
1603,8.015,1.5600694965880038,0.5122950155740416,1.225589663516526
1604,8.02,2.3455538295475225,1.039947427492641,1.688546735181553
1605,8.025,3.1051606993166647,2.005153920311244,2.528594675786505
1606,8.03,3.7672184453759376,3.0432068809853274,3.4233010146232585
1607,8.035,4.2995694697488265,3.9144867615566374,4.171136995038451
1608,8.040000000000001,4.689454536906547,4.542825249160377,4.722748451211805
1609,8.045,4.931978581893218,4.931413635732193,5.094971768611565
1610,8.05,5.024148133625954,5.110581410841133,5.309622775373914
1611,8.055,4.961710317057327,5.123893706049984,5.382505496337933
1612,8.06,4.737144532387393,5.019383028794047,5.328532125087138
1613,8.065,4.337851944785172,4.830278656827599,5.148840986409951
1614,8.07,3.7438435216176726,4.557720817248347,4.826133106158917
1615,8.075,2.924133187205383,4.1745603005951315,4.346460719962578
1616,8.08,1.8305514236736096,3.6421534645520106,3.710572558633516
1617,8.085,0.3865918701308209,2.918529706195825,2.9132455100596535
1618,8.09,-1.532683966614221,1.9542891986247612,1.9266036597721694
1619,8.095,-4.127959933511308,0.6813781675546293,0.6976296827210318
1620,8.1,-7.585909116229253,-1.005122058895167,-0.8756391261473464
1621,8.105,-10.49735083807107,-3.2772302599951644,-2.972530304499819
1622,8.11,-8.353824796874965,-6.408555547604221,-5.8468346193475345
1623,8.115,-4.549329476534147,-10.557346537554425,-9.608657116703567
1624,8.120000000000001,-1.553849272955707,-12.584480072820194,-11.443878831828082
1625,8.125,0.7097552038295328,-4.685436666214935,-4.389814230614634
1626,8.13,2.4627834289903032,1.136405903211498,0.9294076954917609
1627,8.135,3.8486684998365073,3.4640789026527488,3.2124644321470854
1628,8.14,4.955918724785399,4.855321697411977,4.693421668038277
1629,8.145,5.84103830716285,5.7560192036954385,5.758139601293477
1630,8.15,6.541546693063999,6.291993884566597,6.565383740207011
1631,8.155,7.083170269156838,6.348682097778189,7.1642790850237
1632,8.16,7.483957864361797,6.117436034185928,7.58336998363832
1633,8.165000000000001,7.756750454219297,5.97480973080811,7.843067226137489
1634,8.17,7.910745174462344,6.352006350116315,7.954077915739534
1635,8.175,7.952557326776786,6.832787162290705,7.923479687895094
1636,8.18,7.887023069679067,7.148394385708492,7.759774983900099
1637,8.185,7.717915680913659,7.3069317195071255,7.470480346578501
1638,8.19,7.4487335220147965,7.332207020848163,7.062830211881996
1639,8.195,7.083744747744937,7.239816796266099,6.546364591775548
1640,8.2,6.629536024664241,7.039914712351011,5.940554600673574
1641,8.205,6.097388678974354,6.740321703890366,5.267213774086148
1642,8.21,5.506806803552208,6.349079441917188,4.536268866121849
1643,8.215,4.89017745530382,5.877167238859638,3.770233165285452
1644,8.22,4.297273194391922,5.342054375655494,3.0642050625870647
1645,8.225,3.795551539945348,4.7725354236667545,2.5703986163113233
1646,8.23,3.4594346002094643,4.214501911762913,2.3470508627453737
1647,8.235,3.345389505991905,3.735007716462979,2.34987929294222
1648,8.24,3.464758249872167,3.4176538329138357,2.5469549405675247
1649,8.245000000000001,3.777320962343362,3.339627481571268,3.019644120915875
1650,8.25,4.21197236618865,3.5314127544822167,3.6821972250091335
1651,8.255,4.695168221566936,3.9477322824263634,4.367000584367294
1652,8.26,5.168083602189707,4.484717951952651,4.908153537237053
1653,8.265,5.590223405377795,5.031694408878604,5.393081310478643
1654,8.27,5.936033628981422,5.510198843261763,5.8330047970231105
1655,8.275,6.190018502217277,5.880802346899662,6.1452533423877265
1656,8.28,6.342679642530778,6.132857339311407,6.316946732005224
1657,8.285,6.387707286364942,6.272700703689788,6.367500313734744
1658,8.290000000000001,6.32021035640274,6.314041733320174,6.326547798862595
1659,8.295,6.135702602427423,6.269638853118363,6.202822154647604
1660,8.3,5.829685761544208,6.145200977394968,5.981384437543173
1661,8.305,5.397872874131824,5.937774209285616,5.672495726494389
1662,8.31,4.83740743920516,5.638439511427441,5.2933815179784345
1663,8.315,4.1499884881946745,5.236409427903978,4.815422502923287
1664,8.32,3.3488004793518664,4.722361374669824,4.206207786651962
1665,8.325,2.472467622767268,4.091435390269626,3.4882807365951147
1666,8.33,1.6086360885829674,3.348168590421765,2.720868813518072
1667,8.335,0.9177081294070408,2.5169385925749546,1.9358416662459899
1668,8.34,0.611261071537018,1.6627417164872784,1.209934525976999
1669,8.345,0.8317319591574641,0.9241314387560848,0.6643643315489962
1670,8.35,1.526802586636327,0.5356218487715108,0.4696104963943073
1671,8.355,2.4998403821328488,0.7554695130603788,0.7650267638774855
1672,8.36,3.557896005265287,1.638039034915252,1.649562444391722
1673,8.365,4.580282077533283,2.903816681587079,2.92315701986632
1674,8.370000000000001,5.5087859567855375,4.182320607776961,4.231855760889607
1675,8.375,6.321152183190341,5.269479929023324,5.3820071755691705
1676,8.38,7.012384122758149,6.11727359547154,6.326746676383812
1677,8.385,7.584768596291791,6.743084237260856,7.074008890078722
1678,8.39,8.04310370123514,7.186483378581178,7.645327864892147
1679,8.395,8.392542699946505,7.500030203626858,8.061802735282226
1680,8.4,8.637670640120493,7.739321871955246,8.340743540825438
1681,8.405,8.782143607479197,7.941992005353143,8.495623722782916
1682,8.41,8.828577799974953,8.113607636491992,8.537107831322439
1683,8.415000000000001,8.778546317349797,8.237729821531286,8.474155638224845
1684,8.42,8.632623995563515,8.295432812491478,8.314798971751213
1685,8.425,8.390464287367642,8.274142866211964,8.066737005606267
1686,8.43,8.050922563144105,8.167061825625414,7.737906961044585
1687,8.435,7.612273472826677,7.970498531882177,7.336907136267872
1688,8.44,7.072622019791254,7.681983574381766,6.873260798747522
1689,8.445,6.430701250859322,7.299363563235421,6.357965719986139
1690,8.45,5.687418824931514,6.8205928293346325,5.804251154376012
1691,8.455,4.848802444742089,6.24410172900586,5.226674399956618
1692,8.46,3.9313879501391074,5.5698820083085385,4.636808898451164
1693,8.465,2.971251145693223,4.8017511385488,4.038403811140443
1694,8.47,2.036326264242861,3.951700621149133,3.428876008456864
1695,8.475,1.2348468219693025,3.047741940998451,2.8102666318418517
1696,8.48,0.6997005051495376,2.1465487722563052,2.206102318130869
1697,8.485,0.5303948395649587,1.3487690160190287,1.679284591680716
1698,8.49,0.726587406517709,0.8024558273241338,1.3408849249056316
1699,8.495000000000001,1.1888118868716515,0.6605224630699364,1.3190304027553776
1700,8.5,1.785533676880107,0.9765702369826124,1.667386576310724
1701,8.505,2.410724515895796,1.630078624073204,2.2914828564734293
1702,8.51,2.999086810864276,2.401537860136812,3.0080450695554886
1703,8.515,3.5176028449265253,3.1140399860227927,3.6693904846467413
1704,8.52,3.953433315299133,3.6846186803179624,4.209824521200742
1705,8.525,4.305165239678766,4.096940005826381,4.619643550975652
1706,8.53,4.577704579644983,4.368541149585165,4.911729650837206
1707,8.535,4.779584641966349,4.534132569526697,5.103834728014585
1708,8.540000000000001,4.921608670533001,4.634914647606717,5.212634277027112
1709,8.545,5.016113684944827,4.706036219107583,5.252448038511292
1710,8.55,5.076407029891021,4.766947272010807,5.23578223859789
1711,8.555,5.1160931366682565,4.822675061164639,5.175506813898245
1712,8.56,5.148140139911704,4.873032166143372,5.087001011692985
1713,8.565,5.18368358994741,4.919774300989545,4.987874199593775
1714,8.57,5.230732413140079,4.968059291545316,4.895535149708876
1715,8.575000000000001,5.293078034531572,5.024583271672787,4.824573558748183
1716,8.58,5.369727307065184,5.094934681813732,4.784837648303074
1717,8.585,5.455039494617264,5.181365455345642,4.781180917991445
1718,8.59,5.539504005644787,5.281497583805614,4.815756198373525
1719,8.595,5.610882293116768,5.388183612499554,4.890127140188729
1720,8.6,5.655362174773143,5.490422690791785,5.0028308076851635
1721,8.605,5.658441544503824,5.574905086281441,5.144488451647703
1722,8.61,5.605393927738246,5.627600053792692,5.296151442750853
1723,8.615,5.481284699807291,5.634897821705144,5.431697600537037
1724,8.620000000000001,5.270559054351912,5.584068657232305,5.521433570094034
1725,8.625,4.956205696532805,5.463045465962348,5.535133654548402
1726,8.63,4.518420145460711,5.2596696219459425,5.445099896467584
1727,8.635,3.9325366751679134,4.960549103678488,5.229239011352647
1728,8.64,3.1657057108507383,4.549588071648222,4.871603446831345
1729,8.645,2.171182014186245,4.006074021792444,4.358530192318193
1730,8.65,0.8776511127128452,3.301934858007854,3.672411742420927
1731,8.655,-0.8327650417357488,2.397309882654039,2.7856360167792924
1732,8.66,-3.175271534230917,1.232624805444377,1.6530295132072128
1733,8.665000000000001,-6.591556874166664,-0.2869261621330219,0.1975724493587876
1734,8.67,-11.910567010557616,-2.3248086592295607,-1.7202338380811613
1735,8.675,-14.183810656115142,-5.193544588388832,-4.374826870422826
1736,8.68,-8.076255635799773,-9.56545937405168,-8.36414495114864
1737,8.685,-3.71517482621171,-16.661391974675183,-14.779786958313556
1738,8.69,-0.7265542795174054,-15.286627356886209,-13.674555483691444
1739,8.695,1.4899771275145703,0.17103875870543384,0.005838086047043056
1740,8.700000000000001,3.21686409391295,2.900849979226983,2.4896302116413436
1741,8.705,4.601068128456645,4.639242521364562,4.116850628978527
1742,8.71,5.727336800627622,5.722600681037752,5.191866605122955
1743,8.715,6.64841099067475,6.5398143417745205,6.064301648416111
1744,8.72,7.39895321094372,6.9361283235792435,6.786136889816963
1745,8.725,8.002616234270096,6.7053301420260745,7.381219590677866
1746,8.73,8.475910995700291,6.288499289848469,7.856322778315567
1747,8.735,8.830448325411728,6.3468915757211075,8.210893545637322
1748,8.74,9.074293094851786,7.2309303118789545,8.437699303663445
1749,8.745000000000001,9.212802385408947,7.851568877204137,8.535445279949563
1750,8.75,9.249145452955029,8.250920208152285,8.505878085818184
1751,8.755,9.18461562360611,8.493298598754508,8.3481814056276
1752,8.76,9.018798231993271,8.608135456663847,8.062895648306519
1753,8.765,8.749635152671079,8.609589955383095,7.657945350601362
1754,8.77,8.373418401151213,8.504300083595236,7.158843605624831
1755,8.775,7.884754270692119,8.294482070484818,6.579943021551606
1756,8.78,7.276578416675038,7.9792712620716975,5.905491029733168
1757,8.785,6.540407299857084,7.555328570943974,5.156063525067618
1758,8.790000000000001,5.667273283239236,7.017146186760454,4.485379519897241
1759,8.795,4.650429135831046,6.357335670527242,4.050982352284525
1760,8.8,3.492406187588988,5.56726815993864,3.7703625816833517
1761,8.805,2.2220920724186457,4.6388241086029165,3.437082492305313
1762,8.81,0.9310162488250778,3.5690231245190684,2.9955568866292
1763,8.815,-0.1731523919195723,2.371688262747936,2.532807950947405
1764,8.82,-0.7704393218138161,1.1050065810396639,1.8625811759971653
1765,8.825000000000001,-0.6366596988940012,-0.07230876184490853,0.964883288237341
1766,8.83,0.1124207890163754,-0.83074792893742,0.1318406033268973
1767,8.835,1.1555556127735591,-0.7383974030236429,0.14038299078421712
1768,8.84,2.2365971060962826,0.30908607472166505,1.021645844766196
1769,8.845,3.228663263733225,1.8077238985617736,2.254124437477151
1770,8.85,4.0861607054768605,3.190893025033791,3.3802019678295223
1771,8.855,4.800279536997142,4.25115688183654,4.24767090198632
1772,8.86,5.376202160459197,4.993429266496423,4.906446893483592
1773,8.865,5.82339325679872,5.469209766364321,5.38860216692076
1774,8.870000000000001,6.151840502758528,5.736670710040263,5.710090920735996
1775,8.875,6.370779693892333,5.868431546341324,5.941148392990049
1776,8.88,6.488428463555481,5.943891199724407,6.110765700270837
1777,8.885,6.512128904417366,6.014053616322427,6.157614702986645
1778,8.89,6.4486651899430765,6.0777889674294885,6.059269885560384
1779,8.895,6.30467392651529,6.105762081926472,5.888925818820105
1780,8.9,6.0871268001246905,6.074399505273979,5.704956462377988
1781,8.905,5.803885538440711,5.974151561349672,5.4918760661260855
1782,8.91,5.464323646238116,5.804848509185504,5.290882102077963
1783,8.915000000000001,5.079977545033292,5.5713797880182145,5.091810208492729
1784,8.92,4.6651249783428455,5.2817837002168,4.806484498405173
1785,8.925,4.237089391712023,4.946809123388567,4.3430379813180116
1786,8.93,3.8159611379326903,4.580104806747255,3.909557644447464
1787,8.935,3.423391346959417,4.198488373463491,3.548369841090366
1788,8.94,3.0802899299410624,3.8218292713924047,3.2475044625141205
1789,8.945,2.803741506338677,3.472063219810809,3.0464131868229467
1790,8.950000000000001,2.6040918285034342,3.170947306159581,2.950735239281241
1791,8.955,2.4834708527371427,2.9365932057902873,2.951352297288737
1792,8.96,2.43655604334393,2.779640489675372,3.0291107520872815
1793,8.965,2.453313506446786,2.7007353975651425,3.1540562035103017
1794,8.97,2.522562884608928,2.6909213392857563,3.292227208019867
1795,8.975,2.6350811254586457,2.735211028346339,3.420146526212577
1796,8.98,2.7854510965279413,2.8178514376995407,3.5317307746326643
1797,8.985,2.9724560445095465,2.927056556960287,3.6299215312986792
1798,8.99,3.1982030995014976,3.0576669197256576,3.7189786431549656
1799,8.995000000000001,3.466345242220971,3.211391585883751,3.806250272979243
1800,9.0,3.7798930069070416,3.3950770690487078,3.9037966733824865
1801,9.005,4.139200871408771,3.6177170191030052,4.0255536990563465
1802,9.01,4.540687704671547,3.8869999608896713,4.1829821736455255
1803,9.015,4.976615550532401,4.206269570058823,4.3825292542939875
1804,9.02,5.435865116051511,4.572728400130246,4.6251428577102915
1805,9.025,5.905311590557735,4.977374682887034,4.905673361421302
1806,9.03,6.37129521229241,5.406553583222408,5.213386781160191
1807,9.035,6.820802115988975,5.84442368037947,5.536173870851371
1808,9.04,7.242191202364683,6.275419683713036,5.865281285380359
1809,9.045,7.625487568077388,6.6860115864590535,6.195464453894303
1810,9.05,7.962356223307977,7.065500430448568,6.521733568787823
1811,9.055,8.245884469114088,7.405970692450728,6.836778305937623
1812,9.06,8.47027487341324,7.7017080059786895,7.129333776384369
1813,9.065,8.6305139680271,7.948411922304807,7.384581634974278
1814,9.07,8.722050257158475,8.142458736635247,7.588998232405878
1815,9.075,8.74049331468051,8.280355162177704,7.735661647291289
1816,9.08,8.68133269012683,8.35840977209327,7.8220990772450385
1817,9.085,8.539668663913446,8.372568424513556,7.845338369690084
1818,9.09,8.309944814332079,8.318328866520487,7.801295867142894
1819,9.095,7.985674802456073,8.190660303146007,7.685828652191397
1820,9.1,7.559165788880614,7.983883000141828,7.494896090932713
1821,9.105,7.021268135357652,7.691491407063003,7.224306189316627
1822,9.11,6.361251133010785,7.305925765387995,6.869322758307572
1823,9.115,5.567083736357237,6.8183192575088905,6.424138043273647
1824,9.12,4.626859093587959,6.218291527776537,5.881339058461627
1825,9.125,3.5332737928986884,5.4939709488467,5.231628113376367
1826,9.13,2.295910900895503,4.632718169841481,4.46429018091327
1827,9.135,0.9716165212612036,3.623774272763781,3.5695301897395573
1828,9.14,-0.2748191296515641,2.4659718861968054,2.545476784098737
1829,9.145,-1.114834905332952,1.1882215081970928,1.4167069698611239
1830,9.15,-1.1896837723223983,-0.10120081938960901,0.27857127553977445
1831,9.155,-0.4792742098164596,-1.1227704898300415,-0.6202936729665964
1832,9.16,0.6722221559353057,-1.377989763336842,-0.8342582644762722
1833,9.165,1.923607925649732,-0.4903367085102275,-0.022702342604766557
1834,9.17,3.0971890765878944,1.173098754744324,1.4958986083452541
1835,9.175,4.1298422228507885,2.8501359527285435,3.0495796648040283
1836,9.18,5.009917177668138,4.176117525238352,4.317136617293514
1837,9.185,5.744671999504813,5.133431654636896,5.287416085065924
1838,9.19,6.347022651128219,5.785963859101736,6.0238912717163595
1839,9.195,6.830766973864716,6.197505688286621,6.582217964386629
1840,9.2,7.209166793033248,6.441721547751195,6.999555833799704
1841,9.205,7.494816839573291,6.61029943630518,7.299375615949193
1842,9.21,7.699992022544377,6.78100868224437,7.49687050356582
1843,9.215,7.8371488286934685,6.974284076367752,7.603016175164779
1844,9.22,7.919425116309828,7.162467812871908,7.627483738708047
1845,9.225,7.961019672403836,7.317322555332807,7.580559171802218
1846,9.23,7.977315553003653,7.429399004963752,7.474533665390679
1847,9.235,7.984586711810637,7.503197725294713,7.32493743773632
1848,9.24,7.999145949382864,7.5504444634150705,7.151353164468597
1849,9.245,8.03590669639081,7.586291003715154,6.977216129292198
1850,9.25,8.106559149898386,7.6270423257724635,6.829079381513866
1851,9.255,8.217826573057451,7.688119674718765,6.736821866598876
1852,9.26,8.37039397111721,7.781813750048126,6.733148201328998
1853,9.265,8.558932807703851,7.915064459768074,6.8463760768347335
1854,9.27,8.773222448808056,8.087941561269014,7.086096582862606
1855,9.275,8.999946616955464,8.293517704057562,7.434700602073017
1856,9.28,9.224575891533034,8.519339369647888,7.854457694575496
1857,9.285,9.432874957519752,8.749989621949462,8.300056770436957
1858,9.29,9.61183941772918,8.969801431298603,8.722955944285081
1859,9.295,9.750095372605015,9.164887731803093,9.076319401655866
1860,9.3,9.837909198679224,9.324120481450212,9.329186052442406
1861,9.305,9.866971308406049,9.439149326146959,9.476277261871411
1862,9.31,9.830085222419202,9.50379531954438,9.527629846190269
1863,9.315,9.720852200048206,9.513196682123596,9.491421359062603
1864,9.32,9.533413266234884,9.463009284494742,9.372077254020041
1865,9.325,9.262303752236562,9.348841891162667,9.174892219981446
1866,9.33,8.902496817988823,9.165981462578934,8.906265603982742
1867,9.335,8.449773946260299,8.90938016764272,8.57121511993834
1868,9.34,7.901687014443139,8.573863967964035,8.172146221741976
1869,9.345,7.259609078216235,8.154588430568968,7.710325953570472
1870,9.35,6.532742613869625,7.647905536636833,7.1868930887184685
1871,9.355,5.745346240289132,7.053029481444804,6.602743993258574
1872,9.36,4.948052012265175,6.3752456996630675,5.962612495488276
1873,9.365,4.230322002248698,5.631919468469787,5.284553648916362
1874,9.37,3.719875463913041,4.862949685928486,4.609901780779087
1875,9.375,3.543955356792009,4.146049297897721,4.012658494537849
1876,9.38,3.755024078007023,3.609700683146865,3.6076262556673204
1877,9.385,4.291011827788706,3.417562546232758,3.535365150470825
1878,9.39,5.020916296634987,3.6877793320414014,3.890502555777865
1879,9.395,5.818026055317224,4.3804447139639855,4.625926092350147
1880,9.4,6.594864771356165,5.296554303565364,5.559652342180387
1881,9.405,7.301778101967509,6.21815556808842,6.500249374449214
1882,9.41,7.914176212223982,7.015070614379458,7.33485143180242
1883,9.415,8.421433911125314,7.642496846428347,8.023642713042022
1884,9.42,8.819857550229406,8.102498786188637,8.56426515717685
1885,9.425,9.108734226121896,8.419464833481674,8.966651373870919
1886,9.43,9.288215329198056,8.628071404709988,9.241844302702786
1887,9.435,9.35819091824302,8.761383313986542,9.398611864149544
1888,9.44,9.317673288940112,8.838039324214382,9.443092125846558
1889,9.445,9.164435533253847,8.85759802676639,9.379347354081569
1890,9.45,8.894785839106385,8.807476363385097,9.210048947618542
1891,9.455,8.503452753921293,8.672598136736104,8.937058587463177
1892,9.46,7.983661370373307,8.44001671556229,8.561877136159078
1893,9.465,7.327667766456397,8.0990888318323,8.085951618454441
1894,9.47,6.528434424676153,7.640279886324475,7.5108495754622
1895,9.475,5.584089480131395,7.0543324793465825,6.838509314237535
1896,9.48,4.508899469497684,6.332575824355341,6.072044042998297
1897,9.485,3.357910657522388,5.469407840783511,5.217700745501083
1898,9.49,2.271644174649013,4.469467234405074,4.2894058871927045
1899,9.495,1.5134565163781537,3.365303380648198,3.32105753031204
1900,9.5,1.3797932267380586,2.2561514904467455,2.3981223764356496
1901,9.505,1.9375985604785504,1.3729861383165538,1.7157697623107158
1902,9.51,2.9475853569317865,1.10570799431453,1.606492169621076
1903,9.515,4.110882825980049,1.7738706761990635,2.340292408238659
1904,9.52,5.24060642766279,3.177914016956646,3.7281085604635633
1905,9.525,6.2549967254885175,4.726010827991533,5.235603600127452
1906,9.53,7.1281853100787895,6.032082133262673,6.517064696428914
1907,9.535,7.85792619571538,7.014700274289799,7.505450781217733
1908,9.54,8.450357483812313,7.7066040780679685,8.239931382058797
1909,9.545,8.913625441066031,8.159468417094352,8.771054414389965
1910,9.55,9.255408099237162,8.434894619776637,9.137692962344339
1911,9.555,9.482053935284355,8.608033517512304,9.366601669693718
1912,9.56,9.598365525039885,8.745311764446313,9.475499987883484
1913,9.565,9.607629298758576,8.870138020379326,9.475803872719625
1914,9.57,9.511735934741491,8.96189665375923,9.37494500747838
1915,9.575,9.311344944960776,8.98962596029057,9.178126207339169
1916,9.58,9.006106703798887,8.932989024776727,8.889545268638674
1917,9.585,8.595007193005443,8.782092252974323,8.513745787472372
1918,9.59,8.076974275723064,8.53238010896521,8.057206180619762
1919,9.595,7.452012323261139,8.181393980208895,7.529115346888714
1920,9.6,6.723358244246416,7.727561825094636,6.941075618602815
1921,9.605,5.901510232214844,7.17035443520254,6.3074440978362825
1922,9.61,5.011358392671034,6.511668866927479,5.646586269857437
1923,9.615,4.1032806187691335,5.758912916389634,4.979865739186747
1924,9.62,3.265432780675069,4.930893316465748,4.328392205376401
1925,9.625,2.6237294947508905,4.068048538237141,3.7166805729083956
1926,9.63,2.305107485501903,3.2473977415787214,3.1901425061152313
1927,9.635,2.3651356370594607,2.595426576743733,2.834427120246991
1928,9.64,2.7467313609080786,2.2738631642355918,2.765571687143196
1929,9.645,3.322265292439281,2.4025599073922033,3.064042255311139
1930,9.65,3.96585376832795,2.9487616680115445,3.685519047268637
1931,9.655,4.589642053144106,3.7207693816331964,4.46266288543029
1932,9.66,5.143626566050626,4.502434196436216,5.218573748351384
1933,9.665,5.603423644120468,5.161640628053748,5.850012564730909
1934,9.67,5.959348065851287,5.651671275064082,6.3240805809002785
1935,9.675,6.20952027741534,5.973870736330073,6.645567732676685
1936,9.68,6.356154276352184,6.1528890131774965,6.832359935336784
1937,9.685,6.40384204075318,6.224596869737066,6.902850558097308
1938,9.69,6.3590443573690605,6.224617919821058,6.87157607031722
1939,9.695,6.230365598343232,6.176012719285418,6.749837610384466
1940,9.7,6.029407133787697,6.0848596121106775,6.547351846787305
1941,9.705,5.77206010657029,5.947546361372149,6.272993798893895
1942,9.71,5.479992261029521,5.7614539124254955,5.937253911172107
1943,9.715,5.181756343450546,5.5312319398820184,5.557146765114355
1944,9.72,4.912424241415622,5.270858896711444,5.159232409018022
1945,9.725,4.7102800646626966,5.004058969881729,4.77840236023998
1946,9.73,4.609752106948989,4.7637332908717545,4.4551489259912085
1947,9.735,4.632163381294986,4.589109417179255,4.231967887600681
1948,9.74,4.778799499809798,4.518716570989475,4.1466074954204
1949,9.745,5.030750385939861,4.579023710293834,4.223155898796431
1950,9.75,5.355662535695503,4.772922433232772,4.464473301982482
1951,9.755,5.717077813961025,5.075725182224076,4.847492967275907
1952,9.76,6.081767081054684,5.443059075180932,5.32514294575652
1953,9.765,6.423328325313142,5.8260105458382,5.838856461433558
1954,9.77,6.722798058869641,6.184157251785108,6.333393997240102
1955,9.775,6.967747763359982,6.491300311185193,6.765287991395703
1956,9.78,7.150987873999172,6.734956399941032,7.106112703213428
1957,9.785,7.2694611967307585,6.912843704090697,7.342918980776259
1958,9.79,7.323539026612784,7.028663054147957,7.47529214480755
1959,9.795,7.316752076455595,7.088389411891737,7.51005834768032
1960,9.8,7.255911112710359,7.097895039795492,7.457318002248211
1961,9.805,7.151520044223059,7.062361119055593,7.329379801684468
1962,9.81,7.018299872708038,6.987244116547187,7.141020227954694
1963,9.815,6.875492232590757,6.880009514033555,6.909728814604341
1964,9.82,6.746415009495616,6.75183492666771,6.655949497336479
1965,9.825,6.656632447441071,6.618758907307404,6.403503006297949
1966,9.83,6.630355111274309,6.501856702570749,6.179617274405071
1967,9.835,6.685540450404658,6.425884013487984,6.013623383951101
1968,9.84,6.829349856225826,6.415790998688083,5.933905215088702
1969,9.845,7.056118595525154,6.491107807944383,5.963166122453657
1970,9.85,7.348940403078271,6.659674301159409,6.112587788355664
1971,9.855,7.683973745811103,6.913696376034262,6.377005571076403
1972,9.86,8.035345013013863,7.230829686342471,6.734225530414216
1973,9.865,8.378866500093627,7.580201087922728,7.14952904835112
1974,9.87,8.69395176873903,7.930205937326689,7.58310222975466
1975,9.875,8.964029330751309,8.254461067498061,7.997364093563288
1976,9.88,9.17606412671983,8.534324525299052,8.362296426506354
1977,9.885,9.319701534600789,8.758495610571469,8.657525103887323
1978,9.89,9.386338064130776,8.920981438448647,8.87103448900329
1979,9.895,9.368246904313548,9.018550534353153,8.99643085419436
1980,9.9,9.257777266900607,9.048441100749567,9.030655277320815
1981,9.905,9.046586758859746,9.006776918197932,8.972425834537736
1982,9.91,8.724830002785083,8.887791609027273,8.821079529502228
1983,9.915,8.280192332585187,8.683616549149185,8.575635129499357
1984,9.92,7.696604824422239,8.384215562554786,8.233947928526058
1985,9.925,6.952382075546359,7.977094255910074,7.791809772325387
1986,9.93,6.017350461642192,7.446538261811783,7.241827164148342
1987,9.935,4.8482347743240375,6.772187679374944,6.571849856859641
1988,9.94,3.3811878601523797,5.926663509810691,5.762601093262082
1989,9.945,1.520875312601306,4.871703536128179,4.783936896504388
1990,9.95,-0.8642593536367847,3.5518183528347027,3.588794362419666
1991,9.955,-3.8384204776355952,1.8840042878910288,2.1035380903379033
1992,9.96,-6.500496090535909,-0.25642967733599153,0.2148685325822557
1993,9.965,-5.8049325410346775,-3.0332515632584407,-2.2281394159344456
1994,9.97,-2.774068215124318,-6.42871308448942,-5.217580043249866
1995,9.975,0.0195939585930129,-8.495379943362712,-7.029130442228347
1996,9.98,2.2147128750194,-3.90462508846721,-2.9168853851953527
1997,9.985,3.930897390011989,1.8645977223739445,2.2824411122797055
1998,9.99,5.288532363440881,4.574528170138896,4.795865581691243
1999,9.995,6.37044528021459,6.102898552907774,6.2726723458795774
2000,10.0,7.231810545378325,7.055603133009567,7.2599726018134625
2001,10.005,7.909985612853023,7.626358205032387,7.976378668624097
2002,10.01,8.430822462479751,7.786269058409433,8.505904960276181
2003,10.015,8.812514138510764,7.645912100264011,8.886966212787858
2004,10.02,9.067965389227645,7.503160236825161,9.138208876067468
2005,10.025,9.206294096974627,7.701751547961489,9.266856700951978
2006,10.03,9.23381589799044,8.084890456289338,9.27523541487825
2007,10.035,9.15472203192657,8.36702920196973,9.165719985867511
2008,10.04,8.97158632375077,8.508022875355792,8.940239596064348
2009,10.045,8.685804967810217,8.520009256771178,8.600854229508563
2010,10.05,8.29807129633373,8.41503234092169,8.152254113802721
2011,10.055,7.809016634612989,8.200839057663092,7.606465437691195
2012,10.06,7.220215683763104,7.882084419148127,6.979613624773998
2013,10.065,6.535872453485807,7.461751214597281,6.281480136416332
2014,10.07,5.765666146138947,6.942537254820975,5.526866570564888
2015,10.075,4.92935060514507,6.32857182506549,4.774565277154074
2016,10.08,4.063371980310864,5.627989089030651,4.126991133371884
2017,10.085,3.227951277543303,4.857053259381376,3.6329991584010752
2018,10.09,2.508377916084916,4.046554298181384,3.252893336122908
2019,10.095,1.9988379129778004,3.2503592243108628,2.9426801562256006
2020,10.1,1.7637435483798989,2.5525749848571793,2.759025875397058
2021,10.105,1.7999483722358112,2.062023859390283,2.7340056171879046
2022,10.11,2.037697121576957,1.8766955748209897,2.846999694782188
2023,10.115,2.3792156002526936,2.0207151455050223,3.0527429491102676
2024,10.12,2.7366446563455797,2.408256142033314,3.3741762615663795
2025,10.125,3.0472592288561646,2.887910663612917,3.777548530684064
2026,10.13,3.271762529141017,3.324308040232018,4.129029091242581
2027,10.135,3.3872695656723333,3.6382079512887113,4.3510217101915165
2028,10.14,3.3810806387214125,3.79943926786032,4.432297680250271
2029,10.145,3.24686067558766,3.8076920614944862,4.3886619115444665
2030,10.15,2.983287330919457,3.6785224589563636,4.2330231349292085
2031,10.155,2.5952498406641897,3.4333908375143123,3.960925616835296
2032,10.16,2.098290257378661,3.090928247864382,3.5793223001399213
2033,10.165,1.5275579156247645,2.6623919251134125,3.107983408820387
2034,10.17,0.9515915283556466,2.1560049870626132,2.5456589720898126
2035,10.175,0.4845760018973539,1.5901217215756112,1.8918074807351823
2036,10.18,0.2747297609323006,1.011845443006452,1.2046834838717202
2037,10.185,0.4419652311723736,0.5176828335599941,0.6151783995949218
2038,10.19,0.9959824539637564,0.2633740533476523,0.2845234926356106
2039,10.195,1.8295147586998175,0.42483731577371575,0.3851492226848894
2040,10.2,2.795909764086721,1.0798664151856983,0.9937239233875217
2041,10.205,3.7776799916119512,2.105338975799362,1.9806821230564906
2042,10.21,4.70344720781098,3.2532047518223752,3.069108063809624
2043,10.215,5.5369670249104095,4.321938272697354,4.095199176040626
2044,10.22,6.262703669100834,5.219666144730414,5.026186662915224
2045,10.225,6.875765198523896,5.929053485913444,5.838673112562451
2046,10.23,7.3761263678442255,6.467655505629292,6.523993249355805
2047,10.235,7.7655682476748735,6.86965285913643,7.084742409610941
2048,10.24,8.04610612517225,7.175265977058221,7.518792307665764
2049,10.245,8.21917796185312,7.416981398502607,7.822068977854329
2050,10.25,8.28519874699156,7.6076601015439875,7.99236907567238
2051,10.255,8.243270276988431,7.741191769975761,8.031422993765855
2052,10.26,8.090929897708314,7.803330223284293,7.944456493246067
2053,10.265,7.823866596470344,7.780573816222674,7.738513801483257
2054,10.27,7.435551999288306,7.662542064178589,7.421320859907897
2055,10.275,6.916741742019803,7.440851619453111,7.000845596565787
2056,10.28,6.254814639855479,7.1073589084494095,6.484788761544293
2057,10.285,5.432967729095045,6.652677682447147,5.879789342959024
2058,10.29,4.4294822781313306,6.064965585435604,5.1904590834140185
2059,10.295,3.2179816126721845,5.328808095392184,4.417567092879058
2060,10.3,1.7720721067038263,4.424149890963834,3.554300831429387
2061,10.305,0.0862477502127455,3.325627671680897,2.581684757243397
2062,10.31,-1.7494329753922555,2.0039383853009647,1.4677106747619502
2063,10.315,-3.3523495228376987,0.43523498117513437,0.1772881140141207
2064,10.32,-3.92538889087363,-1.3605929608211733,-1.2903889913100475
2065,10.325,-3.083240514344627,-3.1881934793475892,-2.7817134328312534
2066,10.33,-1.498283683753763,-4.3511857406345005,-3.6948888043624546
2067,10.335,0.1431789492694301,-3.618653218035764,-2.9428238748378925
2068,10.34,1.5863674749506682,-1.0779747457242355,-0.5960260520856684
2069,10.345,2.788336943122568,1.4266768368646114,1.7169460157144694
2070,10.35,3.7669103141541935,3.154257227469154,3.3418746635732886
2071,10.355,4.550889988087461,4.273942283613511,4.437584096040129
2072,10.36,5.1670877393284345,4.972227923058663,5.190454593505309
2073,10.365,5.638012238000125,5.344718745171962,5.713696549423865
2074,10.37,5.982360680626316,5.468474376300134,6.070060947186594
2075,10.375,6.216113051774153,5.474545027207367,6.294820691341311
2076,10.38,6.353650748003075,5.515108013006351,6.408373134582516
2077,10.385,6.408771271587619,5.649033202029495,6.4232140616686575
2078,10.39,6.395570145368394,5.80617494945534,6.348704740240588
2079,10.395,6.329144004400429,5.9179396632995385,6.194393364437676
2080,10.4,6.226004838790211,5.9654082341446655,5.972433581324223
2081,10.405,6.104020542087599,5.954916123151201,5.6992972811424805
2082,10.41,5.98166263968139,5.9016710793096925,5.396377401605136
2083,10.415,5.876427139474266,5.824186716719413,5.088813366410846
2084,10.42,5.802563686474208,5.7421226006431665,4.802499137485492
2085,10.425,5.768650590155032,5.674406478069162,4.564538645247926
2086,10.43,5.77584864895564,5.636746520240868,4.410464851868025
2087,10.435,5.817551630817439,5.638734399275508,4.384808388430466
2088,10.44,5.880578180702797,5.681462732900994,4.5168953333774935
2089,10.445,5.947374951040651,5.756798230169755,4.792074625460394
2090,10.45,5.9983781873151205,5.848883858841398,5.158060834448408
2091,10.455,6.013835909089259,5.937349213382448,5.5559453898936635
2092,10.46,5.97478638691585,6.000896918362395,5.9265542842876044
2093,10.465,5.863223283110023,6.019978979493082,6.199466145061466
2094,10.47,5.66162448747861,5.977962341062377,6.316252506081828
2095,10.475,5.352008820941555,5.860881769120952,6.26340943261392
2096,10.48,4.914589256179407,5.6562243381288475,6.065562190541827
2097,10.485,4.325968971312596,5.351212898776348,5.734624290627696
2098,10.49,3.5567101856350947,4.930912147107917,5.263351519477611
2099,10.495,2.5680739203202623,4.3762620124616864,4.643510989170493
2100,10.5,1.3081980685717,3.661891792878344,3.8664497842302517
2101,10.505,-0.2888593110561801,2.753355072881277,2.914852810929226
2102,10.51,-2.280353502974409,1.6034406427126302,1.7543580949459878
2103,10.515,-4.559770310757735,0.14824660537345924,0.33280793249612106
2104,10.52,-6.24291612843561,-1.6902040917384467,-1.4134877396357748
2105,10.525,-5.621168472568369,-3.9553324176701263,-3.522008374753529
2106,10.53,-3.269934597911102,-6.35926091105674,-5.742282898857887
2107,10.535,-0.8109956817956507,-7.181320947248796,-6.5433141744783665
2108,10.54,1.2741044002741502,-3.851731759435676,-3.6171476713013977
2109,10.545,2.977869916838861,0.5440294589555243,0.3286725839309357
2110,10.55,4.366039819719772,3.231088039290982,2.832555313062943
2111,10.555,5.497837387473292,4.868230474053306,4.467585153685232
2112,10.56,6.417196494984775,5.93255416885273,5.651236431041378
2113,10.565,7.155491860017131,6.600949265270647,6.551903374716843
2114,10.57,7.734987896905086,6.909343626873993,7.237175774277482
2115,10.575,8.171426691815848,6.969466349774029,7.750797770331621
2116,10.58,8.47579603190617,7.011959006293273,8.118272021614452
2117,10.585,8.65552227631245,7.249922857567226,8.347207715407219
2118,10.59,8.715297619007934,7.599470660605949,8.440156299974419
2119,10.595,8.657703883849452,7.877477767461334,8.399889239771467
2120,10.6,8.483778036023246,8.02947284875741,8.228948803426288
2121,10.605,8.19369173606959,8.052666302055464,7.930362484449564
2122,10.61,7.78780945228158,7.951941984409256,7.509835974445793
2123,10.615,7.268587176451171,7.731342298388469,6.978498063920119
2124,10.62,6.644130221692559,7.393701906717199,6.3509853196882045
2125,10.625,5.934723852039257,6.9422560318061155,5.641737055215373
2126,10.63,5.183790595451038,6.3836837767807175,4.876412597925703
2127,10.635,4.472373500233874,5.733576076179684,4.1174343961747795
2128,10.64,3.926557906238196,5.026123412929434,3.4620831942063512
2129,10.645,3.691074141837124,4.329568941558179,2.993864173343895
2130,10.65,3.853937225934807,3.763902515028585,2.773881213054055
2131,10.655,4.38117584277192,3.4997404174368834,2.8900105630903887
2132,10.66,5.143699705767717,3.6944851675223056,3.450594564561122
2133,10.665,6.000319661787054,4.3639258813283845,4.414396877735494
2134,10.67,6.84865764438973,5.328999036026147,5.544343652639112
2135,10.675,7.629647679417028,6.344328067417324,6.583252148336373
2136,10.68,8.314080475719429,7.245332939754679,7.444264138394402
2137,10.685,8.889545924928274,7.96894233703015,8.13623671912921
2138,10.69,9.351993706876511,8.510899142330938,8.655188850622558
2139,10.695,9.701020164180528,8.89392038835,9.010332692294876
2140,10.7,9.937395215922136,9.153825838073578,9.227585390914815
2141,10.705,10.061800578969798,9.328337314462999,9.334026442477011
2142,10.71,10.074199223920106,9.44291367100642,9.345558873829377
2143,10.715,9.97354262735842,9.502317319317822,9.264320004459243
2144,10.72,9.757695769674218,9.495590019921753,9.095582188733141
2145,10.725,9.423586203052102,9.407262286310925,8.847315020033474
2146,10.73,8.967725112755051,9.224107715593725,8.511542400784728
2147,10.735,8.387482638771349,8.936284856327298,8.074655806412824
2148,10.74,7.683949568585624,8.536472065004347,7.544569703908836
2149,10.745,6.8680520653299615,8.01945500895666,6.948355943499304
2150,10.75,5.972770744785252,7.383315707966598,6.306122942448987
2151,10.755,5.074203947636744,6.633448206585,5.637186997724989
2152,10.76,4.315366978219501,5.791771529114234,4.9648635734337185
2153,10.765,3.8965375824219146,4.915070068247499,4.318756801661336
2154,10.77,3.976787460037015,4.124860629307748,3.765098918720382
2155,10.775,4.542259269506382,3.632925243119991,3.4863280560862404
2156,10.78,5.419312079019012,3.6939788365926445,3.722674536683558
2157,10.785,6.412216235039194,4.4104212000458345,4.553709638594401
2158,10.79,7.388227754577698,5.5657138866288784,5.769973952108243
2159,10.795,8.278940403986299,6.796210601295992,7.0382953651905265
2160,10.8,9.055635254123892,7.866841168679885,8.145726458896727
2161,10.805,9.70945484984432,8.705704150092695,9.031716719262796
2162,10.81,10.2402332030785,9.31953146860796,9.708262990218133
2163,10.815,10.65096820007819,9.742345732616021,10.204364739995704
2164,10.82,10.945242183673802,10.022153098009891,10.546428422316563
2165,10.825,11.126063802344316,10.212396866928566,10.754712831094771
2166,10.83,11.195373434673714,10.352998386959108,10.843837883685465
2167,10.835,11.153859326983843,10.453964929519369,10.823841557233127
2168,10.84,11.000937253678876,10.500677655100237,10.701426805142326
2169,10.845,10.734864480767005,10.472518448736755,10.481213423026954
2170,10.85,10.353057499561356,10.353769884396108,10.166701611658107
2171,10.855,9.852819066980606,10.13440863233031,9.761267239780064
2172,10.86,9.232927539656432,9.807845259302656,9.26958150058742
2173,10.865,8.497014733826473,9.369358930293773,8.698904151410815
2174,10.87,7.660475739782684,8.816056410481897,8.059811982595598
2175,10.875,6.763553095972728,8.148758662597213,7.367297065019277
2176,10.88,5.8918961569425,7.376942595227385,6.643233622131919
2177,10.885,5.194333349256142,6.529148650852801,5.921222277970109
2178,10.89,4.858842068764821,5.67228692818933,5.258586652587789
2179,10.895,5.008563250281595,4.939503266627766,4.7604377898237304
2180,10.9,5.59886982217196,4.543729221087661,4.596717088339429
2181,10.905,6.457741295000902,4.70713704068231,4.94461034847588
2182,10.91,7.409402946765358,5.47033490853884,5.820831142705674
2183,10.915,8.338058972391993,6.591846304035394,6.994654360248418
2184,10.92,9.184219641032652,7.745556631724155,8.168399614063114
2185,10.925,9.922799406687655,8.738154707518353,9.173590700022961
2186,10.93,10.54614038578226,9.514128476062506,9.970870574509831
2187,10.935,11.054392535621986,10.082849775394248,10.576092046781657
2188,10.94,11.450675655680538,10.4783140637736,11.016563461015087
2189,10.945,11.7387794513377,10.747602165882117,11.317178554144974
2190,10.95,11.922111148487597,10.940329006080926,11.497490512823596
2191,10.955,12.003234554242695,11.090185474453886,11.571494348743158
2192,10.96,11.983682437374965,11.202919850221395,11.548595545018363
2193,10.965,11.86389319415498,11.264363146601426,11.435226939221108
2194,10.97,11.643208697527282,11.256896138949081,11.235988482553116
2195,10.975,11.319920218380808,11.167720033222398,10.954426474294443
2196,10.98,10.891390959953103,10.988956455906266,10.594691952358943
2197,10.985,10.3543395494809,10.71548264939922,10.163433341497374
2198,10.99,9.705468235970727,10.343240701441719,9.669834320245474
2199,10.995,8.942812469482732,9.868415929313038,9.123948969315322
2200,11.0,8.068557648542061,9.287368589238366,8.535198007771076
2201,11.005,7.094701931964041,8.59737027194994,7.910832221371898
2202,11.01,6.053675983415729,7.798583112259406,7.253931234434453
2203,11.015,5.015331649923036,6.898334682667231,6.5645588026365616
2204,11.02,4.104097754774976,5.919673706842485,5.848932285939619
2205,11.025,3.4885904846635936,4.9170113272359055,5.136837133516431
2206,11.03,3.305526247331064,3.9993727208348515,4.504445449572161
2207,11.035,3.5567990713491158,3.346722021964564,4.091059732808791
2208,11.04,4.1072447726928765,3.1685772828885086,4.067394944809149
2209,11.045,4.786330297352706,3.556276936861826,4.510067935066293
2210,11.05,5.466433918694893,4.351870917720176,5.285474904037966
2211,11.055,6.074881305552714,5.256651197642079,6.1398237112491065
2212,11.06,6.577148826289173,6.048266082894951,6.88627356694533
2213,11.065,6.959794667281257,6.638909054432752,7.455738629957349
2214,11.07,7.21980910782835,7.019991977547858,7.846891150973965
2215,11.075,7.359109115593831,7.215733650538631,8.080011118933122
2216,11.08,7.382122962221812,7.2662188633114075,8.176318983548986
2217,11.085,7.29517405859828,7.217940666154488,8.152289940032066
2218,11.09,7.107069093726239,7.108473899157712,8.019893368234316
2219,11.095,6.8307223635342265,6.953213198234788,7.788283761824769
2220,11.1,6.485823781426863,6.7485937608447655,7.466134850581876
2221,11.105,6.102378951014052,6.487881569454087,7.065310270692917
2222,11.11,5.724099661195687,6.17388220550616,6.605162880875442
2223,11.115,5.408811391419672,5.824504335970445,6.115917672806617
2224,11.12,5.2211769896620455,5.475429369437261,5.641019508854537
2225,11.125,5.214916495122895,5.181277864354288,5.238316909105547
2226,11.13,5.411059208285191,5.011310531361855,4.9767827202596715
2227,11.135,5.788088606719591,5.032929954199964,4.923411246611226
2228,11.14,6.2928559427148,5.282168625837305,5.119030238063574
2229,11.145,6.862523429798899,5.737878357843491,5.554499864244685
2230,11.15,7.441875318191284,6.3255863246471105,6.168425878896327
2231,11.155,7.990101988130817,6.952271132514078,6.87267216976993
2232,11.16,8.480156325567025,7.541996804061126,7.584254751610191
2233,11.165,8.895320316196141,8.049849146694982,8.24106112087016
2234,11.17,9.225675853020388,8.45817990861156,8.801092452908511
2235,11.175,9.465385930699082,8.767462782767424,9.237780251449884
2236,11.18,9.610840477621169,8.98761712086947,9.538461319210226
2237,11.185,9.65946909514768,9.130471907141596,9.703143659110989
2238,11.19,9.6090163515458,9.203921533378692,9.739502989577268
2239,11.195,9.457139177098457,9.209321348472844,9.65685156370198
2240,11.2,9.201262327692136,9.14248555139389,9.463784063751174
2241,11.205,8.838712096117124,8.996444113296546,9.168573325416354
2242,11.21,8.367261033402276,8.763793794564817,8.77941808049145
2243,11.215,7.786397758393351,8.437921939804141,8.304072274224646
2244,11.22,7.099944837196505,8.013581158099965,7.749832405695999
2245,11.225,6.32112161914466,7.487617898720286,7.124425121461044
2246,11.23,5.481574126739423,6.8606828436856,6.437597720259903
2247,11.235,4.644985091962036,6.140979418468982,5.704060876971908
2248,11.24,3.919736831864963,5.351639129755563,4.949862212293102
2249,11.245,3.4498123852518288,4.543623625917662,4.22379298276272
2250,11.25,3.35662142191322,3.813669353031144,3.612535776285832
2251,11.255,3.6568830361835536,3.3150283254805997,3.2489982898530876
2252,11.26,4.248902727475911,3.2238127277669566,3.2821000039558306
2253,11.265,4.985764683706134,3.6272110105334683,3.778312098666122
2254,11.27,5.746023968215508,4.416105670135412,4.628008764048386
2255,11.275,6.453775559479206,5.346995216581819,5.60354999458531
2256,11.28,7.068882028921531,6.21189688627121,6.513784740579232
2257,11.285,7.57253268363606,6.9106525035376265,7.2689491841852245
2258,11.29,7.9568470958971504,7.4201552448867965,7.84949405040819
2259,11.295,8.218777036042153,7.753968254858746,8.26413090051475
2260,11.3,8.356778446274854,7.942877606241257,8.52780127073241
2261,11.305,8.368993999326989,8.024158523662187,8.653731643218528
2262,11.31,8.252180671287158,8.028016213720523,8.651395300122674
2263,11.315,8.00095613596889,7.9651843699937235,8.52650082164334
2264,11.32,7.607133394086167,7.826375049735061,8.281550026913854
2265,11.325,7.059038380589348,7.5923624468734925,7.916405739313371
2266,11.33,6.34085315277226,7.242819849158061,7.4286945272794105
2267,11.335,5.432384219829061,6.758657014941578,6.814028098914949
2268,11.34,4.310765244253031,6.12058985027263,6.065959031213131
2269,11.345,2.959211093853784,5.3071240995554705,5.175625464551209
2270,11.35,1.3992217474381785,4.293777976230128,4.131759246989193
2271,11.355,-0.2107368029784621,3.0562974423542975,2.923576506906148
2272,11.36,-1.384173177988477,1.586649850696371,1.554102961874365
2273,11.365,-1.4070769601212465,-0.050020236397736895,0.08839184275469147
2274,11.37,-0.2396505356801161,-1.546584658716779,-1.1993793499923955
2275,11.375,1.4187046235744816,-2.067569270878961,-1.571502772089211
2276,11.38,3.0512968243441927,-0.6710616898410269,-0.19744330066315818
2277,11.385,4.482326734614615,1.9264425112818153,2.2793063004178737
2278,11.39,5.685026274613957,4.197767603210151,4.4878606091650655
2279,11.395,6.6753785965547525,5.781999123028209,6.090218025866236
2280,11.4,7.4767744505749985,6.8435375741656905,7.227105537236229
2281,11.405,8.110268508258939,7.523375404621307,8.03754471204712
2282,11.41,8.5925819147178,7.899350141677982,8.609278619936813
2283,11.415,8.936234855254956,8.057552021245746,8.993796284409466
2284,11.42,9.15013462003384,8.130305430480187,9.221231430800668
2285,11.425,9.24014691134495,8.239152209500844,9.30957437945383
2286,11.43,9.209543452490143,8.394276971881093,9.270130183947817
2287,11.435,9.059331477648213,8.517026419227783,9.110541183328662
2288,11.44,8.788513395144186,8.549005631321794,8.836104698453628
2289,11.445,8.394364429100847,8.468486805111507,8.450834314460653
2290,11.45,7.872894476169256,8.269006994598623,7.958881812642527
2291,11.455,7.219837701762696,7.9477157014091695,7.365888917955745
2292,11.46,6.432907674930605,7.5016831538008395,6.67939810748759
2293,11.465,5.5168870723831365,6.927406432050567,5.909204333845688
2294,11.47,4.494629772151637,6.222075595352945,5.0719938693515765
2295,11.475,3.428524712596409,5.3871240593793654,4.19979123548002
2296,11.48,2.452286381713372,4.436301220483614,3.3403738579374114
2297,11.485,1.7835081930298875,3.41283258692457,2.546973813725509
2298,11.49,1.639068250959538,2.4216244357571832,1.8904286972144573
2299,11.495,2.0583309668685343,1.6710766789026756,1.5126636760731684
2300,11.5,2.862976596358932,1.4631156367460032,1.6431284096724847
2301,11.505,3.819051786328548,2.002223894084499,2.4250352413300478
2302,11.51,4.763583667529921,3.1196450829491145,3.66547732022027
2303,11.515,5.614046680441999,4.38305961977987,4.955807375633313
2304,11.52,6.337016097223604,5.47990131141958,6.034926574910262
2305,11.525,6.92261947458622,6.3124558408234925,6.853014798614556
2306,11.53,7.37060536839757,6.887285935723662,7.435413564797543
2307,11.535,7.683705717930703,7.241127518301413,7.816964577107587
2308,11.54,7.864612914665584,7.424266552140529,8.031519167618292
2309,11.545,7.914582617717404,7.496158723687578,8.10707102649354
2310,11.55,7.8327041255192835,7.506500865229022,8.06172238487957
2311,11.555,7.615382048438035,7.471535525561128,7.903166435477715
2312,11.56,7.25579952315443,7.373839675935454,7.634482597998613
2313,11.565,6.743237893421497,7.184582054719652,7.25660225422142
2314,11.57,6.062207917872859,6.878991402479791,6.763624946604632
2315,11.575,5.19153058275173,6.437415455694101,6.144749590097514
2316,11.58,4.104144774670583,5.841272655695834,5.394125635142482
2317,11.585,2.7707493708336037,5.069306805361279,4.512012432220746
2318,11.59,1.178831148555717,4.095189843713974,3.4943988868491727
2319,11.595,-0.5936513672691214,2.8874887532838485,2.328701147010113
2320,11.6,-2.164950649704504,1.417192283075638,0.999207131903487
2321,11.605,-2.669759233867523,-0.3069086532900558,-0.48787548298577654
2322,11.61,-1.6495007142305869,-2.106494853550375,-1.9889099161431822
2323,11.615,0.1562365165126846,-3.273157913287548,-2.887347600340985
2324,11.62,2.003964145844228,-2.43288602528457,-1.9654494148342394
2325,11.625,3.635750234766959,0.4045721444260231,0.7636409293386146
2326,11.63,5.016594660640749,3.1756808404832584,3.4511116970539946
2327,11.635,6.170336401495304,5.091913714858564,5.37224879072235
2328,11.64,7.129256075243548,6.373017259772725,6.710437825177384
2329,11.645,7.92192962026522,7.22616570416765,7.664513512475886
2330,11.65,8.57144475960153,7.7502594827674995,8.357366592459348
2331,11.655,9.096099555611165,8.020368602171457,8.858813969713612
2332,11.66,9.510495582788238,8.171946480237276,9.208749022062692
2333,11.665,9.826523745876068,8.367786507154914,9.431830725585527
2334,11.67,10.054166598588326,8.671930056962045,9.54498943077224
2335,11.675,10.202145733867408,9.00296105302023,9.561041166361687
2336,11.68,10.278458718541476,9.28200690509293,9.490373679403092
2337,11.685,10.290842152897232,9.484561153243057,9.342435115920058
2338,11.69,10.247182950171702,9.610958477026427,9.12749728305571
2339,11.695,10.155881988245364,9.668482447576677,8.85820429009042
2340,11.7,10.026152261502366,9.66603610314774,8.550945499019281
2341,11.705,9.868207380003556,9.613021638387993,8.226161300720271
2342,11.71,9.693269298129156,9.519342264148769,7.910389284484001
2343,11.715,9.513307201996431,9.395612081426547,7.643002843187974
2344,11.72,9.340431694889292,9.25326710760422,7.476133873552732
2345,11.725,9.185931410201954,9.104420143804045,7.449193454770989
2346,11.73,9.059058925266529,8.961346342983358,7.5582705244459465
2347,11.735,8.9658154848823,8.835545056736322,7.764216159532598
2348,11.74,8.90807110217646,8.736445863405272,8.027970403888796
2349,11.745,8.883307558276499,8.670007613357175,8.314567444726062
2350,11.75,8.885077825762998,8.637622491043988,8.572162608956676
2351,11.755,8.904030646849051,8.635755411827713,8.753144523254047
2352,11.76,8.929187367256068,8.656540417842344,8.851383557968827
2353,11.765,8.949149672427126,8.689191217627345,8.899165143135614
2354,11.77,8.953028256172537,8.721772373563837,8.912166858365023
2355,11.775,8.931027143825062,8.74280308208321,8.885432259704078
2356,11.78,8.874727812798206,8.74233233945844,8.817331563507423
2357,11.785,8.777170161769913,8.712388726789841,8.712727721684491
2358,11.79,8.632836949162147,8.64692174576762,8.576982966191245
2359,11.795,8.437637939142423,8.541454532364554,8.410416178615737
2360,11.8,8.188978349799386,8.392674912594767,8.211528177842359
2361,11.805,7.885993437823052,8.198142708449641,7.982023118292409
2362,11.81,7.530039627788172,7.956223230531705,7.720846252381067
2363,11.815,7.125546548427176,7.666301144711002,7.421096065835632
2364,11.82,6.681332224668138,7.329306790546907,7.081990763035206
2365,11.825,6.212411382341079,6.948601921761567,6.717570506541564
2366,11.83,5.742074747944287,6.531303144127337,6.348151714460657
2367,11.835,5.303433975638745,6.09011869651459,5.991905717540726
2368,11.84,4.938703032903563,5.645639506553967,5.666712276254469
2369,11.845,4.693865792273727,5.228588237580302,5.38767321308616
2370,11.85,4.607744482981114,4.8806002107503526,5.1680821042553
2371,11.855,4.698970653058478,4.650842071855308,5.035888583333801
2372,11.86,4.958682970207854,4.58552250251083,5.040567432654878
2373,11.865,5.354409879762239,4.710907461928383,5.215472641915307
2374,11.87,5.842134290674213,5.018324226778754,5.55382612396729
2375,11.875,6.378526824147075,5.4637263774039875,6.016284738449233
2376,11.88,6.928100633381828,5.984694345082858,6.547357567124712
2377,11.885,7.465122251275042,6.522572902063263,7.0937338126662475
2378,11.89,7.972499694357955,7.0360027251925334,7.616067914764227
2379,11.895,8.43967004629619,7.503167325015193,8.0907687005137
2380,11.9,8.860561686394899,7.917705641911036,8.50629672768239
2381,11.905,9.231995487473066,8.28286197015451,8.858619438271763
2382,11.91,9.5525463887512,8.605827035841958,9.147815960199017
2383,11.915,9.821772907216404,8.893180892033069,9.376045755453976
2384,11.92,10.039709308951725,9.14831872414176,9.5465038927643
2385,11.925,10.206534829319969,9.371167659937372,9.662959739041654
2386,11.93,10.322358475357712,9.559403364399374,9.729595078572334
2387,11.935,10.387077824159386,9.709907972511928,9.750966558899387
2388,11.94,10.40028457415147,9.819700791530776,9.731984400962011
2389,11.945,10.3611994398286,9.886262031022572,9.67783470847727
2390,11.95,10.26862574416517,9.9074866045205,9.593789377887925
2391,11.955,10.120916084084826,9.881497875324648,9.484845508827686
2392,11.96,9.915950937363348,9.806448565090093,9.355127304954305
2393,11.965,9.65113336430344,9.680356670467031,9.207030591479707
2394,11.97,9.32341185442558,9.500985935607515,9.040256813694471
2395,11.975,8.92935686631513,9.265769188898998,8.851090406879354
2396,11.98,8.46534103615654,8.971775750405445,8.632299428590057
2397,11.985,7.92791805225572,8.615735664661662,8.373799446446787
2398,11.99,7.31457775883241,8.19415458171914,8.06393969230392
2399,11.995,6.625201627840941,7.703590274146556,7.691186170090932
2400,12.0,5.864780869478902,7.141228827446207,7.246021002973438
2401,12.005,5.048258850300526,6.50601974768036,6.722931064043963
2402,12.01,4.208401871412276,5.800840396781473,6.122604523367263
2403,12.015,3.40617472318352,5.03648843980482,5.4550770641467965
2404,12.02,2.73754548490071,4.238651752979555,4.745236338786584
2405,12.025,2.320535491199545,3.458749830491731,4.0418796424965535
2406,12.03,2.2475400124808336,2.786513385987054,3.4285740039412573
2407,12.035,2.5273836341952105,2.3522082055305518,3.025516457966988
2408,12.04,3.078333919891797,2.291572899293562,2.958321252619144
2409,12.045,3.780717459603884,2.6602952542835205,3.281783217865796
2410,12.05,4.530351865875106,3.3656201467089586,3.9184735444775085
2411,12.055,5.257681101475519,4.2160522747724585,4.702138590025641
2412,12.06,5.923222424250588,5.0409612860091,5.483640473128233
2413,12.065,6.50710761137554,5.7484470096520015,6.182218733194032
2414,12.07,7.000557095482871,6.310471322318126,6.771078539924083
2415,12.075,7.400469632152867,6.734021197059816,7.248943517822324
2416,12.08,7.706321035206377,7.0436602850176,7.62214629039104
2417,12.085,7.918458649205769,7.270424796228889,7.89699459888838
2418,12.09,8.037167849611457,7.440165847102225,8.077582870867879
2419,12.095,8.06214187883147,7.564191904512766,8.165935536677013
2420,12.1,7.992147067926519,7.638904551027067,8.162944451644673
2421,12.105,7.824765749851025,7.653133247783,8.069316362835597
2422,12.11,7.5561472156277585,7.595129099499683,7.886185436410935
2423,12.115,7.180722630011354,7.45518901729782,7.615361261768519
2424,12.12,6.690856974861039,7.22530585944733,7.25929388511239
2425,12.125,6.076435448075502,6.897949546991079,6.820813711948557
2426,12.13,5.324444749935967,6.464904375719869,6.302694720680906
2427,12.135,4.4187958617210334,5.916323321487944,5.706936550332056
2428,12.14,3.341192183610005,5.2399552809874415,5.033232204769739
2429,12.145,2.0755173350309293,4.420584510995823,4.276121115096945
2430,12.15,0.6231100664175819,3.4400650641889134,3.4218267770581456
2431,12.155,-0.9512622611342156,2.2793071440127606,2.4480867197837
2432,12.16,-2.4095851409472746,0.9264317761503391,1.3321814138494887
2433,12.165,-3.232628631815346,-0.596395888482574,0.07746927570474771
2434,12.17,-2.944878344559036,-2.154590578927655,-1.2137065044878002
2435,12.175,-1.7572434452292771,-3.324597845672038,-2.178946211025476
2436,12.18,-0.2513595214546081,-3.2925694269268657,-2.10032325767404
2437,12.185,1.2131281966184648,-1.6506319615223264,-0.6087996059274872
2438,12.19,2.514246578092457,0.6222279274210907,1.4385262309499476
2439,12.195,3.633314638124683,2.5136289803548784,3.151431643172703
2440,12.2,4.584159368784764,3.8677129792292972,4.399380481617962
2441,12.205,5.3877657874867335,4.805407966927725,5.303603986590794
2442,12.21,6.064499800424905,5.429056232123241,5.974149387816137
2443,12.215,6.632193939962859,5.812591707171517,6.480867736738968
2444,12.22,7.106045648120103,6.053228417042226,6.865215625586888
2445,12.225,7.498990484052883,6.274915806773476,7.151815831502775
2446,12.23,7.822120620190189,6.5627191573070185,7.35553840159395
2447,12.235,8.085021036655434,6.902862392940179,7.486140811226084
2448,12.24,8.295995971553767,7.236794508908031,7.551566156794993
2449,12.245,8.462191277708854,7.530224071212038,7.560022191422748
2450,12.25,8.58962994990716,7.7745650235696715,7.521077225930002
2451,12.255,8.68318335076247,7.972046135809825,7.445976532412255
2452,12.26,8.746503762803515,8.127844909356178,7.34721185957363
2453,12.265,8.781944924869196,8.247169897120305,7.237235890525215
2454,12.27,8.790495026702693,8.334252193748167,7.128750098744311
2455,12.275,8.771740396436341,8.391989151759173,7.039761245401152
2456,12.28,8.723868157312719,8.421820984287807,6.997735696644077
2457,12.285,8.64370411269212,8.423711856431662,7.029308170785559
2458,12.29,8.526770425398766,8.396195694906616,7.138467680678958
2459,12.295,8.367338344957222,8.336466082926579,7.29967837191715
2460,12.3,8.158445074753658,8.24048665270561,7.4737772436532195
2461,12.305,7.891839911065098,8.103091377363755,7.620529040832423
2462,12.31,7.557820486231534,7.91803983604048,7.693038151366637
2463,12.315,7.144911518208616,7.677991854352742,7.644956523866263
2464,12.32,6.6393209406700935,7.37436639159154,7.453689764699556
2465,12.325,6.024075040407304,6.997046700744749,7.129147805754492
2466,12.33,5.27767644169122,6.533882211566765,6.686137467412922
2467,12.335,4.372038426395294,5.9699109571295175,6.123660261019123
2468,12.34,3.2693444046444755,5.28617655383816,5.432696494401845
2469,12.345,1.9175541750207128,4.4579302641193435,4.601648884121357
2470,12.35,0.2457169445968619,3.4518854093474287,3.6117445896059825
2471,12.355,-1.8299461757573088,2.222076005326616,2.429239013524932
2472,12.36,-4.319085480600116,0.7041425497717313,0.999953414619009
2473,12.365,-6.6546381486449135,-1.1892226751413109,-0.7516360706992549
2474,12.37,-6.874438094325905,-3.5501941672595656,-2.9074110386462158
2475,12.375,-4.660426479459317,-6.30183800412512,-5.403833220049654
2476,12.38,-2.059846265366267,-8.251788871231945,-7.184346784142596
2477,12.385,0.1513297457224947,-5.951744550043385,-5.170323866188024
2478,12.39,1.9395739460336645,-0.9087336582291909,-0.6660329222047201
2479,12.395,3.3847179207279536,2.2561212241526882,2.2367486697997814
2480,12.4,4.55859119134186,4.062229498443903,3.986563678616056
2481,12.405,5.513548175657922,5.203994915682106,5.195889896494175
2482,12.41,6.286665487837412,5.9316944250323145,6.10014179874425
2483,12.415,6.904449061641438,6.289185170344363,6.791078617928151
2484,12.42,7.386234290030607,6.344374395580536,7.314225680312754
2485,12.425,7.746493288298702,6.321239770960494,7.698750249604996
2486,12.43,7.996432703759293,6.495298324126451,7.957818546994847
2487,12.435,8.145174457898415,6.875134676096704,8.09592394841782
2488,12.44,8.200724255100006,7.2290218894153835,8.116990888020641
2489,12.445,8.17087779374617,7.473399800279056,8.02549159033282
2490,12.45,8.064181881996676,7.607031041057642,7.826752674367976
2491,12.455,7.8910381678544255,7.6421518914730875,7.529291459174433
2492,12.46,7.664982378131732,7.5916809931216385,7.148522848902745
2493,12.465,7.404047122983065,7.468708657120812,6.707016633207135
2494,12.47,7.131866258493601,7.287997543983447,6.228581780036512
2495,12.475,6.877790862385181,7.067780125750178,5.743159888517526
2496,12.48,6.674934206259269,6.831404652059876,5.312000459306722
2497,12.485,6.555266185904678,6.608228653051141,5.034890430032298
2498,12.49,6.542275199510694,6.432655545514835,4.988854670386573
2499,12.495,6.643998779734445,6.33990773476522,5.1720703071357335
2500,12.5,6.85029300087095,6.357950873530998,5.535381128191921
2501,12.505,7.136088395533614,6.497684815498323,6.048778329080245
2502,12.51,7.468552045213533,6.746743669280773,6.657624240987968
2503,12.515,7.81426168330227,7.071953342180135,7.243634070278002
2504,12.52,8.14379926936948,7.429847002813181,7.701846124403675
2505,12.525,8.433434934465257,7.778875058424932,8.030590398918232
2506,12.53,8.664842301643802,8.087222583624847,8.289807671084189
2507,12.535,8.823904122593836,8.334785510949619,8.471440167978592
2508,12.54,8.899293244674569,8.511221319855508,8.554208344905344
2509,12.545,8.881134085774692,8.612350534234114,8.541790761386675
2510,12.55,8.759810624021494,8.636352919517584,8.447461536688984
2511,12.555,8.524866677783699,8.580625241644091,8.280736358493126
2512,12.56,8.16388747810641,8.439825952250946,8.036094654782865
2513,12.565,7.661216853441496,8.205128507660241,7.707768210212783
2514,12.57,6.99633374759217,7.8641553504839585,7.297855079743801
2515,12.575,6.141707530566501,7.400861734127481,6.792454017516409
2516,12.58,5.060133710549655,6.79482480791137,6.1587797709990895
2517,12.585,3.7026854222153593,6.019669956539644,5.375494917280142
2518,12.59,2.014117069572329,5.040560979847299,4.43928224897025
2519,12.595,-0.0201359786764045,3.8110891499133035,3.3301709978961354
2520,12.6,-2.142355260047045,2.272010162253209,2.002418136793
2521,12.605,-3.2389272555921487,0.36480468361199225,0.4031546796974794
2522,12.61,-2.1328205070255946,-1.8766854847862016,-1.4615464718128237
2523,12.615,0.1424921503781976,-3.8978765262528547,-3.148815047402202
2524,12.62,2.385450357637392,-3.669906584155635,-2.870337272834937
2525,12.625,4.288833326226122,0.01875745313632926,0.49591682789602487
2526,12.63,5.857227716921443,3.7121675718071163,3.9008474846198555
2527,12.635,7.145352832763368,5.99156200580359,6.06998392106786
2528,12.64,8.20306154876379,7.433344012984562,7.510257011740006
2529,12.645,9.068328771736148,8.37994951823668,8.540093263016706
2530,12.65,9.769011525850573,8.956057889912813,9.31153264312936
2531,12.655,10.325448570741152,9.209477040046679,9.895234160386078
2532,12.66,10.75253031615152,9.283735763959207,10.326685354832307
2533,12.665,11.061179688552292,9.40320903396085,10.62445638281146
2534,12.67,11.259398383070447,9.705157556239651,10.797973998797378
2535,12.675,11.3530302341091,10.063827914394638,10.852931408729003
2536,12.68,11.346363440579124,10.345737901713896,10.794142206332095
2537,12.685,11.2426752544508,10.517303349103255,10.62609789100967
2538,12.69,11.04482415350438,10.579101001084002,10.354244012288722
2539,12.695,10.756018396107695,10.537216438931761,9.987337195183885
2540,12.7,10.38093862748078,10.397449665328143,9.539255965894414
2541,12.705,9.927461277652268,10.165005337971598,9.026053624109135
2542,12.71,9.409282465025669,9.845502433824578,8.464884570857595
2543,12.715,8.849646744270336,9.446641282695117,7.887543239931674
2544,12.72,8.285798951937707,8.980676548974557,7.356533335133506
2545,12.725,7.772127033647012,8.468021800985365,6.943556826630353
2546,12.73,7.377182754931926,7.942075284792614,6.679468256161943
2547,12.735,7.1686794934754765,7.454240349758177,6.556730460276433
2548,12.74,7.187728660469097,7.075329942664871,6.583291966858093
2549,12.745,7.428371270689389,6.885602378955786,6.795399096868771
2550,12.75,7.8407393308043005,6.946528009801636,7.183354965750074
2551,12.755,8.354783773919726,7.263550378969668,7.684477879182399
2552,12.76,8.904403933196146,7.772084378238409,8.22785458427305
2553,12.765,9.439277412170794,8.367574139432046,8.786383872987141
2554,12.77,9.925831257342832,8.953326164765619,9.317607614149209
2555,12.775,10.343480424534503,9.467105053858779,9.765266860970176
2556,12.78,10.68026471033109,9.881124851022207,10.106239553823688
2557,12.785,10.929407002203096,10.19151697629114,10.345241442980658
2558,12.79,11.086968753467689,10.407931644432773,10.496239226090907
2559,12.795,11.150357486806907,10.544802233377395,10.566731009805148
2560,12.8,11.117407470011631,10.613919491512526,10.557836041502927
2561,12.805,10.985828559104426,10.619876794982877,10.476105686459121
2562,12.81,10.752902516312952,10.559915707975563,10.325600215770807
2563,12.815,10.415383299874216,10.426884584400714,10.095698006337365
2564,12.82,9.96964074719542,10.212381052144426,9.777348044726805
2565,12.825,9.412206396563375,9.908463802848004,9.38200886236638
2566,12.83,8.741090143101939,9.508155453367594,8.930327016508558
2567,12.835,7.958625537107502,9.005596780521724,8.432354243641386
2568,12.84,7.077263711520886,8.396633303088013,7.893089364407598
2569,12.845,6.130498375026989,7.680613328785495,7.3071266158823835
2570,12.85,5.190348435033193,6.8645883914335535,6.655268993867366
2571,12.855,4.3847521847730615,5.9719888566827,5.930640235311968
2572,12.86,3.885694965770698,5.058672296887456,5.194805869119808
2573,12.865,3.829310656200821,4.236806151334272,4.562266955060826
2574,12.87,4.211810802020855,3.691096756844721,4.190118254736112
2575,12.875,4.892466485425889,3.6340210782485247,4.258190381890357
2576,12.88,5.699290451529599,4.151774783958353,4.837381744355832
2577,12.885,6.505988249759259,5.07494728172075,5.772838361346957
2578,12.89,7.24166863052957,6.09918424672542,6.791931910385285
2579,12.895,7.873035716984704,7.00505209522456,7.700317882009276
2580,12.9,8.387116926655594,7.709275222379199,8.427076761513874
2581,12.905,8.780562385080856,8.205953979358583,8.969503217522718
2582,12.91,9.05397089547876,8.520517725852866,9.346204443645412
2583,12.915,9.20908261524801,8.69344550622013,9.577208438545767
2584,12.92,9.247454402684385,8.770554880644365,9.678366733951098
2585,12.925,9.169890072222742,8.786866852885213,9.660814320768814
2586,12.93,8.976290467005532,8.75280755098498,9.531880474376607
2587,12.935,8.665821690275584,8.657171438090339,9.29629666757838
2588,12.94,8.237478360962081,8.481776742351215,8.957342179253878
2589,12.945,7.691329553321612,8.211638638813264,8.51797437264227
2590,12.95,7.031067550630147,7.837105467087952,7.982097464326568
2591,12.955,6.269011024103401,7.353112356599608,7.355964635548107
2592,12.96,5.435313542520827,6.759339047118182,6.64989129663572
2593,12.965,4.592624030750382,6.062965956360023,5.881345921512619
2594,12.97,3.851681425629028,5.28557734091525,5.081246351089242
2595,12.975,3.366405594375561,4.47631819973422,4.304839955272277
2596,12.98,3.274704357792761,3.731754992320025,3.6464579036153797
2597,12.985,3.604451317089824,3.2115197402567546,3.2494005732732893
2598,12.99,4.250625667061009,3.1100923904086244,3.2792073252948333
2599,12.995,5.055450189180816,3.5382153347129375,3.820486913974973
2600,13.0,5.88918931266501,4.3917642958449905,4.7635132253852515
2601,13.005,6.672693597445481,5.407532466360825,5.8556777699157685
2602,13.01,7.365914225118581,6.3574396791981655,6.877403085756411
2603,13.015,7.951716033950031,7.134611872627996,7.724014342838547
2604,13.02,8.424603843697218,7.717293656701862,8.375022347313976
2605,13.025,8.784340271893255,8.12240384411331,8.845498976560451
2606,13.03,9.032626980477843,8.38470895926364,9.157541045584026
2607,13.035,9.171440747094392,8.546625924279578,9.330393144111483
2608,13.04,9.20220745421058,8.644298273339295,9.379370418305172
2609,13.045,9.12538308094639,8.693652636437996,9.316450767427483
2610,13.05,8.94022290336374,8.689244559692726,9.15060224974344
2611,13.055,8.644632012035903,8.615742856281837,8.88827544587067
2612,13.06,8.235053547329798,8.458428947722119,8.534275141185093
2613,13.065,7.706399291833142,8.206349519850352,8.092421038791255
2614,13.07,7.052090329324546,7.851298413257755,7.565955534500036
2615,13.075,6.264398667022184,7.386112036581014,6.958466453249772
2616,13.08,5.335558477358314,6.803480652488722,6.275082962843351
2617,13.085,4.260758736987654,6.09544604286522,5.5225450871855
2618,13.09,3.045561841800763,5.2537231923504155,4.707466364831738
2619,13.095,1.7229935059803003,4.271458730005611,3.8335743921764696
2620,13.1,0.3876972335603782,3.148121776300224,2.900812601403066
2621,13.105,-0.7588990959512377,1.9015133909427742,1.9134775257211891
2622,13.11,-1.4240410338626543,0.5948966721145421,0.9076201767810965
2623,13.115,-1.4154394823388872,-0.6113216632681127,0.003583844684127868
2624,13.12,-0.8433738769498589,-1.4042843299860799,-0.5402871445799091
2625,13.125,0.0017080395582547,-1.40198890878328,-0.3989369159275009
2626,13.13,0.8833150520447779,-0.5365057908224689,0.48225606968576695
2627,13.135,1.6802339153497563,0.7349357874957008,1.7005628664158934
2628,13.14,2.347901978945776,1.9051153308477335,2.8140697124612055
2629,13.145,2.879151057054419,2.7761875550613206,3.6574647987578337
2630,13.15,3.2833721599739283,3.344818376033393,4.239140301453066
2631,13.155,3.5777414706066897,3.6588211409419213,4.610531083129374
2632,13.16,3.784220031534644,3.7785317288684004,4.820546931028872
2633,13.165,3.9288860927298552,3.7808701001709153,4.9081409062377395
2634,13.17,4.04170507084402,3.750971385983361,4.904844892268438
2635,13.175,4.155416835058386,3.75142474511794,4.838939149016957
2636,13.18,4.30257880446054,3.8031868807127003,4.738880665661578
2637,13.185,4.510613345634871,3.906331065204121,4.634937425817674
2638,13.19,4.7961659407725,4.0670107215897735,4.558871555760752
2639,13.195,5.1613368839112574,4.299978558306488,4.541345112711971
2640,13.2,5.593937244249575,4.617440869110055,4.606537267882823
2641,13.205,6.0716676746418505,5.018579264549823,4.765738837131472
2642,13.21,6.567955854756164,5.485862600296095,5.014376681551418
2643,13.215,7.056928178721183,5.989163136160867,5.335843661322947
2644,13.22,7.516287524070991,6.494383008387359,5.7105641095756505
2645,13.225,7.928222916192666,6.971482167416935,6.123548955771498
2646,13.23,8.279073090454448,7.39874438225082,6.563454040426982
2647,13.235,8.558434447682133,7.763204405485041,7.014566215218288
2648,13.24,8.758146704216525,8.058712128966134,7.452092743739981
2649,13.245,8.871354203119495,8.283087786176145,7.845657884735795
2650,13.25,8.891694780696987,8.435358322217901,8.163524110756057
2651,13.255,8.81259581648969,8.513704855431207,8.373738051161238
2652,13.26,8.626627647990151,8.51439639213238,8.449878861662752
2653,13.265,8.324855492360834,8.431563114963652,8.380585127740233
2654,13.27,7.896132818668844,8.257368664343101,8.170693403341915
2655,13.275,7.326297789421582,7.982137589715652,7.829778903177035
2656,13.28,6.597307826862333,7.594187118544797,7.362841253911359
2657,13.285,5.686607834148144,7.079306271738554,6.770449808364621
2658,13.29,4.567921897606711,6.419944733084507,6.05000276236101
2659,13.295,3.217709000690512,5.594309038216526,5.193957405272524
2660,13.3,1.6416549019738471,4.575996163686302,4.187513343180493
2661,13.305,-0.0365861785426552,3.3363339965756684,3.0100703531946897
2662,13.31,-1.3703733346569902,1.8569131218207708,1.6468832143948382
2663,13.315,-1.5764715640374585,0.1774004406426135,0.1313535771484533
2664,13.32,-0.4613809654633027,-1.4498222570954988,-1.3169357288300372
2665,13.325,1.2529888989088622,-2.2331729623718513,-1.997526240687307
2666,13.33,2.967971776305172,-1.0422233274157309,-0.9007811347178833
2667,13.335,4.476499294884497,1.6509707056210083,1.5661144775427784
2668,13.34,5.746937051753688,4.1064807854918275,3.8635098121607387
2669,13.345,6.796744508315433,5.816841916476655,5.536780921476302
2670,13.35,7.651430521544099,6.962734086969065,6.743919658416072
2671,13.355,8.333692883481344,7.706934380316781,7.635806462986789
2672,13.36,8.861355276936392,8.133118319919397,8.298341665558246
2673,13.365,9.247609071555832,8.322011480230799,8.77979785735791
2674,13.37,9.501697545350348,8.406633521476312,9.109117859068203
2675,13.375,9.62953919807177,8.523944813118291,9.30216775578548
2676,13.38,9.634181393128788,8.702302537545975,9.366743252757525
2677,13.385,9.516087106703395,8.859424093507073,9.307007818815636
2678,13.39,9.273290661557436,8.927183329792816,9.12545994127088
2679,13.395,8.901482449001868,8.87970031847949,8.82382913141467
2680,13.4,8.394138006202173,8.708986362878186,8.404302544080457
2681,13.405,7.742953313225787,8.41089021716693,7.870808753123789
2682,13.41,6.939224104370469,7.980486259387612,7.228796800539573
2683,13.415,5.97774790864335,7.410979865189803,6.483783912975033
2684,13.42,4.8670590791895405,6.694191166962857,5.6444413321020726
2685,13.425,3.654172258766137,5.822930117695264,4.732142570948687
2686,13.43,2.474593557217259,4.797615072350418,3.7845568517993255
2687,13.435,1.6080519868610763,3.643211917472057,2.846043945971665
2688,13.44,1.4031635919228722,2.449168720257183,1.9813872800236974
2689,13.445,1.9652659190872657,1.4454917682307626,1.3554990250263228
2690,13.45,3.028701640398503,1.0622514529162266,1.313648535433713
2691,13.455,4.251829581650518,1.7099264489050872,2.1847431717331554
2692,13.46,5.428369808432808,3.211681012724627,3.767697617683441
2693,13.465,6.473673401909986,4.878193550728832,5.419934740072884
2694,13.47,7.364079771216797,6.260637969838482,6.754369145698632
2695,13.475,8.100040274393406,7.280394924118786,7.741871828319558
2696,13.48,8.689770812896512,7.98375005526953,8.44986581970824
2697,13.485,9.142823431505716,8.429107079440517,8.937614246349456
2698,13.49,9.46777943399999,8.681469878668128,9.251371510740372
2699,13.495,9.671568987355547,8.822484272517778,9.426377081566716
2700,13.5,9.759419595587287,8.928034334978246,9.485927498816078
2701,13.505,9.735057113410088,9.026554944325346,9.441540595380603
2702,13.51,9.601046535031037,9.094109816969123,9.299745520449125
2703,13.515,9.359291854026708,9.094799939318314,9.06673588474938
2704,13.52,9.011814413457856,9.006336289910848,8.743977525581865
2705,13.525,8.562049757385658,8.819263642667034,8.32938241695236
2706,13.53,8.017075160244291,8.531002981265512,7.829416149155946
2707,13.535,7.391389566726643,8.142857068006942,7.264380154503062
2708,13.54,6.712926016820604,7.660009258096414,6.660109368491353
2709,13.545,6.031174377917532,7.093947546468003,6.044870531313331
2710,13.55,5.423995941068837,6.467505673899057,5.454671771207046
2711,13.555,4.992850177343178,5.822951016125968,4.933593954898963
2712,13.56,4.8329032866266335,5.231968166910002,4.535213891593016
2713,13.565,4.984343951436209,4.8004863208772655,4.337063715142068
2714,13.57,5.406660286906494,4.650730559335603,4.434888178122853
2715,13.575,6.005014353049867,4.863772704250171,4.88117224854067
2716,13.58,6.678931410311205,5.41082474020406,5.622365544997324
2717,13.585,7.351861472074388,6.15351604794906,6.506651623487041
2718,13.59,7.975754302077435,6.9285954701724215,7.369781764765963
2719,13.595,8.524247466570685,7.623614629885819,8.111976606826875
2720,13.6,8.984652936482712,8.188806890074362,8.702658266911032
2721,13.605,9.35210093960301,8.616407666420203,9.144424058669564
2722,13.61,9.625953801157362,8.92156598067136,9.449184325056843
2723,13.615,9.80782546862621,9.130289642710324,9.632115417197806
2724,13.62,9.90061218534632,9.269049732319619,9.709140675375313
2725,13.625,9.908156594614272,9.355332796800539,9.694170776819906
2726,13.63,9.835343970926615,9.394003511635379,9.59785822337588
2727,13.635,9.688543686441736,9.38141336888565,9.429080882910583
2728,13.64,9.47637045615476,9.312305588039827,9.19663336669586
2729,13.645,9.210746455823264,9.184377363322,8.909134634561871
2730,13.65,8.908171044278667,8.99997511712408,8.576603548734397
2731,13.655,8.590900993560698,8.766616715448695,8.21524372633299
2732,13.66,8.287379946788873,8.497538453369378,7.850324473413147
2733,13.665,8.030845574387028,8.212505241147044,7.514041251981471
2734,13.67,7.855039507456038,7.93840163915125,7.24182948924574
2735,13.675,7.787066014840449,7.708495919709452,7.068363932312
2736,13.68,7.839750622923773,7.558828921921714,7.021167091663754
2737,13.685,8.007535249431616,7.5206621704699685,7.114613123920796
2738,13.69,8.268528629778837,7.610295374268977,7.347914666554113
2739,13.695,8.59138622984862,7.821157706354257,7.702989989311538
2740,13.7,8.943066521503454,8.124058552823051,8.141679512154408
2741,13.705,9.294290607712828,8.4766431672689,8.61283781612097
2742,13.71,9.621923883101465,8.836334213605975,9.067304555904176
2743,13.715,9.909117153424246,9.169743277504974,9.468897238066557
2744,13.72,10.14436512800549,9.45594958419223,9.79686670105048
2745,13.725,10.320301332318646,9.685216887457738,10.042464921064026
2746,13.73,10.432639058228244,9.855642930998386,10.204295340886436
2747,13.735,10.479401786097036,9.969425342100033,10.285135589240463
2748,13.74,10.460461116162246,10.029734577842031,10.29013631229239
2749,13.745,10.377359182644412,10.038847267408864,10.225661413347401
2750,13.75,10.233388906745471,9.997747083745264,10.098610225658348
2751,13.755,10.033909846242226,9.906826353532274,9.916295585016345
2752,13.76,9.78686952525251,9.767040153646585,9.686729242533687
2753,13.765,9.503460253168353,9.5810340041376,9.41912650274919
2754,13.77,9.19874804033648,9.354099362625252,9.124703048540088
2755,13.775,8.89195220658573,9.095001176411053,8.817704308660932
2756,13.78,8.605870112307732,8.816695457877493,8.516054586493276
2757,13.785,8.364880058079624,8.536770560462175,8.240953026409105
2758,13.79,8.191281192812092,8.277176495462506,8.015274268547035
2759,13.795,8.100606209657622,8.06257188048769,7.860897577078093
2760,13.8,8.097597757590728,7.9166868722939405,7.795080540233876
2761,13.805,8.174793669818985,7.856852124614768,7.826408836120508
2762,13.81,8.314488960965905,7.888320118791011,7.9515106922688705
2763,13.815,8.493017843878159,8.00124000595256,8.153988898590322
2764,13.82,8.685356478823723,8.172500796891551,8.406707409872542
2765,13.825,8.868513415075377,8.371881870265153,8.677295289519593
2766,13.83,9.023259690191075,8.56936754454653,8.93466327460164
2767,13.835,9.134541197958333,8.740448885064257,9.153660652890757
2768,13.84,9.191159572002976,8.86822097725684,9.316680741235032
2769,13.845,9.185215225942711,8.942894976721867,9.4129796916578
2770,13.85,9.11163024311122,8.959941730796324,9.437072442822206
2771,13.855,8.967937171882223,8.917914156264425,9.3871629730457
2772,13.86,8.754458775802338,8.816689296125855,9.264018437579974
2773,13.865,8.474994581907202,8.656589386146667,9.07038828441996
2774,13.87,8.138132676380218,8.438533263333749,8.8109735678538
2775,13.875,7.759245801724916,8.16510520003279,8.49295424234629
2776,13.88,7.362965494281438,7.842346428202209,8.127115779001276
2777,13.885,6.9852363670956645,7.48215582280312,7.729624802824318
2778,13.89,6.6728462967931925,7.105203014602305,7.324379042226173
2779,13.895,6.477359620757708,6.743875254661466,6.9454152716964375
2780,13.9,6.441956753078575,6.443672039665888,6.637867984904264
2781,13.905,6.585611778744523,6.259719764624302,6.4544953911667875
2782,13.91,6.8948223126486425,6.24440112139882,6.444272064345251
2783,13.915,7.329515597304615,6.42646602584258,6.6334772503042565
2784,13.92,7.838294087295468,6.792627466158201,7.0091547990520615
2785,13.925,8.37256143162502,7.288195212136907,7.519711292184774
2786,13.93,8.8937877328688,7.839461525370917,8.095044271409208
2787,13.935,9.374655335523729,8.380447268637631,8.670611351068597
2788,13.94,9.79713951513817,8.867102923951354,9.200213638762527
2789,13.945,10.149849181985411,9.277823436687292,9.656413912052756
2790,13.95,10.42568876073027,9.60759254498478,10.025413303941471
2791,13.955,10.620109199431877,9.861018977448081,10.301704170394956
2792,13.96,10.729887561593229,10.045941289846192,10.484294359998671
2793,13.965,10.75229094657,10.16837487794891,10.57445727045954
2794,13.97,10.68448890311814,10.229842051132144,10.574514366619985
2795,13.975,10.523108692301893,10.227406284622782,10.487211067468326
2796,13.98,10.263854793097714,10.15529996986081,10.315388307499866
2797,13.985,9.901131884501993,10.006565061361282,10.061768302189599
2798,13.99,9.427619648845392,9.773880799546022,9.728741034343962
2799,13.995,8.833751115922704,9.44960236313733,9.318066718226788
2800,14.0,8.107050770965005,9.025330305803509,8.830413423578259
2801,14.005,7.23131406799281,8.491250896391373,8.264623148783889
2802,14.01,6.185720232281046,7.835339595902957,7.616558202600716
2803,14.015,4.944380570567405,7.042433067151672,6.877428166383528
2804,14.02,3.478281413462001,6.093183316354715,6.031769463950742
2805,14.025,1.766690083907695,4.963096942552946,5.05572771544042
2806,14.03,-0.1579749053755394,3.6225911368186594,3.916982035827952
2807,14.035,-2.068686770264624,2.041566314522569,2.5795968728129632
2808,14.04,-3.308097404347074,0.21097278135616282,1.0246986610693396
2809,14.045,-3.142004418835262,-1.7767208453331147,-0.6759959316669386
2810,14.05,-1.873789937929876,-3.48396789019578,-2.1411033305040306
2811,14.055,-0.3286380382990689,-3.7966457165578813,-2.381265382515341
2812,14.06,1.0724991508170365,-1.9205876142536367,-0.68151312356611
2813,14.065,2.2259698993851504,0.6898455864599748,1.6793282656424813
2814,14.07,3.134424122929207,2.613604537587659,3.4441470247306207
2815,14.075,3.824600628619904,3.8177726240937124,4.587036786506203
2816,14.08,4.324513072026959,4.524039954783313,5.317805453242928
2817,14.085,4.6587996941629815,4.861902570375456,5.7763077182629
2818,14.09,4.849186138949224,4.902681308456685,6.039675343160669
2819,14.095,4.916454171263542,4.752856246020054,6.150187174021034
2820,14.1,4.883031098084749,4.568877847863167,6.132627935259436
2821,14.105,4.775977210413545,4.468113376527038,6.003749005460535
2822,14.11,4.629991415559097,4.428231944736883,5.7790079954125435
2823,14.115,4.489285257670444,4.375314078404163,5.477903340989505
2824,14.12,4.4060059998926135,4.290223820415634,5.127883084828309
2825,14.125,4.432504105422264,4.200169354487404,4.767591318266863
2826,14.13,4.6075001746501645,4.155517829430554,4.448343251305154
2827,14.135,4.942426907477752,4.21502650887594,4.229977652470104
2828,14.14,5.417569728333841,4.428639840060923,4.166743810265128
2829,14.145,5.991202818300376,4.81648562878218,4.288649413181602
2830,14.15,6.614672135904186,5.355756013024041,4.595755850492661
2831,14.155,7.244255545846641,5.988349730166735,5.07156264289841
2832,14.16,7.846333252676435,6.645344261041472,5.692088687875627
2833,14.165,8.397517020594803,7.269929021632197,6.414730445662146
2834,14.17,8.882546689794633,7.82692360882381,7.1761904325349875
2835,14.175,9.291808119519738,8.301107885855313,7.914943719881654
2836,14.18,9.619240173583846,8.691167177173941,8.585046215526118
2837,14.185,9.860783063946744,9.003129251848252,9.136240067647481
2838,14.19,10.013282246632382,9.244504973123913,9.517546221789637
2839,14.195,10.073708662416925,9.41999944976216,9.709628971395095
2840,14.2,10.038567667593178,9.52969667369831,9.741974294663558
2841,14.205,9.90339214150921,9.569606516223933,9.6505082223189
2842,14.21,9.66223054110588,9.533263046087333,9.447444890382648
2843,14.215,9.307041245495224,9.413011867440638,9.139376308248497
2844,14.22,8.826885415897328,9.200447154750794,8.737514569963412
2845,14.225,8.206762690979385,8.886111406972597,8.253293456521781
2846,14.23,7.425838525089579,8.45870472334927,7.691455898429471
2847,14.235,6.45463306788614,7.903904518865398,7.048188769615084
2848,14.24,5.250425181587665,7.202694364556834,6.314940827868482
2849,14.245,3.7496813125868655,6.328884785536281,5.473915282109874
2850,14.25,1.8565830669253405,5.245216846056507,4.487405386847786
2851,14.255,-0.5643793560855496,3.8969783275525356,3.297480640446744
2852,14.26,-3.597941546284937,2.20150054479137,1.8280017611617203
2853,14.265,-6.409141722409922,0.03295998462533056,-0.030786831537249704
2854,14.27,-5.844902267296288,-2.779915054262572,-2.4349875254999196
2855,14.275,-2.795856947527624,-6.257450779123042,-5.413535187377166
2856,14.28,0.0194460416078034,-8.566514094357002,-7.35310249089407
2857,14.285,2.220893389500092,-4.08199974417011,-3.262973086404065
2858,14.29,3.935966534253208,1.8722601486578023,2.141635685141
2859,14.295,5.290241005500644,4.615356400487966,4.698900527716403
2860,14.3,6.369429672344428,6.14387628717028,6.177654894254788
2861,14.305,7.230501029486314,7.091155143901265,7.156108692917769
2862,14.31,7.912123297935082,7.660476868341409,7.8625978590042465
2863,14.315,8.441268458011814,7.819861015482481,8.385907854895587
2864,14.32,8.837213509071457,7.672441156030576,8.76732908638142
2865,14.325,9.114005706600109,7.517854281136705,9.027168320308483
2866,14.33,9.282032302594384,7.716018087681226,9.17356850688579
2867,14.335,9.3490620593861,8.122006776249034,9.209325698081201
2868,14.34,9.320973831084697,8.435076535323844,9.13734879841321
2869,14.345,9.202306048897352,8.614281513991365,8.960341427114308
2870,14.35,8.996719255580523,8.674072536613497,8.681288201954093
2871,14.355,8.707445859566477,8.628795530091447,8.305778621002545
2872,14.36,8.337799044891542,8.488553972273133,7.84668589826479
2873,14.365,7.891821813050786,8.260537661002438,7.321201658202196
2874,14.37,7.375172210434645,7.950423801585872,6.739897833542816
2875,14.375,6.796349121802581,7.563543314167398,6.117359114382841
2876,14.38,6.168331520258667,7.106015858647673,5.512180100253447
2877,14.385,5.5105598803072695,6.586065657919554,5.029044714583837
2878,14.39,4.850809791168239,6.0156870192461795,4.717656881080524
2879,14.395,4.225799201556604,5.412724657410829,4.528170044276098
2880,14.4,3.678569364252694,4.803152285626063,4.389126873790293
2881,14.405,3.2508475192157507,4.222697070180997,4.314375419250789
2882,14.41,2.971292989744682,3.715903309712517,4.28119842958028
2883,14.415,2.845125866981604,3.32985716168277,4.220322565760804
2884,14.42,2.8521243500188582,3.1010543844754954,4.091238843366993
2885,14.425,2.9545347717552177,3.0393483341985004,3.999009353690769
2886,14.43,3.109253301578028,3.1195505827771353,4.027839601832551
2887,14.435,3.2774990123178807,3.2893031832490927,4.117273283767058
2888,14.44,3.429356430610613,3.4888037282792945,4.205782117008759
2889,14.445,3.544308918657684,3.668758961701494,4.267281844599103
2890,14.45,3.609873053972783,3.798196382500148,4.295822606494432
2891,14.455,3.6198352253298713,3.8636158209556277,4.288104774556119
2892,14.46,3.5727819520525683,3.8643530243230275,4.229595383971544
2893,14.465,3.4711058631550307,3.8072624638260084,4.121881985975808
2894,14.47,3.3204354517766523,3.7020081258896536,3.9823060079312604
2895,14.475,3.129345199566027,3.5578399289156244,3.8032577013390583
2896,14.48,2.909159579345053,3.382506385002708,3.564309209312514
2897,14.485,2.6736320550685,3.1830697425825525,3.279792856168294
2898,14.49,2.438267263324233,2.967505621032042,2.997952000755575
2899,14.495,2.2191060915673324,2.745921832585957,2.7474125091841337
2900,14.5,2.030964113978235,2.530786421068873,2.5505121843178054
2901,14.505,1.8854062603409016,2.336045205890775,2.4220943632285046
2902,14.51,1.7890348415882895,2.175264691852748,2.3481835204454766
2903,14.515,1.7427435050567044,2.0591737860472525,2.274013814666787
2904,14.52,1.7423037014739842,1.993308528879926,2.2141078996499317
2905,14.525,1.7801283374411512,1.9766931189976127,2.2205068758334363
2906,14.53,1.8476307555400096,2.0022859144540206,2.286798653625253
2907,14.535,1.9375035892765105,2.059210439721005,2.3939480759093983
2908,14.54,2.045435788835876,2.135989532650884,2.5297718773549946
2909,14.545,2.1710504949123712,2.2236630042803247,2.6797083869788976
2910,14.55,2.318015932507739,2.3179398752153593,2.831306153945811
2911,14.555,2.493339844330279,2.420070607457099,2.9772161021435117
2912,14.56,2.705895002500092,2.536520990815606,3.1164371321652746
2913,14.565,2.9643412631897634,2.6776650614326853,3.25415985777743
2914,14.57,3.274830891061458,2.855707230570997,3.400211918575803
2915,14.575,3.639094395161186,3.0820644575534795,3.5664005033540462
2916,14.58,4.05350359817362,3.364590005684529,3.763404438482656
2917,14.585,4.509392381935945,3.7052637768796313,3.9980202575308343
2918,14.59,4.9944279768208,4.099097792094032,4.271510406991443
2919,14.595,5.4944697615491735,4.534745958759269,4.579512270871842
2920,14.6,5.995318052606308,4.9966565820506865,4.913406751199273
2921,14.605,6.483978556580103,5.467953186272984,5.262461625318695
2922,14.61,6.949349694457506,5.933033452117073,5.615865816750219
2923,14.615,7.382431171404118,6.379207846359199,5.964062277199761
2924,14.62,7.776221137473912,6.7972319120413225,6.299260005165748
2925,14.625,8.125456088317526,7.180978309283624,6.615312408944282
2926,14.63,8.426302626434916,7.52664329127542,6.9072333419286895
2927,14.635,8.676065154336236,7.831856812622826,7.170619028858614
2928,14.64,8.872940726322712,8.094955065725994,7.401221411425766
2929,14.645,9.015832579435957,8.314534348454568,7.594846621329261
2930,14.65,9.104224094852984,8.48927818109607,7.747622080105378
2931,14.655,9.13811148981418,8.617972787527538,7.856516452623682
2932,14.66,9.117993621841311,8.699612175266337,7.919861913432012
2933,14.665,9.044919012138816,8.733523731151735,7.937619145818992
2934,14.67,8.920592208028364,8.719486412451102,7.9112912765138965
2935,14.675,8.74754260837194,8.65784435894345,7.843596804904658
2936,14.68,8.529357128010522,8.549633588223298,7.738079794766697
2937,14.685,8.270970899921092,8.396742257382346,7.598784767564505
2938,14.69,7.97899373545662,8.202120703436501,7.430070159911558
2939,14.695,7.662019820368697,7.970047939775665,7.236610996133042
2940,14.7,7.330821845040681,7.7064445634528465,7.023613975995065
2941,14.705,6.99827504278452,7.419193404107006,6.79721398125348
2942,14.71,6.67881730948352,7.118383616377438,6.564943223932787
2943,14.715,6.387280426754519,6.816331380553036,6.336077116075157
2944,14.72,6.137084779320482,6.527167182234785,6.1215890346681086
2945,14.725,5.938084275204357,6.265762419555401,5.933436858995739
2946,14.73,5.794659344349155,6.045875771986516,5.783028532754125
2947,14.735,5.704749496224244,5.877700129305592,5.679023057297547
2948,14.74,5.6602303797799,5.765433030375668,5.625053329004811
2949,14.745,5.648495690880581,5.705815153112559,5.618258776757507
2950,14.75,5.654655920263487,5.688423020806143,5.6493680948891
2951,14.755,5.663679760708523,5.697780839205963,5.704414442720924
2952,14.76,5.662042191645453,5.716507796148944,5.767400058957455
2953,14.765,5.638775128115057,5.728355526210359,5.82290890524086
2954,14.77,5.58605255138681,5.720296637771604,5.857951467157305
2955,14.775,5.49953243785734,5.683441027140063,5.862880102972888
2956,14.78,5.3786626485781,5.613043246074336,5.831626369126196
2957,14.785,5.22708745087507,5.508064225308035,5.761639740756913
2958,14.79,5.053185147209326,5.37073717642546,5.6538402311881875
2959,14.795,4.870612922874958,5.206462402240072,5.512768391705354
2960,14.8,4.698513826516347,5.024166291842182,5.346988565494805
2961,14.805,4.56078712514331,4.837022686842493,5.169664448677067
2962,14.81,4.483714759568919,4.663159045429388,4.999035121587463
2963,14.815,4.491617404000314,4.525665932019275,4.858251568680911
2964,14.82,4.601314379006766,4.4509805875488455,4.773774243402506
2965,14.825,4.817492436009061,4.46482366474625,4.7715836676250465
2966,14.83,5.131340985901169,4.585826947149132,4.8712868429690515
2967,14.835,5.52321373451386,4.818889613852364,5.079902360266538
2968,14.84,5.967799758253191,5.151865468620214,5.38853532268151
2969,14.845,6.4393217927519055,5.55822437252663,5.774344248049705
2970,14.85,6.915074525922609,6.004667509426107,6.2069702368108155
2971,14.855,7.3769848084117555,6.4595928512083525,6.65585335202756
2972,14.86,7.811725978294799,6.898704073914079,7.095202987323104
2973,14.865,8.210084266611053,7.306748117974374,7.5057941816448706
2974,14.87,8.566089735974215,7.67642273570366,7.874601817034159
2975,14.875,8.876186715774452,8.005931789737213,8.193602468845707
2976,14.88,9.138550320617364,8.296307689202543,8.458563460722743
2977,14.885,9.352565457197624,8.549236727946344,8.668102190591615
2978,14.89,9.518446905179582,8.765796153141565,8.823016290728715
2979,14.895,9.636968701459532,8.946124650072438,8.925804902694786
2980,14.9,9.70927251392974,9.089705440172995,8.980306561050973
2981,14.905,9.73672996931674,9.195838360571008,8.99139834660665
2982,14.91,9.720839555412445,9.264012263270597,8.964712948446046
2983,14.915,9.663143588158656,9.294086621122638,8.906336677847769
2984,14.92,9.565154662219037,9.286314767583008,8.822455973415359
2985,14.925,9.428284212533718,9.241274665724987,8.718926422701966
2986,14.93,9.253768623131318,9.159759475539053,8.600757854721373
2987,14.935,9.042591026270816,9.0426570039627,8.471554895221463
2988,14.94,8.795399776811148,8.890830176153141,8.333016354955864
2989,14.945,8.512427748434229,8.705002134209224,8.184636180605679
2990,14.95,8.193420275710627,8.485647129471536,8.023719595442754
2991,14.955,7.837584107580218,8.232889497558435,7.845738502977435
2992,14.96,7.443575900692148,7.94641606399135,7.644955217221929
2993,14.965,7.009558138489246,7.625411597696139,7.415181399577206
2994,14.97,6.5333658947516335,7.26853249105139,7.150508943658998
2995,14.975,6.01285470342814,6.873941716033531,6.845860857567826
2996,14.98,5.446545806435336,6.439440660618811,6.497295270296368
2997,14.985,4.834759658582609,5.962755114807895,6.102142867848545
2998,14.99,4.181534434347506,5.442070772553469,5.659190000842065
2999,14.995,3.497727515402882,4.876978661110659,5.169184036549294
3000,15.0,2.805628058861676,4.270093547413142,4.635974228747558
3001,15.005,2.144682766052336,3.62974326337866,4.068673398468669
3002,15.01,1.5756563161845902,2.9742159814036,3.4852880480269044
3003,15.015,1.1764987739324393,2.3377893254461375,2.9180273552640363
3004,15.02,1.021801158413349,1.7773277142948274,2.41921634304602
3005,15.025,1.149225240538812,1.3742975368482995,2.0632187878254573
3006,15.03,1.5373886520366622,1.2211745429382308,1.9345055444051202
3007,15.035,2.117236265883338,1.3828511517147852,2.093380380092187
3008,15.04,2.8051543857625045,1.8491926422797524,2.5335513386886306
3009,15.045,3.529678665824718,2.5262228488137293,3.1737428500110525
3010,15.05,4.240788147673044,3.2853147510402474,3.9008239746490134
3011,15.055,4.907765621883327,4.022051303844551,4.621678534226278
3012,15.06,5.513621614748273,4.678380271910274,5.2823242753720105
3013,15.065,6.050067736327229,5.234631074906085,5.859733233840956
3014,15.07,6.514016341657395,5.69509208012446,6.347858262192313
3015,15.075,6.905420750360586,6.0766499748862035,6.747979725259875
3016,15.08,7.226047469754821,6.3994746107215565,7.063910450237669
3017,15.085,7.478844395260054,6.6790292937035804,7.300151989487197
3018,15.09,7.667682684417791,6.921978503444906,7.461488506744539
3019,15.095,7.797336727852785,7.127671223868683,7.553195031387423
3020,15.1,7.873618926752166,7.292673826326512,7.581472492684318
3021,15.105,7.903609330764461,7.4145454801158435,7.553941462637433
3022,15.11,7.895919492285611,7.493514564612058,7.4801088963135145
3023,15.115,7.860908302169714,7.532770702917542,7.371742670472207
3024,15.12,7.810730635666193,7.538294463414088,7.243100219598235
3025,15.125,7.759062906805131,7.518648475776008,7.110913929748698
3026,15.13,7.720346268188245,7.484759235211948,6.993853367570355
3027,15.135,7.708465913441875,7.449527958110909,6.911030518483819
3028,15.14,7.734975923209344,7.427044499383939,6.879430047724635
3029,15.145,7.807242834290914,7.431219398486002,6.910946298572566
3030,15.15,7.927071225268358,7.473828856705293,7.010140150402853
3031,15.155,8.090313113064516,7.562291048526811,7.173309383357424
3032,15.16,8.287612633893687,7.697836740128764,7.38882875822207
3033,15.165,8.505991412863063,7.874840452305328,7.638852501868216
3034,15.17,8.730715848404035,8.081729151754011,7.902522433110493
3035,15.175,8.946925114763966,8.303202539421893,8.15978584006848
3036,15.18,9.14073442769138,8.522931154001421,8.394052814083231
3037,15.185,9.299777959703862,8.725823476711472,8.592837048968864
3038,15.19,9.41330725907126,8.899328647657377,8.747203792123223
3039,15.195,9.472004471927075,9.03372610050377,8.851092186190224
3040,15.2,9.467647671851724,9.121671698576714,8.90068371255761
3041,15.205,9.39272228774205,9.157370025406781,8.893631944863898
3042,15.21,9.240034221022746,9.135698530219223,8.82824308508706
3043,15.215,9.002357558701453,9.051497125909584,8.702834443737014
3044,15.22,8.672147322626895,8.899106122992675,8.515327331032337
3045,15.225,8.241372837068482,8.672128372035079,8.263006892512934
3046,15.23,7.701600750795686,8.363342850912861,7.942468714848666
3047,15.235,7.044630486740106,7.964718238110285,7.549752597099156
3048,15.24,6.2643778985815946,7.467560042082692,7.080450298547937
3049,15.245,5.361557175705118,6.8629825838947545,6.5296696616638465
3050,15.25,4.354363217291533,6.143196756970033,5.892389789628808
3051,15.255,3.300388030779136,5.304732613187546,5.165627806308228
3052,15.26,2.331650699238819,4.356045680417952,4.3550049298343385
3053,15.265,1.6749318386955552,3.3344190153121813,3.4903149876636155
3054,15.27,1.5698391734838777,2.339422648437152,2.6564606144389042
3055,15.275,2.07122548358328,1.5809219645422425,2.0374712874545438
3056,15.28,2.9910690699845683,1.3816499195372738,1.919788517073533
3057,15.285,4.077110845887429,1.9831028863444407,2.520104197747376
3058,15.29,5.156108994026316,3.2235082193132145,3.6981900381200594
3059,15.295,6.143037955723876,4.632704160830529,5.039101135257146
3060,15.3,7.005398031433844,5.8691284842808535,6.241008165603258
3061,15.305,7.735289924014816,6.831875440909236,7.216487968574688
3062,15.31,8.334710097408284,7.53240824973007,7.978345142707505
3063,15.315,8.808805778920114,8.011497590743044,8.559634118314438
3064,15.32,9.162974455881272,8.322827734998237,8.988335901160251
3065,15.325,9.40168027986597,8.530841010504002,9.283666220987989
3066,15.33,9.528007710434592,8.691624897211494,9.457774812401222
3067,15.335,9.543520294812955,8.82637519493259,9.51807788413265
3068,15.34,9.448243141946683,8.919963291482837,9.469208333286264
3069,15.345,9.240709345389924,8.945894834157631,9.3143954731049
3070,15.35,8.918087704728487,8.884170337045983,9.056430918299577
3071,15.355,8.476493569803615,8.722938503628516,8.698455896571698
3072,15.36,7.9117311485600785,8.454861828774385,8.244560230944025
3073,15.365,7.22101484256422,8.074327970499565,7.700083141165765
3074,15.37,6.406832229108398,7.576359383427183,7.0720639126796145
3075,15.375,5.485250604663362,6.957069635855149,6.370837346632083
3076,15.38,4.502368376818331,6.216083213037134,5.612578480302469
3077,15.385,3.560928308871441,5.362486452908316,4.821220450201472
3078,15.39,2.841856306448513,4.427671085446807,4.032178123853794
3079,15.395,2.5632601260499976,3.4901083099943007,3.3085907410058044
3080,15.4,2.835539497983643,2.712029348453434,2.776188365960443
3081,15.405,3.5573650450117333,2.3539993856909036,2.6431864064049106
3082,15.41,4.511776583072126,2.6647772897513504,3.1067427323761923
3083,15.415,5.514201134150127,3.623991551187273,4.127407353311176
3084,15.42,6.458332668371039,4.884057950369171,5.38369970715139
3085,15.425,7.295904346474728,6.084892552783294,6.556893072941645
3086,15.43,8.009710980941552,7.062916352736307,7.513513316994656
3087,15.435,8.596658548879027,7.793688905395983,8.244794228195135
3088,15.44,9.059144416788795,8.303025134933215,8.780219187874419
3089,15.445,9.401021974656317,8.634400996488191,9.152072286019589
3090,15.45,9.625774903475682,8.84297629194604,9.386478459356717
3091,15.455,9.735690289842804,8.982821653274424,9.50184735402116
3092,15.46,9.731450758305185,9.084105950972162,9.50961558980093
3093,15.465,9.611867225457754,9.143201099894213,9.416376119497667
3094,15.47,9.373609570695612,9.13799435026004,9.225624331687538
3095,15.475,9.01084911304029,9.046783215380541,8.938302338405796
3096,15.48,8.51474641870425,8.854092795164252,8.554164615274024
3097,15.485,7.872725212907579,8.548493983761837,8.074396106895218
3098,15.49,7.067499525769208,8.119325490854587,7.5022762739699225
3099,15.495,6.075954924475968,7.554229626654756,6.840445705730545
3100,15.5,4.868535852485627,6.837307968549696,6.087620259613704
3101,15.505,3.411910868006594,5.947504242019326,5.2361911840965645
3102,15.51,1.6856860406824343,4.857212138941622,4.26892197146145
3103,15.515,-0.2481515940334675,3.5322249815747933,3.1556651433583696
3104,15.52,-2.027651306039655,1.9379961829983716,1.8575709892443322
3105,15.525,-2.75298180180449,0.07144276347648582,0.35652472703299054
3106,15.53,-1.8707867140967196,-1.913474415304794,-1.2312791137144012
3107,15.535,-0.1458003218779525,-3.331560316982829,-2.3193665691657595
3108,15.54,1.6173964915832886,-2.7148606954655214,-1.6205909437701314
3109,15.545,3.1452125080463347,0.086254867277189,0.9941441177131516
3110,15.55,4.403246638109469,2.853115116871782,3.558669323657531
3111,15.555,5.417211800208789,4.697605894846706,5.289147041041414
3112,15.56,6.22009354831154,5.868423439670381,6.418730940949009
3113,15.565,6.840079080695029,6.590224104247543,7.171299617054589
3114,15.57,7.299075559346426,6.965163772132367,7.673415919803637
3115,15.575,7.613629577492369,7.063665617052906,7.992684098884401
3116,15.58,7.796180633661591,7.0201708232527,8.166395046721743
3117,15.585,7.856206657567654,7.004188878718002,8.214837124956228
3118,15.59,7.801254415966196,7.08817227462505,8.148482839574001
3119,15.595,7.637973945720216,7.184438829333219,7.9732712235011896
3120,15.6,7.373334695219812,7.204692869721358,7.693224178697831
3121,15.605,7.01625629642195,7.120484262408539,7.312130720750124
3122,15.61,6.579935029034656,6.930853418593232,6.83713857846021
3123,15.615,6.085106363779728,6.643747988687023,6.282772723599547
3124,15.62,5.564118104980596,6.272071031700918,5.672013060878361
3125,15.625,5.064543989877942,5.835212369340114,5.03434769895956
3126,15.63,4.648826883342382,5.362915532466139,4.408622386543824
3127,15.635,4.38451715370091,4.900028927207297,3.855973017047953
3128,15.64,4.323043445078683,4.509387033940741,3.4679398563985857
3129,15.645,4.476876868452553,4.266864723285608,3.3419387337285364
3130,15.65,4.813375204892508,4.241204399335701,3.53274523620148
3131,15.655,5.27111477948191,4.460420808426966,4.02592448930196
3132,15.66,5.784117735814935,4.887755352798375,4.7481357571529275
3133,15.665,6.29791614568512,5.434657163557601,5.583608354201443
3134,15.67,6.774161740594497,6.003058562369397,6.390615369097052
3135,15.675,7.188552685998043,6.520072484467631,7.055403524234965
3136,15.68,7.526860630760348,6.9468822976783935,7.539168209559108
3137,15.685,7.781380855647507,7.2716488776094215,7.870260807313013
3138,15.69,7.948414647817264,7.499408740624418,8.073162442191496
3139,15.695,8.026705143120235,7.6432741525705925,8.15411495307521
3140,15.7,8.016601485604129,7.716892053555468,8.123546110992901
3141,15.705,7.919772207699197,7.729004610222047,7.998067744395106
3142,15.71,7.739377948343219,7.681869421931417,7.793776687396463
3143,15.715,7.480697968179574,7.573440736964388,7.520446193810843
3144,15.72,7.152265771475053,7.40095128182228,7.18540326498054
3145,15.725,6.767574502584063,7.163814674842593,6.800488696484668
3146,15.73,6.347281664878258,6.865527380325043,6.377083876257873
3147,15.735,5.92142231131601,6.515255975846717,5.923214651743117
3148,15.74,5.530282591732406,6.129738762056125,5.4574995247554465
3149,15.745,5.221536261091942,5.735564362343158,5.0205939306910965
3150,15.75,5.041346689777341,5.370959981447176,4.666520620453054
3151,15.755,5.020497730741696,5.0848255004708305,4.449523957977549
3152,15.76,5.162474827704586,4.929508935603782,4.416607512789636
3153,15.765,5.442023999221789,4.945216878514119,4.588051865557011
3154,15.77,5.815339053978094,5.140884181882856,4.939834102897126
3155,15.775,6.234285070353856,5.484864373462431,5.416023335216572
3156,15.78,6.656701233299294,5.915725126431572,5.95943735136261
3157,15.785,7.050472229197155,6.3662320463469735,6.510743512003655
3158,15.79,7.393253005238685,6.783231395738367,7.014954844181957
3159,15.795,7.670395403050952,7.1346635057250225,7.4372247933811
3160,15.8,7.872665703689084,7.407055969956707,7.761683971525791
3161,15.805,7.994391202167584,7.59958096556994,7.983761639913018
3162,15.81,8.03216045522666,7.717842328966061,8.104798721285349
3163,15.815,7.98401579169953,7.7684776140357785,8.128887747296183
3164,15.82,7.84905130919401,7.755490329726204,8.061225225691896
3165,15.825,7.627366778671987,7.679080126451749,7.907334610547146
3166,15.83,7.320387028696299,7.536666152246669,7.672828081930053
3167,15.835,6.931624445997158,7.324837781345515,7.363579242132687
3168,15.84,6.468029167088992,7.041145196987898,6.986225193305126
3169,15.845,5.942102274473311,6.685484542423163,6.548997306991423
3170,15.85,5.374833937604061,6.261435995052483,6.062981842583161
3171,15.855,4.799025428350426,5.778064030425748,5.543858355995434
3172,15.86,4.261315306094019,5.252568527336264,5.014011816785985
3173,15.865,3.819363981832184,4.71379224907516,4.504799022260923
3174,15.87,3.530158134572341,4.205606288704157,4.0583209231832615
3175,15.875,3.4303583602855587,3.787155042229517,3.726609346928174
3176,15.88,3.51957539470848,3.52444185820133,3.5639637260582404
3177,15.885,3.7600824195278526,3.4688112237314273,3.6087352905480863
3178,15.89,4.093197594884124,3.628807506899061,3.859893142907583
3179,15.895,4.458990541309015,3.95722109402824,4.266999780433656
3180,15.9,4.808187751080722,4.369695060712799,4.747753461104026
3181,15.905,5.10512593765889,4.780684373065156,5.220471054846923
3182,15.91,5.325753654963651,5.128441849577142,5.626168126443876
3183,15.915,5.454286504035543,5.379740149179969,5.931732944716305
3184,15.92,5.480269045995944,5.523390449237039,6.122677335199718
3185,15.925,5.396566360897141,5.561681005946856,6.194825553451105
3186,15.93,5.198352669653534,5.502654656886778,6.148636849364163
3187,15.935,4.88316892377865,5.353666103796823,5.98620872489812
3188,15.94,4.452387700854542,5.117415376398308,5.710116458954357
3189,15.945,3.9149028639639134,4.791804752088516,5.323524576894384
3190,15.95,3.294464359296445,4.373342337013951,4.831492522541244
3191,15.955,2.6420759976328534,3.86276189682816,4.2439159613625455
3192,15.96,2.0513641441586983,3.272718948105116,3.5811990685658297
3193,15.965,1.662153924578829,2.639425620341958,2.8843985037276854
3194,15.97,1.6210211049453818,2.0400223432177333,2.230933718837498
3195,15.975,1.994441966355455,1.610131102129217,1.7504320908026418
3196,15.98,2.716892931025787,1.533377490587931,1.6153095379829656
3197,15.985,3.642985278971119,1.9543636427564053,1.9626732187284754
3198,15.99,4.634243037389274,2.840572193308673,2.7699519915249766
3199,15.995,5.598365663286387,3.969553276822692,3.8414539387863442
3200,16.0,6.485530408232573,5.095782975060555,4.955714294202828
3201,16.005,7.272934395955635,6.078755474136566,5.980248349118635
3202,16.01,7.95226724774804,6.875469076299895,6.865927523427194
3203,16.015,8.522150525640033,7.4927470986899465,7.603512306166197
3204,16.02,8.98406575420717,7.959848025231938,8.196505456380091
3205,16.025,9.340261618415662,8.316838641346717,8.651246503750741
3206,16.03,9.592688182905356,8.602420643056528,8.974594648687937
3207,16.035,9.742432995999067,8.839321630090025,9.173512814234066
3208,16.04,9.78937918150658,9.028536840975974,9.254831235603039
3209,16.045,9.731931263975682,9.157504774590194,9.225130765576685
3210,16.05,9.566711848093084,9.211515004562894,9.09079929671957
3211,16.055,9.288149405425097,9.178832931991257,8.85810900569458
3212,16.06,8.887864813687745,9.050494194575041,8.533144127903856
3213,16.065,8.353718283861562,8.818464246220362,8.12148968122468
3214,16.07,7.6682771933934655,8.473837523949031,7.627704031244821
3215,16.075,6.806251344943624,8.005246961266664,7.054588187178073
3216,16.080000000000002,5.729965924454961,7.397162381073106,6.401670444247003
3217,16.085,4.380785682145369,6.627584229861279,5.66141728930271
3218,16.09,2.661236498371294,5.6643654895438855,4.812090177200225
3219,16.095,0.3923448060816258,4.4586926919061725,3.8080679572078804
3220,16.1,-2.8113630907257887,2.9324198339110916,2.567761411830141
3221,16.105,-8.068705615619402,0.9506923458610785,0.9516252704321086
3222,16.11,-23.646214761683552,-1.7463556263268067,-1.295576848311291
3223,16.115000000000002,-11.6548669399992,-5.754889233034884,-4.729919376852878
3224,16.12,-4.73545330211892,-12.960041394611226,-11.053122422335749
3225,16.125,-1.051551281449893,-39.249720266499054,-34.429196737393745
3226,16.13,1.408556721352905,3.122813157602284,3.0997359346968656
3227,16.135,3.2052073754422845,4.542711583210181,4.478948203569633
3228,16.14,4.575653352096025,5.768487241886463,5.639414491375852
3229,16.145,5.642662702903073,6.520069160635581,6.350358289998711
3230,16.15,6.477945259777743,7.151136938403068,6.955658922733129
3231,16.155,7.126966540145132,7.897030887180575,7.445200484420115
3232,16.16,7.62033988809922,7.304761709444701,7.829481411065968
3233,16.165,7.979691871220544,6.352322298667269,8.113406571484145
3234,16.17,8.220971302275021,4.927039273350564,8.307541355005924
3235,16.175,8.356477941682183,6.352220331590199,8.395476678986434
3236,16.18,8.39622038593924,7.144975954197987,8.368377508938579
3237,16.185,8.348922812952317,7.523396754263288,8.234517702480368
3238,16.19,8.222863127108974,7.707370631151129,7.990594432378723
3239,16.195,8.026652297854731,7.76058615968015,7.640441617762525
3240,16.2,7.770014634146113,7.712677325395711,7.174612239060739
3241,16.205000000000002,7.464575160687666,7.582127033797811,6.628472063110339
3242,16.21,7.124581733245913,7.383584576179193,6.05781721898308
3243,16.215,6.767372066594852,7.131128404637362,5.439054010732549
3244,16.22,6.413252555196193,6.84012834543942,4.692235322490057
3245,16.225,6.084363695862216,6.528387377550313,3.9286392060447244
3246,16.23,5.802228539796351,6.216558462801498,3.660025646514524
3247,16.235,5.584179590162229,5.927487122694873,3.900879899666926
3248,16.240000000000002,5.439648203276699,5.684033403793383,4.40505632537285
3249,16.245,5.36783670231593,5.505260456483724,4.6750113775079765
3250,16.25,5.357919271677013,5.401777071073677,5.458247879107476
3251,16.255,5.391678771153563,5.372111907855018,6.139587328036681
3252,16.26,5.447324047416752,5.40223505879971,6.726753531210885
3253,16.265,5.503003698686804,5.468944431407282,6.36525849364071
3254,16.27,5.539148877648882,5.545612579736592,6.267686989163715
3255,16.275,5.539552391836584,5.607665880644219,6.341062752636865
3256,16.28,5.491540922319434,5.6359291473210025,6.221001665348208
3257,16.285,5.385687024990591,5.617523501253128,6.018270227044758
3258,16.29,5.215414325960564,5.545029357909192,5.7190295498628245
3259,16.295,4.976727389546721,5.414851668083605,5.426329330169957
3260,16.3,4.66821552101841,5.22556169121154,5.154597746991551
3261,16.305,4.291445623436669,4.976754883538582,4.773223554986813
3262,16.31,3.8518518728410553,4.668713620476434,4.337108361178362
3263,16.315,3.3602040975706897,4.302914905599501,3.987869137862796
3264,16.32,2.8346045110397524,3.883267868748292,3.6030019846208496
3265,16.325,2.302572649380295,3.4179554846789157,3.0556766543178795
3266,16.330000000000002,1.801978029171425,2.9217911389855153,2.410216466598533
3267,16.335,1.3785549450149568,2.4188560382156177,1.9403634753981822
3268,16.34,1.077674469182782,1.944580528445289,1.499681236106695
3269,16.345,0.9309981672813584,1.5452192784036622,1.2822091661286228
3270,16.35,0.944272628856742,1.271428695785544,1.2655634977149703
3271,16.355,1.0947502586628908,1.1636781473171571,1.6065946211837585
3272,16.36,1.340272442142576,1.2334580884899902,1.6375261479095422
3273,16.365000000000002,1.633209733546725,1.4527598684284597,1.832647350216631
3274,16.37,1.9311954429540727,1.7627552038740046,2.2513675014138665
3275,16.375,2.20180912406764,2.0966618913682593,2.6371528050716977
3276,16.38,2.422780922514356,2.4002058299155333,2.995466516445428
3277,16.385,2.580249125418941,2.639857979255156,3.2939259621223504
3278,16.39,2.666761549119942,2.801204910910442,3.5109216714463107
3279,16.395,2.6797605406753933,2.883453803982105,3.637384932054256
3280,16.4,2.620748865025763,2.8935161870369397,3.671512528063621
3281,16.405,2.495116066345271,2.840902924758976,3.616056176263612
3282,16.41,2.312529080291644,2.73436258558889,3.4770881176468214
3283,16.415,2.0877182141192643,2.581099149783893,3.263777381311572
3284,16.42,1.8413239830553996,2.3884044964087385,2.988855433216437
3285,16.425,1.600164308623491,2.1664675923199614,2.669532411614048
3286,16.43,1.3959258228786051,1.9310092307977071,2.328584851139526
3287,16.435,1.2612635366019864,1.7048421639660583,1.9951134415573883
3288,16.44,1.2232420548189855,1.5175652923007998,1.704069619595601
3289,16.445,1.2960910987594425,1.4023322948095394,1.4932851955654236
3290,16.45,1.476907115512348,1.3889089948474664,1.3970312594397774
3291,16.455000000000002,1.7469517050690389,1.4941405589661096,1.436912809382962
3292,16.46,2.0777379594148586,1.7141034252937422,1.6138786977224466
3293,16.465,2.4384265235234817,2.0234024136220987,1.9064666808041917
3294,16.47,2.8014044529773763,2.383165169930542,2.2771444270886643
3295,16.475,3.145028525272058,2.753062679980913,2.6829674711659166
3296,16.48,3.454150033179369,3.1007827110721458,3.084730012064412
3297,16.485,3.719487231332311,3.405949177632031,3.4517287319646894
3298,16.490000000000002,3.9366595045557378,3.659520277248882,3.7628878690262395
3299,16.495,4.105308829589044,3.860948721445482,4.006115741522147
3300,16.5,4.22844959871541,4.014798968110517,4.177042204039719
3301,16.505,4.312026313510077,4.127834280147775,4.277535578205189
3302,16.51,4.364573013745298,4.207214558345383,4.314262556626756
3303,16.515,4.396820115930903,4.26001218909557,4.297575602857681
3304,16.52,4.421073897706479,4.293683489102812,4.240789914667142
3305,16.525,4.450219474284228,4.31678256839451,4.159632120520092
3306,16.53,4.496301000878992,4.339272436261049,4.071563195289157
3307,16.535,4.568821834684616,4.372086267874045,3.9947505302761743
3308,16.54,4.67312397996157,4.425885035567182,3.946567019777862
3309,16.545,4.809318612901648,4.509210849202794,3.9416463920916076
3310,16.55,4.972126411237127,4.626493698043887,3.989773805297856
3311,16.555,5.151665008161138,4.776568251322934,4.094135840027884
3312,16.56,5.334873147950282,4.952314604154566,4.250483975147557
3313,16.565,5.507090837193034,5.141646405068712,4.447501679261865
3314,16.57,5.653380389644252,5.329497618482899,4.668256885390915
3315,16.575,5.7593742094472,5.500066746965394,4.892305668291732
3316,16.580000000000002,5.811631233923301,5.638596503123287,5.0979411848850855
3317,16.585,5.797598179463556,5.732303680696369,5.264220709085587
3318,16.59,5.705303222821176,5.770456690322045,5.372547555969584
3319,16.595,5.522894772971768,5.74383676003664,5.407596120485794
3320,16.6,5.238116148156743,5.643887621427816,5.3573986540225835
3321,16.605,4.837813905637932,5.461816301702774,5.212654659405678
3322,16.61,4.307663147988156,5.187816628553171,4.965616858375096
3323,16.615000000000002,3.632572413914534,4.81050017591087,4.6089549682388435
3324,16.62,2.799009694762357,4.316598960460381,4.134856717004323
3325,16.625,1.8025572683420648,3.6911438661221787,3.534614726014544
3326,16.63,0.6689753145650558,2.918811849010347,2.799338304260729
3327,16.635,-0.4950062785052405,1.988464068393256,1.923608251804502
3328,16.64,-1.4176958206152688,0.9063380219942205,0.9169541484937276
3329,16.645,-1.6706787049380862,-0.2686241853799949,-0.16480862252720474
3330,16.65,-1.0187689545755598,-1.3429196566730308,-1.1465542453573665
3331,16.655,0.2780213545256232,-1.8710724779140326,-1.6286240502502487
3332,16.66,1.7941355199719728,-1.2671567656480818,-1.0845738318712819
3333,16.665,3.268936353608188,0.47505249515541514,0.49873558229489134
3334,16.67,4.601910447532961,2.5360949349273487,2.3985575234108136
3335,16.675,5.769227298873768,4.283476962178411,4.053359708915038
3336,16.68,6.77507991067754,5.609105386682749,5.366968627931111
3337,16.685,7.6316637171767185,6.579983685076102,6.402519684696134
3338,16.69,8.35194735707071,7.267668184292344,7.226810763853711
3339,16.695,8.947348578629125,7.740270866181094,7.884160786794772
3340,16.7,9.427182289938823,8.086824143597973,8.400943692694396
3341,16.705000000000002,9.798707552045023,8.402245980150914,8.79244117823293
3342,16.71,10.067344262611588,8.734345073093893,9.067631715841816
3343,16.715,10.236909206294513,9.060925663287101,9.232406426375476
3344,16.72,10.309826918446843,9.337504660276885,9.291540531421155
3345,16.725,10.287313022046492,9.53647566644217,9.24982233930643
3346,16.73,10.169548819686822,9.64691253933501,9.112998449498921
3347,16.735,9.955884764932676,9.665548012033652,8.888663612560826
3348,16.740000000000002,9.64513923081874,9.5915461787424,8.586577813837488
3349,16.745,9.23611161917949,9.424424958970144,8.218359919103605
3350,16.75,8.728526479832421,9.163452881570949,7.798421416926137
3351,16.755,8.124799002951715,8.807754530537636,7.346843918808743
3352,16.76,7.43328870513254,8.356953861475148,6.888719564857199
3353,16.765,6.67402185974555,7.812541030485871,6.443822597955727
3354,16.77,5.887732513763852,7.180479283775954,6.014968347287171
3355,16.775,5.14683043205089,6.475975586101429,5.592298990108876
3356,16.78,4.55949481146087,5.731686680237839,5.173055387827318
3357,16.785,4.247550150276095,5.010003935890014,4.778938088183293
3358,16.79,4.288603898524959,4.415534958164709,4.4666637655979144
3359,16.795,4.663704641742913,4.0909857786708725,4.334957252678357
3360,16.8,5.270877050464438,4.165973929894483,4.495097321514379
3361,16.805,5.98757294380052,4.660444168497111,4.983986032772856
3362,16.81,6.7171424322956526,5.439241725646202,5.7024045731602895
3363,16.815,7.399010972817339,6.298730945366929,6.481825949780958
3364,16.82,8.00034295828009,7.085059529639091,7.195030036277
3365,16.825,8.505255151973119,7.727106467711593,7.788145826634908
3366,16.830000000000002,8.906966836159102,8.21013406673509,8.253541050461275
3367,16.835,9.203044047489191,8.548336996072084,8.59991607339876
3368,16.84,9.392717420242672,8.770031027701915,8.838199082958667
3369,16.845,9.475389185474697,8.906645358628829,8.977647663640674
3370,16.85,9.449764722901913,8.980647888592504,9.02320803540723
3371,16.855,9.313278581346792,8.99785369393814,8.975055879948819
3372,16.86,9.06162093420425,8.949927483808843,8.833403528360222
3373,16.865000000000002,8.688239806030879,8.822739489304125,8.602572797360692
3374,16.87,8.183724760899333,8.602283556785604,8.288316924506956
3375,16.875,7.534990588797664,8.27597424615669,7.892778000963398
3376,16.88,6.724205350707497,7.8314886526416965,7.412002933916176
3377,16.885,5.727532234330449,7.255001063084967,6.83398432806653
3378,16.89,4.514286831251948,6.5294033319075595,6.1394299444441245
3379,16.895,3.049217994713814,5.632536865763446,5.308639516245959
3380,16.9,1.3087938019482643,4.535550024609699,4.325606941691967
3381,16.905,-0.6480934471514772,3.2024687129892087,3.1689205974900445
3382,16.91,-2.4502840563368427,1.5958783338137432,1.8072396007442504
3383,16.915,-3.151651066985717,-0.29175148451906896,0.2266808074739437
3384,16.92,-2.183844244823179,-2.3093983668091225,-1.451747689200202
3385,16.925,-0.3729915291372148,-3.7492528632490707,-2.61402075673226
3386,16.93,1.4578794603971368,-3.0573448326374333,-1.8891442973108639
3387,16.935,3.045626038882727,-0.10388010622490018,0.8392456698218833
3388,16.94,4.364727715144361,2.748386559911962,3.4755127885189703
3389,16.945,5.446128624017366,4.63808644082145,5.252808189414816
3390,16.95,6.326328757725078,5.853430894218546,6.433659798861415
3391,16.955000000000002,7.036457931639786,6.627888547268549,7.247643464338383
3392,16.96,7.601331248647166,7.064333915926188,7.822251534259291
3393,16.965,8.040624218330239,7.234404786963671,8.224975167452273
3394,16.97,8.370241929690875,7.279038655861614,8.49350328052175
3395,16.975,8.603477064717088,7.376326554894986,8.649702003509212
3396,16.98,8.751925883071644,7.601591699355371,8.7066414747142
3397,16.985,8.826205345491564,7.863138458543387,8.673544445809872
3398,16.990000000000002,8.836510128974789,8.074337234191542,8.558488705190715
3399,16.995,8.793024224202128,8.211659995305133,8.369771810820938
3400,17.0,8.706174098640432,8.278421544316284,8.118017349678606
3401,17.005,8.586685980888994,8.284950559064,7.818662765750008
3402,17.01,8.445397060821323,8.243052913686512,7.492286348261631
3403,17.015,8.292781481300867,8.164738028847175,7.161184548757353
3404,17.02,8.1381985978344,8.061842602294224,6.849053821502193
3405,17.025,7.988952997322815,7.945619678136989,6.589997247982302
3406,17.03,7.849348371813756,7.826053037982967,6.432833769335096
3407,17.035,7.719970908581564,7.710912059320513,6.416426720686804
3408,17.04,7.597403907896681,7.604724995159202,6.535383729296086
3409,17.045,7.474447911032422,7.507959430451968,6.7453760953047555
3410,17.05,7.34075434267444,7.416705055308297,6.998622649558899
3411,17.055,7.183657864015768,7.323015766944692,7.248603133965012
3412,17.06,6.988964436871951,7.215829094414841,7.427794166880583
3413,17.065,6.741509054531532,7.082164689409328,7.474136398424703
3414,17.07,6.42539066306967,6.908226122206293,7.373834410081436
3415,17.075,6.023877331134834,6.680111829261682,7.160694182038105
3416,17.080000000000002,5.519040229870931,6.384007334303249,6.850512381796112
3417,17.085,4.891252927741978,6.005887668561671,6.434652011776168
3418,17.09,4.118886421598234,5.530858176408341,5.907032075720203
3419,17.095,3.17912567460672,4.942316963446267,5.266236980304891
3420,17.1,2.0526616617988758,4.221206198774828,4.508047605304008
3421,17.105,0.7404142456223175,3.3459124413248333,3.6189512639664576
3422,17.11,-0.6860069250613234,2.294365662025411,2.581617313776586
3423,17.115000000000002,-1.9665941010005528,1.0529921892023792,1.3892091335192998
3424,17.12,-2.5570741038454163,-0.35366810197312937,0.06489278122428033
3425,17.125,-2.0182978454264995,-1.7767845008246779,-1.2659575497088413
3426,17.13,-0.6320210247557,-2.7552425870140205,-2.1948225206766514
3427,17.135,1.0150555225735127,-2.4481920173279104,-1.9583670953442223
3428,17.14,2.5866073202487456,-0.5518453511295291,-0.26267283769154837
3429,17.145,3.973685685187366,1.846137657831409,1.941207441706315
3430,17.150000000000002,5.161111590632913,3.7982409876428376,3.8129034724406328
3431,17.155,6.161939979643568,5.202653861636956,5.249730650006255
3432,17.16,6.994578794970071,6.18497948601681,6.344026187948904
3433,17.165,7.675886301738783,6.841916555860019,7.175113811461092
3434,17.17,8.219517637884943,7.244660702715654,7.8104563455096745
3435,17.175,8.635865423706585,7.491196914122776,8.29293697235229
3436,17.18,8.932398670210338,7.702839576503914,8.639731743859272
3437,17.185,9.114019901644104,7.9533288253477235,8.859042607156008
3438,17.19,9.18332775856618,8.215216840810195,8.9559807516275
3439,17.195,9.140756344311376,8.423835533967164,8.933692024540967
3440,17.2,8.984584222867833,8.541220470320683,8.794694888888117
3441,17.205000000000002,8.710806241300626,8.553185395389841,8.542009165447539
3442,17.21,8.312855237231862,8.454444363906164,8.18020840441452
3443,17.215,7.781157183508522,8.241194348518855,7.715749885659889
3444,17.22,7.102518563471452,7.9082645574320045,7.15586793443441
3445,17.225,6.259427160839339,7.4478789599147515,6.5083854662170975
3446,17.23,5.229654602049614,6.848835570749457,5.785244795474091
3447,17.235,3.9876084006576384,6.095717190923782,5.003728181771225
3448,17.240000000000002,2.512474822086577,5.168172492360726,4.173287673857221
3449,17.245,0.8198983669023464,4.040942321231463,3.274298858152463
3450,17.25,-0.9363315924602672,2.687191976589949,2.2571689830651143
3451,17.255,-2.254668712235528,1.0939935623082793,1.0736445256841751
3452,17.26,-2.3719677241351795,-0.6809229705402311,-0.2617084277622883
3453,17.265,-1.2464066097683044,-2.3334219418596156,-1.5209189853740082
3454,17.27,0.3714553817876154,-2.9913557631837433,-1.9653289590009484
3455,17.275000000000002,1.946203502029061,-1.6271690921281223,-0.6852852468440949
3456,17.28,3.3049890023111104,0.9929693517462743,1.6721503366534431
3457,17.285,4.425528606559096,3.2330867224610325,3.6840102696548525
3458,17.29,5.326254846101648,4.746713432437376,5.053282865402056
3459,17.295,6.031432247170888,5.723138381820077,5.961578260960314
3460,17.3,6.56200715636596,6.310398313085036,6.567799269871664
3461,17.305,6.933924072208476,6.585622249675045,6.967116910321079
3462,17.31,7.158370986933847,6.634559538813129,7.210206271378312
3463,17.315,7.242351461133664,6.5933429712493785,7.3220951697415
3464,17.32,7.18913944212466,6.588258252204852,7.315172631298671
3465,17.325,6.998505152833952,6.626672340313501,7.193204422661873
3466,17.330000000000002,6.6666851957261,6.621374734593374,6.952105811247661
3467,17.335,6.186082006732846,6.508642724640378,6.586694945360338
3468,17.34,5.544679283755758,6.262789774396509,6.098105482490505
3469,17.345,4.725203544043129,5.8720160407909745,5.491670531365318
3470,17.35,3.7042820715740135,5.32560582719902,4.769819104683513
3471,17.355,2.452711080528436,4.609135937019678,3.928198971545472
3472,17.36,0.9411588094509225,3.7023372861403523,2.9513196921673552
3473,17.365000000000002,-0.832748490092224,2.5780892237081003,1.815110016603128
3474,17.37,-2.744056515668056,1.2039714645217878,0.5052486840522601
3475,17.375,-4.28558959897082,-0.4460692525106289,-0.9648751438480367
3476,17.38,-4.543250099831299,-2.3417194022723047,-2.543421017987593
3477,17.385,-3.378408777867696,-4.218082246336131,-4.010573339786385
3478,17.39,-1.6760953543181156,-5.158519430797094,-4.588877001708642
3479,17.395,-0.0541025960834276,-3.827143839959197,-3.1193744818770313
3480,17.400000000000002,1.3095563931545948,-0.9538076675723319,-0.27744784280841817
3481,17.405,2.401824245200656,1.4414121904991077,2.0994759299029018
3482,17.41,3.2479055269322563,2.9820993192300165,3.6455566403573387
3483,17.415,3.87531985006917,3.928321407729083,4.612274099518394
3484,17.42,4.305712093265552,4.4548092009095885,5.210522785168898
3485,17.425,4.553850997449722,4.639327495232779,5.551018723018478
3486,17.43,4.6281542295210745,4.562917789645628,5.685781183512496
3487,17.435,4.5312479642368855,4.369931962517482,5.64572938867631
3488,17.44,4.260199291712236,4.2057180505132585,5.450455323477115
3489,17.445,3.806382011196906,4.0813844211747465,5.108317822711315
3490,17.45,3.155120804595346,3.8872516913361888,4.617240904446935
3491,17.455000000000002,2.285697155066413,3.5423020604980406,3.970476835814533
3492,17.46,1.1738130238451758,3.009892895086547,3.15835815965964
3493,17.465,-0.1961199712485904,2.2662839117663487,2.163138970054554
3494,17.47,-1.7842825483830542,1.2869868380435587,0.9625139684609492
3495,17.475,-3.351885721231114,0.04786742869126748,-0.455311805234909
3496,17.48,-4.235526281888424,-1.4530008614905938,-2.071189989016138
3497,17.485,-3.729450741749007,-3.1122105767923465,-3.7679665933837505
3498,17.490000000000002,-2.158141944374986,-4.475090313933443,-5.107162059316218
3499,17.495,-0.3271854147989579,-4.427384129561208,-5.056674825201192
3500,17.5,1.3574909909180313,-2.240396628593321,-2.950151350894969
3501,17.505,2.7960878992774947,0.6189175544755585,-0.11950801653390819
3502,17.51,3.9912879604907054,2.793006429878286,2.1794331702245886
3503,17.515,4.968639608250959,4.259993511832974,3.89670060552552
3504,17.52,5.753978450557811,5.234926763450039,5.195900487660074
3505,17.525000000000002,6.368274681878847,5.843245970075138,6.154348185472255
3506,17.53,6.827193980909496,6.155097374739329,6.807105049040139
3507,17.535,7.1417255480828,6.2753927898335355,7.206977921415394
3508,17.54,7.318877212329374,6.354321284953458,7.416245058906578
3509,17.545,7.362193590264841,6.496453941929041,7.462766544422324
3510,17.55,7.272065687904422,6.663826992194937,7.354485627014599
3511,17.555,7.045861135706671,6.764001843366091,7.101899449982151
3512,17.56,6.677939578311908,6.748358708403097,6.717912389993325
3513,17.565,6.1596948956802455,6.600309923244398,6.21205860660308
3514,17.57,5.479985720513957,6.312496094316983,5.587848970304203
3515,17.575,4.626930431029567,5.877795270129728,4.849057554524605
3516,17.580000000000002,3.59372547284708,5.286825858830461,4.001348584522165
3517,17.585,2.3954890728887155,4.528172115774401,3.044785529584178
3518,17.59,1.112894940832522,3.591553471457997,1.983045022645085
3519,17.595,-0.021562910375663,2.47795751739907,0.8518735156141828
3520,17.6,-0.5752069106539661,1.2281753062862775,-0.26454139708192415
3521,17.605,-0.1974897833873342,-0.005419863209812803,-1.2122239576238565
3522,17.61,0.9441116587649324,-0.8286418468630066,-1.666061791282302
3523,17.615000000000002,2.391290306441582,-0.6018065994853936,-1.100780853674542
3524,17.62,3.827602107023778,0.9183566682348614,0.6526049504542542
3525,17.625,5.125256661345359,2.98064346904412,2.8610458767487525
3526,17.63,6.252042920252984,4.784933862746212,4.757126137441173
3527,17.635,7.210971598850903,6.138843607781574,6.165134650588082
3528,17.64,8.01521064154497,7.1072638972640965,7.185578796024217
3529,17.645,8.679148075662123,7.77050322722689,7.932955979841632
3530,17.650000000000002,9.215565736795323,8.196832053230885,8.474168447732662
3531,17.655,9.634977337130174,8.472798418577481,8.849778669199749
3532,17.66,9.945681952344142,8.700910146237973,9.090963925736018
3533,17.665,10.154013616480258,8.947950204364666,9.221420828401996
3534,17.67,10.264607492335545,9.203828549514771,9.255426324811207
3535,17.675,10.280627305726018,9.420926259861204,9.200094325318204
3536,17.68,10.203944229456113,9.565936637963668,9.062550178405914
3537,17.685,10.035274809047245,9.625394053346255,8.849395652700458
3538,17.69,9.774294701954886,9.59555063419256,8.56192695144179
3539,17.695,9.419755457251306,9.475822838193185,8.202989484116133
3540,17.7,8.969650874844229,9.266081770704531,7.787525695890664
3541,17.705000000000002,8.42151842658213,8.965711812758599,7.339886528004669
3542,17.71,7.773039331576008,8.57338016380123,6.885072819506793
3543,17.715,7.023254171613205,8.087151150176988,6.447234058572135
3544,17.72,6.174998198976764,7.5049105766669175,6.038059866699033
3545,17.725,5.239639202411754,6.825284979392764,5.639076518978851
3546,17.73,4.245743716709759,6.049507700871352,5.209817423023152
3547,17.735,3.2528514599416747,5.185120239232852,4.724570684662693
3548,17.740000000000002,2.3663996852097458,4.253070757627378,4.178952712522388
3549,17.745,1.7345655227586043,3.3003570914693148,3.5812742951905223
3550,17.75,1.49524785148296,2.4188135310802226,2.98028675053346
3551,17.755,1.6864830304508291,1.7604400455283336,2.501010616883293
3552,17.76,2.216981231708314,1.513634856078578,2.3282794595306084
3553,17.765,2.9370955270880934,1.7955647445020997,2.5908595745120415
3554,17.77,3.719312777363069,2.5234994821334693,3.2315865699563355
3555,17.775000000000002,4.484858714995706,3.4519641871900495,4.0443163221511425
3556,17.78,5.194722238169741,4.354876861884945,4.840322780921667
3557,17.785,5.834095611517311,5.120642967478049,5.531574037526467
3558,17.79,6.400983306406356,5.724828611630159,6.102593464183036
3559,17.795,6.899560144128447,6.184668313522639,6.566387344909329
3560,17.8,7.336616629851544,6.536841513096686,6.942469913360851
3561,17.805,7.719699790303278,6.826857549032813,7.247558501437954
3562,17.81,8.056123303117927,7.095709021674608,7.492046457973558
3563,17.815,8.352413990198581,7.365983034826325,7.683888787828236
3564,17.82,8.613984793126669,7.639442089369435,7.834416089132111
3565,17.825,8.844941168969761,7.9072577345980255,7.957496098003151
3566,17.830000000000002,9.047984592784667,8.160426617299025,8.064358461496848
3567,17.835,9.224399875666595,8.393373342222972,8.161182552929844
3568,17.84,9.374117402336577,8.603258431481114,8.247856969369842
3569,17.845,9.495836906372537,8.788448182787548,8.3185701215436
3570,17.85,9.587192880666215,8.947433124451551,8.369326267876858
3571,17.855,9.644937565658488,9.078292980526156,8.407514522716932
3572,17.86,9.66511757023066,9.178524130301154,8.447615491499256
3573,17.865000000000002,9.643224304898103,9.245057085678628,8.500330624393307
3574,17.87,9.574305016041333,9.274348062445807,8.56820137623856
3575,17.875,9.453028578802575,9.262475491567788,8.644271096789534
3576,17.88,9.273707284324988,9.205205459204137,8.712631382633713
3577,17.885,9.030282801179382,9.09801277730384,8.751561393406135
3578,17.89,8.716293072670927,8.936059223489128,8.73694795109919
3579,17.895,8.324851290795866,8.714139728307995,8.645809550288847
3580,17.900000000000002,7.848696762343054,8.426613994775478,8.460821494583886
3581,17.905,7.280437826933914,8.067349891244481,8.173423906292474
3582,17.91,6.613234825963083,7.629723572007334,7.782269225683294
3583,17.915,5.842438182088262,7.106763300939891,7.2886957997807205
3584,17.92,4.969229596963402,6.491616210077624,6.694152672472022
3585,17.925,4.008245021547635,5.77871449547717,6.000849715517516
3586,17.93,3.0021408865872616,4.966428092959416,5.21414142710074
3587,17.935,2.044178101270384,4.062796367411181,4.347112311293417
3588,17.94,1.295454384500362,3.0972619504333867,3.430553810694778
3589,17.945,0.9505739956719303,2.1423175910119228,2.532338210777002
3590,17.95,1.117621992469191,1.3439351848501722,1.78492539588032
3591,17.955000000000002,1.7219894540907967,0.9317095209826909,1.3949545262528034
3592,17.96,2.573337635659084,1.1274367815633708,1.5629822801672861
3593,17.965,3.495569072613636,1.9322551395597936,2.2950673579450265
3594,17.97,4.3794286044344855,3.057763940696555,3.340555402538011
3595,17.975,5.171165960272588,4.1716048359549,4.408210093507625
3596,17.98,5.849007055865525,5.099845248097232,5.345027729879931
3597,17.985,6.406700600608499,5.802279701653112,6.113635250847892
3598,17.990000000000002,6.844606028082373,6.2951042408251325,6.72071566636464
3599,17.995,7.165323916218779,6.615606779078229,7.1804755254915165
3600,18.0,7.371650709268881,6.813086294427312,7.505104206728431
3601,18.005,7.465650607789904,6.93708114021215,7.70413574264386
3602,18.01,7.44825228745226,7.017511908464467,7.784498925539475
3603,18.015,7.31909903172546,7.054525810576212,7.750696272519553
3604,18.02,7.076550644702745,7.029872402001802,7.605663040445943
3605,18.025,6.717847371779802,6.923905373382972,7.351728253422802
3606,18.03,6.239565275995096,6.722491004244253,6.991365718003474
3607,18.035,5.6386892024455,6.416295613361274,6.52782128431623
3608,18.04,4.915012630591146,5.998689668852433,5.96565166157133
3609,18.045,4.076309581027587,5.464768706642546,5.311431028541316
3610,18.05,3.148889231760955,4.81211930373977,4.575421858044467
3611,18.055,2.1967256566721924,4.0441260778987385,3.774936980546999
3612,18.06,1.3466889574731318,3.177785506260079,2.9396242935648695
3613,18.065,0.7922920151259876,2.2596861485341044,2.1207763002828943
3614,18.07,0.717109943411667,1.3937667007253673,1.410663221281978
3615,18.075,1.1537321556291618,0.7720463897936067,0.9691061479477652
3616,18.08,1.95329293051964,0.6536415050045159,1.0091590945508013
3617,18.085,2.912698765538476,1.2002719399846993,1.655452083047006
3618,18.09,3.882324051019176,2.2661540285841086,2.759919101349923
3619,18.095,4.781543898827889,3.4890383434153787,3.986264704768087
3620,18.1,5.575475919606961,4.590723135301566,5.08231338131103
3621,18.105,6.252994958404542,5.469545790583717,5.963358424508929
3622,18.11,6.813778566988409,6.1219006546487815,6.635440659611438
3623,18.115,7.261815276974279,6.5787458460005,7.12845252780362
3624,18.12,7.602393440484998,6.886647554869632,7.47140107056193
3625,18.125,7.840794212526362,7.100705506832943,7.687539917607534
3626,18.13,7.981793677784895,7.267694375597194,7.794314883765123
3627,18.135,8.029552275723615,7.40685725084791,7.804171547629376
3628,18.14,7.987703463676068,7.509810200975732,7.726040696014934
3629,18.145,7.859569091221807,7.5585935482701805,7.5669765043011
3630,18.15,7.648490217854203,7.539569339308617,7.333187835744651
3631,18.155,7.358299832648186,7.4460349294798664,7.031185759716455
3632,18.16,6.993990949792737,7.2762342595543545,6.669867671875501
3633,18.165,6.562649971214528,7.031472440342416,6.2621817225196335
3634,18.17,6.07471539850849,6.71532795491963,5.8249134078006914
3635,18.175,5.545544618261577,6.333791184996187,5.377631815747055
3636,18.18,4.997050611404114,5.896099088078579,4.941655189001234
3637,18.185,4.4587218432766935,5.416120599374157,4.537560844237076
3638,18.19,3.9667138594642952,4.914088988305002,4.181890374812617
3639,18.195,3.559401450260473,4.418153331467614,3.887475641020827
3640,18.2,3.268884504754426,3.9645597428206605,3.667744827861041
3641,18.205,3.111011354083847,3.5944900847569867,3.537938514814937
3642,18.21,3.079361721295598,3.3456766939886244,3.5090568203819106
3643,18.215,3.147275993260217,3.239570583748652,3.579391096245573
3644,18.22,3.2764771794920238,3.270045230392461,3.7307255917428552
3645,18.225,3.4268461288301517,3.402246621893868,3.9313876270814254
3646,18.23,3.563008644965734,3.58418680574536,4.142953556557419
3647,18.235,3.656850062807772,3.7635092191307113,4.327629249383053
3648,18.24,3.687250349262872,3.8994257188121066,4.455360164778941
3649,18.245,3.638612930574217,3.9663367293492913,4.507397866968405
3650,18.25,3.4992087684176894,3.9516826866053525,4.474677225675495
3651,18.255,3.2598110552403843,3.85150799893424,4.353630827387519
3652,18.26,2.9128048306553467,3.6657536547885723,4.142667435086356
3653,18.265,2.451898018487908,3.394337684512116,3.8405194933542663
3654,18.27,1.8726913362608508,3.034836123895116,3.4455529316372107
3655,18.275,1.1747068991007956,2.5821708122698204,2.955488935505878
3656,18.28,0.3661169767381943,2.0300586838009744,2.3686823898541824
3657,18.285,-0.5266715334554133,1.3738181548571533,1.687258276699077
3658,18.29,-1.4422827235741704,0.6148846529899092,0.9208214891631425
3659,18.295,-2.263642868091785,-0.23120766051900077,0.09153828867227709
3660,18.3,-2.817080161054925,-1.120168489600081,-0.7550184347440805
3661,18.305,-2.937848361964383,-1.9551166029368607,-1.5298497403649884
3662,18.31,-2.588605628210725,-2.562630254053575,-2.0790713771807656
3663,18.315,-1.892298825410268,-2.7147121594671786,-2.201241158553774
3664,18.32,-1.0309489504958615,-2.2671446508467694,-1.767236576440781
3665,18.325,-0.1475424304462608,-1.334760069314508,-0.8760692867524345
3666,18.33,0.6760179452204772,-0.2300215244709909,0.1960829936794113
3667,18.335,1.4018774600099575,0.7858665891171048,1.2151095081704995
3668,18.34,2.016645803794658,1.6028696917745653,2.07896547569113
3669,18.345,2.5189181532757097,2.207061384023902,2.7692091203647484
3670,18.35,2.9127202323371018,2.6232275018944335,3.2967375154930427
3671,18.355,3.2043940619031237,2.8936018115280673,3.677696106774537
3672,18.36,3.401269463682895,3.0692985491036175,3.926795700029334
3673,18.365,3.511234544862805,3.1953123912218473,4.056624199082162
3674,18.37,3.5427615925687443,3.29375974833175,4.078437500015327
3675,18.375,3.505162978908372,3.362669802110225,4.003189337923051
3676,18.38,3.408942079456127,3.3908551200212007,3.842492579863108
3677,18.385,3.2661214966872154,3.3709496622257715,3.609473798988602
3678,18.39,3.0904050164753505,3.3029878382315205,3.3195561892709975
3679,18.395,2.8969880679612285,3.1932152580018434,2.9910899738933283
3680,18.4,2.7018170817153453,3.05230821277833,2.645660953331723
3681,18.405,2.5201739866213746,2.893980978794849,2.3080719922479096
3682,18.41,2.364679511059592,2.733663105852126,2.005965579361611
3683,18.415,2.243133568491097,2.58678660136806,1.7680731468483892
3684,18.42,2.1568662247707238,2.4664834503532487,1.6192712401378708
3685,18.425,2.10022153965509,2.380947317118169,1.572797171615543
3686,18.43,2.061372099125397,2.3311979175983173,1.6241441700456303
3687,18.435,2.024105612393069,2.3101795371338327,1.7510459511061591
3688,18.44,1.9698995955962928,2.3037345665444406,1.918430847237747
3689,18.445,1.87965994539731,2.2931455720984517,2.0844168054863634
3690,18.45,1.7348025865546777,2.258219983259323,2.2070175640820175
3691,18.455,1.5176679711233834,2.179806077464527,2.2521734647091147
3692,18.46,1.211447749563742,2.0411165120751944,2.1989798848647193
3693,18.465,0.7998868078659215,1.8278410494510888,2.0375360694939832
3694,18.47,0.2671020013300461,1.5274105093333996,1.762387185966252
3695,18.475,-0.4019115604635428,1.127899402365296,1.3686053589789164
3696,18.48,-1.2188504668166638,0.6170620401449636,0.8513613385592373
3697,18.485,-2.184815038904608,-0.01795455416933489,0.2060557567125061
3698,18.49,-3.2715401794115944,-0.7893690275714889,-0.571259140260076
3699,18.495,-4.379994938001395,-1.7041139449650515,-1.4804964369180045
3700,18.5,-5.278760360931317,-2.751169259078284,-2.5063799113353014
3701,18.505,-5.615805592677984,-3.8705223917425364,-3.5907554939520434
3702,18.51,-5.174238317755844,-4.88810508070587,-4.574624443334043
3703,18.515,-4.124733662124303,-5.434266040262152,-5.124447862830447
3704,18.52,-2.8230409868889668,-5.03769983894791,-4.813373609041037
3705,18.525,-1.523702777143907,-3.6457915111776984,-3.583502524346322
3706,18.53,-0.3422863200304485,-1.8705093094422125,-1.9688963509985884
3707,18.535,0.6840498536091426,-0.292699492185017,-0.4818968458192536
3708,18.54,1.551117028116766,0.9197459678775299,0.7274629583417322
3709,18.545,2.266319607881159,1.7947535913826078,1.6816592737601326
3710,18.55,2.840094479394274,2.3908009063918145,2.4273450578589
3711,18.555,3.2828692362237835,2.769467173020847,2.9996613358138857
3712,18.56,3.604282971823845,3.0086462193652475,3.421895831198987
3713,18.565,3.813378344009812,3.191841746662587,3.7089439198494283
3714,18.57,3.919308045696985,3.3675946388491624,3.870261203478919
3715,18.575,3.932450612301913,3.527684450147814,3.9130547176756822
3716,18.58,3.865973625604568,3.6397001467037446,3.8449341265132406
3717,18.585,3.73788808356613,3.6829030094900936,3.675866454795089
3718,18.59,3.573449647457736,3.6543528135214016,3.4201617232754833
3719,18.595,3.407234287271687,3.564295142728922,3.0988298425282594
3720,18.6,3.283267906064639,3.4336524302516325,2.741979440432025
3721,18.605,3.2507081871131094,3.2942747586458596,2.390868578473959
3722,18.61,3.353418836384077,3.1894840891807803,2.0997243687041403
3723,18.615,3.616068754950517,3.171491233833497,1.935426425673807
3724,18.62,4.03471906789998,3.2919359273000293,1.9679774365723008
3725,18.625,4.578953687125798,3.5847703633308914,2.246266546533564
3726,18.63,5.20388880078237,4.0488407654093255,2.7708619781975603
3727,18.635,5.863638150137081,4.643962928508275,3.4887021861220973
3728,18.64,6.519756552862983,5.306552433021325,4.315711756115769
3729,18.645,7.143848424431456,5.9735886875363935,5.1642152112388775
3730,18.65,7.7166214609321235,6.5988887973145935,5.957966616031117
3731,18.655,8.225678091131286,7.156881861321422,6.64300011756782
3732,18.66,8.663311571487174,7.63878049962635,7.196664943411079
3733,18.665,9.024751431804708,8.046489881779683,7.623631668533093
3734,18.67,9.306896024965685,8.38659736077593,7.9371077037658
3735,18.675,9.507430989624844,8.665363513680013,8.147117149383794
3736,18.68,9.624212733277895,8.885640378319223,8.262364433997318
3737,18.685,9.654814418738225,9.046221745781805,8.292631759923246
3738,18.69,9.59615465579728,9.142954189273715,8.247444414245
3739,18.695,9.444144869163358,9.170248922370112,8.134007772612733
3740,18.7,9.193296922310894,9.122045204704856,7.957190767771234
3741,18.705,8.83622611604639,8.992045609331385,7.720533205164569
3742,18.71,8.362961941734389,8.773440584111952,7.425233549657207
3743,18.715,7.759929810660557,8.458344761404174,7.069054970353147
3744,18.72,7.008368356587158,8.037032260779416,6.648314201236725
3745,18.725,6.081746053807821,7.496923533499059,6.15927869422005
3746,18.73,4.941311107713365,6.821151792081663,5.594104179967884
3747,18.735,3.527924482619418,5.986370501414392,4.933833512808157
3748,18.74,1.745890293146303,4.959154738102434,4.142548950799863
3749,18.745,-0.5719462160841324,3.68968585593535,3.1610951297127516
3750,18.75,-3.744182131742336,2.0998543679440815,1.8989617764231554
3751,18.755,-8.350478967887302,0.058972721428927954,0.2204070584313591
3752,18.76,-12.769221155873147,-2.6703416305952343,-2.096709085524034
3753,18.765,-8.645625649016253,-6.558731775947377,-5.476460418807648
3754,18.77,-4.175807696311361,-12.447614342448015,-10.673622794431987
3755,18.775,-1.1546813000292704,-16.31959649223881,-14.123113557998023
3756,18.78,1.0004663070245423,-2.6234806187903787,-1.9677704224324284
3757,18.785,2.6125640499967724,2.4496487165228396,2.605842073252154
3758,18.79,3.850510256866749,4.223259798366731,4.261168871573317
3759,18.795,4.810624457001805,5.2850454945575125,5.288126858724046
3760,18.8,5.552213617816059,5.968745305706984,5.997764868992504
3761,18.805,6.114044982356935,6.328992848420149,6.5242599126750775
3762,18.81,6.522691234579611,6.068324929297141,6.909640641864134
3763,18.815,6.7971298123206,5.516855885485844,7.174547636606011
3764,18.82,6.951495611571794,5.129047278338342,7.328352726875686
3765,18.825,6.996890152375491,5.626882342280091,7.36895712702699
3766,18.83,6.942722229058833,6.086827660126237,7.295111061514052
3767,18.835,6.797861545358205,6.320406391298754,7.109791247939542
3768,18.84,6.571794216005018,6.393155806467769,6.813887445392123
3769,18.845,6.27591138492439,6.343546100163051,6.410036712145466
3770,18.85,5.924988272873727,6.195099265790895,5.9053613334712445
3771,18.855,5.538758240301283,5.966020322240088,5.326190344682174
3772,18.86,5.143181240574641,5.674206985241303,4.7033769493413695
3773,18.865,4.77052970092555,5.34048821663685,4.046755019474233
3774,18.87,4.456993471590417,4.990990422678176,3.3821227329733725
3775,18.875,4.236818726145462,4.658358724750833,2.8456881738776696
3776,18.88,4.133826405060834,4.380648796011252,2.6546344093880334
3777,18.885,4.153925398635251,4.19626202729588,2.836522245969598
3778,18.89,4.283109952727413,4.1343898306138245,3.2605203187364333
3779,18.895,4.492304314561251,4.203902452169158,3.7998082543822154
3780,18.9,4.745897918070146,4.387375849023119,4.548422879629289
3781,18.905,5.009415004568568,4.645712463282401,5.280332008987332
3782,18.91,5.2538810466504895,4.931272418205737,5.81374235209623
3783,18.915,5.457042794632201,5.201301024906845,5.977634641338112
3784,18.92,5.602722156070148,5.425315167364717,6.099338893679628
3785,18.925,5.679472771216714,5.586008329760641,6.200218505370232
3786,18.93,5.679216459450917,5.6764225021856,6.173493427462397
3787,18.935,5.596140379041095,5.6958635086453,6.035062605747086
3788,18.94,5.425927564302659,5.64594852287548,5.8074808686825
3789,18.945,5.165323099254069,5.527647204311614,5.531597107692985
3790,18.95,4.812047398126901,5.339863404161525,5.209313401420614
3791,18.955,4.365126391048023,5.07953228476972,4.809129930725791
3792,18.96,3.825809720827433,4.7426545040636725,4.356260906903788
3793,18.965,3.1993948573141555,4.325639904742955,3.8838783923863076
3794,18.97,2.4984401173347424,3.826745228779174,3.343992114230125
3795,18.975,1.747865892293126,3.247874151364176,2.6968796065739125
3796,18.98,0.9917470134597371,2.597346002101027,1.9918895303840065
3797,18.985,0.2989740556316385,1.8944095099245781,1.3238126073814223
3798,18.99,-0.2403274202839727,1.1760670490201415,0.7080531296836465
3799,18.995,-0.538529694914595,0.5052548584679855,0.23247336167545463
3800,19.0,-0.55125291018773,-0.025289477255249437,-0.03634824158378169
3801,19.005,-0.303723726257486,-0.30722361343942595,-0.053948235162947
3802,19.01,0.1252116772280404,-0.2625360568874058,0.08218818076158296
3803,19.015,0.6440310677935659,0.09748334546325754,0.48912507797552074
3804,19.02,1.1786088160743171,0.6624242228127502,1.1196880158717053
3805,19.025,1.6805942984918831,1.2862795109378045,1.794036653495246
3806,19.03,2.1234351907982587,1.857875282779868,2.4161784290257464
3807,19.035,2.495673470147128,2.3218961481363194,2.9381032983092537
3808,19.04,2.795567718063403,2.665549871910165,3.343535999616084
3809,19.045,3.0276843856059985,2.9013750524510673,3.635133101682019
3810,19.05,3.2009863045297378,3.0553408991981295,3.8236437558398713
3811,19.055,3.3277984593894288,3.1572098766505126,3.922930642871362
3812,19.06,3.4231174261702426,3.2319392371338034,3.948329363511265
3813,19.065,3.503828334825257,3.2955441716499774,3.916466906819993
3814,19.07,3.587499564828468,3.357445153490244,3.8455083080059618
3815,19.075,3.6906096190724345,3.425680191276462,3.755260974499615
3816,19.08,3.826366337265192,3.5100565782975277,3.6667677968239794
3817,19.085,4.0026311609113066,3.6218255079797017,3.6011499796243083
3818,19.09,4.2206453196991305,3.7711049717521234,3.5776928819791705
3819,19.095,4.47506540287495,3.9637110699104814,3.6115640504239614
3820,19.1,4.755298916601073,4.19880130296156,3.711886341514563
3821,19.105,5.047616307797572,4.468323929350131,3.8807320108245977
3822,19.11,5.33733035488194,4.758519760685938,4.112957398248547
3823,19.115,5.610514162598458,5.0528080305064424,4.396460080812456
3824,19.12,5.855063617194254,5.334868394558792,4.712938805226987
3825,19.125,6.061179516933601,5.590910135932649,5.039664484589684
3826,19.13,6.221466959810238,5.810726025539208,5.352149767487599
3827,19.135,6.330856818589648,5.987684167026547,5.626880017150836
3828,19.14,6.386509575635677,6.118080963804366,5.84373922662568
3829,19.145,6.387810215731919,6.200305590316413,5.988371662919718
3830,19.15,6.336521385387285,6.234169981070449,6.0539821122950706
3831,19.155,6.237127757704961,6.220613090844335,6.041373545205997
3832,19.16,6.097362270693813,6.161838150956992,5.9572055754191595
3833,19.165,5.928831138678032,6.061828211430907,5.812134139293077
3834,19.17,5.747524341934728,5.927128116865754,5.620089187489129
3835,19.175,5.5738087296771655,5.767752668115982,5.398379014296987
3836,19.18,5.431324461831659,5.598018378739847,5.167837470572831
3837,19.185,5.344250307346298,5.436944954542279,4.952599026178047
3838,19.19,5.3329551066821255,5.307643728589141,4.779152029786473
3839,19.195,5.409131686825189,5.234962614600443,4.67403052336703
3840,19.2,5.572437178564799,5.240951730786492,4.6596744275931705
3841,19.205,5.810367797580792,5.33882030264272,4.749144420726865
3842,19.21,6.101414844627745,5.527699065414293,4.941799816691466
3843,19.215,6.419824515439892,5.79126110473025,5.222324891698717
3844,19.22,6.739909750062942,6.10158974759414,5.563961011807823
3845,19.225,7.038752116282034,6.4264445531097625,5.934417896167807
3846,19.23,7.29722354943533,6.736247542409075,6.301672267893984
3847,19.235,7.499836481282747,7.008162059412081,6.637733641336589
3848,19.24,7.633990157119797,7.226910529661408,6.920309481653941
3849,19.245,7.689003856376065,7.383372682795224,7.133167649618601
3850,19.25,7.6551290046719265,7.472184473219122,7.265539121949056
3851,19.255,7.522589474604802,7.48924582674165,7.310608599569408
3852,19.26,7.280611310160861,7.429720920825755,7.263660703457793
3853,19.265,6.916343376285382,7.2867877671428225,7.12057253364196
3854,19.27,6.4135103411471,7.0510278563872815,6.876729679241174
3855,19.275,5.750550109569326,6.710069826785653,6.526061913317353
3856,19.28,4.897836267131445,6.2480298740678135,6.059927743554656
3857,19.285,3.813345779956258,5.644357282906578,5.465606901248821
3858,19.29,2.435916874284521,4.871722306881133,4.724064261310568
3859,19.295,0.6762787328241971,3.8924503233368952,3.80645735285404
3860,19.3,-1.5823076031496073,2.652693870524193,2.6685800509270545
3861,19.305,-4.370136374702692,1.0733443993260958,1.2423111077703273
3862,19.31,-6.800755223083785,-0.9609346200326421,-0.5746745087159049
3863,19.315,-6.147216317957586,-3.5901413233220687,-2.90909792109869
3864,19.32,-3.23631565355524,-6.742923676454323,-5.702217023801978
3865,19.325,-0.4583348758186,-8.540298018228215,-7.2877041445236515
3866,19.33,1.7664756790539136,-4.299081615815757,-3.4925683697794483
3867,19.335,3.527812255270152,1.2573140987885632,1.5147932576442331
3868,19.34,4.935612202893129,4.050162709134755,4.103656079424171
3869,19.345,6.0685821173161125,5.654133827615208,5.654227277618596
3870,19.35,6.979912655454519,6.673214758286316,6.709896112472689
3871,19.355,7.705743441893405,7.303027533782004,7.487417195743449
3872,19.36,8.270960522897665,7.5314201534208856,8.072092493477188
3873,19.365,8.692814021462036,7.465239524279893,8.502552208892796
3874,19.37,8.983161189810762,7.386831462336765,8.797352197668252
3875,19.375,9.149875091604205,7.61158493309899,8.963712911475364
3876,19.38,9.197744774874984,8.008202705162516,9.003827016624502
3877,19.385,9.129067162758425,8.309268336153039,8.919544125200426
3878,19.39,8.94406888228925,8.466813150006145,8.712086792715047
3879,19.395,8.64128266001999,8.488047025974339,8.382521059138401
3880,19.4,8.218041802374245,8.38176775896895,7.934094293005577
3881,19.405,7.671378355957129,8.152651353224767,7.376406539005064
3882,19.41,6.9998902237058624,7.801974275808499,6.722550925221353
3883,19.415,6.207718957946453,7.329005924576926,5.980100364427095
3884,19.42,5.312803017632905,6.732863070512238,5.162165841522557
3885,19.425,4.362652703978558,6.015714143262265,4.32379448137103
3886,19.43,3.4586776798979924,5.189143059787841,3.564046704852029
3887,19.435,2.7735108011577987,4.286929903455651,2.9460986793108948
3888,19.44,2.5095710310145583,3.3885721784856173,2.479061332413947
3889,19.445,2.7674005796496,2.6520218543062715,2.2171825770933595
3890,19.45,3.454158043139194,2.322081327110315,2.3559469524487433
3891,19.455,4.368756246636767,2.6240806351412442,3.035978289355312
3892,19.46,5.335843213340048,3.5346202242810927,4.137154608519485
3893,19.465,6.251226461244009,4.735143935989036,5.316732573461085
3894,19.47,7.065768578120598,5.890360179918655,6.365121269490998
3895,19.475,7.760842044733364,6.839711346152314,7.2350767219777286
3896,19.48,8.33217377176289,7.553634810955245,7.892779943340513
3897,19.485,8.781357950497075,8.053759212628702,8.349063074083084
3898,19.49,9.111775543196606,8.380756448407933,8.643809065450974
3899,19.495,9.326706276763522,8.586743445717456,8.817072517880277
3900,19.5,9.428463769877284,8.722566265443927,8.89259024771199
3901,19.505,9.41798220454812,8.816906497761504,8.871512660884685
3902,19.51,9.294579956232424,8.867377214313075,8.760649425164157
3903,19.515,9.055766878247509,8.854133450851613,8.574296399950772
3904,19.52,8.697030620247322,8.757131320791306,8.301599264504674
3905,19.525,8.211578893482345,8.561986838962637,7.919305023055042
3906,19.53,7.590063097105286,8.258393733582324,7.433561954579011
3907,19.535,6.820415203043309,7.83733581318752,6.8777324610945705
3908,19.54,5.888216579927232,7.289080652559242,6.266322273414112
3909,19.545,4.778821136522685,6.601996659659117,5.605298652662875
3910,19.55,3.4847030459760253,5.762101031883323,4.890962357808133
3911,19.555,2.027391145610593,4.753827362031481,4.09147008148589
3912,19.56,0.514640852039457,3.5639583922033315,3.1415538539494676
3913,19.565,-0.7547871292257419,2.1944973369025225,2.045013861209883
3914,19.57,-1.2851342866905793,0.6999917021525626,0.8793876841821877
3915,19.575,-0.8138200887562164,-0.718331213380698,-0.19632425378538887
3916,19.58,0.3290043945762489,-1.5590709490155126,-0.7636590290495251
3917,19.585,1.6614971789047852,-1.1256745370786145,-0.2184361551124585
3918,19.59,2.918258669025888,0.5710218268427143,1.4224508972565397
3919,19.595,4.010171602656738,2.534863357616463,3.2757666336135287
3920,19.6,4.923976324120062,4.089737884362791,4.748816333485598
3921,19.605,5.6716819956885285,5.175535785305011,5.801067867544573
3922,19.61,6.271797175453603,5.888746127908874,6.535679496324179
3923,19.615,6.743366475502902,6.311073542143515,7.042144184895121
3924,19.62,7.104590967385142,6.516921375068586,7.380369118442525
3925,19.625,7.373007301116603,6.607600567596019,7.589278262858864
3926,19.63,7.566128171691425,6.693742052525123,7.694686230507839
3927,19.635,7.702095778099097,6.83183919885363,7.715044436396658
3928,19.64,7.8000813614802045,6.999465853030162,7.665842192737042
3929,19.645,7.880187970826413,7.156959749024772,7.562148608732987
3930,19.65,7.962634007565987,7.290312906592999,7.420419429013005
3931,19.655,8.066125540296877,7.406624171228692,7.260963061944649
3932,19.66,8.205626502059726,7.522273403272864,7.109364620733986
3933,19.665,8.390127562200451,7.655668330083689,6.994259230915162
3934,19.67,8.621238734230971,7.822616691542377,6.942324460299905
3935,19.675,8.893222945177774,8.032793664528642,6.975122707269334
3936,19.68,9.194481694565876,8.28744422091344,7.110225519548358
3937,19.685,9.509892614004691,8.579057472731176,7.361329587108624
3938,19.69,9.823180412818662,8.893264042361395,7.729711318610319
3939,19.695,10.118720200009488,9.212218249281989,8.193312421181002
3940,19.7,10.382563665339315,9.518113143718757,8.70956505289812
3941,19.705,10.602781292287917,9.795685471435327,9.230463029064367
3942,19.71,10.769338430068917,10.033280313667294,9.708970185111479
3943,19.715,10.873714938732045,10.222678333983705,10.096563714904338
3944,19.72,10.908414071493432,10.358171657676671,10.355096275572148
3945,19.725,10.866437684459324,10.43537940032588,10.474994561321896
3946,19.73,10.740751347313836,10.45016868957547,10.472764494709288
3947,19.735,10.523724787532888,10.397872895820267,10.364884869234793
3948,19.74,10.206502665407127,10.272820162445441,10.158047112963896
3949,19.745,9.77822714614708,10.068051993983067,9.857024592294074
3950,19.75,9.224982328340731,9.775056444635489,9.467535926951658
3951,19.755,8.528235929961056,9.38334730338406,8.9929590462248
3952,19.76,7.662362251391377,8.879737573778502,8.430561806984068
3953,19.765,6.590413275393491,8.247128641052443,7.771127301893577
3954,19.77,5.256313228625599,7.462517861772589,6.999012551477183
3955,19.775,3.5690187371037885,6.493639797437664,6.087024718714891
3956,19.78,1.3660777627700262,5.2930017505940095,4.9899697240086205
3957,19.785,-1.6867118372104009,3.786480903616842,3.639604831444336
3958,19.79,-6.46154936675951,1.8492976911532297,1.927290785599555
3959,19.795,-16.16731326005951,-0.7516907132111506,-0.35143853789332
3960,19.8,-11.585353641084172,-4.525108884006755,-3.6518409333377004
3961,19.805,-4.644880827215537,-10.902194826958873,-9.259213821921355
3962,19.81,-0.8964701307439755,-25.558223018074045,-22.25140485036235
3963,19.815,1.574816161324888,-5.065308420270714,-4.054636286561356
3964,19.82,3.3489960673022208,4.601479352162865,4.651459042912441
3965,19.825,4.671955662696647,5.496728687367576,5.585933138667752
3966,19.83,5.669330446853262,6.526157482521085,6.61629453227124
3967,19.835,6.412774653501998,7.14597996786649,7.280664635355514
3968,19.84,6.945857804373604,7.666879280003181,7.793015536506596
3969,19.845,7.295802470459024,7.330403820516003,8.15725132196339
3970,19.85,7.479337652735472,6.472043362978717,8.386372437893485
3971,19.855,7.505764878988829,5.399751090153437,8.486562558674281
3972,19.86,7.378537024386587,5.872532285223761,8.447659203310826
3973,19.865,7.095930845523927,6.471932005750092,8.257735199309987
3974,19.87,6.651069857861901,6.619437747818902,7.9138808950557085
3975,19.875,6.031398799104127,6.514049317276448,7.406784448837331
3976,19.88,5.217675130425078,6.207559351788729,6.725495677523991
3977,19.885,4.182750227894657,5.711878118138102,5.8522439943408235
3978,19.89,2.8914799406419838,5.020819078341208,4.790220776391747
3979,19.895,1.3075689153937875,4.115594407047198,3.553904051639953
3980,19.9,-0.5689935451263044,2.9661279128706814,2.1054725123836056
3981,19.905,-2.5511790268122905,1.5334893491301949,0.3633857836076606
3982,19.91,-3.900126753247755,-0.2151104604310028,-1.6296110216873974
3983,19.915,-3.571286421830969,-2.2358170098457686,-3.521645076935574
3984,19.92,-1.899168755825148,-4.136715891508768,-4.892092860217783
3985,19.925,0.0322538861581319,-4.588525101180638,-4.747748269029193
3986,19.93,1.7435543451946425,-2.2407876401945153,-2.2040236358263776
3987,19.935,3.15120348738804,1.0486385737373012,1.403132195675187
3988,19.94,4.277524277954252,3.355565215465219,4.1355394630928215
3989,19.945,5.159756829764845,4.792412208285095,5.9329671266963215
3990,19.95,5.829639763045005,5.680236498239527,6.671047949585791
3991,19.955,6.310529688787746,6.172525411850021,7.081984900045161
3992,19.96,6.618202633863247,6.331188676609585,7.437369849234964
3993,19.965,6.762007724670067,6.260378523832508,7.553050782357074
3994,19.97,6.745624276440038,6.136414863026552,7.460704812804357
3995,19.975,6.567261345862068,6.101418554797758,7.197506573490523
3996,19.98,6.219203999605631,6.1065404031304436,6.825767386719164
3997,19.985,5.686493382588475,6.021717599936611,6.36731583834485
3998,19.99,4.944247311748027,5.782524924479251,5.744025493615358
3999,19.995,3.9525137829489143,5.363227446257425,4.958255312404505
