Index,x[m],Actual,order-10,order-50
0,0.0,7.230659929672027,,
1,0.005,7.291669842780152,,
2,0.01,7.3626474004184175,,
3,0.015,7.429157977083213,,
4,0.02,7.47549568412493,,
5,0.025,7.485880381095523,,
6,0.03,7.445125235564493,,
7,0.035,7.338809580466647,,
8,0.04,7.1530804367385645,,
9,0.045,6.874222344275208,,
10,0.05,6.488128502973419,,
11,0.055,5.979834063798233,,
12,0.06,5.333421080468742,6.382216357559031,
13,0.065,4.533070904496214,5.902229832414872,
14,0.07,3.5673379441592457,5.297727599624293,
15,0.075,2.442094615052866,4.552741397123602,
16,0.08,1.2148610167398464,3.6523927641316156,
17,0.085,0.0679001007554297,2.5907873104006782,
18,0.09,-0.6208030720912643,1.393251565787641,
19,0.095,-0.4501875032864488,0.17318569181718857,
20,0.1,0.5527829234512759,-0.7546350224106666,
21,0.105,1.969016551487688,-0.8086787773374713,
22,0.11,3.43764912109749,0.4204002123113275,
23,0.115,4.791630294157136,2.419973659903695,
24,0.12,5.97959021948577,4.32096378083458,
25,0.125,6.99659382606722,5.7959031783071975,
26,0.13,7.8525613027757,6.87036143464833,
27,0.135,8.560391297983402,7.62295786495934,
28,0.14,9.131936188815322,8.120344273198395,
29,0.145,9.576848133281276,8.440282958319159,
30,0.15,9.902411877482244,8.680918259099432,
31,0.155,10.113671160056748,8.920262207139544,
32,0.16,10.21359760712075,9.166128456464687,
33,0.165,10.20321420904022,9.374668002992479,
34,0.17,10.08164560289341,9.506272253321704,
35,0.175,9.846090809224613,9.541251923780539,
36,0.18,9.49172899921649,9.471275529700163,
37,0.185,9.011594450942988,9.291703905261434,
38,0.19,8.39652201351274,8.997980162576265,
39,0.195,7.635436568467756,8.58413087296054,
40,0.2,6.716713512935248,8.042147638407291,
41,0.205,5.632521855435872,7.361875242150747,
42,0.21,4.391017811117246,6.531654582519243,
43,0.215,3.047349808827746,5.540846686374063,
44,0.22,1.7679455355733165,4.387362084509066,
45,0.225,0.8948542725159954,3.098144292240458,
46,0.23,0.8099699789274741,1.7798922829815873,
47,0.235,1.534466819197786,0.717759127472017,
48,0.24,2.700887876128869,0.43677330516383694,
49,0.245,3.952880605043092,1.3469130352214718,
50,0.25,5.110083800143304,3.0579353436746253,
51,0.255,6.110433508153049,4.757604722745321,
52,0.26,6.943024115057654,6.073896023934019,6.423346880870299
53,0.265,7.614759223055465,6.999296170049828,7.298210360527603
54,0.27,8.137135983194327,7.602953267556676,7.912790701557741
55,0.275,8.521573481634741,7.949147178948536,8.333702169542779
56,0.28,8.778045831117801,8.111158743888026,8.60467523002028
57,0.285,8.914975140954823,8.181403424799772,8.751195614871357
58,0.29,8.939643493410092,8.23766020888905,8.788100893617028
59,0.295,8.858903924571544,8.296095965965645,8.724042740517211
60,0.3,8.680196821612505,8.321333712296365,8.562603648397886
61,0.305,8.412995275881766,8.277878182417057,8.306408529575508
62,0.31,8.070858252935771,8.150213843500005,7.964070062844236
63,0.315,7.674212410362755,7.937800479535958,7.552494543722506
64,0.32,7.253632636771906,7.6495320940213904,7.0938709709062575
65,0.325,6.852440923899695,7.302659766525809,6.614220560213451
66,0.33,6.525790595841022,6.924727501744702,6.144719394200431
67,0.335,6.332264142440045,6.556631378310296,5.726131909894782
68,0.34,6.316838907583255,6.254017104618528,5.417220925742842
69,0.345,6.492651939550271,6.0822040749090265,5.294962152896666
70,0.35,6.83502760328399,6.099452042204632,5.426056838648753
71,0.355,7.292984291980381,6.330625746794513,5.825942462057162
72,0.36,7.808522527967806,6.748125801262045,6.445790709552451
73,0.365,8.331072063211236,7.280138900573796,7.192415000530394
74,0.37,8.822983166765535,7.842454050695082,7.958098475961474
75,0.375,9.258863659217354,8.36780913532925,8.648873303881889
76,0.38,9.622582522046091,8.816505911302535,9.207398015436883
77,0.385,9.904165419489216,9.172797114701327,9.619506347299243
78,0.39,10.09735695740748,9.43686448253385,9.896006719675391
79,0.395,10.197913971147978,9.616978451259083,10.048924775797712
80,0.4,10.202469944669934,9.722646487777657,10.08703444783873
81,0.405,10.107793699043588,9.759539865007337,10.019838254587345
82,0.41,9.910312033690836,9.72746631828463,9.857460169602051
83,0.415,9.605825464384306,9.62137523385331,9.6079948585827
84,0.42,9.189413299755014,9.433663308130829,9.276279550095992
85,0.425,8.655618789087312,9.156015592958227,8.865453556289944
86,0.43,7.999174181037723,8.780248147666846,8.377562455276829
87,0.435,7.216865078706659,8.298548979998897,7.812079572376145
88,0.44,6.311817133029423,7.7037626774646135,7.1676462525372315
89,0.445,5.30270694041146,6.99042613698583,6.447495622647059
90,0.45,4.24167189935226,6.157608726197285,5.6622555112903115
91,0.455,3.2417333887457223,5.2155619010787895,4.830299501180832
92,0.46,2.493427011166346,4.199913138438122,3.985447030045511
93,0.465,2.208140143050243,3.1983993790350387,3.198471297902005
94,0.47,2.465718283684752,2.3875386206672187,2.6096876375597056
95,0.475,3.1372460123189456,2.036027827102509,2.4380034460813533
96,0.48,4.003408182021262,2.367414146771398,2.8699099610863064
97,0.485,4.890742084419626,3.3043936351574508,3.8348011859554543
98,0.49,5.702799992753279,4.474753183143023,5.002613303866387
99,0.495,6.39649888620228,5.543577219776459,6.076256784036188
100,0.5,6.9564632910576645,6.37431061575245,6.937099148546016
101,0.505,7.379602255582824,6.953124316750017,7.57727167981154
102,0.51,7.667390935080869,7.308199802185628,8.022303542118841
103,0.515,7.822297079674292,7.48379279090765,8.299033293024298
104,0.52,7.8462192529364145,7.53469011879206,8.42768205356709
105,0.525,7.739897623901576,7.5113242818391,8.421666158451272
106,0.53,7.502870312007683,7.437306631968315,8.289146103316474
107,0.535,7.133910609269455,7.303567859031379,8.034732527889904
108,0.54,6.63219366191946,7.086184320155764,7.660988097072217
109,0.545,5.99987930104615,6.764129207436495,7.16983499163738
110,0.55,5.247539512086645,6.324391195747418,6.564253074249354
111,0.555,4.404920490502898,5.761565588288855,5.850682746699478
112,0.56,3.539698724516454,5.079190655083268,5.04284774390873
113,0.5650000000000001,2.780363219546509,4.296453414201659,4.169025101791136
114,0.5700000000000001,2.3147056700121875,3.4635759647474544,3.2865253066590654
115,0.5750000000000001,2.3112599139544288,2.6882083888633206,2.505491903540563
116,0.58,2.7902631443299626,2.1615225573343255,2.010081317239837
117,0.585,3.605568523801826,2.12883501586813,2.027094437989768
118,0.59,4.565000473100472,2.7268005373290487,2.6763813152289697
119,0.595,5.527226602596676,3.800513514030372,3.8081160567765218
120,0.6,6.415234769070785,5.007311286261907,5.09855432596863
121,0.605,7.195024889495308,6.089728927320985,6.296144042838337
122,0.61,7.855287088376616,6.952744645299746,7.293998741176921
123,0.615,8.395251822168095,7.592221785225015,8.071361816550967
124,0.62,8.818527817173567,8.03765457292237,8.643385325641857
125,0.625,9.13024242109432,8.334203825945151,9.036922507150516
126,0.63,9.335852769277285,8.534688368247663,9.27719545682757
127,0.635,9.440803300403651,8.682909568694773,9.383388642183927
128,0.64,9.450654355708409,8.796365512526622,9.370709505827064
129,0.645,9.371539093392316,8.867478275822304,9.25280295872014
130,0.65,9.210926438345858,8.880758290562731,9.042477041212994
131,0.655,8.978723680180314,8.82570891747648,8.752122013750402
132,0.66,8.688743871451907,8.6996867267245,8.395088240062169
133,0.665,8.360444098733788,8.506841123110563,7.987392839543906
134,0.67,8.020523172835784,8.257384785902897,7.548956545427573
135,0.675,7.703391251992423,7.968068452208591,7.105733437136703
136,0.68,7.448895192655791,7.6634212349810324,6.693367049671669
137,0.685,7.295829399459288,7.376717926269897,6.358636608865375
138,0.6900000000000001,7.271872010609343,7.148900310590491,6.153736035803469
139,0.6950000000000001,7.384266448365098,7.023105452759139,6.123278319676453
140,0.7000000000000001,7.617099807524696,7.033521889729569,6.289130255322457
141,0.705,7.937129890706637,7.191578859692465,6.639498445284973
142,0.71,8.304106057957089,7.477848268232029,7.12800378373971
143,0.715,8.67975845736044,7.847188134491648,7.685426709859092
144,0.72,9.03256896820351,8.244793146794226,8.239791981499968
145,0.725,9.338774185741062,8.622415948030824,8.734557827365576
146,0.73,9.581300944829277,8.946709467349217,9.136911578704044
147,0.735,9.748039209326643,9.199632100901358,9.434034265546344
148,0.74,9.830192325627564,9.374705831959623,9.623550275394864
149,0.745,9.820968333146697,9.472113115409545,9.707322382505772
150,0.75,9.714650522656903,9.494075045389753,9.689453706444443
151,0.755,9.506025071965723,9.441398512697194,9.575001528184945
152,0.76,9.190177365646182,9.311834076477675,9.368461131503537
153,0.765,8.762775065869533,9.100214070596948,9.072920335225184
154,0.77,8.221163583579582,8.7996327698511,8.690282598108032
155,0.775,7.566986709257845,8.402897440488497,8.221796748136075
156,0.78,6.811710462912394,7.9040789205717115,7.668828185625983
157,0.785,5.987241668762967,7.300733728068387,7.035375538356462
158,0.79,5.163318365918101,6.5981024353569735,6.333146977178695
159,0.795,4.465897385986237,5.817505399261657,5.589066603073417
160,0.8,4.068413747145734,5.012017376835237,4.857221635003259
161,0.805,4.11462852635077,4.290450437608513,4.237797592073042
162,0.81,4.610177465763401,3.8357107003647766,3.892038227138519
163,0.8150000000000001,5.417712462364768,3.86540958556785,4.007572846627436
164,0.8200000000000001,6.362730672290953,4.480032123861015,4.665996991086625
165,0.8250000000000001,7.315474811413676,5.5214304485849715,5.7202808046305895
166,0.8300000000000001,8.203086073511765,6.681861266019823,6.892416197731029
167,0.835,8.991783181204646,7.7325216933343,7.975454899891136
168,0.84,9.669025926268052,8.584919401234997,8.887865787857553
169,0.845,10.232407030584492,9.23204114131242,9.620301852082672
170,0.85,10.683766995888249,9.699711011348578,10.187718741597427
171,0.855,11.026285833398765,10.029348921725393,10.608426364626096
172,0.86,11.263095982834235,10.268560442525974,10.897869425631034
173,0.865,11.396634699126842,10.455123981948743,11.067813969425682
174,0.87,11.428342462288768,10.602353602603772,11.127082416781182
175,0.875,11.358513885177752,10.701096387417978,11.082524346336694
176,0.88,11.186207560540264,10.734416843704853,10.93983409246661
177,0.885,10.909173125867293,10.688159167873149,10.704206548672772
178,0.89,10.523786246974083,10.552887286181424,10.38088383960772
179,0.895,10.025014552955216,10.322144567673298,9.975528002918002
180,0.9,9.406491257051364,9.990551046071054,9.494354167832732
181,0.905,8.660886675578885,9.552579601661307,8.944181021356588
182,0.91,7.781024226113196,9.001935496322979,8.332445999711311
183,0.915,6.76276883558304,8.331441259406425,7.666292042969536
184,0.92,5.611971777953969,7.533583247957337,6.9495393261653335
185,0.925,4.360023795453026,6.602350846527813,6.179074445013198
186,0.93,3.094147490326935,5.5379580857179445,5.34617327742473
187,0.935,1.9970082157898557,4.358011200003657,4.4485117032246535
188,0.94,1.3362288450557769,3.1219891012703367,3.5165055442024027
189,0.945,1.3030894688767256,1.976629934069365,2.657625674280399
190,0.95,1.8212692000827413,1.204025227596805,2.1037721049367364
191,0.955,2.6272648055198102,1.1548752576163577,2.1580384520607474
192,0.96,3.485159362021528,1.9232616523883972,2.908376028291083
193,0.965,4.262298472712462,3.124807400441947,4.025191007779414
194,0.97,4.901119949915128,4.272913236927691,5.087883615712898
195,0.975,5.381497976318696,5.142741416722845,5.906733261200042
196,0.98,5.698490788101899,5.70601579625811,6.466977203656482
197,0.985,5.851679294092524,5.994792218701413,6.8052580233767355
198,0.99,5.840326284564119,6.054659852369612,6.95758465711665
199,0.995,5.661066852616587,5.943209109003037,6.947684093926501
200,1.0,5.306583842909831,5.721740960796324,6.787629015754028
201,1.005,4.764627606605111,5.426842660183376,6.480325678803949
202,1.01,4.017334085049521,5.049610982416445,6.021534785622565
203,1.015,3.041726126763202,4.5506347446427124,5.401852034001407
204,1.02,1.8150214911291345,3.8866727212436016,4.608444763484485
205,1.025,0.3374946075435075,3.019696921762125,3.6256236782449056
206,1.03,-1.2875854678837864,1.9159257372111713,2.435640591610741
207,1.035,-2.651397578383833,0.5523185794607244,1.0267161917817202
208,1.04,-2.9515432123738305,-1.0442154943643827,-0.570756400334707
209,1.045,-1.869275969830406,-2.657500185841534,-2.1582017391297166
210,1.05,-0.1045740254012167,-3.5513594275911124,-3.0698826745991354
211,1.055,1.6864060959102738,-2.5128965547767796,-2.2061706178652116
212,1.06,3.2682135079617143,0.22616609607333515,0.25399561237007706
213,1.065,4.603315209352438,2.836422218022534,2.696682521995834
214,1.07,5.709898497334164,4.668474498523485,4.532481763206382
215,1.075,6.615510124911861,5.901472273168972,5.901731171458934
216,1.08,7.344935902895675,6.714285411067668,6.952052315994463
217,1.085,7.91795260470522,7.197733279226181,7.757627614305537
218,1.09,8.349637854188,7.429564139400412,8.348724519390158
219,1.095,8.651176939919946,7.541360801400943,8.743294754460626
220,1.1,8.830624810366825,7.6794306294166255,8.961234811032224
221,1.105,8.893517024411917,7.889379141843795,9.021674010211619
222,1.11,8.8433460224276,8.092468321246617,8.938492607732304
223,1.115,8.68195492993578,8.216025643769896,8.722403660372297
224,1.12,8.40992124029362,8.23353441231648,8.384092567468478
225,1.125,8.027035731305778,8.139602828002715,7.935220028583002
226,1.13,7.533049830555044,7.934416997055802,7.388579743736706
227,1.135,6.928996931820063,7.618880153997359,6.758107924148218
228,1.14,6.219629555243208,7.193750961742291,6.058378722730542
229,1.145,5.417870567189674,6.66033930759394,5.307209164239799
230,1.15,4.552468730195826,6.022389356541445,4.534809316429746
231,1.155,3.6793089722471817,5.2896973749995855,3.788639990647563
232,1.16,2.8922646115444275,4.4846507902652135,3.1177984130104446
233,1.165,2.3181185679179426,3.6531235569152543,2.5566772941989573
234,1.17,2.0731197806182355,2.879299312109688,2.1436409072684404
235,1.175,2.1928411618350703,2.2953226496086434,1.9557413475092535
236,1.18,2.605451157130524,2.058138144818494,2.088418246353957
237,1.185,3.182448610374957,2.264029424532266,2.5688465180136
238,1.19,3.80512904189936,2.85002401955765,3.2958926950801573
239,1.195,4.392868369517487,3.6155647147087353,4.095016564754548
240,1.2,4.900003041686326,4.35939427304895,4.8284145640060325
241,1.205,5.303838115004624,4.966712582157337,5.419728625328045
242,1.21,5.594621082538653,5.399901730156233,5.841736650760125
243,1.215,5.769324119562609,5.663330247636026,6.101800172389761
244,1.22,5.8283287542713484,5.781899963164409,6.22135296572581
245,1.225,5.773964754121471,5.789640907434658,6.220888498172468
246,1.23,5.610270791783989,5.717941488659943,6.112970840405025
247,1.235,5.343737177973377,5.584244348842614,5.905931706366229
248,1.24,4.9850768709096895,5.38985028761833,5.608885736591221
249,1.245,4.552224143441349,5.128435659391832,5.227913804930733
250,1.25,4.074614118221675,4.796595795745539,4.766758395917804
251,1.255,3.597888517617913,4.400517741248424,4.240665571098955
252,1.26,3.1858644842796124,3.9601840581615817,3.6864741209949026
253,1.265,2.9134987418700464,3.513671282893214,3.158424675230467
254,1.27,2.845641845918847,3.1209720781917873,2.7243836249548625
255,1.275,3.008603310340475,2.8619382833548412,2.463936101051781
256,1.28,3.376365694313748,2.818740092129063,2.44860007870076
257,1.285,3.884829827444297,3.038901073461762,2.708718460053124
258,1.29,4.460323064730746,3.4993413118633327,3.216631625837374
259,1.295,5.0406529452017255,4.10937376049251,3.8975066869935557
260,1.3,5.581974489979581,4.756847185422218,4.649715488803771
261,1.305,6.056774067918948,5.354155476661038,5.380015790127296
262,1.31,6.449194559733384,5.853240401863967,6.025925731218173
263,1.315,6.75080495242165,6.238239193285999,6.552307350894553
264,1.32,6.957623449892183,6.513515478420581,6.942808382277999
265,1.325,7.06829046150164,6.693671786906126,7.194604375828078
266,1.33,7.083102769820082,6.795083716976222,7.31354470450561
267,1.335,7.003684418961001,6.829177588471389,7.309085031416821
268,1.34,6.833185686687349,6.799686419950913,7.191383477936538
269,1.345,6.577010035663821,6.704618115670867,6.9710230742474
270,1.35,6.244150190386284,6.540477235050952,6.659635577233306
271,1.355,5.84922941120394,6.305914697845929,6.270493752080174
272,1.36,5.415183572379327,6.004111852612699,5.819433885552302
273,1.365,4.975965962091119,5.644704069294254,5.3265936739563795
274,1.37,4.577489719701874,5.246088386410515,4.818858758426956
275,1.375,4.273612894151476,4.838242222065621,4.332562120698991
276,1.38,4.11435229788773,4.464937551450315,3.9154833980652044
277,1.385,4.128626465758866,4.182316089651691,3.625244399962594
278,1.39,4.311563709105072,4.049141067201814,3.5192984262427194
279,1.395,4.626401141417095,4.106430676099935,3.634709726395576
280,1.4,5.019330637467053,4.354457358819032,3.9662082302559454
281,1.405,5.436033199741698,4.7456245747928705,4.459936892077899
282,1.41,5.831448115616469,5.203239056483852,5.031806370030367
283,1.415,6.172156424818203,5.651798617947135,5.597544538219132
284,1.42,6.43460770884559,6.036825871389218,6.094015726736709
285,1.425,6.602078854922404,6.328310270247635,6.4841827020427365
286,1.43,6.661782810017249,6.515111449926385,6.751023809852224
287,1.435,6.602509657857984,6.597340822488308,6.888778861749843
288,1.44,6.412715190391028,6.579156283566826,6.896410896335436
289,1.445,6.078818094341377,6.462616848966988,6.773903356703788
290,1.45,5.583424521438047,6.243614064854625,6.520226242604701
291,1.455,4.903176277249682,5.9105698663867665,6.131934774297265
292,1.46,4.005926376616429,5.444993431869667,5.601878706144164
293,1.465,2.847232453019904,4.821960391591874,4.917725946052602
294,1.47,1.368049771541175,4.009088340247278,4.059947944660867
295,1.475,-0.4941427714925702,2.963641096794035,2.998934577943359
296,1.48,-2.715217140869405,1.6284605290079885,1.6915036388231823
297,1.485,-4.757052558650754,-0.06899812232019276,0.0801930929029595
298,1.49,-4.987763580896122,-2.1910441738123367,-1.8842432044541102
299,1.495,-3.0231174754628283,-4.615063808449753,-4.088308327299046
300,1.5,-0.55162825756032,-6.24702924456329,-5.556267834782783
301,1.505,1.619244035762282,-4.292913260274457,-3.7969537813625145
302,1.51,3.3974291663482403,0.24037374034451275,0.3113333784678094
303,1.515,4.838273746313514,3.4009975382521245,3.2567237528235813
304,1.52,6.0036984731499015,5.267196944608703,5.088074487043431
305,1.525,6.941276715498933,6.452272146901618,6.3428788818345385
306,1.53,7.684986702217445,7.204463622128896,7.259587136543403
307,1.535,8.258547646396671,7.585496190926666,7.943535840315869
308,1.54,8.678136922972522,7.664222030657864,8.442317624747709
309,1.545,8.954215603455214,7.639789765421231,8.779717799822851
310,1.55,9.092642286546532,7.7527453683207685,8.967394969473997
311,1.555,9.095246359965682,8.025790954441582,9.010499799283913
312,1.56,8.95995150427286,8.262095693512146,8.911943545465196
313,1.565,8.680451974477451,8.368043757251233,8.673310611911518
314,1.57,8.245338829784204,8.327147204700324,8.29465325264987
315,1.575,7.636410867196459,8.136578652120562,7.775471977348934
316,1.58,6.825595215761875,7.790668045123473,7.116411376623079
317,1.585,5.769217867947561,7.276981578674153,6.3175999030056245
318,1.59,4.396648281588,6.573773368403601,5.371050794892722
319,1.595,2.5853848561996613,5.645809655811881,4.2598910203478155
320,1.6,0.0973496527238735,4.436238569841896,2.9704215860731624
321,1.605,-3.6290305314722566,2.8497154637101008,1.4817088997087993
322,1.61,-10.554600097076792,0.7136910716128906,-0.31927136584742755
323,1.615,-19.24081605335317,-2.3255580386335186,-2.7775006713905377
324,1.62,-6.698905614032364,-7.162586102721233,-6.7614439186802215
325,1.625,-1.6484785299313045,-17.231313076396823,-15.381792708029375
326,1.63,1.446944859226051,-27.359241483648788,-24.11325747074187
327,1.635,3.62494116228309,8.56214518150285,7.997178855953402
328,1.64,5.254847040243423,5.67135522427842,5.6833354007993195
329,1.645,6.509878181886255,7.36532571415594,7.2750444218427806
330,1.65,7.484428706070845,8.026074170846842,7.905312153181481
331,1.655,8.23482434592077,8.673483479911319,8.486256510931508
332,1.66,8.796528202705465,9.0739428105653,8.897306409642326
333,1.665,9.192382979301398,8.322875776821352,9.171704047465319
334,1.67,9.436895833068364,7.359471762658046,9.32722261117709
335,1.675,9.538557941473242,6.648818710148917,9.37869077262074
336,1.68,9.501072728918327,8.023125962463117,9.308121843286367
337,1.685,9.32389214733577,8.49602023151614,9.108006252323968
338,1.69,9.002228275290232,8.660269704308995,8.785763586632294
339,1.695,8.526568572474003,8.621971749248004,8.326563299121789
340,1.7,7.88161272648063,8.412733272074659,7.705141540248517
341,1.705,7.044438849033304,8.03989915053681,6.90639707329178
342,1.71,5.98162012798044,7.498004282662359,5.9738401298647705
343,1.715,4.645200105341914,6.771373185602458,4.936721412106834
344,1.72,2.969346265604276,5.833289644044491,3.7326773272375138
345,1.725,0.8812820064832492,4.642941553086617,2.290200946651804
346,1.73,-1.593632157771542,3.140802423978829,0.7274924137244465
347,1.735,-3.799555345844072,1.2465533234511228,-0.7060592449203238
348,1.74,-3.851702075831601,-1.1141494795413704,-2.216603476365746
349,1.745,-1.7098201919854097,-3.8034391238039156,-3.9618261622601274
350,1.75,0.732518136123267,-5.483312509205216,-4.968142222527719
351,1.755,2.792957018982138,-2.9643329499131896,-1.9144196611638407
352,1.76,4.440625914161959,1.7545449110585292,2.88399748472882
353,1.765,5.748291073967204,4.671685674439245,5.804931977197909
354,1.77,6.782672987941153,6.331010832821737,6.9370049763356185
355,1.775,7.592788221427675,7.346586520389529,7.854211283540084
356,1.78,8.213291773747436,7.945847225520743,8.532385532951931
357,1.785,8.668644945330938,8.17028218733134,8.857578728644471
358,1.79,8.976211709544092,8.100836759579732,9.005529449855953
359,1.795,9.148398314063073,7.961194321078208,9.003283619455143
360,1.8,9.194176682857275,8.006819316566038,8.948822661306103
361,1.805,9.120288975348348,8.217336525489221,8.820720841610633
362,1.81,8.932392343033035,8.377600821245773,8.534073495005773
363,1.815,8.636416665188701,8.4122604962425,8.172538194994381
364,1.82,8.240479809132683,8.318187457129085,7.8077168878108765
365,1.825,7.757814205490962,8.104891817460416,7.304179214435916
366,1.83,7.211192804888043,7.783758295427859,6.598599583820457
367,1.835,6.63891947391282,7.369001899516707,5.814325069407645
368,1.84,6.100678272563441,6.881792962711772,5.129477657731749
369,1.845,5.677496097745896,6.356473324116552,4.456072497900861
370,1.85,5.456203371748652,5.8482097300336315,4.005903922119128
371,1.855,5.495574840510884,5.438439174850017,3.8636314278497723
372,1.86,5.794564305308824,5.2280598282587345,4.119067825768562
373,1.865,6.293233409288375,5.304778429975694,4.387528957710043
374,1.87,6.905395485729883,5.689498669383405,5.096037838290552
375,1.875,7.551914136570986,6.307567567012983,6.131892028457092
376,1.88,8.175391686263767,7.026531907404502,7.189808333838156
377,1.885,8.73979203656585,7.725252768701704,8.142972265180195
378,1.89,9.224566502528296,8.330500044838125,8.861703995446316
379,1.895,9.618808925922584,8.813549123886038,9.359983651016877
380,1.9,9.917028153756776,9.174167142029425,9.712408963181062
381,1.905,10.11644831480428,9.42749416010825,9.930910630253592
382,1.91,10.215368756360364,9.593983406082504,10.014682300236714
383,1.915,10.212172335858922,9.690334675569726,9.98069593581793
384,1.92,10.104702489838155,9.723423118949558,9.850861019888448
385,1.925,9.889836917391806,9.690116345134442,9.640355074770472
386,1.93,9.563159352724544,9.581530113586975,9.34980457913434
387,1.935,9.118685064765398,9.38731184935344,8.981209058998846
388,1.94,8.548653135652216,9.097578229757413,8.543803598724143
389,1.945,7.843498123931496,8.702962525424024,8.032298479532125
390,1.95,6.99234106380099,8.193935110947631,7.428553741680437
391,1.955,5.984905812478072,7.56013865454174,6.731478062893815
392,1.96,4.8171862531902665,6.790163542556611,5.962047017485489
393,1.965,3.506512624119688,5.872351026555243,5.132778149552479
394,1.97,2.1274027700487106,4.798082100190806,4.244658144794107
395,1.975,0.8766910681914257,3.571322775210488,3.2976765041525584
396,1.98,0.1077738523102029,2.23351132829885,2.2985961594754887
397,1.985,0.1328871122676088,0.9210622435466336,1.3124390355731128
398,1.99,0.8762908870557661,-0.03968128868442378,0.6067718073899284
399,1.995,1.9696387584008224,-0.13459732631244492,0.6593435610030802
400,2.0,3.106521361293711,0.8877457965822324,1.6963983550570467
401,2.005,4.139659823025086,2.510534154872638,3.254602483775188
402,2.01,5.01991527388717,4.024393072321086,4.707549361426566
403,2.015,5.740252567195641,5.1641740851572315,5.825921544864423
404,2.02,6.308609033904222,5.942324555010782,6.6306965565398235
405,2.025,6.737101322946791,6.422655941945217,7.190096384395488
406,2.03,7.038241220458222,6.667891340851272,7.559866398380338
407,2.035,7.223950129684596,6.754631984515804,7.777778216473134
408,2.04,7.305698852587471,6.773574423090134,7.868535237903071
409,2.045,7.295141362621608,6.791289503875614,7.8486478579429475
410,2.05,7.205009221859076,6.814056884763825,7.730295688349085
411,2.055,7.050153523594455,6.8104607354724696,7.524305337181724
412,2.06,6.8485905577195885,6.7562238344148575,7.2424545998682435
413,2.065,6.62225997855548,6.64670259199703,6.899686900460286
414,2.07,6.396975859899242,6.491376492434524,6.516283747793015
415,2.075,6.200878687612768,6.3086553480773615,6.119142952765141
416,2.08,6.0608876592842496,6.123217932270082,5.741372009476812
417,2.085,5.997529492253789,5.9637591753671035,5.420910010824977
418,2.09,6.019879365403601,5.859276492426396,5.199137943142947
419,2.095,6.123075451235962,5.833183322657122,5.1165945550967065
420,2.1,6.2898267994699335,5.896441990776575,5.200640924935278
421,2.105,6.495061962256186,6.042894602410629,5.449138731663391
422,2.11,6.711350922174971,6.2500226064692015,5.825897008195902
423,2.115,6.913053238425537,6.485375437742037,6.273839425341125
424,2.12,7.078477909053999,6.715246164855572,6.730970753128437
425,2.125,7.190409389393608,6.91141833251864,7.136771265356135
426,2.13,7.235715552317513,7.054090656043484,7.439965401226902
427,2.135,7.204654523949898,7.1315568621969545,7.6121879452320425
428,2.14,7.090282492722167,7.138123072671604,7.652673207808
429,2.145,6.888214655685232,7.071539670487447,7.573191753129922
430,2.15,6.596951788502299,6.930836635017501,7.382884352634022
431,2.155,6.219045628025737,6.715159447913991,7.0890796815436605
432,2.16,5.763500066360361,6.423898468463251,6.7017898969803635
433,2.165,5.2498708918675625,6.058127982716764,6.234218186080531
434,2.17,4.71414540337714,5.623331995111329,5.702322564008032
435,2.1750000000000003,4.214729086623705,5.133632396869898,5.127518553844383
436,2.18,3.8326985577445383,4.617908117481411,4.543267223158598
437,2.185,3.65621773035224,4.12746222782059,4.001617372513559
438,2.19,3.745616573943926,3.7417164929782727,3.5769681390216634
439,2.195,4.09996720520521,3.5616919292853835,3.362416302275819
440,2.2,4.657535721203892,3.6767962755725225,3.4439319500891283
441,2.205,5.329588111141035,4.108926545215088,3.849596780814787
442,2.21,6.034928588931691,4.7813290741369325,4.516668766790167
443,2.215,6.714939018987591,5.557110411607831,5.3222001686713
444,2.22,7.332985008439422,6.311277389459818,6.145547845969419
445,2.225,7.868246253617298,6.9686944367595895,6.902557938862907
446,2.23,8.309677089050783,7.500122617294371,7.547193681508764
447,2.235,8.65168443966359,7.905414050015313,8.06345298904302
448,2.24,8.891396864676382,8.20004248244388,8.452097057346178
449,2.245,9.02703218526906,8.404903501562794,8.717629292996378
450,2.25,9.056945884877685,8.537051498551804,8.864191224553242
451,2.255,8.979090564675005,8.603430624194573,8.89587479820985
452,2.26,8.790743497724941,8.60070967729046,8.816643796900484
453,2.265,8.488464264627243,8.519782719802858,8.63020412537091
454,2.27,8.06835725359271,8.35034131317597,8.34012882043532
455,2.275,7.526885266417503,8.08308729308931,7.9500732413771775
456,2.28,6.862797221176457,7.710178327793603,7.464056683649945
457,2.285,6.081332251274669,7.225306901336156,6.886959172910013
458,2.29,5.202845874845925,6.624524649725693,6.225596915810367
459,2.295,4.278786809015837,5.908908740114435,5.491024727760578
460,2.3000000000000003,3.414743349164066,5.0908507563578,4.703288211988759
461,2.305,2.7824274287993997,4.207064685546323,3.9012291277638056
462,2.31,2.570508479745872,3.3419256167806273,3.1612495089939703
463,2.315,2.857743910394705,2.6571956821030716,2.622933020485085
464,2.32,3.541748536085195,2.3906620092677247,2.4890100877109473
465,2.325,4.428974529272027,2.7396185805811313,2.924191021729638
466,2.33,5.35517711072986,3.650114026040354,3.869969946076985
467,2.335,6.222728538931954,4.80756017917192,5.037677095010483
468,2.34,6.98469776495961,5.903410668421397,6.147173476615569
469,2.345,7.62228210188165,6.793422753964398,7.0691347687131305
470,2.35,8.12991303716621,7.451127745583358,7.782455518386871
471,2.355,8.507297587200341,7.896844632477614,8.305294944034902
472,2.36,8.755468191061924,8.16935214370913,8.661504256033385
473,2.365,8.874825500197574,8.317734822661349,8.87054407535606
474,2.37,8.864079722122149,8.387692249454796,8.945998334139805
475,2.375,8.719523861591547,8.401863914315753,8.896262894147021
476,2.38,8.434323325662772,8.353248123840201,8.72558396399903
477,2.385,7.997601252349304,8.218707501800953,8.434950875453186
478,2.39,7.393101870974639,7.974065230720626,8.022646706295061
479,2.395,6.597154881690206,7.598382635632206,7.484481970305109
480,2.4,5.575584537699918,7.071435207929687,6.813660284725425
481,2.405,4.279339070153655,6.369642745387085,5.999767998443126
482,2.41,2.640302167946209,5.461804705474719,5.026284715337872
483,2.415,0.5797633336219643,4.304177384854963,3.866488223989818
484,2.42,-1.8931152082224687,2.8345344024179884,2.4776064068397488
485,2.4250000000000003,-4.145300643424784,0.9683007733122526,0.7947431814976955
486,2.43,-4.211527584143529,-1.379068824618578,-1.2542943451958415
487,2.435,-1.9820591153536704,-4.096946679355765,-3.5793250155739234
488,2.44,0.5501926477566509,-5.876720595038739,-5.033214336165365
489,2.445,2.680600713587923,-3.336561111677831,-2.6208137816997947
490,2.45,4.385414647697977,1.5805506533815001,1.9341933834154177
491,2.455,5.742560793175048,4.592485950736334,4.811389768949357
492,2.46,6.821130980633954,6.303256396502997,6.519501452847608
493,2.465,7.670963049497635,7.3604582292540375,7.63421045963971
494,2.47,8.326603722090566,7.998400905540196,8.400753937116011
495,2.475,8.811682708864163,8.255613764816989,8.930562385894667
496,2.48,9.141982800480848,8.207926174185202,9.276918528390127
497,2.485,9.327378603528077,8.08125447945961,9.467646866250412
498,2.49,9.372966164659656,8.140662923546461,9.517128054275416
499,2.495,9.27960007951625,8.368628756164604,9.432073693381188
500,2.5,9.043938208183487,8.535172835135837,9.215603580223757
501,2.505,8.657987225678637,8.557348117076701,8.86796668679981
502,2.51,8.108020573594263,8.425015716073009,8.386788164938466
503,2.515,7.372556740032793,8.136335462656358,7.768305744211505
504,2.52,6.418748161613648,7.684409988919192,7.009844359730597
505,2.525,5.1958391355527365,7.05422624161676,6.108660496235478
506,2.53,3.622868282020965,6.220005235903766,5.053354698802748
507,2.535,1.5648937985731934,5.140417401628504,3.822920993639067
508,2.54,-1.2081596578416922,3.749413933203278,2.4001992848856064
509,2.545,-4.987924526531592,1.9383413927881112,0.7576459303182315
510,2.5500000000000003,-8.458318851721561,-0.4793131434744362,-1.236914421166004
511,2.555,-6.094712566636742,-3.8263197904452024,-3.9181140335061144
512,2.56,-2.067485805478682,-8.445499963800186,-7.675022197671751
513,2.565,0.9579571788119984,-11.273822370488661,-9.828655520184126
514,2.57,3.1912959214050485,-2.29495950501381,-1.4988715550322018
515,2.575,4.894394109988776,3.759378229839354,4.195660731474727
516,2.58,6.223645375119159,5.942263943188272,6.319016803662938
517,2.585,7.27258092147832,7.237628630973631,7.5466021958566145
518,2.59,8.100054454764527,8.060075065078074,8.346339509752646
519,2.595,8.744935784736764,8.534367379501017,8.90738870337379
520,2.6,9.233936382297111,8.49805366434339,9.28032353401211
521,2.605,9.586011482498208,8.158140740413266,9.505028632739632
522,2.61,9.814989901763136,7.910571542137581,9.612874506533801
523,2.615,9.931252419533042,8.274734187375362,9.618812657553123
524,2.62,9.942894979481911,8.745618543834478,9.521212669605978
525,2.625,9.856631030034748,9.035934262127114,9.32268096391173
526,2.63,9.678601905480566,9.16949972859663,9.033502388433174
527,2.635,9.41522694599161,9.17617626605672,8.650556637234239
528,2.64,9.074209569254927,9.075100658691866,8.161224230217744
529,2.645,8.665797366744934,8.879666096080777,7.5841401638596135
530,2.65,8.204334874038716,8.601216638116957,6.967003263095164
531,2.655,7.709979035905361,8.251620763163555,6.336757889651603
532,2.66,7.210078347719825,7.845488361186279,5.718924392331969
533,2.665,6.739124414025184,7.402354699441748,5.209882592703436
534,2.67,6.335677577200332,6.948680459906942,4.949022993117668
535,2.6750000000000003,6.035163358937288,6.518850729928344,4.936460208557106
536,2.68,5.859901198947597,6.15349854136849,5.081480465205931
537,2.685,5.811108916657327,5.893073993421284,5.336918625406064
538,2.69,5.868040832439712,5.766185401560158,5.77546870454808
539,2.695,5.994848640806213,5.776847598080541,6.277401777793022
540,2.7,6.150550643936276,5.8991181526567775,6.6889940113073765
541,2.705,6.29691086627163,6.084736550753649,6.874764133010778
542,2.71,6.40217970410633,6.279327517739211,7.005029458280635
543,2.715,6.441476929773967,6.436720322786106,7.123738231886925
544,2.72,6.395426342336544,6.525238611325401,7.1414358218194955
545,2.725,6.248246947795356,6.526991525223373,7.04124766875335
546,2.73,5.985888505740609,6.433780791342884,6.834952742779388
547,2.735,5.594388972105518,6.2421404484249505,6.5462228174465205
548,2.74,5.0584581127407935,5.948737583116535,6.175657688397137
549,2.745,4.360310834981549,5.546943867121617,5.695782635592685
550,2.75,3.479049229140404,5.025065470830721,5.109333489621708
551,2.755,2.391815354310483,4.366033248189533,4.42720896025221
552,2.76,1.080861122168464,3.5478927384002015,3.6029642313449797
553,2.765,-0.4403824004467324,2.5449647733285152,2.580885052718411
554,2.77,-2.047500665389637,1.331589076616282,1.3641247115367463
555,2.775,-3.337892631891988,-0.1042343615717316,0.002048199395903616
556,2.78,-3.634769553510802,-1.7146065958294594,-1.4590758113272848
557,2.785,-2.7315995130874207,-3.255288611051961,-2.7830691543780057
558,2.79,-1.220839600627526,-4.027903256210539,-3.352679997313558
559,2.795,0.334296749461008,-3.0750565510808254,-2.3522973375119625
560,2.8000000000000003,1.707991901356192,-0.7247468816465528,-0.17517186511355654
561,2.805,2.850660675595633,1.5389278472975922,1.9264438497123089
562,2.81,3.769086888813142,3.146458915314133,3.5012152223420077
563,2.815,4.482309043473088,4.204011298088483,4.61833890271614
564,2.82,5.008378246983003,4.8542875220648085,5.408996677967517
565,2.825,5.361002331961938,5.179365264221964,5.960358768649538
566,2.83,5.549051097598742,5.255635134874174,6.315951597347093
567,2.835,5.57672647133468,5.201452671601763,6.497321748268506
568,2.84,5.443726498747362,5.1380711312241525,6.514355783744843
569,2.845,5.145217322650754,5.094817723254207,6.3704447261903265
570,2.85,4.671620028257778,4.999807502304563,6.065408393525797
571,2.855,4.008428511272442,4.782167530523038,5.596637991486036
572,2.86,3.136837234231455,4.405084032913605,4.959322475025507
573,2.865,2.0377517587201077,3.847124865268528,4.146856111880474
574,2.87,0.7074671406117803,3.088807060497671,3.151650293362495
575,2.875,-0.7904276720877055,2.109210627034197,1.9663213942549995
576,2.88,-2.1887717134746314,0.8921353333134903,0.5893253622807642
577,2.885,-2.8696280445615723,-0.5461872467549753,-0.9479503691989111
578,2.89,-2.2994960788063725,-2.0668978129910007,-2.4946850441205752
579,2.895,-0.817440539501038,-3.183589180459645,-3.581911784591062
580,2.9,0.8983709313529948,-2.9088579375130594,-3.304868186048486
581,2.905,2.493752092661717,-0.8228908781251025,-1.290796941835958
582,2.91,3.869783759097034,1.7646840525675738,1.2711015706588733
583,2.915,5.021311825336127,3.776958254092559,3.3878417102197504
584,2.92,5.967506638282916,5.1689088368347385,4.980092451903445
585,2.9250000000000003,6.730004528285669,6.10593813797281,6.155725946122642
586,2.93,7.327081410027479,6.69555985685928,6.992520071872708
587,2.935,7.772619548670139,7.009111281262454,7.557735126870924
588,2.94,8.076342070396112,7.15028644664284,7.915937522430934
589,2.945,8.244242971683471,7.253697932422041,8.10415542592279
590,2.95,8.27889361131911,7.401719048848106,8.137306640686326
591,2.955,8.179527291142355,7.556618391245683,8.02679132904318
592,2.96,7.94185101436795,7.640509421521745,7.784468726769054
593,2.965,7.5575159415043744,7.610021324959712,7.419026733291414
594,2.97,7.013122167210715,7.447619710520783,6.933375946227537
595,2.975,6.288535648691381,7.143123218259807,6.328309203736854
596,2.98,5.354142575020012,6.685091552475162,5.60480779512852
597,2.985,4.166489873885816,6.056892013016848,4.757377277128028
598,2.99,2.661947862492914,5.233652285705198,3.771719300818235
599,2.995,0.7513083288808757,4.178339753925522,2.635316947470929
600,3.0,-1.6571177769204697,2.8358615252100723,1.3396099635767786
601,3.005,-4.418177224035031,1.1249411829352418,-0.1488828090477874
602,3.01,-6.071427567909204,-1.0657868242264268,-1.9240544888786681
603,3.015,-4.585477381716919,-3.8234958824029235,-4.097879493004859
604,3.02,-1.813561974400336,-6.739919179647515,-6.362324655076932
605,3.025,0.6467654760020096,-6.939523496368487,-6.215757037319248
606,3.03,2.6081184206694443,-1.8174402389515771,-1.3774665879833448
607,3.035,4.159544693596339,2.5366593692327335,2.729705112388661
608,3.04,5.393059038198469,4.77893467145083,4.894101167518967
609,3.045,6.375386215174935,6.109635530776992,6.202700705459206
610,3.0500000000000003,7.152977633562544,6.941610001379567,7.06796291944871
611,3.055,7.758609467955653,7.392193208565996,7.665584142144751
612,3.06,8.216080244900635,7.465324262740862,8.071248210552438
613,3.065,8.54333211611509,7.331441249735901,8.328362606564733
614,3.0700000000000003,8.754587301757873,7.286732320588177,8.46383309117719
615,3.075,8.861929177213199,7.539728651163787,8.490871262486664
616,3.08,8.87661097885013,7.866201150501749,8.416048311505959
617,3.085,8.810276856125315,8.092882436743977,8.247029719244425
618,3.09,8.676201563938728,8.203679868591767,7.990700204930134
619,3.095,8.490557095136475,8.214627319288383,7.651215161324386
620,3.1,8.27355256003191,8.144708602998703,7.239715492392127
621,3.105,8.050037416039276,8.013674711083581,6.786359881816938
622,3.11,7.848858188792802,7.8436053077874295,6.331852347638569
623,3.115,7.700158716810926,7.660394300002934,5.913696491101302
624,3.12,7.630360773459955,7.494073142040344,5.581819475750608
625,3.125,7.65598606936424,7.376974743215282,5.421556456715368
626,3.13,7.779000240146524,7.338909907993219,5.517853452106374
627,3.135,7.98628220532828,7.399778378310053,5.873825558492732
628,3.14,8.253544960773754,7.562399918493723,6.419738728709181
629,3.145,8.551454027610271,7.809942501308447,7.082526732757925
630,3.15,8.85108551838377,8.110465266404304,7.813869051713725
631,3.155,9.127178681799778,8.426365410909597,8.497959206156374
632,3.16,9.359198876734483,8.723533290592167,9.01293978813766
633,3.165,9.53097401418165,8.976495221262285,9.310163809759345
634,3.17,9.62967107468094,9.16921428389436,9.47761349909613
635,3.1750000000000003,9.644595624688222,9.293136370318521,9.556704877954722
636,3.18,9.5660243937888,9.344116310597133,9.526080357682693
637,3.185,9.384102878439656,9.319316667810702,9.384600024285167
638,3.19,9.087736782663889,9.214766028432447,9.146381955843228
639,3.1950000000000003,8.663333120324756,9.023900625250253,8.82701895193657
640,3.2,8.093157620899657,8.736947992653835,8.426462096019565
641,3.205,7.352911198967837,8.340625827265935,7.932080968884126
642,3.21,6.407779508056062,7.817526929274336,7.3407489120125025
643,3.215,5.205409200686639,7.144642117767748,6.643202670678253
644,3.22,3.662273399449621,6.290441173030259,5.797855391841769
645,3.225,1.6344486034298105,5.209495395758332,4.751964439777959
646,3.23,-1.1521441034790842,3.8323666656030557,3.462177925614059
647,3.235,-5.269020669563234,2.045229468402861,1.8567953667832455
648,3.24,-11.045106845822518,-0.35538640264717003,-0.2385344139573844
649,3.245,-8.940439845883281,-3.774394053989269,-3.1834640917028185
650,3.25,-3.514235665289461,-9.086773040155833,-7.77678313017805
651,3.255,0.071354230665566,-16.330486015947137,-14.107571621859902
652,3.26,2.5814631091913247,-5.3398430486800805,-4.295418668110319
653,3.265,4.453856369391245,3.9088349049369144,4.028554948373195
654,3.27,5.903202739403973,5.859820923495856,5.912789593606144
655,3.275,7.046538698778537,7.198162174284699,7.244503386408072
656,3.28,7.953694287558516,8.046773985341554,8.140770489260301
657,3.285,8.669202262398906,8.63835503249655,8.832073708426469
658,3.29,9.222864184104186,8.6297753567015,9.3607641797368
659,3.295,9.63531463321142,8.178445496661253,9.752006913359274
660,3.3000000000000003,9.921170544762042,7.6850040109943,10.018537975201822
661,3.305,10.090927988750671,8.07315437674916,10.161281140031356
662,3.31,10.15217601900703,8.736873033940949,10.178058217302375
663,3.315,10.11043219295778,9.127764133381724,10.071815447200326
664,3.3200000000000003,9.969781609593772,9.329161263585622,9.843955162985214
665,3.325,9.73344769776103,9.38851476702755,9.495614228811124
666,3.33,9.404408873151285,9.329159185852888,9.028937402647934
667,3.335,8.986188982956051,9.163993330660443,8.461719062049479
668,3.34,8.483985357610447,8.901185793541963,7.8222732579082495
669,3.345,7.906343478328393,8.547031573364109,7.115146228351643
670,3.35,7.267596022953889,8.107934841935112,6.332517867984566
671,3.355,6.591124047283512,7.592382798020209,5.5512951731883735
672,3.36,5.912880195322543,7.013426349673997,4.982062697369157
673,3.365,5.283166146004835,6.391997826080546,4.707919944109072
674,3.37,4.762650883220733,5.760988003531839,4.623687926208666
675,3.375,4.408622113593655,5.168867511589236,4.575529355384133
676,3.38,4.253887598834454,4.679302552790262,4.717125244947032
677,3.385,4.291349253676134,4.360658023740889,4.9966807562385265
678,3.39,4.477340798131434,4.261546856055349,5.289254240788097
679,3.395,4.750734579716979,4.382001186409089,5.391601364595
680,3.4,5.052706519874535,4.664904844756973,5.535483070205535
681,3.405,5.337248395434008,5.020865547383444,5.8249112316351
682,3.41,5.572920149295505,5.36603048789533,6.074438628611207
683,3.415,5.74037742822438,5.644281960614802,6.221366425248302
684,3.42,5.829111310905439,5.828907982279488,6.269389458379868
685,3.4250000000000003,5.834890944439978,5.914924474043876,6.249289069026986
686,3.43,5.758261846849048,5.910501796498576,6.179197116895995
687,3.435,5.604035987757635,5.829541472922097,6.02680553999728
688,3.44,5.381617976350411,5.685746092200187,5.802558262807439
689,3.4450000000000003,5.105971079698188,5.489548846925614,5.5597592122290616
690,3.45,4.798869374071377,5.248982378935422,5.277045962650603
691,3.455,4.489699468239124,4.973428841587905,4.903146136653191
692,3.46,4.214508966681553,4.677880063416879,4.46889978440869
693,3.465,4.01171732086954,4.385911147360199,4.089700883464759
694,3.47,3.9139272069686273,4.130271797655947,3.79788953340087
695,3.475,3.9381779588758863,3.9497418379915628,3.6525746681969387
696,3.48,4.079819054015517,3.8808286360089985,3.6940346931584602
697,3.485,4.314096010277765,3.9451224009851305,3.924872504727828
698,3.49,4.604320781974031,4.137934257540741,4.162596351512272
699,3.495,4.911475752553477,4.426513900392754,4.440227712089518
700,3.5,5.200913819350835,4.760726998193815,4.8285093467150455
701,3.505,5.445116041929379,5.0892823615603175,5.237859955518993
702,3.51,5.62368892057349,5.371755213511083,5.61111761876733
703,3.515,5.722163336861716,5.582615678745015,5.923412752843044
704,3.52,5.730674612339296,5.709484901027106,6.149020144652172
705,3.525,5.643100241596417,5.749030387838296,6.270609473892937
706,3.53,5.456986565432278,5.702594145760863,6.2783049615533315
707,3.535,5.174596849302507,5.5727047014882345,6.16862562876922
708,3.54,4.805574580314141,5.361397494269299,5.9434886650109995
709,3.545,4.371860147423396,5.070953412338094,5.609849969834098
710,3.5500000000000003,3.9150856292954015,4.707120960339523,5.1809002772280754
711,3.555,3.504317775398085,4.28470999566272,4.679512038959568
712,3.56,3.236022492761548,3.835713811232343,4.144392924698106
713,3.565,3.212131608377564,3.4195272830319365,3.6385698439478604
714,3.5700000000000003,3.493564078285959,3.130670700118623,3.2560164101363913
715,3.575,4.062629070915872,3.089634920473011,3.113436164177047
716,3.58,4.835007899611836,3.3966297402776897,3.3089328162345453
717,3.585,5.707396743923852,4.058502723361915,3.856414209548263
718,3.59,6.594909815767515,4.961575814273617,4.660376614235939
719,3.595,7.441653464480352,5.938920375179471,5.574624602860556
720,3.6,8.2157082714117,6.8591457397492785,6.480551756222453
721,3.605,8.900784536594958,7.655816496773227,7.312822357269068
722,3.61,9.489557247024797,8.311211405012996,8.043972177928193
723,3.615,9.97936453980681,8.83500658877598,8.664297361818726
724,3.62,10.369668582762817,9.250582397950614,9.170574840287793
725,3.625,10.660607265186664,9.584450848230496,9.562057012880944
726,3.63,10.85216501384502,9.855986892722939,9.839669505009391
727,3.635,10.943674042624004,10.071385209732263,10.005843749939958
728,3.64,10.933477134002828,10.225515391504334,10.064175332570539
729,3.645,10.818652979312214,10.308301803398464,10.01902860063035
730,3.65,10.594744602978889,10.309610161008749,9.875257653442297
731,3.655,10.255456187156687,10.22075527587676,9.637984544195206
732,3.66,9.792308669026813,10.034014661559704,9.312305735540994
733,3.665,9.194293706151596,9.741595733047362,8.902876639924518
734,3.67,8.447695692720416,9.334659114928506,8.413364015681669
735,3.675,7.536617985558944,8.802522135872753,7.845566649889765
736,3.68,6.445795577138652,8.132086087279635,7.19775977494529
737,3.685,5.17022868302319,7.307731169741036,6.462302948080539
738,3.69,3.7437823666930634,6.3125563917225245,5.62426176936472
739,3.695,2.3113749324020385,5.133620382496704,4.665090682061747
740,3.7,1.2415770072044232,3.7788061267998305,3.578820576554765
741,3.705,1.0480848875635391,2.3254275676506015,2.4178241137708203
742,3.71,1.8458942337837527,1.038076559517949,1.40093162442616
743,3.715,3.1857115634729194,0.5215557663000991,1.0539825382034378
744,3.72,4.6153126692971815,1.431508721740244,1.9574818742522124
745,3.725,5.9235696440454,3.4286775502906037,3.817132588441605
746,3.73,7.048624789220524,5.42747862548143,5.677014539806256
747,3.735,7.985878122434745,6.940034701446356,7.110162619760757
748,3.74,8.747569399987224,7.991207655741341,8.148329126528926
749,3.745,9.348510805994351,8.681789929019223,8.896663592951626
750,3.75,9.80161014237432,9.085830439963829,9.432973763234944
751,3.755,10.116725881465609,9.27913125946432,9.804422260488833
752,3.76,10.300559683882865,9.366191332948588,10.037768363813466
753,3.765,10.356788228607035,9.44541997157637,10.147167969746327
754,3.77,10.286154208469728,9.541324969905187,10.13918395085026
755,3.775,10.086409427762622,9.604417417730573,10.016229084003907
756,3.78,9.752052005583414,9.582289603894868,9.778797373865384
757,3.785,9.273802443504955,9.44707215790601,9.426760431054873
758,3.79,8.637752910308482,9.184904670303165,8.959887288430446
759,3.795,7.824138267376255,8.785276798743244,8.37747558945042
760,3.8,6.805834112358816,8.23575747481819,7.676809183943668
761,3.805,5.547444775769702,7.519223994478857,6.851335200491648
762,3.81,4.0090616119172005,6.611767348859144,5.891670645282173
763,3.815,2.172016613850199,5.480846866359843,4.788936807817508
764,3.82,0.1526461817722686,4.085122057502914,3.5319261183175623
765,3.825,-1.4579060473318983,2.383386517870577,2.098371250976435
766,3.83,-1.5182063021684888,0.38397902648743276,0.48439628688895997
767,3.835,0.0247475191191397,-1.64768261505861,-1.104484851024047
768,3.84,2.034201207494412,-2.610568700299658,-1.721370086484285
769,3.845,3.878908449635976,-0.7890602961065509,0.1321908939309262
770,3.85,5.427567955718514,2.6593031367163236,3.405158994963835
771,3.855,6.696130071268559,5.283920197672382,5.900347027196855
772,3.86,7.724937918092736,6.94258697138326,7.492174134602875
773,3.865,8.55049526226167,8.003945609562876,8.538284153345893
774,3.87,9.201164114728876,8.659742855614272,9.25041776627176
775,3.875,9.698005698712588,8.982044298821732,9.734251279211449
776,3.88,10.05632470487032,9.059106180863743,10.04606060729668
777,3.885,10.286969405882187,9.062658690950407,10.219792000323217
778,3.89,10.397264851646693,9.166246920245566,10.27492896334764
779,3.895,10.391628435121472,9.370997295410142,10.220476273245708
780,3.9,10.271931233419702,9.546960278468811,10.0610725841333
781,3.905,10.037647781997473,9.623032562643285,9.79989582775029
782,3.91,9.685810148832289,9.582514597929684,9.436777989473164
783,3.915,9.21075306518047,9.423727700527916,8.970310751126846
784,3.92,8.603601365446398,9.146217160455834,8.40584692174742
785,3.925,7.851400474204561,8.747243004619918,7.756833412129447
786,3.93,6.935710782636498,8.22072964123213,7.035718853539144
787,3.935,5.830355502141621,7.556517088370538,6.252446708565509
788,3.94,4.497808809327719,6.7392676627829555,5.424216234872062
789,3.945,2.8835123042511346,5.746659524866237,4.56858623174527
790,3.95,0.9080293006649954,4.546409808878872,3.6660892127400615
791,3.955,-1.5356489012143988,3.0914192860813645,2.640617693743367
792,3.96,-4.515668052824321,1.3121520395034136,1.3811253643112105
793,3.965,-7.520090020174567,-0.893117938480466,-0.23958634893217834
794,3.97,-8.165054973041753,-3.6548801916533886,-2.383981314507081
795,3.975,-5.982896329787967,-6.991156829396372,-5.133410756308937
796,3.98,-3.541997667909842,-9.75812599128012,-7.51179686699183
797,3.985,-1.6279396674298918,-7.57014627786663,-5.586007912259847
798,3.99,-0.2134273229185024,-2.086505810562678,-0.7459049850876971
799,3.995,0.8085040646354404,0.8337976996249692,1.830230326944398
800,4.0,1.5206699860658903,2.2446103623737588,3.0644764618941194
801,4.005,1.9807433008426143,2.957943801810031,3.6928569597736987
802,4.01,2.2302453341761823,3.2371862498426527,3.9957700507581144
803,4.015,2.3025013220301647,3.105620053714273,4.092027262857693
804,4.0200000000000005,2.22963672375386,2.618535359056906,4.031579613972483
805,4.025,2.049806561058828,2.026697631530923,3.8419044549636343
806,4.03,1.815117726009933,1.6640633928983855,3.5449519977546813
807,4.035,1.5982725744451711,1.5607267019585964,3.156454918771904
808,4.04,1.491171786313605,1.4619210271980432,2.6992502340561213
809,4.045,1.585413528622465,1.341412540840171,2.22860964770137
810,4.05,1.935211812345509,1.2901605234584093,1.8395652699967706
811,4.055,2.5290345031300565,1.4250045403300735,1.6425740656760923
812,4.0600000000000005,3.2990554429459253,1.8374738568757163,1.7262157118961854
813,4.065,4.158410314266238,2.5373901474548983,2.107142948978871
814,4.07,5.032554845044683,3.4355045987134116,2.6976536530100974
815,4.075,5.870268140299032,4.396014947943306,3.3584851210781803
816,4.08,6.641166661453537,5.30658039384136,4.022044332300139
817,4.085,7.329302263637357,6.106155989815525,4.732856673287113
818,4.09,7.927495262396757,6.775973038152673,5.532622516800206
819,4.095,8.433446680105103,7.322903479034988,6.378995792208994
820,4.1,8.847348750815563,7.767057461584077,7.190663129913387
821,4.105,9.170494629244152,8.131940712238379,7.935862072852931
822,4.11,9.40449347087246,8.43558396341722,8.579852349007863
823,4.115,9.550835646766394,8.68547168805183,9.026859767430174
824,4.12,9.610655488238134,8.879761372896496,9.203658421369038
825,4.125,9.584604017810785,9.012262766083872,9.15747303736757
826,4.13,9.472783298744645,9.076620634350164,9.004440514633
827,4.135,9.274717915847631,9.067972074181807,8.759339913798984
828,4.14,8.989355193867002,8.982925006231353,8.415943701953754
829,4.1450000000000005,8.615099513547776,8.818997603549748,7.995482313264969
830,4.15,8.14990241355342,8.574084632788164,7.5270688236562036
831,4.155,7.591455153050476,8.246103343959216,7.034654920200094
832,4.16,6.937573437211036,7.832823844037165,6.5221098922288325
833,4.165,6.186940406538199,7.331876514572746,5.990925413774054
834,4.17,5.340506592362921,6.740970219604077,5.450770270932621
835,4.175,4.404056151152509,6.058429142853785,4.889440151116018
836,4.18,3.3927051814543665,5.284275916866373,4.271259452994198
837,4.1850000000000005,2.3381172244315325,4.422283649607658,3.581062768383239
838,4.19,1.2979676314508315,3.4837097868742775,2.842078394949166
839,4.195,0.3624367656717608,2.493719469644967,2.0844861707254774
840,4.2,-0.3562249148036879,1.5012524446844964,1.3485594095953135
841,4.205,-0.7650302918950312,0.5904498309219086,0.7074337538491502
842,4.21,-0.8441431193467517,-0.11673310189649655,0.24853934471087413
843,4.215,-0.6593163330706997,-0.4899760484903535,0.03703300675278243
844,4.22,-0.3176051464181676,-0.46565742393654297,0.11691297557936853
845,4.225,0.0846080928752318,-0.1137798098621765,0.4770229640175776
846,4.23,0.4842455821014743,0.3958564440501453,0.9839244044774316
847,4.235,0.8502449862446262,0.9016105267388204,1.492077611326991
848,4.24,1.1746779362805122,1.3135523002853633,1.9273859289181408
849,4.245,1.4645342672714114,1.6073414716890144,2.2704148680783582
850,4.25,1.7356587407715245,1.7984399299562783,2.530401662980941
851,4.255,2.00799472904557,1.9245004014860738,2.7286263341743417
852,4.26,2.3012258841839643,2.0337616500218774,2.890482504702067
853,4.265,2.6306434346297087,2.172631761428808,3.0418944315560505
854,4.2700000000000005,3.003880348407049,2.373842548253853,3.2064132143074775
855,4.275,3.4194646236301365,2.6514034695304556,3.4017191180829096
856,4.28,3.8676437455992314,3.0031394430443816,3.6362661982945177
857,4.285,4.332969769314275,3.415465543839356,3.907754045012752
858,4.29,4.797481600447157,3.867346718237288,4.204764429576351
859,4.295,5.243398706240317,4.334115254402326,4.511276808875039
860,4.3,5.654798481150056,4.791488145358878,4.8119232175283235
861,4.305,6.01829557092294,5.218822260761825,5.095615808806481
862,4.3100000000000005,6.32301600527101,5.600735718465234,5.356708674322427
863,4.315,6.560188127445131,5.927065221299529,5.593960453606086
864,4.32,6.722586162641061,6.191703939676906,5.8075888697752855
865,4.325,6.8039604631110215,6.390976069838588,5.995325042179539
866,4.33,6.798512816390544,6.522080852176224,6.149525268784546
867,4.335,6.700431414294643,6.5819423272289805,6.256909313333633
868,4.34,6.503481457916572,6.566574522327846,6.300364282858218
869,4.345,6.200648045638507,6.47086624356715,6.26136536773701
870,4.3500000000000005,5.783849462156363,6.288582841785301,6.122726695951054
871,4.355,5.243797097054856,6.012400771125092,5.871586339780409
872,4.36,4.57021931106738,5.633887291265882,5.500975532056719
873,4.365,3.753008480613769,5.143454981388923,5.008419006078766
874,4.37,2.785676637748175,4.530456496521208,4.392854089240936
875,4.375,1.674413776130223,3.783820528350443,3.652809581517531
876,4.38,0.4597158622933339,2.8941735582690136,2.7873462416011505
877,4.385,-0.7400227870556452,1.8597118432840194,1.8008040324271959
878,4.39,-1.6764698871825734,0.7011126284601303,0.7155918270242321
879,4.3950000000000005,-2.020558553440786,-0.5037530639415468,-0.3970585632614476
880,4.4,-1.629823909702376,-1.5536378475502932,-1.3576239463906292
881,4.405,-0.7150512973858418,-2.0649310389769484,-1.8244987767904748
882,4.41,0.3935725043734194,-1.6328670598200627,-1.435639517379827
883,4.415,1.474568987095899,-0.33476066042479946,-0.25536537047380303
884,4.42,2.4277537532752635,1.215068311808051,1.1747760780371839
885,4.425,3.219169002387427,2.533477111000863,2.42840194076794
886,4.43,3.8424415185328686,3.497305630725529,3.3995370710845965
887,4.4350000000000005,4.300428034843359,4.134738884630435,4.117876991991808
888,4.44,4.597529179807066,4.497388063839409,4.6289580352241275
889,4.445,4.7366053576286,4.643034748072914,4.964035728619984
890,4.45,4.717733187589732,4.644208284420341,5.139756667230846
891,4.455,4.537678957441118,4.57096787179073,5.1633545266332455
892,4.46,4.189732442707833,4.452149057099927,5.036663775746466
893,4.465,3.6640580506614895,4.263537501785613,4.7579957594365325
894,4.47,2.9494860697774468,3.9614063651031284,4.322881832267365
895,4.4750000000000005,2.039523019187419,3.5102725458028123,3.7248117832717016
896,4.48,0.9501574422753672,2.885636608580438,2.9567554988826985
897,4.485,-0.2330191228135807,2.0713862041496287,2.014765036433257
898,4.49,-1.2603615806479398,1.0660889021740227,0.9074843952247722
899,4.495,-1.6692598150034823,-0.08875224220030642,-0.31701162540484606
900,4.5,-1.1083656909483657,-1.231645022028002,-1.500921941101108
901,4.505,0.209091677092174,-1.9381446727719025,-2.2471177765342665
902,4.51,1.7991658068660463,-1.525298413900309,-1.923731960228828
903,4.515,3.350831439727466,0.21866095597047952,-0.3213219576529074
904,4.5200000000000005,4.746373310972644,2.4458978992999025,1.8107603891606723
905,4.525,5.9598054344918205,4.351474882383904,3.7403083328998474
906,4.53,6.997190648316929,5.781130103719699,5.304824704441079
907,4.535,7.873002556343764,6.816062786668011,6.553082286206663
908,4.54,8.602007868199296,7.5396891262074135,7.53746814361451
909,4.545,9.196823405335708,8.021463670185305,8.289636011206943
910,4.55,9.66741195727544,8.351608149000661,8.837341514163235
911,4.555,10.021178097233182,8.636029204778222,9.210691397806265
912,4.5600000000000005,10.26319191586606,8.939397104060973,9.433540867123472
913,4.565,10.396376240746942,9.244525602988409,9.520784995954973
914,4.57,10.421598702983545,9.499427568519927,9.483928405505464
915,4.575,10.33764068823513,9.669702956553664,9.334292749044845
916,4.58,10.14101473774991,9.740861024486358,9.082609577974466
917,4.585,9.825583304674554,9.707046402091548,8.738339569001264
918,4.59,9.381893472105082,9.564270488872026,8.310363169884765
919,4.595,8.796070658885986,9.307429898492497,7.80706606309419
920,4.6000000000000005,8.04797523535784,8.928794681165186,7.235439926172581
921,4.605,7.108036857282959,8.416765773224917,6.603432422471709
922,4.61,5.931529508945017,7.754264096830841,5.922350991212477
923,4.615,4.447427878761411,6.916168212666967,5.195906790300901
924,4.62,2.5344084985001194,5.864870082158726,4.396791938568603
925,4.625,-0.0386738080665278,4.5420268096295375,3.452154567826735
926,4.63,-3.793733404281122,2.8519669290354805,2.240165977533525
927,4.635,-10.23944329929635,0.6245413507046687,0.5652294435824228
928,4.64,-15.09198392720826,-2.481259453926609,-1.928592795878484
929,4.6450000000000005,-6.5829975196093145,-7.28572693073713,-6.018079347522292
930,4.65,-1.942464169552083,-16.329435827625694,-13.985087959374058
931,4.655,0.9897475357755668,-19.04160118585535,-16.429860667344656
932,4.66,3.0633186319757733,4.268199588224454,4.238837909269287
933,4.665,4.613036728299912,4.97792441575949,4.934870285252174
934,4.67,5.801889281735601,6.494560026876493,6.3125130915497465
935,4.675,6.720527520845337,7.266813522699779,7.023581418409609
936,4.68,7.42389868800055,7.8792135092658295,7.590647499590904
937,4.6850000000000005,7.947201012404337,8.123309821513443,8.014549576149243
938,4.69,8.31369514638898,7.525828969381063,8.322869971549075
939,4.695,8.538856299412796,6.705675324607049,8.52534193429723
940,4.7,8.632702629124578,6.3219408783596265,8.624071993892702
941,4.705,8.601128932252779,7.2542214690403615,8.604237917318061
942,4.71,8.446645818455686,7.683098748896144,8.458837987262932
943,4.715,8.168722397371372,7.841685680139231,8.19100344836603
944,4.72,7.7638245919079,7.818587494040403,7.801190585370991
945,4.7250000000000005,7.2251783416255,7.645501244755602,7.28845448155899
946,4.73,6.542245805457841,7.333959742078873,6.650531263585049
947,4.735,5.699883155155156,6.885556436998982,5.9037574208567545
948,4.74,4.677189692466922,6.295213692461209,5.0457940864325375
949,4.745,3.446326495246354,5.5519875450797125,4.02490523538317
950,4.75,1.972725565160328,4.638699016614969,2.824723298470101
951,4.755,0.2226593902398731,3.530923474478241,1.6085840394916135
952,4.76,-1.7983436018373842,2.1960998469770163,0.5957796499242667
953,4.765,-3.8980071493950064,0.5954891565319045,-0.3409068245920617
954,4.7700000000000005,-5.360298828266848,-1.3001672235587005,-1.4792125786641153
955,4.775,-5.202092359451989,-3.4391925647109254,-2.8822565861814162
956,4.78,-3.729524504044911,-5.425582992275732,-3.9740008730813763
957,4.785,-1.9695980968218836,-5.983844428575242,-3.9770707909831433
958,4.79,-0.3956368412752881,-3.866386307006241,-1.920658611044053
959,4.795,0.904650870526908,-0.8051657898208466,0.5398013445873255
960,4.8,1.953523578968804,1.362910690574882,2.4113235082583304
961,4.805,2.7922846875961267,2.7040577931655285,3.6117178764650704
962,4.8100000000000005,3.4600588191101216,3.5240912853352526,4.2875408360418525
963,4.815,3.990719068645599,3.979248889928246,4.678089323498027
964,4.82,4.413859775099097,4.1415050035590655,4.893124703612702
965,4.825,4.756234130493662,4.124067295985491,5.0407577848750815
966,4.83,5.042731706452472,4.110342618162126,5.128502029758522
967,4.835,5.29662847477003,4.252580441963849,5.127241872821091
968,4.84,5.539050032198345,4.526397424834617,5.113913353405588
969,4.845,5.787772370771974,4.831774219877414,5.138290630970017
970,4.8500000000000005,6.0557239811114005,5.131947774187487,5.115158327468202
971,4.855,6.349752141272548,5.43083418227026,5.010676639599589
972,4.86,6.670204142909397,5.740363847955638,4.924356231171862
973,4.865,7.011575860251089,6.0685532591848075,4.9585223569092465
974,4.87,7.364038986064804,6.41621888704627,5.061635530040697
975,4.875,7.715343987523187,6.777185368373427,5.304040629513684
976,4.88,8.052568819807718,7.1403335411783235,5.662499676704354
977,4.885,8.363382980591938,7.492380175640742,6.069455119837154
978,4.89,8.63674707064704,7.82039191485981,6.327610919133609
979,4.8950000000000005,8.86313908406067,8.113402128905879,6.735030888502399
980,4.9,9.03446117414342,8.362991281983046,7.251199589392771
981,4.905,9.143768890085418,8.563049405195633,7.736903917187075
982,4.91,9.18492323080826,8.709078900837284,8.184141504364465
983,4.915,9.152223100380404,8.797375873838364,8.538196933292614
984,4.92,9.040043505764206,8.824326956489704,8.736768104869196
985,4.925,8.842484712449298,8.785928641121323,8.750662795389962
986,4.93,8.553027816133786,8.677518446402592,8.612002150186454
987,4.9350000000000005,8.164192019395175,8.493635868968287,8.362352981082788
988,4.94,7.667202030013601,8.227917119745133,8.010280942084327
989,4.945,7.051714654515776,7.872954951448349,7.556869643056974
990,4.95,6.305761857108284,7.420098999339466,7.009437506351819
991,4.955,5.41634998477851,6.859223756161797,6.375825521186699
992,4.96,4.371891781278434,6.1785716306624305,5.656328810361854
993,4.965,3.1695365242101308,5.3649584389929075,4.84218139385286
994,4.97,1.8348677602790036,4.405090023181891,3.9247135231870782
995,4.9750000000000005,0.4681800618574549,3.289946969314699,2.8983039479043655
996,4.98,-0.6797582868623676,2.0272838915553955,1.7622860126580076
997,4.985,-1.2092374540621829,0.6743088627709994,0.5566199987750249
998,4.99,-0.8752096294874921,-0.5883402010683954,-0.5564601046534063
999,4.995,0.1105206134859303,-1.3512406609758134,-1.199604045738985
1000,5.0,1.3442923729322496,-1.064604974044724,-0.8728333375631614
1001,5.005,2.559218451032648,0.33054610903030035,0.4835312774595826
1002,5.01,3.644852429013188,2.1053394984923695,2.219512787204634
1003,5.015,4.571139524465187,3.6220784483580526,3.7487064589366823
1004,5.0200000000000005,5.339186541418507,4.736718512933313,4.918740408483912
1005,5.025,5.959958113571622,5.501120240007911,5.780672655562028
1006,5.03,6.446310858586592,5.983570388125588,6.416482688466076
1007,5.035,6.810365684249053,6.250258818017078,6.878430150234055
1008,5.04,7.062906353679192,6.386241599296955,7.1961354333479015
1009,5.045,7.213537241284417,6.484009549148232,7.3892564149083775
1010,5.05,7.271135657412639,6.5955505127004255,7.470593912583979
1011,5.055,7.244441850418406,6.707262484439876,7.449190883938895
1012,5.0600000000000005,7.142743388628388,6.78059220367004,7.332967158198654
1013,5.065,6.976639309504239,6.79184570615587,7.130462446636243
1014,5.07,6.758845431748939,6.7352925298017245,6.852344614932388
1015,5.075,6.504926712688935,6.615556790236665,6.512902021707415
1016,5.08,6.233712567475839,6.442990840222358,6.131081326556549
1017,5.085,5.9669947447354135,6.232088923890587,5.730896612781125
1018,5.09,5.728032325486332,6.001152512376342,5.34259369210497
1019,5.095,5.538596632347835,5.77195368327666,5.0049365195748186
1020,5.1000000000000005,5.414941139180708,5.56847565666951,4.763279257423756
1021,5.105,5.363974793402312,5.414055598036901,4.656822075724478
1022,5.11,5.381333247963704,5.3268681735933345,4.701249294544639
1023,5.115,5.4523297632375645,5.314860264645739,4.882936491653896
1024,5.12,5.555271847739841,5.372405656916906,5.166884378428189
1025,5.125,5.665550589199187,5.480826067845339,5.503851323021093
1026,5.13,5.758981036640315,5.612949814147012,5.833986894271109
1027,5.135,5.813699718843908,5.739486825042092,6.101264765156272
1028,5.14,5.810707154933933,5.834327008195729,6.272900905894983
1029,5.1450000000000005,5.733489893490718,5.877172076474684,6.342316405704971
1030,5.15,5.567145154899898,5.853595648067124,6.310913786523887
1031,5.155,5.297274600964586,5.75345723017709,6.176777310384697
1032,5.16,4.908753267348148,5.568620041260661,5.937860364195994
1033,5.165,4.384364652012306,5.290665304959243,5.593967775015817
1034,5.17,3.7032338809944503,4.909009069275181,5.143975893951137
1035,5.175,2.8390277361524263,4.409512870151293,4.582334881560588
1036,5.18,1.7582330354742894,3.7733758251420384,3.898081165789186
1037,5.1850000000000005,0.4203640994722974,2.9759457364005573,3.074896663742849
1038,5.19,-1.2116316571998151,1.9852421954596813,2.088430226956436
1039,5.195,-3.1168456239619307,0.760768579810855,0.9041817145338893
1040,5.2,-5.0074398411002985,-0.7438911689138568,-0.5168169579343527
1041,5.205,-5.9445380677624176,-2.559543088876631,-2.1955839063243676
1042,5.21,-5.06235019679946,-4.599697617791099,-4.047250125601586
1043,5.215,-3.118613935558786,-6.287613072813102,-5.553647430357378
1044,5.22,-1.1091033964951322,-5.991741318601084,-5.260529465761838
1045,5.2250000000000005,0.6348545837651101,-2.9554263949794386,-2.4896277020763193
1046,5.23,2.07993459832854,0.27732634600757944,0.49754346161978624
1047,5.235,3.260243077567176,2.416444331409801,2.540029992147376
1048,5.24,4.2150752743633495,3.784475417114383,3.91880367815285
1049,5.245,4.97649082207969,4.665392482970243,4.8997448329371185
1050,5.25,5.568499052931093,5.179778437876663,5.621173489579569
1051,5.255,6.0084410565565705,5.388623591289079,6.149094445282514
1052,5.26,6.308420911404465,5.42259812861149,6.516055534110487
1053,5.265,6.476383232295001,5.470991282644853,6.738191537874633
1054,5.2700000000000005,6.516832181410943,5.642536532016864,6.822852619584381
1055,5.275,6.431256497979514,5.845098446771696,6.773548818876055
1056,5.28,6.218319835967319,5.965429375663723,6.59251796134314
1057,5.285,5.873862126113001,5.963797440337586,6.281316033175321
1058,5.29,5.390759629722009,5.831895497425495,5.841672932269956
1059,5.295,4.758736944222363,5.567117615280829,5.276997172216256
1060,5.3,3.96438613957803,5.1653459141851945,4.593044802887194
1061,5.305,2.992136675837883,4.61917779669722,3.7950799944470903
1062,5.3100000000000005,1.8283450247665325,3.917529881187582,2.8869469458763044
1063,5.315,0.4747023998149927,3.0460021159264814,1.8809932736498114
1064,5.32,-1.0129216415311946,1.9890176766625531,0.8088296174636298
1065,5.325,-2.43292165828608,0.7373591232274608,-0.293558134481148
1066,5.33,-3.335123699060245,-0.6884671158220845,-1.406996567131305
1067,5.335,-3.2429972428815352,-2.1725231541482897,-2.472562598253135
1068,5.34,-2.2445173512793475,-3.356809945740709,-3.2205103724626447
1069,5.345,-0.8642418366018346,-3.53024424786115,-3.053840737826958
1070,5.3500000000000005,0.5113946522043551,-2.205811472508562,-1.590727408035221
1071,5.355,1.7296622932318215,-0.10633605055487028,0.4766716029715461
1072,5.36,2.7545402926633686,1.743799773013294,2.230037227384082
1073,5.365,3.5905212473047188,3.073695649812819,3.4793558110501968
1074,5.37,4.25259207700433,3.965903587887945,4.341327626930872
1075,5.375,4.756221593124887,4.517599485535167,4.918747027079193
1076,5.38,5.114475776887054,4.7993194691576475,5.282034129373896
1077,5.385,5.337502028209827,4.896460411786041,5.481825504438343
1078,5.39,5.432747020147319,4.9207544390922635,5.5523167989493665
1079,5.3950000000000005,5.405374866277191,4.957607341453484,5.510277198729317
1080,5.4,5.258747317224354,5.004776614830436,5.361563582603659
1081,5.405,4.99499061465503,5.005201949143848,5.112933522331826
1082,5.41,4.615779099887897,4.9160739642441005,4.768158276900122
1083,5.415,4.123592551817022,4.71975235347299,4.321085597434253
1084,5.42,3.523903791622111,4.411355981448893,3.7694252091846696
1085,5.425,2.829046405447336,3.9913073474203373,3.130334039089428
1086,5.43,2.0647701744074265,3.4637016899911828,2.4328372773782823
1087,5.4350000000000005,1.2800153100105292,2.838274101692296,1.7051813408799803
1088,5.44,0.5571523218292501,2.1355909351835334,0.9839792962378713
1089,5.445,0.0111164270031572,1.3961812576320156,0.32044017713417006
1090,5.45,-0.2422946261574618,0.693375482187407,-0.2197337611673138
1091,5.455,-0.1480159165639619,0.14342941530348874,-0.5484241714081382
1092,5.46,0.2500929996623678,-0.10812593165226758,-0.5456243993057752
1093,5.465,0.840424778323008,0.047889670846289256,-0.1303438245536821
1094,5.47,1.5061429965802815,0.5905790517862828,0.6489391122312087
1095,5.4750000000000005,2.161362699140952,1.357284551718469,1.6116633016267974
1096,5.48,2.754652812550993,2.1518594278322007,2.548133635812689
1097,5.485,3.259360648240724,2.844284769239441,3.326036673361526
1098,5.49,3.6636565851925615,3.3820043929527825,3.911559396636129
1099,5.495,3.963783208430019,3.760293303715134,4.320750398638964
1100,5.5,4.1601818889980775,3.998760605969885,4.573674151673992
1101,5.505,4.255518104550181,4.128673622382333,4.687593574192731
1102,5.51,4.253868056649967,4.181921675789325,4.680702065958135
1103,5.515,4.160648634072626,4.179725998008716,4.57064052126994
1104,5.5200000000000005,3.9830995631587793,4.127877042114996,4.371488413818352
1105,5.525,3.7312562534611615,4.0220820148013186,4.093864684965503
1106,5.53,3.419385545997717,3.8570640985529776,3.7489321457325833
1107,5.535,3.067753031323934,3.632455776580702,3.3498211750756695
1108,5.54,2.7042608403667683,3.3550574404017013,2.910491106107826
1109,5.545,2.3648787026249067,3.039831564253891,2.450485646189265
1110,5.55,2.09112550273776,2.710912372292673,2.0033666867005477
1111,5.555,1.923069872327395,2.402244889501278,1.617460687607367
1112,5.5600000000000005,1.8886909343720268,2.156110243555333,1.34746875533091
1113,5.565,1.9943991357545363,2.0170197336885636,1.2437413841208742
1114,5.57,2.22286690234776,2.0196788702021244,1.3368203354150063
1115,5.575,2.5397802223924923,2.1744897059884734,1.6207773956863618
1116,5.58,2.904817138695632,2.459736780484196,2.0522113082777516
1117,5.585,3.280779112998755,2.828073696823444,2.570356905574635
1118,5.59,3.6382028212387874,3.223931021172109,3.113525500374715
1119,5.595,3.9561942900940608,3.600130002437859,3.6252696640302
1120,5.6000000000000005,4.221328935108728,3.925805483092071,4.063391385882575
1121,5.605,4.426039975945085,4.186280521754043,4.405163287801577
1122,5.61,4.567208453456927,4.379053162849772,4.644033681953929
1123,5.615,4.645188063524566,4.508872828643943,4.783092822137233
1124,5.62,4.6632691809141065,4.583277321556987,4.829989488103326
1125,5.625,4.627498997082134,4.609474846614254,4.794765576461647
1126,5.63,4.546736433306545,4.59320147932019,4.689329003865309
1127,5.635,4.432778981185901,4.539420514320838,4.527236488972241
1128,5.64,4.300334458292562,4.453946768606254,4.32361678642905
1129,5.6450000000000005,4.166539906380682,4.344986833526478,4.095415785687251
1130,5.65,4.049716839506842,4.224017949659045,3.861698261187782
1131,5.655,3.967203808436275,4.105782142488758,3.643505452949877
1132,5.66,3.9324979679238536,4.007243657436336,3.463094831494109
1133,5.665,3.952457467626729,3.945371199481837,3.342356018892267
1134,5.67,4.025604455151052,3.9338629327021533,3.299777119307162
1135,5.675,4.1422613204945655,3.9795284099562473,3.34597666717103
1136,5.68,4.286431901378159,4.079668259640416,3.479499497096884
1137,5.6850000000000005,4.438579122816964,4.2218007831114575,3.685214453664046
1138,5.69,4.578263111242784,4.386101957631802,3.9364434451533135
1139,5.695,4.685964209229148,4.5495146116737395,4.200214187146258
1140,5.7,4.743925762213362,4.689759836191117,4.443627696304032
1141,5.705,4.736188347863395,4.787907845256691,4.638656115852763
1142,5.71,4.648084021412534,4.829144370404407,4.763813727332456
1143,5.715,4.465403734264863,4.802106912663738,4.803503451927847
1144,5.72,4.173341883924583,4.697409894770454,4.746543186802176
1145,5.7250000000000005,3.755210155471469,4.505906965689614,4.584469574038855
1146,5.73,3.190807250958672,4.217048526961147,4.30977485596584
1147,5.735,2.4542218955546584,3.8174544154038568,3.9142003629707665
1148,5.74,1.510741564821744,3.2895691322764735,3.387010485423475
1149,5.745,0.3125935916503828,2.6100543079478307,2.7129836404674035
1150,5.75,-1.2055714122377597,1.7474358460136137,1.8697733688899665
1151,5.755,-3.122665764189012,0.658477230789031,0.8242344480310138
1152,5.76,-5.463412696822632,-0.7169474641656404,-0.472487059215279
1153,5.765,-7.795075473612894,-2.4602593604482488,-2.0891665043552745
1154,5.7700000000000005,-8.357669449376571,-4.660586039385798,-4.102689167069153
1155,5.775,-6.366936394540208,-7.278374983045861,-6.476899872462903
1156,5.78,-3.753387976650356,-9.383805331871216,-8.38431287200142
1157,5.785,-1.4801953690445355,-7.7997202383940945,-6.9930824519198875
1158,5.79,0.362580842501882,-2.842554691945158,-2.5616077464322986
1159,5.795,1.845779712415212,0.59998992863264,0.5771158213685208
1160,5.8,3.040974546016839,2.5492693802129054,2.4259655641561393
1161,5.805,4.001111244581848,3.7688099997245033,3.659574652279744
1162,5.8100000000000005,4.763242383754546,4.544208115447124,4.552036421961761
1163,5.815,5.352961227896278,4.94034365005051,5.221137242720142
1164,5.82,5.787690609434182,5.006914979223532,5.717219411973983
1165,5.825,6.0788218845676845,4.945640744801708,6.06342152803839
1166,5.83,6.233022508790256,5.02675274697031,6.269300540444215
1167,5.835,6.252957097157532,5.311828804638482,6.337207064655775
1168,5.84,6.137561865309893,5.574767724742105,6.267427904214579
1169,5.845,5.881924954044822,5.705192578377141,6.0595045311923466
1170,5.8500000000000005,5.476747645163099,5.68743083009069,5.711916198048522
1171,5.855,4.907277021358738,5.521340013443102,5.223201055091755
1172,5.86,4.151492451367115,5.203934116198824,4.594117472091192
1173,5.865,3.177197902065489,4.726077261295691,3.8270743785257
1174,5.87,1.937648354286514,4.071048620476073,2.9182494879644616
1175,5.875,0.3663042510026294,3.2124001973535306,1.8563324148744105
1176,5.88,-1.6213776472278916,2.1103069568454194,0.640296751658334
1177,5.885,-4.065010138217264,0.7060261180867835,-0.713838713515087
1178,5.89,-6.545531847272745,-1.083841084451385,-2.228464158091664
1179,5.8950000000000005,-7.193978332037334,-3.3574878466267286,-4.015529413597315
1180,5.9,-5.151725067922714,-6.098949296824381,-6.135400343162422
1181,5.905,-2.509459896231902,-8.38933713104998,-7.81992322077058
1182,5.91,-0.2473272133507408,-6.809350672874864,-6.060634700458968
1183,5.915,1.5654964699575324,-1.6403271671961424,-1.1674132158442383
1184,5.92,3.010467839415885,1.817999387127477,2.093262624828238
1185,5.925,4.163780049368698,3.723748777744767,3.866373237259018
1186,5.93,5.080567876746408,4.895310225075951,4.971338596976701
1187,5.9350000000000005,5.799071823569327,5.624223512535722,5.716189391993729
1188,5.94,6.345650582929029,5.9707104733934875,6.214835235801175
1189,5.945,6.738336007645575,5.979697679068707,6.530084710963748
1190,5.95,6.989125769342658,5.859998777992,6.704801387639304
1191,5.955,7.105416275818155,5.896080606905013,6.764510867819095
1192,5.96,7.09086999752356,6.153618576879347,6.712317821571425
1193,5.965,6.945906524203174,6.388862482156739,6.546363630703198
1194,5.97,6.66794613071665,6.490424482690679,6.273893494183978
1195,5.9750000000000005,6.2515242671988975,6.446088429321351,5.891442001076728
1196,5.98,5.688461127833823,6.258756330511478,5.378936770334676
1197,5.985,4.968500860539422,5.929051407831565,4.731945380790594
1198,5.99,4.081479771440942,5.453337681104385,3.976541173916045
1199,5.995,3.02379122850202,4.824261063951692,3.1354464790599943
1200,6.0,1.816083280489431,4.032353769912333,2.215472923449413
1201,6.005,0.5465111206861061,3.070166815506594,1.243639628107025
1202,6.01,-0.5511224233867849,1.9434975529035716,0.2766097131069154
1203,6.015000000000001,-1.0716032879773931,0.701040751114073,-0.6313653463246292
1204,6.0200000000000005,-0.7138201958320062,-0.4955624057817465,-1.3853527282534488
1205,6.025,0.353791335721826,-1.2579529728094458,-1.6842351373020419
1206,6.03,1.7121609719430446,-1.005306917894508,-1.0404212866682876
1207,6.035,3.0674343411116696,0.43282895636031427,0.6641728866970018
1208,6.04,4.295667129125134,2.35739673048988,2.7283271280870687
1209,6.045,5.3625904450817625,4.051861498247466,4.44674536654275
1210,6.05,6.268635173359899,5.330888266034297,5.677477906417583
1211,6.055,7.025020770138956,6.244622718044612,6.5702029035278
1212,6.0600000000000005,7.644831919884546,6.865436138306325,7.220067601014696
1213,6.065,8.140025169503334,7.259616917346697,7.6683992975035
1214,6.07,8.52062726312203,7.511038812330549,7.957512742099954
1215,6.075,8.79470038865135,7.715528025987862,8.12534007453796
1216,6.08,8.968545243436926,7.933063056335216,8.199185559593857
1217,6.085,9.046951756323825,8.15393004178489,8.186622158914677
1218,6.09,9.033436051736707,8.335387937081405,8.090712066271943
1219,6.095,8.93045210368438,8.447056609412874,7.925208621350536
1220,6.1000000000000005,8.739587510436404,8.476389656444299,7.694130109541684
1221,6.105,8.461764910114953,8.42005376525124,7.3844356345990585
1222,6.11,8.097482938829929,8.278041836296318,6.998261037377541
1223,6.115,7.647149162373852,8.051181825652113,6.568271002708913
1224,6.12,7.1115876541164935,7.740317711413258,6.1289516731377605
1225,6.125,6.492851707754493,7.346220285187229,5.704073703204116
1226,6.13,5.795540353144174,6.869889691134023,5.318679667630371
1227,6.135,5.028891412784907,6.313205123293996,4.974557470544273
1228,6.140000000000001,4.209930392245216,5.680039359891762,4.630110322395081
1229,6.1450000000000005,3.367668792115065,4.9780796363938755,4.246011446062687
1230,6.15,2.54728433795081,4.221685885114101,3.837704239853542
1231,6.155,1.810878097079934,3.4360500931930673,3.409839816321369
1232,6.16,1.2288362067876282,2.6623165721000532,2.9581318070331157
1233,6.165,0.8581813024333551,1.961431837117415,2.5073372882701412
1234,6.17,0.7167534202665338,1.4108154043713124,2.1184781222821987
1235,6.175,0.7736434500219287,1.0852190509912751,1.8734240121233308
1236,6.18,0.9650861385643732,1.0209366470010108,1.825576004707326
1237,6.1850000000000005,1.2210482072266309,1.1859138133293152,1.960275859470018
1238,6.19,1.483682552858289,1.488805976129317,2.206577733960359
1239,6.195,1.71298327696809,1.8240292468697836,2.48107079578083
1240,6.2,1.884825025288004,2.1119342506714838,2.721868112034626
1241,6.205,1.9868788411316751,2.3102953265513504,2.895502641097943
1242,6.21,2.0150903678758354,2.407009694548551,2.989301405336105
1243,6.215,1.971422352285268,2.409294211901912,3.0029396254973006
1244,6.22,1.862759605873208,2.334633936485182,2.940950092461848
1245,6.2250000000000005,1.700660510481371,2.2032013268273833,2.8083571977892055
1246,6.23,1.501578608825055,2.0323551935457305,2.613197558182601
1247,6.235,1.287074775985093,1.8352249620713912,2.3711307161680133
1248,6.24,1.0833627224598557,1.6235173252059756,2.104664647835075
1249,6.245,0.9194138246742464,1.4117694095112006,1.838953005463646
1250,6.25,0.8231162997751479,1.220013777156633,1.5995169702584064
1251,6.255,0.8159493990185902,1.0734563715030885,1.409899901139275
1252,6.26,0.9080185526731404,0.9989182239054659,1.2894077327342877
1253,6.265000000000001,1.0959119875052423,1.01852633521634,1.2547887373225715
1254,6.2700000000000005,1.364623364467824,1.142540006470996,1.3218197929603925
1255,6.275,1.6924696999141915,1.36479576192957,1.496921251634177
1256,6.28,2.0565569024161734,1.663903965087414,1.7695442330294835
1257,6.285,2.436817621119369,2.0100544207302495,2.1161539682052193
1258,6.29,2.818009629137196,2.3737184779306104,2.508050288783179
1259,6.295,3.190071604816385,2.732120254494969,2.9169671329743054
1260,6.3,3.547526816273997,3.071809227201448,3.318387456825845
1261,6.305,3.888486515218292,3.3880480639155333,3.6931150162528894
1262,6.3100000000000005,4.213568515493166,3.68248670247101,4.027957608287908
1263,6.315,4.524871959837602,3.960321744300277,4.31615426400691
1264,6.32,4.825061923188004,4.227740189328577,4.557270866887844
1265,6.325,5.116590710250344,4.490132712826818,4.755997287676428
1266,6.33,5.401082946587895,4.751207657290506,4.9200933863328915
1267,6.335,5.6789132950680905,5.012789065637657,5.05843695496697
1268,6.34,5.948995106231182,5.274937989741592,5.17973090788677
1269,6.345,6.2087740795370845,5.536138671150474,5.29171309038623
1270,6.3500000000000005,6.454391322680674,5.7934766005446985,5.400596022212217
1271,6.355,6.680956925660526,6.042844074498713,5.510690484648614
1272,6.36,6.882866805025332,6.279211603908941,5.624231606761988
1273,6.365,7.054103261157617,6.496955689751758,5.741330159721737
1274,6.37,7.188478125342629,6.69019229037611,5.859979889072243
1275,6.375,7.2797988724534815,6.853055422755711,5.976168609823171
1276,6.38,7.321956555017777,6.9798782583722785,6.0841123634603615
1277,6.385,7.308947246597737,7.065264074216929,6.176483307703167
1278,6.390000000000001,7.234846488044264,7.1040616057181145,6.244538906499754
1279,6.3950000000000005,7.093761823642217,7.0912757234519646,6.278279984751157
1280,6.4,6.879796190882491,7.0219491905633875,6.266860040145433
1281,6.405,6.587070820940165,6.891048814059406,6.199356214037706
1282,6.41,6.20989027298689,6.693386366692588,6.065806063372355
1283,6.415,5.743201780206064,6.4236091498950785,5.858156955961682
1284,6.42,5.183637591275094,6.076316444357889,5.570691896427203
1285,6.425,4.5316821999277765,5.646410251948207,5.199911802680951
1286,6.43,3.7959222329004207,5.129896218513338,4.744473412793335
1287,6.4350000000000005,3.000802390107649,4.525557629778641,4.206003553791201
1288,6.44,2.1989478510701725,3.8382987007341614,3.591623585702086
1289,6.445,1.4848756437484556,3.085531412507845,2.91936295295935
1290,6.45,0.994100616307652,2.308475240248052,2.228104202598496
1291,6.455,0.8592985877732491,1.5889508869377402,1.5925937004470327
1292,6.46,1.1286509645136782,1.0638282811493416,1.1365585822019488
1293,6.465,1.7276533268428245,0.9073561605923484,1.0173919556441136
1294,6.47,2.5147442326246323,1.2401781195140664,1.3455079125044023
1295,6.4750000000000005,3.359402181801588,2.00708784406352,2.0753047956495956
1296,6.48,4.174783813087977,2.9872866480109663,3.0133127196153984
1297,6.485,4.913143872388487,3.9538384184757636,3.9592487405643033
1298,6.49,5.55158277558591,4.7799689066910656,4.800507189402952
1299,6.495,6.080595439307786,5.4267939588829215,5.500626897580999
1300,6.5,6.497093984235796,5.900658075617844,6.058603502099971
1301,6.505,6.800587127477308,6.228927267102679,6.483525164320104
1302,6.51,6.991172338373891,6.4485582164364885,6.7845885763577565
1303,6.515000000000001,7.068486183515596,6.5936835674476555,6.968471643377818
1304,6.5200000000000005,7.031144227181607,6.682153780884272,7.039315978868326
1305,6.525,6.876438058362138,6.711507664477399,6.999407841392344
1306,6.53,6.600204801634772,6.6673089706577695,6.849895027917658
1307,6.535,6.196910179476901,6.533398412590578,6.591372415061068
1308,6.54,5.660164874386106,6.296290170796903,6.224355406113446
1309,6.545,4.984250219379628,5.945104625672783,5.749677444866468
1310,6.55,4.1680113307926,5.4704989391580545,5.168909345120356
1311,6.555,3.2241157312601283,4.864480461534362,4.485221631450477
1312,6.5600000000000005,2.199322576471752,4.122280085917381,3.705609673826158
1313,6.565,1.2112526253891116,3.248333368544147,2.845944455086502
1314,6.57,0.4841766686682607,2.2709273652047792,1.9419843067907592
1315,6.575,0.2952491932925057,1.2737676932220872,1.0737625903844497
1316,6.58,0.7616648146644822,0.4494510351784733,0.4102615648385335
1317,6.585,1.7149141089526103,0.13226742945210734,0.23928910207510068
1318,6.59,2.875746260873553,0.6455707560109687,0.8354071958792959
1319,6.595,4.04215962064059,1.9169757080690144,2.1207321344659325
1320,6.6000000000000005,5.114640596686753,3.4491244059111956,3.639909040641621
1321,6.605,6.055871053497772,4.821689472127127,5.009148728883481
1322,6.61,6.857250057290435,5.899723823265659,6.106461708821541
1323,6.615,7.521403715926964,6.692335219307248,6.946209412978137
1324,6.62,8.05433980015919,7.243066485278428,7.5725848647466085
1325,6.625,8.462152410289086,7.606631973614937,8.023959503351735
1326,6.63,8.74969025797014,7.850666521709925,8.327726894329125
1327,6.635,8.920020320107568,8.039848780410917,8.502531903928851
1328,6.640000000000001,8.97416982047424,8.204897120837677,8.560664109693088
1329,6.6450000000000005,8.910906631450109,8.333290984705778,8.509828463376726
1330,6.65,8.726425590559229,8.394972602429393,8.354598520706991
1331,6.655,8.41383346356877,8.365523065489082,8.097486921911576
1332,6.66,7.962297714160435,8.229366304496418,7.739634010412414
1333,6.665,7.355638656474889,7.975112826431539,7.28149148951
1334,6.67,6.569958506952202,7.591235160364479,6.723299284896614
1335,6.675,5.569498321642557,7.062989579864711,6.064400284413502
1336,6.68,4.298987774686302,6.369609598382786,5.301213777918926
1337,6.6850000000000005,2.668432438653169,5.480631809575381,4.423530930887096
1338,6.69,0.5198968272108249,4.349858832205006,3.4056592915459607
1339,6.695,-2.452535613408205,2.90414993729607,2.1883820277356634
1340,6.7,-6.877248497810561,1.0205293227258823,0.6518988241364028
1341,6.705,-12.312673876831076,-1.5255101335900045,-1.427819136480763
1342,6.71,-8.606276317096697,-5.1885831747183015,-4.485777833775659
1343,6.715,-3.578847295526901,-10.925419270419164,-9.40740031730786
1344,6.72,-0.2474876593423418,-17.112051380568737,-14.787024091918772
1345,6.7250000000000005,2.1158710047403364,-3.1636604425441206,-2.3277987882890043
1346,6.73,3.8924630756876266,3.5113556733733517,3.712462536351907
1347,6.735,5.273493360060886,5.374198985402016,5.463097963481369
1348,6.74,6.36533255392104,6.582221343484679,6.606027621510915
1349,6.745,7.232437266033012,7.379501620828066,7.3787027098818605
1350,6.75,7.916433546314141,7.900212577580358,7.954835915089236
1351,6.755,8.44549905424806,7.776052691769635,8.381562420116508
1352,6.76,8.839384379723251,7.2946645586394165,8.686451254893232
1353,6.765000000000001,9.112298557220246,6.869787784113824,8.883953442403953
1354,6.7700000000000005,9.27467659520165,7.42072943523474,8.974338098358164
1355,6.775,9.33433608988354,8.03692542840777,8.956202727848474
1356,6.78,9.297298610712614,8.39975526519158,8.831643100059729
1357,6.785,9.16844303008646,8.588884306720587,8.599145321031003
1358,6.79,8.952109008225381,8.64635816305583,8.259479531589294
1359,6.795,8.65275198979332,8.5938748155141,7.818312652898071
1360,6.8,8.275752372443653,8.444321785171821,7.300560398390518
1361,6.805,7.828488507380747,8.206731190395178,6.735209900600854
1362,6.8100000000000005,7.32177297141239,7.888879432888443,6.120134774019588
1363,6.815,6.771673528247021,7.499139525574813,5.447363927900417
1364,6.82,6.201497827988291,7.048259312600859,4.808787340142822
1365,6.825,5.643190589766217,6.551376098973078,4.415201928347878
1366,6.83,5.136590782252027,6.030298416076283,4.307456956319828
1367,6.835,4.724508269297389,5.515613994518041,4.360925866206103
1368,6.84,4.442828961206561,5.047326575832225,4.4364310817113335
1369,6.845,4.308737802477352,4.671641776083826,4.708594689533272
1370,6.8500000000000005,4.313879094624561,4.431406837901181,5.038620186405913
1371,6.855,4.42739406075741,4.350876710539532,5.30339932883763
1372,6.86,4.606560179780802,4.42221120662126,5.305471514297624
1373,6.865,4.808090097666403,4.604624856139529,5.3761327954644615
1374,6.87,4.995145381685799,4.839074098264633,5.55706427586534
1375,6.875,5.13955141087502,5.0682660446470384,5.6836902707287535
1376,6.88,5.221056407002137,5.249714698528318,5.729483790751153
1377,6.885,5.225501988839969,5.358672624841561,5.695725708517872
1378,6.890000000000001,5.142989545610216,5.384864881476657,5.613166780942935
1379,6.8950000000000005,4.966484526623175,5.327211592048388,5.484332737754882
1380,6.9,4.6909921651042055,5.188576041429497,5.267802148754008
1381,6.905,4.313377169822278,4.971538498231406,4.979579784783575
1382,6.91,3.832995880396586,4.676080115909067,4.660530809703415
1383,6.915,3.253527086101103,4.299592410002563,4.263012834832998
1384,6.92,2.5867059439497253,3.8387612666190147,3.72948073116402
1385,6.925,1.8589149013654729,3.2925907652792237,3.0912514924833188
1386,6.93,1.120982625319976,2.6665011032717465,2.4454550266769415
1387,6.9350000000000005,0.457889425717535,1.9784297840669485,1.7925816990406376
1388,6.94,-0.0141010380556481,1.2683206548959012,1.2038724785235662
1389,6.945,-0.1822759905565265,0.610853703362138,0.739976005246958
1390,6.95,0.0006496661588641,0.12424697357720138,0.47847026889103894
1391,6.955,0.4837011919169405,-0.04713328536777972,0.3574780857688733
1392,6.96,1.1537051694105944,0.1971794801833262,0.5888257411006039
1393,6.965,1.8967857258689649,0.8228292939368256,1.2268210395969152
1394,6.97,2.631193751551637,1.6604305095959018,2.070572619062899
1395,6.9750000000000005,3.309001480158047,2.518248201145857,2.94748941076949
1396,6.98,3.906163566936153,3.2744576033667956,3.750499781167059
1397,6.985,4.412817567608364,3.882513863235457,4.430298733712993
1398,6.99,4.82678299422904,4.341199734398868,4.974868682963451
1399,6.995,5.149800067877442,4.672358759478101,5.387758494973898
1400,7.0,5.385518282119395,4.908650533254692,5.677631218351378
1401,7.005,5.53849058149647,5.082347122065966,5.854315419137126
1402,7.01,5.613722256318465,5.214205443826938,5.927594633140453
1403,7.015000000000001,5.616521546430024,5.30935977523346,5.907094369582561
1404,7.0200000000000005,5.552512112877464,5.362908592088074,5.802587033392336
1405,7.025,5.427726375028122,5.36827545662302,5.6244017117908225
1406,7.03,5.248725546709263,5.321809136579355,5.38382932287893
1407,7.035,5.022700669135579,5.223548424769653,5.093476857651007
1408,7.04,4.75750800062417,5.076492518270602,4.76751308199262
1409,7.045,4.46158982111747,4.8857633197417245,4.421793889531992
1410,7.05,4.143737477091358,4.657998461012127,4.073828906834797
1411,7.055,3.8126779702365576,4.400902991990479,3.7421419853652163
1412,7.0600000000000005,3.476516265596234,4.1228147687159495,3.4441713795692577
1413,7.065,3.142139518222922,3.8321751924300154,3.1926143437680015
1414,7.07,2.8147654826016195,3.5368717077872374,2.991951007869438
1415,7.075,2.497859848328659,3.2435182245911864,2.8373896281854094
1416,7.08,2.193624555518659,2.956849081503693,2.716506508939168
1417,7.085,1.904165741612382,2.6794832144629384,2.612197414345706
1418,7.09,1.6333060695534,2.412318547459978,2.506470638466743
1419,7.095,1.388822886174249,2.1557170666797543,2.3853700013875554
1420,7.1000000000000005,1.1846325000029752,1.9114636794188224,2.2435794009222474
1421,7.105,1.0420382484035973,1.6852781221300237,2.0862979051596438
1422,7.11,0.9886989606662128,1.4894340662505572,1.9284651654427574
1423,7.115,1.053978638570841,1.3447053680355046,1.7937376650255201
1424,7.12,1.2607331189315485,1.2803289886465201,1.7135597608198143
1425,7.125,1.6164862820456307,1.3301898346503154,1.7236863298129017
1426,7.13,2.1089785599643984,1.523987722517226,1.8560569765576522
1427,7.135,2.709053434227375,1.8750795909770646,2.1275814445787606
1428,7.140000000000001,3.3788536015728656,2.3712018096731424,2.531655462103476
1429,7.1450000000000005,4.080424106418325,2.9753057693803786,3.0387497738197546
1430,7.15,4.781244125504949,3.6372457185582014,3.6065774557576633
1431,7.155,5.456191590673325,4.308728160196385,4.193339823620271
1432,7.16,6.087149566993478,4.95323357748286,4.7667767240838215
1433,7.165,6.661605587962496,5.548639166584268,5.306452436541577
1434,7.17,7.171095012258482,6.0849946401795005,5.801141740839805
1435,7.175,7.609858178680558,6.560390971815233,6.244614883397983
1436,7.18,7.9737998256986575,6.976640523241279,6.632184346660887
1437,7.1850000000000005,8.25971793471277,7.335733248255522,6.958923144298184
1438,7.19,8.464733662157672,7.637738833244856,7.219696439931018
1439,7.195,8.585853925720762,7.880311554341251,7.410407697068765
1440,7.2,8.61960810866411,8.059268836654741,7.528931776994112
1441,7.205,8.56170961248462,8.16942868493308,7.574714326468822
1442,7.21,8.406697802327162,8.205154734995624,7.547767945935557
1443,7.215,8.147514979288836,8.160473380501319,7.448020770541744
1444,7.22,7.774965898868695,8.028857420432768,7.2749173894620665
1445,7.225,7.276994490417616,7.802797050237279,7.026855208437528
1446,7.23,6.637698643765858,7.47321801212585,6.700290095173685
1447,7.235,5.836012434828731,7.028738522077035,6.28848771893669
1448,7.24,4.844111399514012,6.454705221660658,5.779989519770713
1449,7.245,3.626220875652512,5.731919761319253,5.156965901245372
1450,7.25,2.1411720874962468,4.8349965492827565,4.393657050329101
1451,7.255,0.3630645534812404,3.730545341902748,3.4551657504648965
1452,7.26,-1.623849089090982,2.3765298375197186,2.297702435588151
1453,7.265000000000001,-3.3178504245461697,0.7289890359314857,0.8755880602398887
1454,7.27,-3.592139427514163,-1.217809902321556,-0.8219898672685453
1455,7.275,-2.15467705262268,-3.2573638296244223,-2.615164648615223
1456,7.28,-0.1059690919429437,-4.438824561035352,-3.6583241584552866
1457,7.285,1.826335099012957,-2.9778094009712612,-2.3562949492024963
1458,7.29,3.4708119028551057,0.481565621507972,0.7373067077537447
1459,7.295,4.834721414862439,3.305602729064968,3.293372075149482
1460,7.3,5.957966813712582,5.117383484865318,4.976090962056697
1461,7.305,6.878322765261801,6.297401213683158,6.1300883718071
1462,7.31,7.625648215612885,7.059843560938997,6.968889780225331
1463,7.315,8.222478978574602,7.486230407038097,7.600905492494849
1464,7.32,8.685615204757307,7.655394060457617,8.079374937893194
1465,7.325,9.027535377996504,7.730826492695947,8.431114638837148
1466,7.33,9.257471657198542,7.895709309015846,8.669117986250289
1467,7.335,9.382201073860564,8.181482804390491,8.799219998604492
1468,7.34,9.40663884261496,8.462651017448472,8.8246233804162
1469,7.345,9.334313580200297,8.659218143094154,8.747767531223953
1470,7.35,9.167797892159864,8.75262852508419,8.571092549971786
1471,7.355,8.909172219860029,8.743727191607992,8.298546155415995
1472,7.36,8.560619913370957,8.636807917739599,7.937673237033914
1473,7.365,8.12529151929844,8.435993030067051,7.499840649131527
1474,7.37,7.608637800625285,8.144956921145655,6.997892011791459
1475,7.375,7.020479541839309,7.767616934725876,6.449839900961975
1476,7.38,6.378087947760477,7.309365904263753,5.892314808373377
1477,7.385,5.710280498027084,6.778967481853073,5.382548366954714
1478,7.390000000000001,5.061537264481759,6.191419049113284,4.965787257596156
1479,7.395,4.492925023578366,5.572044491804874,4.646148928594254
1480,7.4,4.074103610967484,4.961513218881691,4.40937229024281
1481,7.405,3.8626707560226574,4.419698073097979,4.267216893017669
1482,7.41,3.878759827539213,4.0227866814116515,4.245472032800228
1483,7.415,4.094498835207919,3.845315050008696,4.348540779640307
1484,7.42,4.448335477280513,3.9257432021557337,4.566202957401585
1485,7.425,4.870910832393841,4.236334198473951,4.8911409398088335
1486,7.43,5.303799908853046,4.6896976196777596,5.301535197294774
1487,7.435,5.705689122435213,5.181588121524039,5.727407751666627
1488,7.44,6.050687252349265,5.631249490310789,6.099052258744145
1489,7.445,6.324219483667688,5.994269943405328,6.384540765252288
1490,7.45,6.519288485016562,6.256103475322063,6.5805818808907395
1491,7.455,6.633882577711479,6.421356626150177,6.6942610105385025
1492,7.46,6.669481301137141,6.504553283205256,6.730226426174168
1493,7.465,6.630416204513427,6.522299451578327,6.693996586973325
1494,7.47,6.523869226132788,6.487367115508166,6.59560784605327
1495,7.475,6.360338541126801,6.406663740820718,6.439342103116468
1496,7.48,6.154391281363145,6.28347142581676,6.223132276287098
1497,7.485,5.925410658224165,6.1216071894878965,5.956497494472753
1498,7.49,5.697819131981498,5.928936102070143,5.668218251808572
1499,7.495,5.500002521486609,5.719382707904757,5.391874413951289
1500,7.5,5.361156524422885,5.513593516446613,5.157987425734154
1501,7.505,5.305971876331881,5.338146261536664,4.994847522344076
1502,7.51,5.348573487747527,5.222613765600359,4.919115966214868
1503,7.515000000000001,5.488465253978703,5.19384499728185,4.931893421191824
1504,7.52,5.710775475476821,5.26819215225313,5.040027869042035
1505,7.525,5.9906545266900935,5.444755667356944,5.260683785068683
1506,7.53,6.299369178911736,5.703852857260456,5.584045608699215
1507,7.535,6.609418635461937,6.012473297228759,5.973542170405704
1508,7.54,6.897426799783714,6.333828464641109,6.386578629197784
1509,7.545,7.145000844959006,6.635873404070318,6.782986902165618
1510,7.55,7.33834567969282,6.8956722712801595,7.129656226586521
1511,7.555,7.46736517936956,7.099712143867499,7.4031387992656885
1512,7.56,7.524703498923996,7.241813952860147,7.589666130040516
1513,7.565,7.504940240065691,7.320179421803946,7.683320807820776
1514,7.57,7.404016315923997,7.33459791406495,7.683387554287576
1515,7.575,7.218915165717862,7.2844718011259655,7.592063192350798
1516,7.58,6.9476270335747445,7.167964024837398,7.4130935860898965
1517,7.585,6.589464700322786,6.982143554117284,7.1511200151088
1518,7.59,6.145872181823128,6.723724312691708,6.811390935990149
1519,7.595,5.621970588416671,6.390042392611692,6.399786039946908
1520,7.6,5.029188781082113,5.980193368917551,5.9232832894441465
1521,7.605,4.3893010760821145,5.496546901998495,5.391027316249068
1522,7.61,3.739652994078864,4.947068097899086,4.816253667711089
1523,7.615,3.1375305783179352,4.348971735149304,4.219464622064938
1524,7.62,2.658081691117313,3.734032748456747,3.6330440461726066
1525,7.625,2.3779418022148517,3.154745847262895,3.1064271507945898
1526,7.63,2.344635584823584,2.687313398649113,2.708248589918016
1527,7.635,2.551231921273786,2.4220928392544727,2.5174355007763167
1528,7.640000000000001,2.940161997499098,2.431405898214682,2.5946066555324436
1529,7.645,3.432293592367865,2.723642722502457,2.9418209033994334
1530,7.65,3.955288819909992,3.2243424636851987,3.4867208680340247
1531,7.655,4.456226802621895,3.8129734591460345,4.116329453670455
1532,7.66,4.901572562671838,4.381367810574832,4.729723110821124
1533,7.665,5.272350853685676,4.863617805222884,5.264351915506652
1534,7.67,5.559229557763993,5.233387501098742,5.692219985237942
1535,7.675,5.759002550553229,5.490570821614016,6.006130650238741
1536,7.68,5.872514444026095,5.649731213010221,6.208754036825915
1537,7.685,5.903706555239126,5.730908544072861,6.306700993583738
1538,7.69,5.859488244822744,5.751740525100022,6.308084107401541
1539,7.695,5.750225112533652,5.722871199148517,6.221992948403445
1540,7.7,5.590660498051415,5.648791230155337,6.058963452785767
1541,7.705,5.400984801912163,5.532567660235173,5.832002533178972
1542,7.71,5.207496348001293,5.380787087765522,5.557956226101392
1543,7.715,5.041908056452712,5.206722115054519,5.259011217099083
1544,7.72,4.93816073592876,5.031719297866906,4.963908643151937
1545,7.725,4.926258700133371,4.884904958363452,4.708055776039085
1546,7.73,5.02456950106019,4.800427854159946,4.531273117628304
1547,7.735,5.23416179538283,4.811124203749973,4.471869283341091
1548,7.74,5.538592549106803,4.938915195640366,4.557059892131088
1549,7.745,5.90928432119651,5.185507959795377,4.792921544939646
1550,7.75,6.313222156484417,5.529298143100976,5.159809588861302
1551,7.755,6.719301770205917,5.9316765444745805,5.6171592674187645
1552,7.76,7.101716057143268,6.349237933094676,6.115022579839987
1553,7.765000000000001,7.440762809527493,6.744738638912205,6.6054746376710405
1554,7.77,7.722190840516042,7.092441777309805,7.049404844782492
1555,7.775,7.9360342073469,7.378204350301457,7.418913294410273
1556,7.78,8.07547785284044,7.596695227062255,7.697194283952571
1557,7.785,8.13598805393573,7.747722123982182,7.876831575431719
1558,7.79,8.114784440772565,7.832841706887136,7.95699104838862
1559,7.795,8.01068547585894,7.853018061683492,7.9406310333986525
1560,7.8,7.824380721934663,7.807735174674612,7.832782361465021
1561,7.805000000000001,7.55924261254163,7.695433379664443,7.639920083838392
1562,7.81,7.2228640048686525,7.514751873172523,7.369929322965364
1563,7.815,6.829541402535886,7.266129835021465,7.032490826958004
1564,7.82,6.40376356032543,6.953700617426646,6.640090731313548
1565,7.825,5.984064430315266,6.587759610677034,6.2099038943268265
1566,7.83,5.624897512722688,6.188170849594304,5.7666828876220935
1567,7.835,5.391819547662077,5.7886897680934455,5.346517780997568
1568,7.84,5.345455816617706,5.440852048741359,5.0002290296980565
1569,7.845,5.517772963713216,5.2132834409611455,4.792544117871903
1570,7.85,5.896454181613045,5.179242153572612,4.7904967652513495
1571,7.855,6.431293159525758,5.388242969474734,5.037505402996929
1572,7.86,7.056641520106172,5.8342256036136275,5.524615130542324
1573,7.865,7.712146856062616,6.449471911988048,6.185223525823066
1574,7.87,8.352316200930778,7.136156087534301,6.924037350646289
1575,7.875,8.946940976747966,7.807943180507226,7.655503529108085
1576,7.88,9.477661898184254,8.41070826147553,8.323303559499719
1577,7.885,9.934099110959195,8.92119127213503,8.898931341401898
1578,7.890000000000001,10.310806222544704,9.33747803431112,9.372087231820284
1579,7.895,10.605195830093407,9.66959401631549,9.742005087948941
1580,7.9,10.816230683843086,9.931411913972674,10.012124343020737
1581,7.905,10.943642624294336,10.133999205624054,10.187418798101692
1582,7.91,10.987501172212276,10.281971990702237,10.273257858853274
1583,7.915,10.948021792202224,10.373851741260681,10.275040915201922
1584,7.92,10.825560727687357,10.404910930121687,10.19820224564534
1585,7.925,10.620790694860268,10.369961622121624,10.048393332387743
1586,7.930000000000001,10.335096775242896,10.264864047897804,9.831746508626717
1587,7.935,9.971281259994578,10.087008399853428,9.555169759783652
1588,7.94,9.53472111331248,9.835444224587167,9.226652583694788
1589,7.945,9.035165147875832,9.5111570453248,8.855563871360518
1590,7.95,8.489323622499525,9.117791837306562,8.452896802927262
1591,7.955,7.924117436889803,8.663049351947613,8.03148865290293
1592,7.96,7.379600250105424,8.160963667384541,7.6065808540384126
1593,7.965,6.908924116298467,7.635139444081005,7.197475312172735
1594,7.97,6.571196025879949,7.122472874313753,6.830675931072613
1595,7.975,6.41500701587691,6.675426626647932,6.5430402075078895
1596,7.98,6.458711001171611,6.358471482692403,6.380573007967412
1597,7.985,6.681428010792578,6.232985405222248,6.387185033632444
1598,7.99,7.03259347336804,6.330655865002811,6.583027330256544
1599,7.995,7.451739397255318,6.630620879144945,6.945396458124296
1600,8.0,7.8846283772778305,7.062956202589394,7.411728268280207
1601,8.005,8.290022453503779,7.539645146006906,7.905774395115271
1602,8.01,8.639474379158885,7.987091731662989,8.364706894310899
1603,8.015,8.914266021908672,8.359832107356501,8.74969070679441
1604,8.02,9.102046905540313,8.637945795229921,9.042241535380438
1605,8.025,9.19410225916892,8.818826949231928,9.236140005351626
1606,8.03,9.183344997996151,8.908931897123264,9.330738058909228
1607,8.035,9.062842724238973,8.91648811528204,9.326930388086083
1608,8.040000000000001,8.824643005995158,8.845780680914086,9.225160815861225
1609,8.045,8.458674356334,8.69435032846889,9.02457968880348
1610,8.05,7.951503886337868,8.453366407464276,8.72274410391441
1611,8.055,7.284694277804927,8.109483715358534,8.315448459953569
1612,8.06,6.432400023119083,7.646106635659516,7.796250986706429
1613,8.065,5.357659955015591,7.043123366135719,7.1552786640888595
1614,8.07,4.006663842161981,6.275100183549533,6.377073525412889
1615,8.075,2.300940170364067,5.30797015435838,5.437317155286598
1616,8.08,0.1350417243638104,4.093808842721904,4.298005429972722
1617,8.085,-2.5548000482000965,2.5629387466748756,2.9002800914066156
1618,8.09,-5.240803769395665,0.6141028748289523,1.1553125582467323
1619,8.095,-5.534070490342375,-1.881491050954411,-1.052911275166191
1620,8.1,-3.0182645060600253,-4.934843349388641,-3.7392044060910017
1621,8.105,-0.2418875884520644,-7.3743650141882,-5.869174743006177
1622,8.11,2.027352166418148,-4.82171268977387,-3.5497562408083123
1623,8.115,3.819731415255112,0.9515226071229188,1.6663620475997258
1624,8.120000000000001,5.243387616285824,4.183289951334338,4.659702765075371
1625,8.125,6.382051074695351,5.941378014110688,6.354645516238583
1626,8.13,7.29351387143097,7.027085851815132,7.4627410615736665
1627,8.135,8.017504654131729,7.702194111644069,8.247450317232532
1628,8.14,8.581787493386841,7.989796459767335,8.818078704170844
1629,8.145,9.00610211718017,7.946686657009763,9.224243268080796
1630,8.15,9.3046525273345,7.820458382310342,9.491525548800606
1631,8.155,9.487701315184434,7.933971778141949,9.632654379310836
1632,8.16,9.56261910712999,8.292359446801328,9.65356887495007
1633,8.165000000000001,9.534602249047907,8.607335641952961,9.558935572269515
1634,8.17,9.40719419109474,8.794669974660483,9.352890972384797
1635,8.175,9.182706537595385,8.857375596329913,9.03904168930422
1636,8.18,8.862622513365245,8.806838265363698,8.622622957334897
1637,8.185,8.448074886879649,8.651605081539666,8.114487706053612
1638,8.19,7.940524868509465,8.397271358593319,7.531094799998798
1639,8.195,7.342835577345983,8.047548428644337,6.885754519922459
1640,8.2,6.661039222008927,7.605362457878349,6.192070961856345
1641,8.205,5.907220787813476,7.0740823821937635,5.4938774877029655
1642,8.21,5.103957659573211,6.4592007377935845,4.878214572608631
1643,8.215,4.2902486895741365,5.770921509164704,4.405794232590547
1644,8.22,3.5269236286275647,5.0282246636176176,4.051151773129487
1645,8.225,2.895390677240515,4.264854825613351,3.7556031676733115
1646,8.23,2.4803376029355766,3.5365963278137325,3.5289578221648847
1647,8.235,2.335428449892452,2.9257114267919886,3.4021688303004556
1648,8.24,2.454262511562291,2.531986715903621,3.3638893286823626
1649,8.245000000000001,2.775062201979724,2.4377037904649557,3.4119170252951694
1650,8.25,3.214177871304658,2.6550275765933895,3.6035694241213383
1651,8.255,3.697578387306143,3.1034409527884526,3.979817514068243
1652,8.26,4.173786586441224,3.6524134315822314,4.435160299243926
1653,8.265,4.612898676552071,4.188263557537352,4.8573385579692445
1654,8.27,5.000846824014664,4.646001771300097,5.202217085814028
1655,8.275,5.333895871734712,5.004079542187833,5.468714269837432
1656,8.28,5.614705805273156,5.268824930674171,5.670859510703398
1657,8.285,5.849786478885251,5.462000358956594,5.813079437217753
1658,8.290000000000001,6.047848623848273,5.61103726849054,5.904291124669916
1659,8.295,6.218627568908045,5.740240659555816,5.9674535800630935
1660,8.3,6.371907417937885,5.865197728048357,6.009071184777694
1661,8.305,6.516619030673469,5.992907633706543,6.0160727433509145
1662,8.31,6.660008458667331,6.125737041105099,5.995590158049322
1663,8.315,6.806961000291527,6.264926640470091,5.986133449169893
1664,8.32,6.959600564158296,6.411708519825372,6.017238356538749
1665,8.325,7.117253364417603,6.566765666769646,6.10173918872984
1666,8.33,7.276783714552314,6.729313548579851,6.246658528055342
1667,8.335,7.433218332757068,6.896560939638864,6.4334999927452845
1668,8.34,7.580518129058245,7.063773837949951,6.609803186617312
1669,8.345,7.71235387994331,7.224846634646928,6.758536610173562
1670,8.35,7.822784346455394,7.373137167410173,6.921206480788362
1671,8.355,7.906794579783667,7.502306731187918,7.101631321663637
1672,8.36,7.960702852569403,7.606982764113525,7.2815514803537145
1673,8.365,7.98247398028257,7.683175677960186,7.448867646216875
1674,8.370000000000001,7.971983385831201,7.7284807455253475,7.589729515687559
1675,8.375,7.931263699034849,7.7421532622959965,7.690413163216828
1676,8.38,7.864736981254935,7.725156788519295,7.740927800956216
1677,8.385,7.779391735830839,7.680259689631974,7.737584825199282
1678,8.39,7.684806830782351,7.612206756423021,7.683939655931967
1679,8.395,7.592865904842969,7.527930081310745,7.589768499456604
1680,8.4,7.516977477261642,7.436692542407391,7.469186108427834
1681,8.405,7.470672070498851,7.349985160223889,7.3391304234354475
1682,8.41,7.465637940113565,7.280946896343218,7.218151368920748
1683,8.415000000000001,7.509559679735212,7.243091680293388,7.124788888951322
1684,8.42,7.604385947900756,7.248286622919493,7.075283040240423
1685,8.425,7.745647208811063,7.3042683801007975,7.0809986953781365
1686,8.43,7.923077931494978,7.412408905198078,7.1462646034974835
1687,8.435,8.122264185393625,7.566650212139171,7.267381324597743
1688,8.44,8.326682586032527,7.754214410807933,7.433364729601973
1689,8.445,8.519503774441686,7.957913670664027,7.628325854582414
1690,8.45,8.684800265388745,8.15914691831453,7.834455485035959
1691,8.455,8.808097539236638,8.34049484269491,8.034295738935567
1692,8.46,8.876390402456405,8.487230777974057,8.211709288452484
1693,8.465,8.877795873703722,8.587645813004618,8.351876677341414
1694,8.47,8.80097930645536,8.63247799874766,8.440995413134198
1695,8.475,8.634423883239897,8.6138585772664,8.466226256134515
1696,8.48,8.365541524300808,8.524134884472327,8.416011670458252
1697,8.485,7.979547159230739,8.35479263721637,8.280272717214704
1698,8.49,7.4579196419561,8.095530343234747,8.049822252325892
1699,8.495000000000001,6.776108045465991,7.733373098735742,7.714974758260488
1700,8.5,5.899815998118693,7.251578079464382,7.263794846671878
1701,8.505,4.778475436884096,6.627961956427444,6.680029880476331
1702,8.51,3.332771180391732,5.832085100850889,5.94018228915567
1703,8.515,1.4284233438653728,4.820277441046324,5.00871631834246
1704,8.52,-1.1847216031625742,3.5263890446656396,3.829469002726915
1705,8.525,-5.014385388274604,1.843340287898045,2.3088479480778896
1706,8.53,-10.508961801642451,-0.41714341310822345,0.2795420407849267
1707,8.535,-9.605878442813513,-3.6213056086280204,-2.586229994821027
1708,8.540000000000001,-4.079757609620235,-8.538787701158032,-6.978437390849329
1709,8.545,-0.3031049880897169,-15.52673444852669,-13.22561605696738
1710,8.55,2.353188278249191,-7.3521699714452335,-6.006576318162537
1711,8.555,4.346303459994403,3.413332966291695,3.5932712122361785
1712,8.56,5.9023694980828605,5.616546082500193,5.647764665715479
1713,8.565,7.144002435586048,7.113861635327208,7.0804537144237525
1714,8.57,8.143815701931032,8.066226666273364,8.042527830810121
1715,8.575000000000001,8.947709633737102,8.753961631692903,8.799043489929897
1716,8.58,9.586041436107692,8.896828447910314,9.395981651360922
1717,8.585,10.079453346399792,8.553519177422508,9.859105514871672
1718,8.59,10.44212052595794,8.12694300894459,10.199979583755564
1719,8.595,10.683649824286492,8.447416404498165,10.419030999204523
1720,8.6,10.810222230111457,9.182384391867522,10.511878948141682
1721,8.605,10.825282994063535,9.650342922251763,10.478846494393963
1722,8.61,10.729943672605827,9.918668216549296,10.31970488834121
1723,8.615,10.523190039416583,10.034928562497718,10.033068884488035
1724,8.620000000000001,10.201956573901112,10.02096676731232,9.61819659225728
1725,8.625,9.761122155810018,9.886478547269292,9.086671418356307
1726,8.63,9.193510026815696,9.634565726481023,8.461216499921893
1727,8.635,8.490071948811474,9.264031438289685,7.743438312854286
1728,8.64,7.640695454296422,8.770401984265952,6.916241117573099
1729,8.645,6.636733283354753,8.146504347929536,6.029077167281894
1730,8.65,5.477979676833026,7.383168158374746,5.257259464219954
1731,8.655,4.190407146740158,6.470887886144117,4.682104460854155
1732,8.66,2.8659703707337063,5.404293920046142,4.183656267510839
1733,8.665000000000001,1.725862016013422,4.193883920981289,3.5776023595962703
1734,8.67,1.1239594413040992,2.8950751373458994,2.9656312389853063
1735,8.675,1.307136258012163,1.6709642661272022,2.4318033234334773
1736,8.68,2.1314841128845647,0.8789622403701403,2.11107519345083
1737,8.685,3.235969653434032,1.0066790868188495,2.2526562066785845
1738,8.69,4.350194648021798,2.1681946341773215,3.1621002599917585
1739,8.695,5.348378537283256,3.775465160785902,4.557572973485581
1740,8.700000000000001,6.188376166539131,5.208144207435074,5.795762426186713
1741,8.705,6.863173333279269,6.270370322625805,6.6765986721338875
1742,8.71,7.377741132949085,6.984542250463065,7.258848722984123
1743,8.715,7.739615667078495,7.408775250046432,7.6366071439874394
1744,8.72,7.955324293789397,7.602483544822179,7.878361418943307
1745,8.725,8.029097414161468,7.640169870435415,7.981478472558345
1746,8.73,7.962412110817199,7.603674822810874,7.957101030181082
1747,8.735,7.753793924395178,7.5416377072087215,7.855226905453347
1748,8.74,7.39867106168595,7.442617047459389,7.657887364082223
1749,8.745000000000001,6.889270880078659,7.2642564513314225,7.297480899581968
1750,8.75,6.21476558554606,6.9708060356450225,6.769472440531583
1751,8.755,5.362350249224358,6.539520076446758,6.148587072304215
1752,8.76,4.32121431534871,5.954001017984615,5.4409918678289575
1753,8.765,3.094821005242564,5.199330583878116,4.647968620711024
1754,8.77,1.7350566058172854,4.261623099799964,3.775196894123372
1755,8.775,0.4206526908727004,3.1340461843639424,2.805390726961994
1756,8.78,-0.4503185187541392,1.8374939093190688,1.6154902714504686
1757,8.785,-0.4216973950494825,0.47760618716715264,0.3312947641181996
1758,8.790000000000001,0.4997046094847909,-0.6307173692818564,-0.619082880385891
1759,8.795,1.8540114684111964,-0.8591576211632592,-0.6978723890464833
1760,8.8,3.248584955505857,0.29497650248896434,0.5110664289830247
1761,8.805,4.509307783046384,2.301130404701719,2.5304070163178825
1762,8.81,5.586632930676841,4.183239024858409,4.468248766808294
1763,8.815,6.4783339990706885,5.5898740125435715,5.981945892197231
1764,8.82,7.196115472043551,6.564151016323827,7.0876071567149594
1765,8.825000000000001,7.753661131673697,7.19593549644665,7.8654912255045435
1766,8.83,8.162807349745805,7.554576766328481,8.390363554933694
1767,8.835,8.432547476747533,7.719126946493323,8.716436032289815
1768,8.84,8.568950392320211,7.793041849193138,8.875607480427735
1769,8.845,8.57531973296761,7.86143610998192,8.886766773523313
1770,8.85,8.452371281474045,7.9325510708428295,8.763514628976846
1771,8.855,8.198381499994987,7.95565238256506,8.516102308201395
1772,8.86,7.809357615658321,7.885161122054225,8.150935541487852
1773,8.865,7.279399264543468,7.697833332386747,7.671491659925723
1774,8.870000000000001,6.601671519698067,7.382418145754328,7.08066917127558
1775,8.875,5.770999170695411,6.931312497133944,6.381190675386866
1776,8.88,4.790467528596385,6.337418783434264,5.57519580116189
1777,8.885,3.687257322877318,5.5944166394792285,4.668270780325151
1778,8.89,2.546411606921424,4.700616025002679,3.6788381519943276
1779,8.895,1.5624674848113684,3.6696278407565397,2.6488908244798615
1780,8.9,1.044960277717796,2.555810217514861,1.656186433344418
1781,8.905,1.2340307775649848,1.506591133639938,0.8416714611275147
1782,8.91,2.047701461466908,0.8317012546633284,0.46048526862604167
1783,8.915000000000001,3.177319053353604,0.9563097363552,0.8515253498403634
1784,8.92,4.358883294012014,2.0300681949280484,2.1098293631771177
1785,8.925,5.455605019738982,3.6026390300166025,3.8022319540512552
1786,8.93,6.415684941797563,5.097621150941669,5.385568667420378
1787,8.935,7.226859399171653,6.277502953824243,6.6327356831338555
1788,8.94,7.892114391136387,7.133762951485592,7.549678582180519
1789,8.945,8.419066127118532,7.714347057325563,8.205826558939057
1790,8.950000000000001,8.81570123672348,8.075023006290039,8.657692387345213
1791,8.955,9.08878527280424,8.284876458236255,8.941585438520587
1792,8.96,9.24333473667028,8.420989083765145,9.083688172478052
1793,8.965,9.282484076825464,8.535412756300612,9.103799948959647
1794,8.97,9.207472591938377,8.628809938883894,9.01506250651229
1795,8.975,9.017640860957224,8.669746634047028,8.824676268145108
1796,8.98,8.710399993158612,8.628874150177266,8.537376977608783
1797,8.985,8.281182100481262,8.488999564414163,8.156828657978647
1798,8.99,7.7234362226687905,8.240633340240482,7.6839621159335145
1799,8.995000000000001,7.028850462771769,7.876994233508126,7.119257010776744
1800,9.0,6.1882637578979125,7.391288832037784,6.468558872289509
1801,9.005,5.194433170162856,6.775591864412279,5.744026411782947
1802,9.01,4.049525476250885,6.020841882212425,4.959852489529066
1803,9.015,2.783860044044138,5.1183125190618295,4.129112826001485
1804,9.02,1.4969875312887613,4.0642853892314985,3.259474697796456
1805,9.025,0.4193207881098037,2.872497143002521,2.352865189103547
1806,9.03,-0.0967509186210046,1.6046558132346291,1.4343730352236252
1807,9.035,0.172201021843436,0.43468974784496694,0.6277759944497641
1808,9.04,1.0636766688089818,-0.26944850724470193,0.23684577517113325
1809,9.045,2.2242623961947934,-0.03375406328591435,0.6601302088930163
1810,9.05,3.398679262394178,1.2083010384312227,1.9379271576791206
1811,9.055,4.471288927964648,2.8551927794520515,3.5313814101462526
1812,9.06,5.406069002809199,4.3224664346681845,4.932629384185632
1813,9.065,6.20079447527109,5.438238756796969,6.00703568386606
1814,9.07,6.865364450759198,6.230853016329268,6.796669770167356
1815,9.075,7.41307047139022,6.760964317829082,7.368174617883886
1816,9.08,7.857407745323567,7.092515479972954,7.7754184041125285
1817,9.085,8.211084772636978,7.305831553134228,8.056825368987948
1818,9.09,8.485856579511664,7.487506409853273,8.238221501972042
1819,9.095,8.692625779328552,7.690001609375361,8.33671808115935
1820,9.1,8.841582555423104,7.908768696988991,8.364908068143585
1821,9.105,8.942284958272236,8.113535101177286,8.33287656857422
1822,9.11,9.003635894984793,8.283703660036808,8.248964751323067
1823,9.115,9.033742565713895,8.413569291821336,8.122868755836894
1824,9.12,9.0396680931932,8.505801668833458,7.969372321828047
1825,9.125,9.027109803685232,8.566280795365062,7.80780148003106
1826,9.13,9.000061489525779,8.60143192087774,7.657899028545217
1827,9.135,8.960530233048408,8.616884656289319,7.537377528121073
1828,9.14,8.90837385216475,8.61671633148961,7.462037722803182
1829,9.145,8.841300152286207,8.602998894351973,7.445129133016687
1830,9.15,8.75503054699179,8.575583150426297,7.493308615373431
1831,9.155,8.643592111418931,8.532116856322723,7.6009347119665716
1832,9.16,8.499677992832652,8.4682794285339,7.747258598788386
1833,9.165,8.31501396361176,8.378175062102425,7.900687262685837
1834,9.17,8.080687852348374,8.254793408040175,8.024597468927377
1835,9.175,7.787433181161757,8.090443066256988,8.079540252735143
1836,9.18,7.425905670729036,7.877090613153989,8.031497826363928
1837,9.185,6.987058162831778,7.606586475703888,7.864710290760238
1838,9.19,6.462829640787119,7.27081683400713,7.583043444028688
1839,9.195,5.847566932107799,6.861885516522879,7.195286298253915
1840,9.2,5.140974634078576,6.372516822394046,6.7057916015696915
1841,9.205,4.354009133705069,5.797020189376226,6.118203243940259
1842,9.21,3.519748266039048,5.133447933874128,5.440333854356684
1843,9.215,2.710119189479884,4.388123165917583,4.687095191128891
1844,9.22,2.050809083834688,3.584570680091794,3.8864595261407406
1845,9.225,1.7055107702919088,2.7794555692461302,3.0937309889469655
1846,9.23,1.7966992918470948,2.0850409121550078,2.4128894661157796
1847,9.235,2.3116559857525862,1.6811526321070933,2.0069245204714927
1848,9.24,3.1121154843509515,1.7651460176182914,2.0531871041105725
1849,9.245,4.033697416443738,2.4036100249047023,2.614462797886861
1850,9.25,4.955675753492074,3.4233965630843954,3.544229033755432
1851,9.255,5.809433672941763,4.535264917958919,4.593599219757441
1852,9.26,6.561951264194088,5.5336054314451,5.584394420303071
1853,9.265,7.199659388569078,6.339284525310871,6.445045975790847
1854,9.27,7.718272788082404,6.945681654821508,7.159866154212529
1855,9.275,8.11727585581953,7.376606727090291,7.728396870667004
1856,9.28,8.397084047090491,7.670568173035588,8.153741089509126
1857,9.285,8.557572193514826,7.870496873438986,8.443425221365121
1858,9.29,8.59724484508278,8.007952395102633,8.605795682223224
1859,9.295,8.512663433852582,8.090597982395881,8.645462313505174
1860,9.3,8.297917991675464,8.10551839783667,8.563953308378997
1861,9.305,7.944014428110089,8.032605855428237,8.361393381394311
1862,9.31,7.438096166660776,7.8532801424970184,8.036909448867021
1863,9.315,6.762490625942183,7.55151028202221,7.588610819889071
1864,9.32,5.893806353458438,7.111566375917926,7.013279737060115
1865,9.325,4.803168495849582,6.515445151326909,6.305622972481492
1866,9.33,3.461834604930546,5.740727439183084,5.4572991178303125
1867,9.335,1.867764881131622,4.7592350439519056,4.456112267357307
1868,9.34,0.1435976166510219,3.538294797149236,3.286133200987774
1869,9.345,-1.2143340923358157,2.052067857914231,1.9342730412559028
1870,9.35,-1.302162122283371,0.3304548901479514,0.42905589502212305
1871,9.355,0.0419359434388717,-1.3671582529213344,-1.0067593897260858
1872,9.36,1.951579139432893,-2.144321381905139,-1.5900448296853833
1873,9.365,3.804635005397369,-0.6745616529520202,-0.153661672648286
1874,9.37,5.418827469890033,2.3716501640328387,2.6995786667381956
1875,9.375,6.780825893120218,4.9878340931688046,5.175738869622208
1876,9.38,7.917731744687555,6.768999141936545,6.90328681556534
1877,9.385,8.860201512028581,7.970383491572655,8.113558284413429
1878,9.39,9.634041549300598,8.769890625216647,8.989201396441175
1879,9.395,10.25930589855714,9.249476918502328,9.634087878759374
1880,9.4,10.75109218466461,9.493102847515335,10.104530143917398
1881,9.405,11.120514336955008,9.648061989657672,10.432498637436453
1882,9.41,11.375497892974597,9.865442484692473,10.636701230197753
1883,9.415,11.521352514949024,10.16717107534403,10.728053425642369
1884,9.42,11.561147070162324,10.455366032038405,10.713326889546334
1885,9.425,11.495917815497386,10.661027035720238,10.597146751681544
1886,9.43,11.324728220947634,10.763160093585817,10.383042257402597
1887,9.435,11.0445821766953,10.758406229152062,10.07490473259581
1888,9.44,10.65017202932513,10.646739558955865,9.679235080694976
1889,9.445,10.133415905067617,10.427180828267062,9.20573218885172
1890,9.45,9.482698337953211,10.096535131546826,8.664931946048533
1891,9.455,8.681662247116812,9.648804798593659,8.069375278217592
1892,9.46,7.707287977943124,9.074560981428679,7.440606539925657
1893,9.465,6.526805554731264,8.359975727766882,6.804856445678421
1894,9.47,5.092708385708098,7.485255079949715,6.1628376044904485
1895,9.475,3.335036450424291,6.422090927672904,5.4653949100406205
1896,9.48,1.1525664715595243,5.129492534080942,4.627910175592304
1897,9.485,-1.5721625900433391,3.5469990119190338,3.555141698669825
1898,9.49,-4.73310576278302,1.5843825862489398,2.1235347227954278
1899,9.495,-6.724384692504932,-0.8878013086448098,0.16145113362876806
1900,9.5,-5.225316987003565,-3.996878047083179,-2.4836358349422456
1901,9.505,-2.495763302989581,-7.386919083621525,-5.483536390752127
1902,9.51,-0.1950373714161908,-7.836864252473044,-5.9289425873465
1903,9.515,1.5556606647757325,-2.3013978174661904,-1.0688793507987402
1904,9.52,2.87128593387267,1.9703711900595113,2.689343659623493
1905,9.525,3.8519530738001935,3.9508369846822053,4.427704745940649
1906,9.53,4.566578722957743,5.0228384653462745,5.381063552153187
1907,9.535,5.061800374728144,5.597289036787935,5.942379392279797
1908,9.54,5.370074902363476,5.779744559342277,6.275461915094457
1909,9.545,5.515263221123417,5.555805356899556,6.445649443258298
1910,9.55,5.516668207526324,5.10833331880998,6.485571772148736
1911,9.555,5.392477564971097,4.756858663764138,6.406279766277704
1912,9.56,5.163345649835778,4.730227242367089,6.205224838342195
1913,9.565,4.856605157411778,4.760623710209093,5.887272699064513
1914,9.57,4.511040034660842,4.675503153452399,5.473727501431489
1915,9.575,4.180729536875333,4.479500972097587,4.992353835862561
1916,9.58,3.9339201056307767,4.215312213796914,4.475886036507389
1917,9.585,3.841159015296088,3.941054196648954,3.969046388299453
1918,9.59,3.951840169676093,3.730668460620447,3.5293947243023776
1919,9.595,4.271871682199705,3.667780854532813,3.2179626047001975
1920,9.6,4.761484638814403,3.8226526727438244,3.0953436332546413
1921,9.605,5.355359443809177,4.21670965123693,3.2169215247801572
1922,9.61,5.987389499046618,4.802301579626108,3.620913447612824
1923,9.615,6.605035170582178,5.483658827599068,4.308309255150606
1924,9.62,7.172199348965637,6.162990387200646,5.193694379881715
1925,9.625,7.666237024457882,6.7723222979787865,6.1359490802767045
1926,9.63,8.073678984368417,7.278228276476475,7.033159317127186
1927,9.635,8.386624293357173,7.672822727352516,7.855180601265753
1928,9.64,8.600183678230724,7.96333966525418,8.508824415866648
1929,9.645,8.7107887583014,8.163274237804593,8.897309257501405
1930,9.65,8.715085875469214,8.284753399457689,8.996437422733212
1931,9.655,8.60918448977628,8.333282313202329,8.929649421704887
1932,9.66,8.38810361059523,8.306589683829891,8.75025864316624
1933,9.665,8.045325239209829,8.196927843279823,8.439007601753135
1934,9.67,7.572430000696098,7.994082793343733,8.000708865925983
1935,9.675,6.958893064897724,7.68710292403226,7.454500484967937
1936,9.68,6.192347169845397,7.2646033004669395,6.820648834097481
1937,9.685,5.260204707555413,6.714365774065264,6.101633101481232
1938,9.69,4.155073694552273,6.022973632722108,5.287121190858548
1939,9.695,2.890288290928015,5.17627432782485,4.381301249796967
1940,9.7,1.5395799120744755,4.162237730943099,3.387443658835306
1941,9.705,0.3154246661710932,2.980253979906169,2.288114265650547
1942,9.71,-0.3800303888509674,1.66723470946016,1.098158818545011
1943,9.715,-0.1918041490097405,0.3625200398408186,-0.04494706780698632
1944,9.72,0.7655504883512159,-0.573978988468113,-0.7978933737740252
1945,9.725,2.0606647948424857,-0.5439920917073646,-0.6304483620945875
1946,9.73,3.3681187933024863,0.7388734502752081,0.7122379225295035
1947,9.735,4.546699669761446,2.629376961803046,2.640781122300398
1948,9.74,5.555994562442381,4.327195529463006,4.396459101010654
1949,9.745,6.394774548742019,5.592877664542412,5.71149745787452
1950,9.75,7.074018699552196,6.471542911033882,6.665125628169848
1951,9.755,7.606944173944539,7.03954340211785,7.366378807130809
1952,9.76,8.005737789214434,7.363219205861075,7.8660753588872785
1953,9.765,8.280761058214349,7.524489122868122,8.200697675635773
1954,9.77,8.440649681694698,7.621981917005739,8.396596645093409
1955,9.775,8.492750365416907,7.724929485660365,8.46958709659113
1956,9.78,8.443730142421352,7.8308174533606945,8.430040510958372
1957,9.785,8.300354388242956,7.896303718170229,8.285918023010499
1958,9.79,8.070505608747764,7.888987099255495,8.044659206112483
1959,9.795,7.764549867932278,7.79710408184137,7.714878403854605
1960,9.8,7.397138557775356,7.621247104440046,7.308334872659504
1961,9.805,6.989389336446156,7.368794850845901,6.841776908803574
1962,9.81,6.570986519265835,7.052582644638129,6.3380934533940225
1963,9.815,6.180958505466416,6.691938293950526,5.828055982113689
1964,9.82,5.864969467105211,6.314735296316598,5.354406639790041
1965,9.825,5.667097023569603,5.959098198375267,4.974273427537943
1966,9.83,5.617070518582893,5.672506656072309,4.750404870585479
1967,9.835,5.719132268752981,5.505121239888048,4.730677572371075
1968,9.84,5.950244770210028,5.495520522277639,4.930621582239858
1969,9.845,6.269033817316698,5.65319378876332,5.328391962638011
1970,9.85,6.628913672148316,5.949666765119789,5.866466088853804
1971,9.855,6.988024298482377,6.327695814821334,6.458440656515082
1972,9.86,7.313471350360232,6.722990417702344,7.013652049060461
1973,9.865,7.581341448612661,7.083093306370907,7.469907238387897
1974,9.87,7.774811409612497,7.374780772118742,7.806210720971576
1975,9.875,7.88189050149337,7.582312104451242,8.023511917603086
1976,9.88,7.893450600759185,7.701990558738034,8.124192669341198
1977,9.885,7.80168388546299,7.736185143816288,8.11122211720311
1978,9.89,7.598918164927644,7.687997412986311,7.990658820535867
1979,9.895,7.276668569954305,7.557449650800006,7.769271753599454
1980,9.9,6.824819267136185,7.33988533425585,7.4509136845068875
1981,9.905,6.230880821819755,7.026309216020572,7.035542259614443
1982,9.91,5.479387410958307,6.60448635989637,6.520775799258691
1983,9.915,4.5518165017579735,6.059705817984733,5.901174977941105
1984,9.92,3.4283508201389017,5.374869210641988,5.166145036021846
1985,9.925,2.095629203892323,4.530258931957328,4.302429713760897
1986,9.93,0.5727847550670345,3.503981817356175,3.2991906272957414
1987,9.935,-1.014131548506929,2.2755877540988756,2.149998979172812
1988,9.94,-2.2880974497600737,0.8400790359365429,0.8593175910732294
1989,9.945,-2.640019026215888,-0.7467806567999595,-0.5210208220584187
1990,9.95,-1.8701146599593843,-2.2431524524693236,-1.782278036983847
1991,9.955,-0.4930192316313387,-3.005353684783941,-2.3658617702232974
1992,9.96,0.9616004129113362,-2.1882172492879457,-1.532348417298639
1993,9.965,2.2615478823542343,-0.05904139992173363,0.4805408640433395
1994,9.97,3.34681803617614,2.0681056966578684,2.5082086760272264
1995,9.975,4.217491342863216,3.6120045939509957,4.031297669917428
1996,9.98,4.888758903061895,4.631693076781413,5.102040035562433
1997,9.985,5.376345785884007,5.253706441952288,5.842882334307562
1998,9.99,5.692327870778055,5.557970720362826,6.337515197809715
1999,9.995,5.844134540439841,5.6189541596564005,6.633947366691482
2000,10.0,5.834328477612757,5.546879749578839,6.758265680046293
2001,10.005,5.6603214166202775,5.453444683568073,6.723376989528482
2002,10.01,5.313638064430176,5.368146022846763,6.533915747167239
2003,10.015,4.778370396956229,5.227097426688262,6.189106550226997
2004,10.02,4.028224056398179,4.96058708195725,5.683765008687286
2005,10.025,3.020907728066878,4.5263225999395615,5.007966280429432
2006,10.03,1.6869539502915103,3.8928545310853497,4.145913558020975
2007,10.035,-0.0946728279496809,3.0227777476991706,3.0731167758381774
2008,10.04,-2.557776413618332,1.8594520054699855,1.7490707803413859
2009,10.045,-6.238600410230202,0.30853620971899254,0.1013330686656051
2010,10.05,-12.755412884161558,-1.8004398820301732,-2.0067443606978053
2011,10.055,-17.676938668835277,-4.813622563938857,-4.860190093431321
2012,10.06,-8.685891339315464,-9.577487630643548,-9.184920600559742
2013,10.065,-3.9599214140429337,-18.843462753357827,-17.41953551931021
2014,10.07,-0.9723616772171226,-21.613037604427674,-19.815256699205015
2015,10.075,1.1436127649820382,2.7798480312579485,2.031271201946518
2016,10.08,2.724503205324402,3.148756001167045,2.709045760271196
2017,10.085,3.9331792424069434,4.707371212795194,4.42075736093039
2018,10.09,4.859744446338037,5.492220896383573,5.399492086925403
2019,10.095,5.55840588396789,6.1256767709814515,6.15639343126658
2020,10.1,6.063499576056001,6.378919771450377,6.675560781227834
2021,10.105,6.397369803285061,5.75364934477421,7.007659224961815
2022,10.11,6.574648153606503,4.894561947999323,7.178122667163205
2023,10.115,6.604837448840831,4.473465669583384,7.195535454055091
2024,10.12,6.494152537354797,5.40700907953802,7.0553680417924625
2025,10.125,6.247252843136543,5.780628065438085,6.763560135496417
2026,10.13,5.869513740821834,5.866682017124361,6.329571657039645
2027,10.135,5.370760269426679,5.756982849062767,5.752978861444576
2028,10.14,4.771887172322487,5.487639389837492,5.034990884355842
2029,10.145,4.116077066076553,5.080148800780251,4.185937953602962
2030,10.15,3.4843437235070835,4.55726091126867,3.2494938235123927
2031,10.155,3.0056274896265256,3.956319399602014,2.271798814545711
2032,10.16,2.8334887023421573,3.3466746771790987,1.2832606267255686
2033,10.165,3.068468483228501,2.849998644960022,0.3989584594315918
2034,10.17,3.68355548636605,2.6439019616993362,-0.027397304757090346
2035,10.175,4.546954607784625,2.901736526763554,0.4181321468289916
2036,10.18,5.51099312817306,3.6561090521807578,1.665100195558138
2037,10.185,6.468671475977249,4.72884717673806,3.2854204215911
2038,10.19,7.359114986815511,5.861032782250649,4.922901155903577
2039,10.195,8.153089265770424,6.876794788676761,6.650527754691742
2040,10.2,8.838990347383593,7.709647887896514,8.036539188105174
2041,10.205,9.41389570593685,8.35596020432002,8.930431596307997
2042,10.21,9.87863143756142,8.840097394220276,9.20568772669478
2043,10.215,10.235212211999546,9.200104437569316,9.542363445866824
2044,10.22,10.485534128987624,9.476746781561634,9.796472052745564
2045,10.225,10.63068716291298,9.698717017683752,9.836375954295066
2046,10.23,10.67054760677276,9.872950890826704,9.746451124328498
2047,10.235,10.603464519487888,9.989261946607293,9.552597760547323
2048,10.24,10.425925640652787,10.032298414452248,9.320263396599081
2049,10.245,10.13211134595432,9.988814434174245,9.028353898874336
2050,10.25,9.713233365037668,9.848567926215448,8.627462153837586
2051,10.255,9.156504867463296,9.602611546942851,8.18311171825067
2052,10.26,8.44347585827229,9.241313862236437,7.731380877291356
2053,10.265,7.547226542401203,8.752565521905554,7.166034439057933
2054,10.27,6.427368490967344,8.119883127153596,6.433342770949196
2055,10.275,5.020469013589304,7.319866961413872,5.612447538090489
2056,10.28,3.2198091767831705,6.318146626237489,4.771551170686304
2057,10.285,0.8262365743567722,5.062145264720234,3.7967769064800363
2058,10.29,-2.598826400046948,3.4668672169866905,2.6708957081817433
2059,10.295,-8.356885302959343,1.3837443209942522,1.2100226821229576
2060,10.3,-19.873896832495404,-1.4784649333361122,-0.962554106583493
2061,10.305,-8.559147739752756,-5.803305723052473,-4.719611766836344
2062,10.31,-2.8784240511351595,-13.79519797568191,-11.735508258358399
2063,10.315,0.4450564622205766,-31.10131949345881,-27.06862259350654
2064,10.32,2.731542264311509,5.385641127680102,5.291541055715083
2065,10.325,4.42447077970197,5.049811979456956,5.125037103070209
2066,10.33,5.7252251540274814,6.649797944632273,6.623432999400519
2067,10.335,6.742087504482282,7.393567208474186,7.3391860876529655
2068,10.34,7.539939221911196,8.0367531949295,7.9594282734822706
2069,10.345,8.160733048372963,8.603063413870311,8.44156567307266
2070,10.35,8.633209255922086,7.998844752209884,8.81270967095379
2071,10.355,8.978013333394308,7.127178546727986,9.081216826867358
2072,10.36,9.210624827465365,6.141282720225845,9.257000562089296
2073,10.365,9.34315854989229,7.477996495470948,9.327080207096607
2074,10.37,9.385549827265136,8.136610802131248,9.286709276566743
2075,10.375,9.346387896567624,8.479443990733003,9.14326239420794
2076,10.38,9.233539093782152,8.65214802858793,8.894675526388106
2077,10.385,9.054633747687802,8.705994626956311,8.545250976059345
2078,10.39,8.81744679956064,8.666652731895002,8.092858200660336
2079,10.395,8.530167796986694,8.55039620565804,7.574049641539501
2080,10.4,8.201525529169556,8.369586321622776,7.031558105129596
2081,10.405,7.840707768223653,8.13498033413504,6.437627852994206
2082,10.41,7.457006407384035,7.856805562110324,5.741796345041319
2083,10.415,7.059137852337454,7.545184391411176,5.085059491917747
2084,10.42,6.654251279352269,7.210077576923401,4.877933458235955
2085,10.425,6.246739284432118,6.860778464080303,5.073562162296333
2086,10.43,5.83706938015351,6.504987372939558,5.415698255228105
2087,10.435,5.42089556512316,6.147580878687923,5.552508682489379
2088,10.44,4.988633070137391,5.7893222105089945,6.048917654248733
2089,10.445,4.525495066690363,5.425855135735913,6.348452817970778
2090,10.45,4.01177698038834,5.047285458084465,6.418852723086448
2091,10.455,3.423025101821882,4.638439819374057,5.668040952463377
2092,10.46,2.729677148118386,4.179578915967108,5.12918832882527
2093,10.465,1.8957811450802051,3.6470909387603765,4.6370249674016035
2094,10.47,0.8764688985114432,3.013613100882292,3.9072069772667826
2095,10.475,-0.3857535622084432,2.247101645801887,3.027391582224676
2096,10.48,-1.9634359484627948,1.30848848892018,1.9619852718251232
2097,10.485,-3.9291111331221247,0.14772099823214813,0.7582119748715579
2098,10.49,-6.232628044168868,-1.3012631142824445,-0.6450929765099636
2099,10.495,-8.136717107795485,-3.1215067121771423,-2.4233874446217545
2100,10.5,-7.816796564462739,-5.378962238268539,-4.574703135791717
2101,10.505,-5.482476691502684,-7.884500817905067,-6.834398304497938
2102,10.51,-2.922005005660697,-9.158969270664892,-8.010045926759577
2103,10.515,-0.7369297144994842,-6.22869687120804,-5.545405493429827
2104,10.52,1.0490980383637725,-1.5462659618229395,-1.5267533923090069
2105,10.525,2.504480726960724,1.3744547608241806,1.1173551122799572
2106,10.53,3.6919075513130233,3.126992711219329,2.760741690339222
2107,10.535,4.657545904903389,4.2652798921983255,4.0303075079753885
2108,10.54,5.43395960477694,4.995520515777223,5.081681581997101
2109,10.545,6.043863401394125,5.355453195244558,6.04998784017622
2110,10.55,6.502892003703438,5.4370817475993345,6.45781422515082
2111,10.555,6.821435817906865,5.465621453583689,6.775365878793345
2112,10.56,7.005813050300826,5.679821936030425,7.060093424459797
2113,10.565,7.058996159697014,6.032384871930111,7.157626831812922
2114,10.57,6.981046336742275,6.318991191054778,7.123453492355063
2115,10.575,6.769378206404188,6.470184855440582,6.954197622139761
2116,10.58,6.418995576894558,6.479002485605232,6.646941081775156
2117,10.585,5.922947537328324,6.347304308486158,6.2013690420519385
2118,10.59,5.273561126523619,6.074871091323306,5.621935274026773
2119,10.595,4.465784048245255,5.658231342704031,4.916219006827207
2120,10.6,3.5058166400298068,5.0915472700058695,4.089619209906911
2121,10.605,2.4319270302219627,4.369003782239246,3.1537606234340716
2122,10.61,1.3576245637100692,3.49063016601207,2.153592647516266
2123,10.615,0.5277954494353098,2.4766517913583375,1.1769723607523424
2124,10.62,0.2826940749584596,1.4011326555577504,0.3229797844956579
2125,10.625,0.7919540733142388,0.4583008924321579,-0.27492016707385236
2126,10.63,1.857708594150732,0.03059720468597593,-0.34281623695113783
2127,10.635,3.141147136165545,0.5504104110812991,0.4729041079930534
2128,10.64,4.410857852337074,1.9851462016698012,2.0983460507663154
2129,10.645,5.562979781426648,3.7180055870961066,3.907868846612069
2130,10.65,6.564034227617172,5.233647503983749,5.395002770684537
2131,10.655,7.410040558861577,6.396379915035409,6.491460726793415
2132,10.66,8.10721300814721,7.236184796419716,7.304172127252664
2133,10.665,8.664034630735184,7.808574618758808,7.891948108673027
2134,10.67,9.088223827060574,8.17434819377171,8.290166838337731
2135,10.675,9.38564861073618,8.409990125637147,8.536247570036466
2136,10.68,9.559960464125124,8.592573987995431,8.662177745567309
2137,10.685,9.61243848809648,8.760080885852892,8.686574029267378
2138,10.69,9.54181863026172,8.896133290279998,8.611236065352056
2139,10.695,9.343983177300457,8.963408169945684,8.438847539365861
2140,10.7,9.011400094900944,8.933672192744684,8.17696069301445
2141,10.705,8.532158308384428,8.790252060566168,7.817699159749758
2142,10.71,7.888330061692904,8.521397806166373,7.343022537669716
2143,10.715,7.053140027634091,8.115012175071534,6.753060668341902
2144,10.72,5.985851316204832,7.555170410994776,6.066705368721372
2145,10.725,4.621866634490872,6.818945414219441,5.29061621875821
2146,10.73,2.8515695791178466,5.872061819586006,4.415689980089048
2147,10.735,0.4681056011743458,4.661388460294529,3.4099127043897326
2148,10.74,-2.993754698846552,3.1001774595668996,2.183383978908275
2149,10.745,-9.004975491263028,1.0353805966624856,0.5508583375827909
2150,10.75,-25.219640030120765,-1.8367837543723242,-1.7857843866538667
2151,10.755,-8.708345318261914,-6.246354111149756,-5.478829006754047
2152,10.76,-2.968534507952951,-14.719280271114252,-12.808962488282296
2153,10.765,0.3427355026745899,-41.48149410697968,-36.49399256301588
2154,10.77,2.60435217751946,10.990844300530842,10.106375857399502
2155,10.775,4.261394418901446,5.0169141403054685,5.023166403351703
2156,10.78,5.513014254362176,6.87346008019926,6.771507649628241
2157,10.785,6.464585400781834,7.366053753178731,7.265633645538987
2158,10.79,7.177595010429495,7.936995971913127,7.809556074527046
2159,10.795,7.689967678452417,8.578698076822754,8.200012966958553
2160,10.8,8.02556635370356,7.661358698786923,8.468171430545578
2161,10.805,8.19905166395044,6.5383838463491415,8.615147719699056
2162,10.81,8.218502215157486,5.019308551389244,8.650924107332848
2163,10.815,8.086853662566092,6.753237503226124,8.552306685483607
2164,10.82,7.802689088051924,7.223667622581913,8.30863389180184
2165,10.825,7.360734111892766,7.324775345850851,7.922654914179663
2166,10.83,6.752472458027794,7.198250453306063,7.37680387307285
2167,10.835,5.967726829060584,6.882857470593092,6.6622205648207835
2168,10.84,4.999338873361745,6.38869331433999,5.757934975426883
2169,10.845,3.8564901823692055,5.714142596065745,4.6980992367955094
2170,10.85,2.5996038772154555,4.853707179742795,3.5276485660492005
2171,10.855,1.4146455320886049,3.808053200727232,2.1987605584255667
2172,10.86,0.6853617847368763,2.6073982628417567,0.640155648349749
2173,10.865,0.8170371691958358,1.3695370716190371,-0.9096411556244819
2174,10.87,1.7791175691944376,0.41523580285837447,-1.633862675751172
2175,10.875,3.1475616438562657,0.33502875748786565,-1.1082832425643474
2176,10.88,4.561229614249191,1.5415017594568319,0.7284116181610276
2177,10.885,5.854685299684493,3.510475382480072,2.910738545956407
2178,10.89,6.977899436434529,5.366786756863226,5.560348051300595
2179,10.895,7.926723694655028,6.787888291494681,7.564448009155026
2180,10.9,8.711466902919708,7.803310400083873,9.06386713276482
2181,10.905,9.345149663358928,8.493084928294925,9.23227620513509
2182,10.91,9.839545078080404,8.92434821872066,9.672042568400052
2183,10.915,10.20404437506987,9.175443375496812,10.10198010284547
2184,10.92,10.445477461217427,9.345179735445573,10.190132565304378
2185,10.925,10.568198739064858,9.5115921264651,10.142964211926344
2186,10.93,10.574181817273534,9.681423831052573,9.939835708332044
2187,10.935,10.46302061036106,9.809530113140399,9.711259808377875
2188,10.94,10.2317807391323,9.855321676047597,9.454394217125083
2189,10.945,9.87464447301995,9.797988550827194,9.024971005635818
2190,10.95,9.382261295116097,9.627523097851586,8.513276731861236
2191,10.955,8.740648616770171,9.33674867190831,8.06137382827133
2192,10.96,7.929354689518996,8.917273060063089,7.497608099530394
2193,10.965,6.918327508389794,8.35722658803999,6.694179184958637
2194,10.97,5.662357320712737,7.63926348219821,5.737398083420281
2195,10.975,4.090640382515087,6.737864243783185,4.892263350015851
2196,10.98,2.085834249859147,5.614907535309196,3.9071689887182663
2197,10.985,-0.5601696362125164,4.211716926949983,2.9387649804006992
2198,10.99,-4.224451629825634,2.4337470627363524,1.7816450103688868
2199,10.995,-9.086159336686588,0.11898523078739665,0.3823032986571544
2200,11.0,-9.64488570663668,-3.030102513672084,-2.3286507708124002
2201,11.005,-5.065262518233,-7.5589332995919705,-6.187845024869244
2202,11.01,-1.5661641284987973,-13.411844327083388,-11.163501482415802
2203,11.015,0.8639417380983558,-8.96910434455798,-7.167459507149571
2204,11.02,2.6185158766246825,1.439733534599446,2.1265299890742373
2205,11.025,3.9158355309785913,4.05231471711966,4.512995011544274
2206,11.03,4.876875499254867,5.445305308116058,5.796638410180984
2207,11.035,5.572684500243378,6.213854795616701,6.520833875389088
2208,11.04,6.046711704565815,6.652257920618204,6.9790029557014375
2209,11.045,6.325740005636877,6.60500169119171,7.249670826937142
2210,11.05,6.425517816903711,6.052931310467473,7.369966603288784
2211,11.055,6.353717562383014,5.365881373672411,7.354793897788529
2212,11.06,6.111413455435013,5.174608819053825,7.205230619672645
2213,11.065,5.693662671151757,5.42860613103485,6.913291069997239
2214,11.07,5.089554789441242,5.444628791235842,6.469070658508576
2215,11.075,4.282206639703467,5.213139809483484,5.859970037008541
2216,11.08,3.249981160981737,4.76167622139094,5.07356127192667
2217,11.085,1.9731413779322016,4.094463947992136,4.099727874107982
2218,11.09,0.4599411853177158,3.200521201688099,2.933005227601116
2219,11.095,-1.1670092297030394,2.0611488533722437,1.573051228629986
2220,11.1,-2.471054285070408,0.6647179825302185,0.009805904792333564
2221,11.105,-2.6788143329122818,-0.9454366646020578,-1.7378653340307872
2222,11.11,-1.5743610802288894,-2.520270946534919,-3.41835152659252
2223,11.115,0.1424165706188693,-3.2866326919276148,-4.198717183000879
2224,11.12,1.8697760794291665,-2.1226827752404365,-2.9696370203392206
2225,11.125,3.394871087416045,0.5576645037203445,-0.1640939051257675
2226,11.13,4.68399714821737,3.036504710922882,2.537269354425402
2227,11.135,5.754655579675201,4.777159058517292,4.653123221126814
2228,11.14,6.633308434046187,5.951418362447891,6.322297186698304
2229,11.145,7.344062339695085,6.723315162447948,7.531583210569478
2230,11.15,7.906477228055053,7.1789389740921,8.228175630821005
2231,11.155,8.335810336243519,7.399642853060617,8.561650967469806
2232,11.16,8.64376260098965,7.51815534122775,8.799337261134681
2233,11.165,8.839201381698272,7.6729868947822615,8.903091655437269
2234,11.17,8.928744548201811,7.89792716495342,8.841075563275979
2235,11.175,8.917206067983228,8.115826426471516,8.647456625317991
2236,11.18,8.807930242567942,8.261379076083713,8.357539862022518
2237,11.185,8.603043793952136,8.311953999840767,8.002485848621507
2238,11.19,8.303651501968558,8.264107673912191,7.570555112953896
2239,11.195,7.909998004375502,8.119535491604598,7.061917559714866
2240,11.2,7.421617619491324,7.88046296510657,6.521708276027901
2241,11.205,6.837496606200424,7.5484355128469485,5.956379996838487
2242,11.21,6.156279283365741,7.124125510180795,5.327375864460653
2243,11.215,5.37656280247183,6.6074374240554405,4.652726174693114
2244,11.22,4.497348339964335,5.997720396401923,4.030232773018216
2245,11.225,3.518754375443998,5.29406449396354,3.50837657470007
2246,11.23,2.4431591139875004,4.495722522130281,3.0709671039579334
2247,11.235,1.277037284420348,3.6027449595107126,2.68978146101003
2248,11.24,0.0339094556080748,2.616971366584359,2.3013403122940312
2249,11.245,-1.2609618725766083,1.5436061908478496,1.7546520066003946
2250,11.25,-2.5633058768110475,0.3937401614555762,0.975625116718573
2251,11.255,-3.799587765121824,-0.8116168592236148,0.06276432799097353
2252,11.26,-4.85641825407345,-2.0351525057387203,-0.9470768372772618
2253,11.265,-5.581958072353768,-3.2135344618059385,-1.9844386130390559
2254,11.27,-5.823926545906697,-4.244437223749301,-2.9260065766147294
2255,11.275,-5.508681501056667,-4.976335686717714,-3.6271146236563876
2256,11.28,-4.695167538954799,-5.223770520646566,-3.9105982616773343
2257,11.285,-3.535975435627165,-4.84553511946647,-3.634357970944082
2258,11.29,-2.193246015734527,-3.867718568505886,-2.8066704979089074
2259,11.295,-0.7896003765075631,-2.508673997629132,-1.613248447858041
2260,11.3,0.5973180039702565,-1.036808106620244,-0.28812948877996813
2261,11.305,1.9231270358403327,0.3664656572885967,1.0106546269422951
2262,11.31,3.164392494330513,1.6225987517003855,2.2090861932883223
2263,11.315,4.309975425295405,2.7167459854962823,3.279713231480368
2264,11.32,5.3556795636586045,3.667583915353445,4.221882011912306
2265,11.325,6.301085851863139,4.511248368519791,5.051487621255159
2266,11.33,7.147706349106663,5.286859670744869,5.786039280810897
2267,11.335,7.897910238966173,6.020839149189436,6.436114691694408
2268,11.34,8.55429788299647,6.719143922984778,7.004544295629872
2269,11.345,9.11933392589765,7.373027681343196,7.483409674732135
2270,11.35,9.59512875293147,7.969995544785821,7.857735576983766
2271,11.355,9.983302486767563,8.500192125004272,8.124983673350606
2272,11.36,10.28489134912066,8.957509630163685,8.303412452240067
2273,11.365,10.50027067453205,9.338569281975829,8.41249840733336
2274,11.37,10.629076636548003,9.641509313358572,8.466867042444733
2275,11.375,10.670112245154954,9.865096199548843,8.481878102657781
2276,11.38,10.621223564932416,10.008142563983263,8.473219834340417
2277,11.385,10.479129699536848,10.069119200426579,8.453696627416157
2278,11.39,10.239184457336869,10.045866751170664,8.42913255757145
2279,11.395,9.895037426123864,9.935340435286168,8.394551722787979
2280,11.4,9.438144734595928,9.733337894456486,8.33336573232497
2281,11.405,8.857049952689858,9.434164719077717,8.219970330026072
2282,11.41,8.136303872016326,9.030185303991583,8.02343751135259
2283,11.415,7.254800868375791,8.511186584503807,7.711023909183082
2284,11.42,6.183149214839105,7.863442810114961,7.252016295246176
2285,11.425,4.879425633611189,7.068297710641776,6.620510881368423
2286,11.43,3.282342009888705,6.0999512478568585,5.793688877226181
2287,11.435,1.3013798784551418,4.921909481034086,4.7448350470459415
2288,11.44,-1.1876344270331771,3.481184337513426,3.4342049451530214
2289,11.445,-4.256152435619273,1.6989649254427333,1.799120180416371
2290,11.45,-7.173524476832986,-0.5420537974974149,-0.25777887174406544
2291,11.455,-7.086773581566441,-3.3955712683522368,-2.8674385756545213
2292,11.46,-4.427610742395184,-6.867110677534361,-6.031033246208128
2293,11.465,-1.8608520863049047,-9.354962261533514,-8.320915859823716
2294,11.47,0.1074277634274757,-5.741645630772156,-5.171803381092014
2295,11.475,1.5687441334756582,-0.0689224810070197,-0.1376103824062307
2296,11.48,2.6367530159657058,2.5896092808968,2.2761446855571763
2297,11.485,3.3892727942634555,3.9337304015247923,3.562370686878243
2298,11.49,3.874799044940521,4.640948332862484,4.331152271205739
2299,11.495,4.121337804844886,4.925848977393798,4.81376452643142
2300,11.5,4.141798580940924,4.768497642700878,5.094214143116744
2301,11.505,3.936465136887557,4.246433543408382,5.200836505905959
2302,11.51,3.4931858560336733,3.6281425313673754,5.1352029806382555
2303,11.515,2.785447702383377,3.2397708412351296,4.881810793034018
2304,11.52,1.7682374298417658,2.965951710229464,4.415139650722781
2305,11.525,0.3727843769626253,2.477926258655193,3.7041403268438566
2306,11.53,-1.4883865079229863,1.6749082441587797,2.7078265984763625
2307,11.535,-3.826347794428005,0.5008421572180497,1.3682266186690164
2308,11.54,-5.983549858337201,-1.1248473444728857,-0.3939120654045718
2309,11.545,-5.748028023328944,-3.2972839418662936,-2.6605042636316796
2310,11.55,-3.098592438445922,-5.933559340278766,-5.347540812859796
2311,11.555,-0.2486749655644669,-7.648608640371723,-7.214963340352233
2312,11.56,2.1373503254574837,-4.573466957837862,-4.7997675702456295
2313,11.565,4.073904874504723,0.8953714296810635,-0.1514371896701494
2314,11.57,5.654596890187388,4.118439108097034,2.7071719466282436
2315,11.575,6.955662883996295,6.012076248056845,4.621036296247318
2316,11.58,8.031145201392807,7.258042459064207,6.145222576597027
2317,11.585,8.918819044674622,8.09169358332293,7.431716957128042
2318,11.59,9.645352958422428,8.539861373520502,8.556823083992997
2319,11.595,10.229782981020117,8.68085070183442,9.510700475615455
2320,11.6,10.685745555068593,8.758542961762462,10.207195417429316
2321,11.605,11.022906272696387,9.063418703321085,10.581420901170313
2322,11.61,11.247873569212391,9.565068078672788,10.71307841767212
2323,11.615,11.364773229711142,10.013493954412471,10.710802506615103
2324,11.62,11.37558725064958,10.335224875065713,10.569296675311811
2325,11.625,11.280315167115624,10.530751095237873,10.280489313961919
2326,11.63,11.07698588782533,10.608596594997728,9.865386880361145
2327,11.635,10.761525898731977,10.574521457411375,9.356102284977087
2328,11.64,10.327470821016467,10.430733717644452,8.779762359604321
2329,11.645,9.765489628291128,10.176239341926422,8.139432253358056
2330,11.65,9.062676733563428,9.807028815247985,7.446090404475502
2331,11.655,8.201572945776787,9.315950198193766,6.750739513579355
2332,11.66,7.158967059975044,8.692258762404077,6.112103545545836
2333,11.665,5.904949149697759,7.920827453352752,5.532831809938802
2334,11.67,4.404355028536658,6.98101725221732,4.9530912821052295
2335,11.675,2.629183011619997,5.845378694055355,4.300990177754911
2336,11.68,0.6141542541412641,4.479119204555402,3.5242074406348705
2337,11.685,-1.3524270159536098,2.8442623556598017,2.5430638866260917
2338,11.69,-2.4246070121168763,0.9239276695559373,1.2436641955969931
2339,11.695,-1.846988381139188,-1.176084360286823,-0.3768464289610458
2340,11.7,-0.2487092362431771,-2.8930582601771944,-1.8321533813296877
2341,11.705,1.4619627474043453,-2.788828191552172,-1.7487300982393776
2342,11.71,2.941070621825523,-0.2335889806998681,0.5002664540012649
2343,11.715,4.135048044228211,2.6166770975691565,3.007636303692676
2344,11.72,5.0658405878668304,4.515940134486839,4.674239813098562
2345,11.725,5.765365531768259,5.673481421031631,5.710417165261928
2346,11.73,6.260258964259178,6.342415453037635,6.369958671634944
2347,11.735,6.56956718415814,6.639537706337612,6.783345364704475
2348,11.74,6.705258627826841,6.627824008664106,7.016427483185549
2349,11.745,6.672973072666,6.427589238444662,7.110358606014241
2350,11.75,6.472356364864594,6.208207089188055,7.071108914524924
2351,11.755,6.096770191764246,6.0644560373686645,6.878997855673995
2352,11.76,5.53217587313196,5.913820068636181,6.528850499368284
2353,11.765,4.754808905153226,5.643394434774629,6.038172927915625
2354,11.77,3.726873968603335,5.198814171214041,5.410507749268655
2355,11.775,2.388770531587117,4.55046370888399,4.631862909286271
2356,11.78,0.6453526661296666,3.666023779402799,3.6748238683546695
2357,11.785,-1.6542785346621194,2.4968556159844337,2.4774657006152188
2358,11.79,-4.699405300027615,0.9650050771282492,0.9275172628238013
2359,11.795,-8.131062864975538,-1.0567741455818744,-1.0871314132191916
2360,11.8,-8.451487946625303,-3.771306627961824,-3.687358453725283
2361,11.805,-5.108568566245336,-7.397874758970543,-7.021841312124106
2362,11.81,-1.936367317512694,-10.973879912362928,-10.202979403925728
2363,11.815,0.4784999029790008,-7.631137755999621,-7.112258736389228
2364,11.82,2.31781374172431,-0.07872596178732483,-0.15040700707686927
2365,11.825,3.742406137071339,3.127450796856782,3.0456691356226377
2366,11.83,4.855379465463684,4.792065657269773,4.901056434319066
2367,11.835,5.722403626496933,5.795939547774859,6.148046125216732
2368,11.84,6.386572179958269,6.409701661103275,7.005560897218818
2369,11.845,6.877001664343729,6.594892309770147,7.558712203362175
2370,11.85,7.213784626173067,6.382253828566703,7.890462963879846
2371,11.855,7.410949049735613,6.0719285254866575,8.054216049000367
2372,11.86,7.478323707885398,6.101045069001435,8.062985845891548
2373,11.865,7.422810123449342,6.4546588033276,7.922878111038671
2374,11.87,7.249370117125681,6.705751283270413,7.647067367818633
2375,11.875,6.961962146222022,6.789728722103996,7.249463212724816
2376,11.88,6.5646593564921485,6.725531786245354,6.737210332864686
2377,11.885,6.063242785326233,6.5302870466979055,6.114846740686333
2378,11.89,5.467668852189004,6.215796988313288,5.397557837385655
2379,11.895,4.795888314256899,5.791764179579083,4.60792785868459
2380,11.9,4.079274664117062,5.269285464297369,3.7563739997608097
2381,11.905,3.3686990685020106,4.66499193178804,2.856239581985532
2382,11.91,2.737027286687722,4.006633350413756,1.983522447065805
2383,11.915,2.2693394466356698,3.3402597348439973,1.3015219587832636
2384,11.92,2.034283140296305,2.7367739851037727,0.9518117582442707
2385,11.925,2.048770412746366,2.29016367850394,0.9627573483413965
2386,11.93,2.2668349838945616,2.094034193763652,1.292920459129804
2387,11.935,2.604341977647715,2.192447703192089,1.9294726827426563
2388,11.94,2.9744907463381725,2.5379344181520445,2.7739018210716138
2389,11.945,3.3082932963392637,3.007717079124327,3.594576430142236
2390,11.95,3.5576517318874523,3.4691356932192683,4.183901156524184
2391,11.955,3.690123233950352,3.8293300076572754,4.526220396796081
2392,11.96,3.682274501833333,4.041769614536454,4.734357538048944
2393,11.965,3.5141104559456746,4.091644406088016,4.780110572892999
2394,11.97,3.164737076881308,3.98105982200606,4.632321251173509
2395,11.975,2.608755485244689,3.7176750852649985,4.303295583956633
2396,11.98,1.8130682973524608,3.304304986694061,3.808746723787399
2397,11.985,0.7350565064236572,2.730059163501494,3.152921945401876
2398,11.99,-0.6714322122790904,1.9661330052241572,2.3047302917376697
2399,11.995,-2.411820565890792,0.9667444851076574,1.2275781046319505
2400,12.0,-4.249408643251899,-0.3262065828136862,-0.10140930725497199
2401,12.005,-5.212260404066832,-1.9656776712921946,-1.726153371780347
2402,12.01,-4.166539216448365,-3.9134170912892543,-3.64031484197689
2403,12.015,-1.886832438338929,-5.67153606551188,-5.398952739035456
2404,12.02,0.4542249807709844,-5.4837778656045515,-5.388385961999139
2405,12.025,2.491634929949331,-2.0729558737186613,-2.426854773014173
2406,12.03,4.203601112907115,1.689470117324115,0.9617759011559373
2407,12.035,5.636263437642942,4.167027570145203,3.331998363704747
2408,12.04,6.837132989599837,5.792377024604324,5.041683768196297
2409,12.045,7.843995646363106,6.906062938709482,6.325465630497872
2410,12.05,8.685311405337995,7.6448676110824145,7.308756399433652
2411,12.055,9.38234183285424,8.063081908482221,8.122291291402863
2412,12.06,9.951048702787684,8.291663158107614,8.795800084238815
2413,12.065,10.40350904935111,8.539597113648693,9.321866121483037
2414,12.07,10.74892865886505,8.948940060272633,9.705028695784993
2415,12.075,10.994371938364749,9.425146625252433,9.948034396638162
2416,12.08,11.145304926834497,9.838607337535997,10.05597742734175
2417,12.085,11.206024746811291,10.150446941288113,10.036505968530367
2418,12.09,11.18003349663872,10.359407383237272,9.899482998250896
2419,12.095,11.0704081340058,10.471569759748238,9.658265861580826
2420,12.1,10.88021935631656,10.493122346706507,9.330940043307775
2421,12.105,10.613060599143209,10.429282518110863,8.937418881278013
2422,12.11,10.27376027587433,10.284577407318892,8.4974766044047
2423,12.115,9.86935822409347,10.063450504037268,8.041206730606623
2424,12.12,9.41040989528519,9.771035951872314,7.622620194918082
2425,12.125,8.912592339321407,9.414147385197234,7.30092556803371
2426,12.13,8.398342836448476,9.002569291283493,7.092452370591577
2427,12.135,7.897780290410628,8.550698045712199,6.965093550164276
2428,12.14,7.447518365697569,8.079410324355623,6.884962428226796
2429,12.145,7.08574858418631,7.6176276093576885,6.842191715615527
2430,12.15,6.843286350951266,7.202316174587404,6.809517312376204
2431,12.155,6.733545875085215,6.8748685324479215,6.756105967050363
2432,12.16,6.747105490149698,6.672059494546672,6.692377600563802
2433,12.165,6.854590450148996,6.612788846935315,6.686970019730086
2434,12.17,7.015780611366637,6.68721514682901,6.773759197633752
2435,12.175,7.189261676970983,6.856908432080083,6.921378772243817
2436,12.18,7.338526909685667,7.06762488698782,7.08577762453183
2437,12.185,7.433959009677059,7.266178666985066,7.23308964594681
2438,12.19,7.452097155004482,7.411584051973131,7.340441670474412
2439,12.195,7.37369937991742,7.477751168605282,7.38840398964566
2440,12.2,7.181476090038371,7.450674575540236,7.359369460714468
2441,12.205,6.857764830402062,7.323507963813157,7.245125746522766
2442,12.21,6.382007487465668,7.091334469264252,7.038424316870211
2443,12.215,5.727563921274824,6.746519090173612,6.718823990621084
2444,12.22,4.856923951894253,6.27520526201549,6.263144647597537
2445,12.225,3.713328397954096,5.65485374941452,5.6611420341428875
2446,12.23,2.2039724110896253,4.851626046291269,4.9042218080163105
2447,12.235,0.1609468002419964,3.8153725057948327,3.960836664906978
2448,12.24,-2.76997026896919,2.4685928153686687,2.768246941335768
2449,12.245,-7.574212852685834,0.6814981546525276,1.2050273448429292
2450,12.25,-20.082040182530037,-1.7899634048005018,-0.9705011766321032
2451,12.255,-12.589889115280808,-5.4909087096627225,-4.271489375200559
2452,12.26,-4.961305017854974,-12.065766726244417,-10.155604754892728
2453,12.265,-0.9908924439316156,-32.49991905673305,-28.392484401902436
2454,12.27,1.661296078841653,-2.867293314300662,-2.1835662803182734
2455,12.275,3.609638502397332,4.998440045686167,4.8986853663504135
2456,12.28,5.107627157105323,5.804510002226028,5.74244765992153
2457,12.285,6.284114907756831,6.861927035221506,6.802602837885198
2458,12.29,7.213043072264983,7.603443396650638,7.592886332914231
2459,12.295,7.940190548938045,8.368458939387333,8.262343090589185
2460,12.3,8.49523422142729,8.06857980294702,8.797502489208162
2461,12.305,8.897807796888607,7.2696866132255105,9.20170408098737
2462,12.31,9.16077193477166,6.114563541746373,9.47957291886782
2463,12.315,9.29204638535637,7.091047065283313,9.617726052852698
2464,12.32,9.295623378688232,7.966180336132874,9.605971903247568
2465,12.325,9.17205753971263,8.359208045689792,9.448282862711991
2466,12.33,8.918564644113896,8.519835602908685,9.140410497430414
2467,12.335,8.528762973105946,8.510145716700746,8.679875967204861
2468,12.34,7.992011661347189,8.351545108404707,8.054832168555073
2469,12.345,7.292211906883075,8.049723574093578,7.285438589389874
2470,12.35,6.405815082749619,7.6013541468733665,6.410518353578453
2471,12.355,5.298614662163834,6.9957757709103205,5.404137985132962
2472,12.36,3.920781544768409,6.2144802347540296,4.181479607238122
2473,12.365,2.200341645011283,5.22895186148359,2.794175655455647
2474,12.37,0.0422578756257185,3.996612268526426,1.605124422218013
2475,12.375,-2.6111746772809603,2.4543722961564933,0.6150975218445724
2476,12.38,-5.328865874173227,0.5108890397325387,-0.4857846225261948
2477,12.385,-6.032616004975909,-1.9477726668734707,-2.2295329527592136
2478,12.39,-3.903419116213618,-4.931423353107876,-4.141116939572219
2479,12.395,-1.2842743794525922,-7.475879631829926,-5.738224786519721
2480,12.4,0.8872131928894502,-5.740604304403098,-3.702426515748403
2481,12.405,2.5841169835063464,-0.3192862286470781,0.8537773583774211
2482,12.41,3.902064292239351,3.0101840215082074,3.651024695061575
2483,12.415,4.921706211437642,4.760151484464141,5.258692721574994
2484,12.42,5.699484405639077,5.785924903111971,6.14397840712226
2485,12.425,6.2738093874859775,6.3741031753175985,6.641120099411701
2486,12.43,6.67074305705996,6.570841061515605,6.889714098555941
2487,12.435,6.907806017039412,6.418615208799657,7.022303012158539
2488,12.44,6.9963893654118685,6.140245370508712,7.089105127690285
2489,12.445,6.943279578908941,6.039206474033265,7.000065564246861
2490,12.45,6.751652840810336,6.168858569613764,6.781724861300628
2491,12.455,6.421800131457866,6.257550099238044,6.546663722866711
2492,12.46,5.951839062117431,6.1982517442445335,6.207933803985396
2493,12.465,5.338788049700257,5.983101977659257,5.636469822704575
2494,12.47,4.580722587460163,5.616898766615157,4.855053629553039
2495,12.475,3.681517996204161,5.102426019563388,4.0664960985192
2496,12.48,2.661207975706013,4.440650027666313,3.1778749641028146
2497,12.485,1.576856206377962,3.6345181426619586,2.287045230581043
2498,12.49,0.5558274082271566,2.6969083803206635,1.385332834292552
2499,12.495,-0.1835130442041273,1.6671538788346538,0.6093757773468784
2500,12.5,-0.4046150707949905,0.6429333281327505,-0.3778273123379199
2501,12.505,-0.0397911949840343,-0.17404550140826736,-1.0460150328240134
2502,12.51,0.7404761800025182,-0.4726329878589013,-0.9784212895947952
2503,12.515,1.6903416793054749,-0.007684883670588505,-0.1750597221104151
2504,12.52,2.634504163522376,1.0898648566596263,1.2258472147018593
2505,12.525,3.4846000208785632,2.373172104711289,2.809699836394295
2506,12.53,4.206151063860901,3.4956157348764965,4.175323117442309
2507,12.535,4.790791236087796,4.345012379991256,5.148215240968237
2508,12.54,5.241318088337707,4.927464373017163,5.7623303390362315
2509,12.545,5.564899118737055,5.282319819096071,6.156480983493131
2510,12.55,5.770396045415687,5.462861708224456,6.378027554567869
2511,12.555,5.867686963126204,5.533937729345983,6.4355146610869625
2512,12.56,5.868036482013482,5.554645293031571,6.355401462667526
2513,12.565,5.785122913799717,5.553006602778711,6.169175319920658
2514,12.57,5.63653303419526,5.523449399405904,5.904262928874929
2515,12.575,5.445477084124351,5.451087752136887,5.572683575723097
2516,12.58,5.24214871639412,5.331479871831628,5.188728817654545
2517,12.585,5.063581484605195,5.17491378526421,4.785812475725576
2518,12.59,4.95039158482572,5.0047821151829055,4.393582697459297
2519,12.595,4.939400158542192,4.855404520659531,4.030956171022806
2520,12.6,5.053706598786167,4.7684444671383455,3.740017128752905
2521,12.605,5.295093722927931,4.785370973226347,3.5959351476466273
2522,12.61,5.643749074650373,4.935260776985767,3.6628057492952157
2523,12.615,6.065520370798402,5.222168115914018,3.9652273711655974
2524,12.62,6.521923932841744,5.620484597546894,4.489748574246398
2525,12.625,6.977861664531151,6.083336563006366,5.167993430496699
2526,12.63,7.405225851097637,6.558966111889374,5.884307275469681
2527,12.635,7.7832813921064306,7.004683290328159,6.548481585985154
2528,12.64,8.097437206878887,7.3927363016920555,7.143819242048001
2529,12.645,8.33758486201549,7.709439268792748,7.641462263697447
2530,12.65,8.496577549106764,7.9511616911653,8.007998996830853
2531,12.655,8.569026283107814,8.11960466315104,8.23766481174303
2532,12.66,8.550406878475282,8.217563478709986,8.339134540534276
2533,12.665,8.436413384981243,8.245992622879566,8.323018874947785
2534,12.67,8.2224934267913,8.202836909537236,8.197854038625149
2535,12.675,7.903525052757035,8.083353920603447,7.971375090772357
2536,12.68,7.473635375319281,7.881076557397762,7.651215298163924
2537,12.685,6.92623011329334,7.588650431836785,7.243819894253764
2538,12.69,6.254436642300529,7.198271554951141,6.753407833953693
2539,12.695,5.45244385307821,6.701857212181876,6.182153529250801
2540,12.7,4.518819118618919,6.091278486528994,5.530600842112075
2541,12.705,3.4640676215033506,5.359138034528808,4.79772585277311
2542,12.71,2.3264875847145965,4.500940717573483,3.983001447741154
2543,12.715,1.2001924809395517,3.5203814317798203,3.0926262199471033
2544,12.72,0.2645650561599252,2.441238861593006,2.1504758474212733
2545,12.725,-0.2428960568357456,1.331731474044683,1.217713608100961
2546,12.73,-0.1770476179700258,0.344787945701988,0.42656785412293985
2547,12.735,0.3743999226324686,-0.2524901068769472,0.006401724089812433
2548,12.74,1.177155082000216,-0.1689654935262892,0.20520679837255784
2549,12.745,2.0240352426556547,0.6262720416397807,1.0403857996274959
2550,12.75,2.7948738729110723,1.7759137373482332,2.188921620700876
2551,12.755,3.43459132390758,2.868017353192005,3.284800968571557
2552,12.76,3.922125549990035,3.7086675293522635,4.159221930622957
2553,12.765,4.251152440612096,4.266957414864173,4.789599845519177
2554,12.77,4.420515669355002,4.5680229353311965,5.200704820618768
2555,12.775,4.42994854223797,4.65364348968232,5.420710153652682
2556,12.78,4.278485429371404,4.577547487401858,5.469922144190487
2557,12.785,3.964548631599678,4.394638720272131,5.36027744176539
2558,12.79,3.48787495229991,4.136316443583917,5.097350631475522
2559,12.795,2.854775859376128,3.7966844631317995,4.682836598333008
2560,12.8,2.090308865085754,3.349088162638502,4.117470949484655
2561,12.805,1.2633066878556516,2.772118490019666,3.405472220099859
2562,12.81,0.5254711628894255,2.0659236574946322,2.5631850737544166
2563,12.815,0.1281035763984906,1.2694614412404843,1.6370424260612877
2564,12.82,0.31456650735543,0.49547306555575776,0.7380810534322073
2565,12.825,1.1046696123627089,-0.018618873711778505,0.08939307688570519
2566,12.83,2.2749003270958847,0.07877001489990132,0.01857074519984714
2567,12.835,3.568546635990313,1.0094932447959382,0.7421970944234735
2568,12.84,4.824319563234513,2.534011886472218,2.06857996122286
2569,12.845,5.968966016357959,4.145569252576939,3.562324281331162
2570,12.85,6.977692766348252,5.531404815904416,4.94708164893284
2571,12.855,7.847212234213398,6.621527897710452,6.1493646300833715
2572,12.86,8.582366995318804,7.441205552793333,7.171696229164802
2573,12.865,9.190226732764398,8.037198344103,8.024626859119714
2574,12.87,9.677640126286242,8.468514048952445,8.709938319639669
2575,12.875,10.05028022972003,8.804140947845916,9.224957858030379
2576,12.88,10.312303709880196,9.100260772375876,9.572583989519982
2577,12.885,10.466236733210415,9.373335164255234,9.764783245958004
2578,12.89,10.512913745655917,9.604182923158145,9.816531898899594
2579,12.895,10.451384414784524,9.766198689325616,9.740342211621073
2580,12.9,10.278736625417146,9.84120471974354,9.547051615388558
2581,12.905,9.989787542503205,9.819035646047087,9.247883537077719
2582,12.91,9.576579578356728,9.693195565190809,8.85436475279492
2583,12.915,9.02758228856394,9.457682119506618,8.377006595624085
2584,12.92,8.326434136913154,9.105090029193832,7.824771990492646
2585,12.925,7.449936445993424,8.625268479186083,7.205662474227256
2586,12.93,6.364794480132865,8.003968221248135,6.525574796620253
2587,12.935,5.0222426051853,7.2210361633017435,5.7824241635734985
2588,12.94,3.3493430122162566,6.2476554525957315,4.956734989048337
2589,12.945,1.2373962885694836,5.041869297109546,4.003829497656092
2590,12.95,-1.4512983872741718,3.541153952947219,2.8494895661159982
2591,12.955,-4.657283689348346,1.6505021966848892,1.3834006869721778
2592,12.96,-6.703067724499764,-0.7716959728965591,-0.5521776099874183
2593,12.965,-4.9540004227582894,-3.886354817825641,-3.1350610991068084
2594,12.97,-1.976126129338015,-7.411508226826896,-6.1418617259472335
2595,12.975,0.4906620424005687,-7.925490674351744,-6.535642574529113
2596,12.98,2.3715033598608377,-1.809957248525536,-1.0668275286063578
2597,12.985,3.801411402227877,2.707475582681747,2.997232132261999
2598,12.99,4.887109610401582,4.770243863920871,4.8872037033547855
2599,12.995,5.69886920587572,5.924398884394456,5.9769931185230485
2600,13.0,6.281921547887922,6.583687196336134,6.659748310761571
2601,13.005,6.665017473918963,6.847801745592259,7.101370252375919
2602,13.01,6.865550001707609,6.683515393748672,7.366054734691481
2603,13.015,6.892409761861945,6.277672064882655,7.481771356319154
2604,13.02,6.747380091470044,5.9613004604828035,7.457993908941377
2605,13.025,6.425480899934076,5.9795036816644895,7.291488263616591
2606,13.03,5.914395379229913,6.014614679846475,6.973980403371652
2607,13.035,5.192923723924027,5.863610530199443,6.497024008543809
2608,13.04,4.228337642215131,5.50180043037501,5.850289495660787
2609,13.045,2.972970869836689,4.921186353902493,5.018760156931895
2610,13.05,1.3636611529044935,4.1016474763512925,3.9806423087244673
2611,13.055,-0.6539936566844861,3.006077743791704,2.706397136344596
2612,13.06,-2.96167411651632,1.5774316849603638,1.1475470360552071
2613,13.065,-4.62754963148797,-0.25764909645140577,-0.7653320736665936
2614,13.07,-3.935317379298389,-2.537152509695267,-3.049991849287456
2615,13.075,-1.5669300691539287,-4.949926662189794,-5.356288256446792
2616,13.08,0.8679959616542063,-5.688100295983439,-5.9818795486734295
2617,13.085,2.919651600293889,-2.217586205087258,-2.658217827103586
2618,13.09,4.590028664214644,2.1471648076496317,1.6067090261530854
2619,13.095,5.94726016582099,4.771960992871733,4.399264416966818
2620,13.1,7.0513748612852565,6.366001972111588,6.331544651498154
2621,13.105,7.94679673293285,7.396721642157477,7.734479178661703
2622,13.11,8.665359024606646,8.035175977938152,8.696689278986357
2623,13.115,9.229808486278037,8.315787360271193,9.272365350493608
2624,13.12,9.656389050660042,8.356148567846363,9.636654471223238
2625,13.125,9.956579797733752,8.391692959094431,9.86242343149337
2626,13.13,10.13822961201058,8.632980741733697,9.93317079857039
2627,13.135,10.206278481145157,8.984726084531857,9.857129193111284
2628,13.14,10.163188352072144,9.265891146413114,9.656960141403243
2629,13.145,10.009155718701608,9.425777766683098,9.35716651322357
2630,13.15,9.742141910953034,9.462614549559735,8.96414552679582
2631,13.155,9.357729458839176,9.380954690933105,8.473665636405265
2632,13.16,8.848789087344814,9.183250828876762,7.903991965107561
2633,13.165,8.204919528056045,8.868681626884747,7.273639994006427
2634,13.17,7.411605241709099,8.433034408930524,6.565722320413263
2635,13.175,6.449049950749421,7.868487132477223,5.771796873001152
2636,13.18,5.290787721704177,7.163062208910879,4.948771674107185
2637,13.185,3.902842219480739,6.299682264086675,4.180372048792331
2638,13.19,2.246955319131565,5.254826048513772,3.4696669247964556
2639,13.195,0.3024037871715844,3.9970645864836625,2.7450825051310153
2640,13.2,-1.839192376974493,2.4869809780638086,1.891963676679997
2641,13.205,-3.6821986523718953,0.6849357030337719,0.7944231736449217
2642,13.21,-4.157668802051717,-1.407113077561979,-0.6674521432684601
2643,13.215,-2.991430288097445,-3.5730405854855682,-2.345407919117248
2644,13.22,-1.2187445223957607,-4.882827106744434,-3.417397836088508
2645,13.225,0.4509154087515007,-3.6655840404472446,-2.3372042026394553
2646,13.23,1.8388468782083112,-0.5390021814870627,0.4256262336218386
2647,13.235,2.946039376163881,2.018096485268183,2.6823945068770514
2648,13.24,3.809155015971946,3.597774089671341,4.069643083121792
2649,13.245,4.464549216359738,4.548172048248866,4.91682734940048
2650,13.25,4.94178867093619,5.0765553227933315,5.4475017044690555
2651,13.255,5.264040309331409,5.265800606732321,5.777250245632138
2652,13.26,5.449754642975758,5.1961429387586735,5.957193072029675
2653,13.265,5.514399210236096,5.027477529811121,6.018169157981356
2654,13.27,5.472072040816755,4.937272285993086,5.981000483892316
2655,13.275,5.33707147977008,4.959476598690303,5.843967363924042
2656,13.28,5.125512234290932,4.980710651339627,5.598836763580299
2657,13.285,4.856978859348148,4.929766502074112,5.260079151073281
2658,13.29,4.55598239167961,4.797399399607896,4.862078783132081
2659,13.295,4.252606701039306,4.598425063022147,4.43366477651569
2660,13.3,3.9813060843756687,4.357246180570523,4.004900355046715
2661,13.305,3.776786169005828,4.1048463917002085,3.604816957893445
2662,13.31,3.6669820816123417,3.8775728733699935,3.2477335899412747
2663,13.315,3.665432598926064,3.713739206646386,2.9417858684171083
2664,13.32,3.767078797205107,3.646376668169804,2.7529614174360693
2665,13.325,3.950183065032573,3.693245373641587,2.7726337336659226
2666,13.33,4.183141993773171,3.8489199078033884,3.030043209154771
2667,13.335,4.432267586514899,4.084883327903409,3.480414287467876
2668,13.34,4.667318819335446,4.358855017661881,4.039352561505194
2669,13.345,4.863951594176244,4.62776606808094,4.6273958681638545
2670,13.35,5.003908066237818,4.8573231688489535,5.169984339151925
2671,13.355,5.074117041622967,5.025438436782292,5.583261641091429
2672,13.36,5.065554638333195,5.121039388413327,5.808590233465431
2673,13.365,4.972318152461078,5.140770545554435,5.852186494892401
2674,13.37,4.791121758894212,5.085309345319754,5.761209613314213
2675,13.375,4.521336225579967,4.95632679559989,5.555759547406927
2676,13.38,4.165713961985467,4.754804318146345,5.239258896239893
2677,13.385,3.732008817183706,4.4810137243156,4.823689588676247
2678,13.39,3.235729046932132,4.135949390134369,4.328479948248034
2679,13.395,2.7040411455991813,3.723789649366167,3.7741946555829324
2680,13.4,2.1799198189931963,3.2552044042998363,3.1795265830247237
2681,13.405,1.723477590397037,2.7516266377481178,2.5711444500162712
2682,13.41,1.40472424941218,2.250325521086188,1.9925640349824998
2683,13.415,1.283388655361196,1.8084939962816953,1.4981748882722963
2684,13.42,1.38270046483794,1.50106257545082,1.1500309637442458
2685,13.425,1.6768885748202207,1.4037424847419575,1.018250352396593
2686,13.43,2.1041903066224923,1.5586616100407618,1.155983439513006
2687,13.435,2.593048103159839,1.9419244827391946,1.5553424713250399
2688,13.44,3.081877591409436,2.4668769291070225,2.14154027179543
2689,13.445,3.5258899351259565,3.026232787089727,2.81117441814734
2690,13.45,3.895469098390248,3.534503403631363,3.4640833534886024
2691,13.455,4.171790678295225,3.942696531779169,4.018778631720994
2692,13.46,4.342657790257017,4.232168181495422,4.434688679305898
2693,13.465,4.399395318311244,4.403479041674106,4.713565796841002
2694,13.47,4.334743436859851,4.466660181081424,4.8600011452829515
2695,13.475,4.141487750413919,4.432843857422173,4.872431227548105
2696,13.48,3.811631680314303,4.307583622245588,4.751286754976173
2697,13.485,3.336102265436267,4.087840649264444,4.497380132835912
2698,13.49,2.7053223951245413,3.7632426692385987,4.110253386640254
2699,13.495,1.9117181663312688,3.3194312723096395,3.588270972375646
2700,13.5,0.9569367434653736,2.7411041295494827,2.929146179999776
2701,13.505,-0.1298042078700961,2.0146541016128756,2.131418860795039
2702,13.51,-1.2511410662042477,1.1327904757288314,1.198558273101089
2703,13.515,-2.179658020901631,0.10638059990277249,0.14975134182802563
2704,13.52,-2.563215683223846,-1.0059152947911114,-0.9535693564242953
2705,13.525,-2.1719998501512205,-2.0342868707675574,-1.951477095187978
2706,13.53,-1.1628317181667227,-2.615026418346206,-2.512344971467419
2707,13.535,0.1088276762043934,-2.2715305690660337,-2.20534340579825
2708,13.54,1.3827721192168485,-0.9237406465402085,-0.9544482977953361
2709,13.545,2.539380553343608,0.8317263267091182,0.7096060613953883
2710,13.55,3.539524186146443,2.4000522931340496,2.2507214131778834
2711,13.555,4.3780042994368245,3.6011554137902104,3.4986757951767364
2712,13.56,5.06142386734096,4.460138242889392,4.468343839261227
2713,13.565,5.599227937930735,5.035354042954465,5.205900897420775
2714,13.57,6.000399850276315,5.387661791072693,5.7486248748788675
2715,13.575,6.272427066837078,5.5935948865128164,6.1223092624234035
2716,13.58,6.421171236641535,5.735944955371346,6.344585178888657
2717,13.585,6.451134479744695,5.863442588345126,6.427717428252818
2718,13.59,6.36598421944801,5.966833179633337,6.380862821458585
2719,13.595,6.169392574855649,6.009643127167329,6.211809194147259
2720,13.6,5.866399345263097,5.964523838731564,5.928187177517393
2721,13.605,5.465678729983007,5.819526882581975,5.538684052999564
2722,13.61,4.983265605729735,5.572729930255753,5.054670251314361
2723,13.615,4.448278856737389,5.229016629039857,4.4922002501923055
2724,13.62,3.9102864726647257,4.800792651595716,3.8747328385036326
2725,13.625,3.444786683629521,4.312137710758248,3.2384191370105198
2726,13.63,3.147338405185298,3.806056713079262,2.6408848058985743
2727,13.635,3.105191492956357,3.3530958725207354,2.168212877814441
2728,13.64,3.353820759605964,3.0542044195652807,1.9287139431928049
2729,13.645,3.855119784760874,3.021993826542009,2.0242612693312
2730,13.65,4.521208913658988,3.327709494349005,2.500807379193094
2731,13.655,5.257874091999852,3.941772682674313,3.304208608462275
2732,13.66,5.991772432821048,4.736546925442834,4.2894367250523775
2733,13.665,6.675470720087925,5.5614036143552825,5.288520729043926
2734,13.67,7.281735030152614,6.310088749235092,6.178185986964904
2735,13.675,7.796239702490037,6.93312959729364,6.902874532044857
2736,13.68,8.211993208450796,7.420500061701098,7.4588507534391955
2737,13.685,8.525755616206432,7.784189337906627,7.8617566908951435
2738,13.69,8.735899852385886,8.046434358632826,8.126563245923418
2739,13.695,8.841169080173174,8.229594088979246,8.266086205946099
2740,13.7,8.839955284386102,8.347265389196425,8.292722320076596
2741,13.705,8.729879433003013,8.40075735927274,8.21730765729049
2742,13.71,8.507567602944599,8.382378926795512,8.047415838879619
2743,13.715,8.168612542122254,8.281167108834149,7.787744561271701
2744,13.72,7.707825515440724,8.086523801547193,7.441713449537461
2745,13.725,7.120084154536633,7.789172516953407,7.011203269789888
2746,13.73,6.402492307216878,7.380919203246891,6.496299762816263
2747,13.735,5.559413649860257,6.854538926115065,5.89869249931888
2748,13.74,4.613471533247361,6.204711995521956,5.225854164812169
2749,13.745,3.627117556019612,5.431205200838729,4.491762410180706
2750,13.75,2.7347005092373773,4.54668581135274,3.7181429063240965
2751,13.755,2.155259470174599,3.5937740465781554,2.944947221002054
2752,13.76,2.1071997586586626,2.677361776590598,2.2562051778427366
2753,13.765,2.629863147064321,2.0068195477618147,1.8190731812294931
2754,13.77,3.543691582880132,1.8861731709740992,1.8836855582142316
2755,13.775,4.61420189604345,2.521318925878241,2.620708924137457
2756,13.78,5.679045504587698,3.7416134432725685,3.872595304775097
2757,13.785,6.656934504324333,5.1120050523697005,5.24854272302465
2758,13.79,7.515959417631214,6.319980925703877,6.469521733853265
2759,13.795,8.247995897176589,7.269558472325409,7.454032917812125
2760,13.8,8.85485188186941,7.969125360068626,8.21586949811885
2761,13.805,9.34175582607456,8.457188709338245,8.789951994499816
2762,13.81,9.714495781734453,8.786066458941425,9.207412015284326
2763,13.815,9.97823336386374,9.017713419837076,9.491320951758336
2764,13.82,10.137058379702571,9.204788511823526,9.657764116953821
2765,13.825,10.193861423565792,9.366974138527299,9.717701631212702
2766,13.83,10.150338755209834,9.49111984962435,9.67873642098268
2767,13.835,10.007054580960402,9.554080006052367,9.546541898857608
2768,13.84,9.763543012591514,9.538706156127676,9.325988208392193
2769,13.845,9.418471630337342,9.435510610610587,9.022257995275227
2770,13.85,8.96993323825043,9.239490184618305,8.641896995620925
2771,13.855,8.416004177667428,8.947525647874599,8.193257213661173
2772,13.86,7.755837818030335,8.55710744837337,7.686325423059102
2773,13.865,6.991796761527551,8.066044489729213,7.132777440204195
2774,13.87,6.133508463671726,7.472975059090116,6.545950076455712
2775,13.875,5.205156960756714,6.778869545438155,5.938658124886869
2776,13.88,4.257029737835376,5.990165736583252,5.319497662438781
2777,13.885,3.3786545139678608,5.124756906753393,4.694252673833403
2778,13.89,2.69946548213809,4.2225332163883404,4.078179134619029
2779,13.895,2.3506827496661997,3.3610866378871,3.5158130505992626
2780,13.9,2.3887428664568646,2.669848092637673,3.0968541080501932
2781,13.905,2.751931923187292,2.3163339451736333,2.947574978067804
2782,13.91,3.3059878253478407,2.4253649079988437,3.1664365076683367
2783,13.915,3.9201735609910022,2.9611290598804976,3.7242072233483396
2784,13.92,4.503858738997796,3.721061865428341,4.453463613397739
2785,13.925,5.005025458526777,4.4799091343747275,5.1669379411991985
2786,13.93,5.3969372606042985,5.102416235932346,5.754217773014041
2787,13.935,5.666563343503243,5.5413897201345765,6.180767045703888
2788,13.94,5.8072032236671935,5.797349785373422,6.449981791884474
2789,13.945,5.814232063108391,5.8929809594180576,6.575615585977996
2790,13.95,5.682629568631848,5.860907083110972,6.569684970421642
2791,13.955,5.405371487430635,5.731568899783502,6.439365088358229
2792,13.96,4.972117804923951,5.519717820723967,6.186805288012091
2793,13.965,4.36784031035336,5.21892164723762,5.809161915660502
2794,13.97,3.5711674640554785,4.807981236288939,5.2996612062968405
2795,13.975,2.552468419616833,4.260068496717785,4.649519961390532
2796,13.98,1.2726584009911737,3.546257517251168,3.847844013939584
2797,13.985,-0.3121166565056367,2.633897483822434,2.878284896883782
2798,13.99,-2.216738521954386,1.4832722833964618,1.714881408720219
2799,13.995,-4.27354034050637,0.04617577843266485,0.32046842722487057
2800,14.0,-5.703781738229498,-1.7236608930909423,-1.343418636885815
2801,14.005,-5.3007076566963,-3.80603326031963,-3.2566410915077135
2802,14.01,-3.437421735318636,-5.833235524303941,-5.087363631052014
2803,14.015,-1.333460025108424,-6.371800581716254,-5.552864463103383
2804,14.02,0.5195602429549624,-3.7782806746993103,-3.1804469406137663
2805,14.025,2.0565441936832287,-0.16835723240762857,0.15853355842852945
2806,14.03,3.313437880031703,2.2946389524549575,2.528994411305395
2807,14.035,4.336340451509534,3.8371197903777983,4.110331103604525
2808,14.04,5.163772651342117,4.829481474663181,5.223535234022386
2809,14.045,5.8254358238684745,5.436790117322684,6.032336334918683
2810,14.05,6.344000079396663,5.718864122144126,6.616968906785949
2811,14.055,6.737012593083032,5.785219857275853,7.021977048406287
2812,14.06,7.018423717812995,5.830902556769889,7.275215140554648
2813,14.065,7.199749624315244,6.022215171259349,7.394422217746901
2814,14.07,7.290974733994828,6.311434746652729,7.3923529485835875
2815,14.075,7.301285539476057,6.564564896414,7.280631550429174
2816,14.08,7.239698246668883,6.731212353021506,7.070691239996794
2817,14.085,7.11561059353746,6.808648468669955,6.774449923810252
2818,14.09,6.939272056641008,6.806084143571263,6.406245437480896
2819,14.095,6.722123209373638,6.734947236665521,5.985015026250226
2820,14.1,6.476905852904848,6.607204568494411,5.532942233910508
2821,14.105,6.21740449771425,6.435449093597624,5.073360543996395
2822,14.11,5.957678853106684,6.233166690732142,4.638977706510602
2823,14.115,5.7107306227447925,6.0147041382780735,4.285874485166355
2824,14.12,5.486740473971191,5.794698002405841,4.081168079041339
2825,14.125,5.291262021105543,5.586830220492966,4.0545811749841025
2826,14.13,5.123920500495062,5.401965873689094,4.177247806388921
2827,14.135,4.978071617459595,5.246040182306298,4.395899660862478
2828,14.14,4.841517357518784,5.118369977004322,4.666875338516286
2829,14.145,4.69795060735286,5.011115472623305,4.925484620795326
2830,14.15,4.5285663652198265,4.910233470089417,5.090087666399347
2831,14.155,4.313326301811341,4.797594738909639,5.111915495496156
2832,14.16,4.031581811027113,4.653423870128825,5.013999005724497
2833,14.165,3.661971740705929,4.45818625151216,4.828824286647432
2834,14.17,3.181609862350629,4.193415461005542,4.547909911727133
2835,14.175,2.564551033817396,3.8414121998337936,4.1569615127599295
2836,14.18,1.7794068153942069,3.384002385288813,3.6511203920543895
2837,14.185,0.7858309172990856,2.8005727932957956,3.0264539193010975
2838,14.19,-0.4703592010579114,2.0654681695339163,2.2687931314393057
2839,14.195,-2.062125328774109,1.1445965820684219,1.3487881574605147
2840,14.2,-4.074273765356852,-0.009153366420385112,0.22828005410072194
2841,14.205,-6.50810683577117,-1.4618838288839564,-1.1461207045248312
2842,14.21,-8.739328100562291,-3.303150609385103,-2.8596431423820787
2843,14.215,-8.749161349599978,-5.625634382987535,-5.004389221942395
2844,14.22,-6.407528495900946,-8.334553183933922,-7.49114481779832
2845,14.225,-3.76995287206044,-10.12860859420034,-9.143822629177004
2846,14.23,-1.5465738962106004,-7.505880136584608,-6.826588088516635
2847,14.235,0.245471262849668,-2.426456049679076,-2.250406144001767
2848,14.24,1.6878486756162787,0.6757553686189688,0.6452332535345935
2849,14.245,2.851644294945148,2.459324414827334,2.408635955523434
2850,14.25,3.788061971524531,3.5887937817181426,3.6024773286947482
2851,14.255,4.5329085316773625,4.301340214434732,4.4668108336280845
2852,14.26,5.111248438826839,4.633583712747836,5.121148595705648
2853,14.265,5.540690432219697,4.660210237798287,5.613125886696924
2854,14.27,5.833566633813911,4.610934418770917,5.9606548920489155
2855,14.275,5.998392115635004,4.75883618455079,6.17167189155899
2856,14.28,6.040900626825989,5.089143598275602,6.248138294288982
2857,14.285,5.964879513399778,5.367814069836447,6.1909017462159595
2858,14.29,5.773007398234235,5.515535673453233,6.001060614599355
2859,14.295,5.467940431712717,5.529025009704368,5.680488507631425
2860,14.3,5.054012997278736,5.415970221105519,5.233987367150512
2861,14.305,4.540134632908054,5.18357293557647,4.6728785501014976
2862,14.31,3.944734622505467,4.838629500968867,4.0150242377734395
2863,14.315,3.303596400986546,4.390182052653853,3.2797034426489597
2864,14.32,2.6799300459885167,3.8540201067340885,2.49591101868713
2865,14.325,2.170537817951832,3.259954412138198,1.7332623671949388
2866,14.33,1.8923770858121,2.6626573273092,1.1157082135967076
2867,14.335,1.9358820034174,2.1537739476962385,0.7686432464749853
2868,14.34,2.3096415210941554,1.8632346529211716,0.7715155022117557
2869,14.345,2.934606943168656,1.9239494535798363,1.1695418998674274
2870,14.35,3.694943066171534,2.388958723981834,1.974563194508589
2871,14.355,4.489460810288209,3.1674503337259066,3.061555748272472
2872,14.36,5.250292770420282,4.074121223860673,4.177963549545136
2873,14.365,5.938731450540532,4.9438097726378905,5.114324124659646
2874,14.37,6.535189276500244,5.687035692042733,5.833939125375965
2875,14.375,7.030903571414864,6.276243508756478,6.398264868472675
2876,14.38,7.422614449300227,6.718222511326752,6.8152899872806305
2877,14.385,7.709475783319898,7.03702725011467,7.084510849172997
2878,14.39,7.891322998281945,7.262889666886977,7.226239180893707
2879,14.395,7.967687593342433,7.420746303138589,7.265565026711814
2880,14.4,7.937189717579322,7.521193449037578,7.220061241555047
2881,14.405,7.797091830914392,7.560154403232468,7.090793193746294
2882,14.41,7.542877623623391,7.52587723985436,6.8795839307649365
2883,14.415,7.167755201502738,7.405574127353569,6.596607566148918
2884,14.42,6.661986714408198,7.187842984180891,6.236756311808387
2885,14.425,6.011923747520344,6.862147674798767,5.780219747740377
2886,14.43,5.198579799700659,6.417320660161395,5.224712921499544
2887,14.435,4.195507280142621,5.83991243472736,4.591551492302944
2888,14.44,2.965743133178331,5.112419993497953,3.8914099779655507
2889,14.445,1.4580771126199374,4.211119707809131,3.1166514239493943
2890,14.45,-0.3938354040176884,3.103129040932507,2.242119250991632
2891,14.455,-2.6477238381791453,1.7424134843429457,1.2035440829633375
2892,14.46,-5.189450815397231,0.0655039721937607,-0.11081860500182028
2893,14.465,-7.088891066174565,-2.006053849383936,-1.7965227907522054
2894,14.47,-6.617815911069393,-4.51521793403764,-3.875318474632625
2895,14.475,-4.460599192596323,-7.1568939008993855,-6.085895862730361
2896,14.48,-2.238443826689692,-8.122835833316747,-6.838373829337927
2897,14.485,-0.4027340309320812,-4.852799058773524,-3.84979513616811
2898,14.49,1.048704022485735,-0.6796633170498261,-0.05896658083045292
2899,14.495,2.1839341903962124,1.740925938351635,2.1780230776731484
2900,14.5,3.062856156418881,3.126740643469724,3.497536195179503
2901,14.505,3.72997207471508,3.9469703288402798,4.333397531991235
2902,14.51,4.217648018057303,4.37262291919383,4.88302766858458
2903,14.515,4.549918575342385,4.4373492647337995,5.2361046048136215
2904,14.52,4.7454946148091,4.258848682404305,5.43695945980351
2905,14.525,4.820126074354059,4.074224568867592,5.508884220641466
2906,14.53,4.788653680139893,4.09750932662815,5.463851529749307
2907,14.535,4.667035756995047,4.236644705631123,5.309269545666449
2908,14.54,4.474525319740711,4.315429778554637,5.052839996622929
2909,14.545,4.2359510932511295,4.2926910820517765,4.704684973207605
2910,14.55,3.983605722101157,4.181596006738206,4.280250463828733
2911,14.555,3.757508573760075,4.00894953937153,3.804251487548349
2912,14.56,3.60213498363982,3.8090568338323934,3.3142896303748666
2913,14.565,3.55823903170994,3.624011766522224,2.858224283598026
2914,14.57,3.6514266528893606,3.5022115160233707,2.4872737270444585
2915,14.575,3.883310749514524,3.491396279518082,2.2596807607984477
2916,14.58,4.231345700484251,3.6253481227057778,2.251232752633893
2917,14.585,4.657497978204779,3.9092989580806607,2.5314174924058563
2918,14.59,5.119797409933104,4.31450115313445,3.094613309176741
2919,14.595,5.580819372285037,4.788369237397023,3.8457563598927424
2920,14.6,6.0112783689736045,5.273838784403151,4.668799879176574
2921,14.605,6.390049877048187,5.725150293044651,5.489019145718109
2922,14.61,6.702562204873162,6.113758643127206,6.21815374190687
2923,14.615,6.938856291636872,6.426649942410421,6.758624996765949
2924,14.62,7.091883943669326,6.6615206734453905,7.062941740578161
2925,14.625,7.15618031354694,6.8214441477441525,7.189727797900268
2926,14.63,7.126860598612157,6.910174141576485,7.2014356437099805
2927,14.635,6.998835771789768,6.928934021546659,7.0990381854513505
2928,14.64,6.766136386790248,6.8752122348291795,6.882309127566536
2929,14.645,6.421235836565106,6.74319949413539,6.565505324825178
2930,14.65,5.954254744526379,6.5248085854878015,6.165737614570119
2931,14.655,5.35189148749026,6.210345199154398,5.6905575734546465
2932,14.66,4.595837263554406,5.788468339245748,5.134775187699243
2933,14.665,3.660248020821751,5.245457747064117,4.4961679364070495
2934,14.67,2.507441094674461,4.5638272185860504,3.771793533756269
2935,14.675,1.08005640666049,3.720115470338485,2.9360975080414944
2936,14.68,-0.7143704179150867,2.6813155768927746,1.948249808474984
2937,14.685,-3.0365483279569627,1.3987246769682344,0.7726234204953562
2938,14.69,-6.191660296305226,-0.20349566977037803,-0.6367728468255685
2939,14.695,-10.751753629447691,-2.251476464265397,-2.3857171764907816
2940,14.7,-15.602035467696458,-4.97296714306089,-4.68164179644404
2941,14.705,-11.95560060214577,-8.81811113434225,-7.94375268321734
2942,14.71,-7.435419687054992,-14.627656558419348,-12.96347770630008
2943,14.715,-4.422089161950979,-19.44402059726592,-17.16955861502204
2944,14.72,-2.317045511916536,-6.259605167446589,-5.419830837791647
2945,14.725,-0.7800491822895138,-0.5596741191976378,-0.24815183970619792
2946,14.73,0.3655864899407312,1.1646581184163836,1.4001410009868471
2947,14.735,1.2200986545077366,2.1695013920059867,2.398860942058354
2948,14.74,1.845265598942388,2.765353670641952,3.039568251271406
2949,14.745,2.2820007934446687,3.046165676677206,3.476579478583133
2950,14.75,2.559402520040184,2.7001974245840326,3.7550753527319074
2951,14.755,2.6999886040377663,2.0280702221504656,3.8992373140005365
2952,14.76,2.7231791119921307,1.4635569173572396,3.922184450111641
2953,14.765,2.648011031378501,1.7903350952474537,3.8260314210966238
2954,14.77,2.4955469665852315,2.1385444214577465,3.614200320421662
2955,14.775,2.291055281822453,2.263945628014751,3.2967211301449915
2956,14.78,2.065578029239002,2.2441814163795266,2.885020455574776
2957,14.785,1.8559135332902053,2.1346256099007253,2.3967333542913014
2958,14.79,1.7016215949894196,1.980236742013695,1.8587484172535977
2959,14.795,1.63823673782933,1.8254270573221114,1.3216766560430981
2960,14.8,1.6881883700440543,1.7160498421089092,0.8439527218941905
2961,14.805,1.8538307625936004,1.6947926485335598,0.45698584720423696
2962,14.81,2.1170704326559626,1.7911211687356556,0.18548212058164637
2963,14.815,2.4459006174946434,2.010357726501926,0.1319775813843318
2964,14.82,2.8036586050159724,2.3297098538063725,0.4627766939799507
2965,14.825,3.156401678181333,2.705920793264377,1.146104585000404
2966,14.83,3.4765765618615334,3.090286859149183,1.9858298154657157
2967,14.835,3.743661618784912,3.441817744498318,2.793361587281228
2968,14.84,3.943236370664476,3.7331962399944674,3.6519801161810195
2969,14.845,4.065613501440236,3.950423176949042,4.365791353067948
2970,14.85,4.104639107295374,4.089341935374184,4.783762984124248
2971,14.855,4.056909552497148,4.151377136040069,4.7489444893886175
2972,14.86,3.9214988399556585,4.1397323960192765,4.6060099031566
2973,14.865,3.700268276256335,4.056893092263968,4.422243853850176
2974,14.87,3.3988717307054186,3.9039478883787773,4.101161041831757
2975,14.875,3.028608824525054,3.6816113012544625,3.663536289015736
2976,14.88,2.6092002810432167,3.3923512323045157,3.142929614771309
2977,14.885,2.172123652177397,3.043126154371665,2.59420278278103
2978,14.89,1.762986344222227,2.648650908658722,2.0430205433314192
2979,14.895,1.4395007879203785,2.235225729665631,1.4864430738028953
2980,14.9,1.260705593301232,1.844444678919876,0.9882382943292756
2981,14.905,1.2673434903617464,1.5341378702550643,0.6402756349461063
2982,14.91,1.4635027195523675,1.3711640298984529,0.45892431570666936
2983,14.915,1.814075544412284,1.4108587348533752,0.4459436210278529
2984,14.92,2.260262957022176,1.6678691715953318,0.6466208782885694
2985,14.925,2.7400859482521605,2.0996775632973685,1.0982518669829573
2986,14.93,3.201483763713942,2.6222198861015813,1.7026028635289943
2987,14.935,3.6058995042085327,3.1464259055124746,2.4016916958978225
2988,14.94,3.9262871296056,3.60586352647055,3.1139046408163944
2989,14.945,4.143381984711134,3.9631796932004546,3.7527798101863734
2990,14.95,4.24211724598401,4.203797931812102,4.122396278644168
2991,14.955,4.208653640238463,4.326866338415531,4.3284221797491895
2992,14.96,4.0278523742432615,4.336875618203911,4.430386440827173
2993,14.965,3.6807863532737546,4.236252654860635,4.3780964814578605
2994,14.97,3.141744296073601,4.019826731612821,4.169143744615592
2995,14.975,2.37395414699089,3.672298426515049,3.800405904510015
2996,14.98,1.3228334498451664,3.167969428956585,3.257887707404422
2997,14.985,-0.0947980492045534,2.470112828415305,2.5192180770331096
2998,14.99,-2.0041363636364413,1.5273695181810232,1.5488840413137006
2999,14.995,-4.550150390508328,0.2653009453001207,0.2900293658594766
3000,15.0,-7.476120583533597,-1.4283302891765501,-1.3487915107229007
3001,15.005,-8.192845872418845,-3.7193887624020903,-3.507824445867076
3002,15.01,-5.209829600683992,-6.766137611338266,-6.322073659002701
3003,15.015,-1.852484061459654,-9.869305058862324,-9.16552345054921
3004,15.02,0.8680932346334219,-7.934177429925729,-7.498573070075874
3005,15.025,3.0341087665452178,-0.7226668531263281,-1.0739259282009668
3006,15.03,4.791321651623205,3.2236006060598394,2.534645063251379
3007,15.035,6.242323597591113,5.330511937629102,4.561122147760269
3008,15.04,7.454802541565508,6.706632137873038,5.978674000595152
3009,15.045,8.47419576360333,7.666966253251607,7.080911880348822
3010,15.05,9.331903503081008,8.235316538471048,7.9774469977313665
3011,15.055,10.050207438897845,8.417120875037106,8.710016710746062
3012,15.06,10.645238336385068,8.467452715290346,9.298179136420888
3013,15.065,11.128812766265064,8.765429270934648,9.75149675881567
3014,15.07,11.509599618164293,9.415169192447564,10.074286125554075
3015,15.075,11.79387528969992,10.039370285504404,10.27143514717259
3016,15.08,11.986015708493824,10.528181367278155,10.348856786446502
3017,15.085,12.088811390091823,10.89081513757534,10.312165463061781
3018,15.09,12.103655650092309,11.143202179956063,10.168353501030513
3019,15.095,12.03063371508277,11.296195978165038,9.929615497793325
3020,15.1,11.868525110478846,11.356314925031704,9.615005069147912
3021,15.105,11.614719260664486,11.326987022276667,9.239249344601316
3022,15.11,11.265031657112754,11.20930636781734,8.810714350086863
3023,15.115,10.813392061370823,11.00239993982289,8.364248914564337
3024,15.12,10.25135249035518,10.7035245748291,7.98967613526365
3025,15.125,9.567323274138186,10.307949792250131,7.760831606102921
3026,15.13,8.74537481320804,9.808627256943293,7.638599359161995
3027,15.135,7.763308249728156,9.195596376254084,7.512051635103502
3028,15.14,6.58942730455715,8.45500977338187,7.3177093060952565
3029,15.145,5.176863495374918,7.567554682852471,7.012156258656184
3030,15.15,3.4529900595643355,6.505844311033244,6.453357457991727
3031,15.155,1.2983667414916031,5.229941354999472,5.504884794213952
3032,15.16,-1.496664123157574,3.679277588100132,4.132868734739346
3033,15.165,-5.298745464809812,1.757154800006016,2.3969203476596594
3034,15.17,-10.131381294926902,-0.7009230344944548,0.16437825397679084
3035,15.175,-10.377293662404613,-3.993476964603495,-2.8563599930990637
3036,15.18,-6.051129059823069,-8.642608531922107,-7.11963202229321
3037,15.185,-2.761046074652059,-14.28146695583066,-12.282664510207814
3038,15.19,-0.482836618660876,-9.220315508875327,-7.92637376043141
3039,15.195,1.1475450309882649,0.3194724682688159,0.4845278110007136
3040,15.2,2.3371262896100258,2.773761317858612,2.6732840468202794
3041,15.205,3.202703025240429,4.052474014258909,3.859391201290606
3042,15.21,3.814191837449579,4.728024144292835,4.558510106353243
3043,15.215,4.215688551373117,5.074551944389044,5.011029147992144
3044,15.22,4.436125646607808,4.933599364898687,5.273563300247981
3045,15.225,4.495124423920382,4.323665728046664,5.406436938947997
3046,15.23,4.406585540348059,3.6127471671350846,5.448846411079118
3047,15.235,4.181311184839815,3.4287019386609052,5.403898739901704
3048,15.24,3.829482488242753,3.6489287419794243,5.271342856662638
3049,15.245,3.363713093691448,3.6648548273430173,5.029108924214969
3050,15.25,2.803458417056856,3.4812095111157277,4.616925226284298
3051,15.255,2.181477647514732,3.142586039314528,3.9994217320522574
3052,15.26,1.552006502137611,2.683453652818988,3.2449351767231565
3053,15.265,0.9966599023031208,2.140773213354365,2.404605955546397
3054,15.27,0.6173450551781666,1.5668633275026775,1.5295827384685339
3055,15.275,0.5041688930622915,1.0411185446714306,0.699877017017819
3056,15.28,0.688665326776636,0.6739085890231467,0.012885035473768625
3057,15.285,1.1242863044022264,0.5853534260880515,-0.3725430525270026
3058,15.29,1.716324054182233,0.8461550411607339,-0.2423476596609877
3059,15.295,2.3683481861146145,1.4155098798312298,0.459353927671863
3060,15.3,3.008185857609412,2.152426251520619,1.5248156407107025
3061,15.305,3.590848356532508,2.901218564799268,2.6604544817321747
3062,15.31,4.091632077556694,3.5587170453305244,3.778843340462892
3063,15.315,4.49849101536032,4.080996171572464,4.803133354978739
3064,15.32,4.806526408271664,4.462930356052566,5.55658608381594
3065,15.325,5.014602556304832,4.720458883358333,5.897434094644802
3066,15.33,5.123449887067824,4.879032756225067,5.950377075788697
3067,15.335,5.134700601092511,4.9633240517527835,5.936104837557444
3068,15.34,5.050509367986775,4.988329244321585,5.806527416627921
3069,15.345,4.873583055902287,4.956608901384767,5.5341010504858765
3070,15.35,4.607566787071183,4.862729056220448,5.151554961317023
3071,15.355,4.257825193587661,4.69975452531666,4.6959894999527245
3072,15.36,3.832725830825971,4.463275548740885,4.1986035605645995
3073,15.365,3.345555131950962,4.15285869536008,3.650827218744447
3074,15.37,2.817093147853036,3.772657949616823,3.0604142737824764
3075,15.375,2.278456113414771,3.3324450508106462,2.4777748431228024
3076,15.38,1.772838542306561,2.8495601912450765,1.9177485955888436
3077,15.385,1.353349404313483,2.351706281541296,1.361835793428336
3078,15.39,1.0736935095674045,1.8796741120393348,0.8486619006624014
3079,15.395,0.9719928834208856,1.487521325326814,0.4900871860090783
3080,15.4,1.0557078331637513,1.235853202944412,0.35872687956938965
3081,15.405,1.2989237192553025,1.1745660569056438,0.4917429697973388
3082,15.41,1.6543538319007736,1.3193336031170206,0.8984524892015822
3083,15.415,2.070562824369913,1.638222369752389,1.509119728978134
3084,15.42,2.5041884043236484,2.0633170840980224,2.1332471326804034
3085,15.425,2.9244353781850485,2.519989717252342,2.6764338112432955
3086,15.43,3.31245444357333,2.9512628006233634,3.1886326348829295
3087,15.435,3.658802198100173,3.3257885279151145,3.6326714358755923
3088,15.44,3.960810954243077,3.6343030088984403,3.978879878416422
3089,15.445,4.220494074626807,3.8825333312696415,4.239195275887687
3090,15.45,4.443012593747864,4.084171122177991,4.423862009941849
3091,15.455,4.635530183701509,4.2547558356791235,4.545111226070215
3092,15.46,4.806267482576993,4.407345673255124,4.616376664400805
3093,15.465,4.9636204300778894,4.550940504841791,4.65132275704407
3094,15.47,5.115286627784293,4.6913155879021895,4.663359900138838
3095,15.475,5.267428373811272,4.832618102608398,4.665337730132262
3096,15.48,5.423969183491125,4.978290309765299,4.669193202439738
3097,15.485,5.586146621770779,5.130994883462582,4.6856663178218625
3098,15.49,5.752412385228929,5.2919704662530265,4.724109257153695
3099,15.495,5.918691159898788,5.460369907481234,4.792010696558113
3100,15.5,6.078919568618235,5.632953350232016,4.893960026200837
3101,15.505,6.22572755999429,5.804268817109748,5.030329826545635
3102,15.51,6.35111837711487,5.967245872802593,5.196218816574565
3103,15.515,6.447041666891272,6.113998037153219,5.3812068949538965
3104,15.52,6.505811683876383,6.236601543537793,5.570418878335253
3105,15.525,6.5203746528638415,6.327678569118858,5.746735118570292
3106,15.53,6.48446439330815,6.380715849317842,5.893044446118226
3107,15.535,6.3927038966277605,6.390145096111137,5.993714282772142
3108,15.54,6.240720088429757,6.351271701058124,6.03563833160487
3109,15.545,6.025348344023808,6.26015942013766,6.009272650267211
3110,15.55,5.745019711405951,6.113572953637818,5.909269076422351
3111,15.555,5.400450784752885,5.9090648951656455,5.7343088779623
3112,15.56,4.99578869186657,5.64528530436485,5.4864461109858516
3113,15.565,4.540373950634007,5.322603327264321,5.170648278717518
3114,15.57,4.051189987418919,4.94416347435644,4.79498020078189
3115,15.575,3.555688090938585,4.517538624511273,4.371540900907384
3116,15.58,3.093746806450985,4.057131694294158,3.918186296356204
3117,15.585,2.7160534345392096,3.587275110039176,3.46098900592607
3118,15.59,2.4754581149562487,3.1452938627488143,3.0368150091680386
3119,15.595,2.4108870187907163,2.7822898287976714,2.694020781612269
3120,15.6,2.531109304960266,2.5573870736231243,2.4874582387481956
3121,15.605,2.810169323325851,2.5213003137406513,2.4640494540840576
3122,15.61,3.198323090339973,2.6922651769656443,2.6414780279462944
3123,15.615,3.6395462257781706,3.040117343267714,2.9938491201028334
3124,15.62,4.084600100524165,3.4952749192102006,3.459206910918269
3125,15.625,4.496094571976709,3.977782860759744,3.964812695316669
3126,15.63,4.847975005275963,4.423455307798434,4.449953441643697
3127,15.635,5.122810640813964,4.793396017691197,4.8741140352722025
3128,15.64,5.308911076856361,5.070856927307406,5.214106330435214
3129,15.645,5.398019180915711,5.253912581280256,5.458043924121535
3130,15.65,5.383682980607194,5.348092338353584,5.600317599111044
3131,15.655,5.260205591483514,5.359921483304732,5.638342018656857
3132,15.66,5.022080264224194,5.292232321825846,5.570722496611338
3133,15.665,4.663927703044846,5.142362301392628,5.396387310952517
3134,15.67,4.18116029293365,4.9031645049648525,5.11432328065346
3135,15.675,3.571983932360621,4.565347020754517,4.723718746304487
3136,15.68,2.8420762984423065,4.119796794583301,4.224546737677855
3137,15.685,2.014476281480166,3.5598648495186422,3.6189276711537115
3138,15.69,1.1481031412621128,2.8849044937982224,2.914133928200495
3139,15.695,0.3638316728620858,2.10755161642629,2.1290637358409
3140,15.7,-0.1463671040283458,1.2687431700980025,1.3074741437227022
3141,15.705,-0.187707844090722,0.46480306973414987,0.5416838138983584
3142,15.71,0.2916875236394699,-0.11950072915893184,0.0013638718946857864
3143,15.715,1.15147734719645,-0.22173240951879603,-0.07659165805367074
3144,15.72,2.182631994501612,0.34495538849884966,0.4753653007183516
3145,15.725,3.2261573101929644,1.4627974673996533,1.5513555242888137
3146,15.73,4.194860798331596,2.7662332544107766,2.821933610191046
3147,15.735,5.050134714504968,3.9549043121268674,4.01314477571644
3148,15.74,5.7786060357207445,4.9129018599223295,5.015108915210361
3149,15.745,6.378193375844594,5.6318007814991615,5.814680579534901
3150,15.75,6.851072643937906,6.140690552704538,6.429290769230263
3151,15.755,7.200361381120775,6.484460451416825,6.879840613157118
3152,15.76,7.42860018302782,6.717274148411194,7.183410852386929
3153,15.765,7.537060606292517,6.8864306690989245,7.3524540392806195
3154,15.77,7.52542150744611,7.0117387583786535,7.395699002342948
3155,15.775,7.3916140360432445,7.08295596945723,7.319288928496546
3156,15.78,7.131780176844783,7.077512870983295,7.127655655631502
3157,15.785,6.740412277713908,6.975586288400711,6.8241408550894675
3158,15.79,6.210928458077058,6.763196310031853,6.411549382911866
3159,15.795,5.53733464371396,6.4299908972886755,5.892673114962584
3160,15.8,4.718523174579273,5.967125401935854,5.270822552040683
3161,15.805,3.768690597623872,5.366820449652213,4.5509379051338925
3162,15.81,2.740513062782695,4.624421000925637,3.742496894907021
3163,15.815,1.7671807428962758,3.7451072240481436,2.865498031081009
3164,15.82,1.0994783702619102,2.7605390758182784,1.9621470299718906
3165,15.825,1.028790727869021,1.7651929488576017,1.122900422826182
3166,15.83,1.6402134136560391,0.9775306934916057,0.5363063784742588
3167,15.835,2.7172591651178317,0.7695917512225527,0.5173078446295678
3168,15.84,3.966343996685608,1.4645770657323092,1.3334273883046563
3169,15.845,5.195533742010575,2.906744446493396,2.8260811669368326
3170,15.85,6.317786146635715,4.53258379252923,4.4750605390983305
3171,15.855,7.304103336112621,5.942832861983035,5.912215130923887
3172,15.86,8.15072918233071,7.039499943169894,7.050308098760063
3173,15.865,8.863185819883068,7.848792613038739,7.923512626159807
3174,15.87,9.44944822634163,8.420446657613075,8.584005667658332
3175,15.875,9.917222842738092,8.81427809326469,9.072778244052882
3176,15.88,10.272945378030316,9.103497501143234,9.418601826631157
3177,15.885,10.521463785519671,9.354639394078518,9.641629265825493
3178,15.89,10.665967254398934,9.594182204591423,9.755726206068793
3179,15.895,10.707972384816388,9.804611139310815,9.770119877291831
3180,15.9,10.647279848437638,9.955680272088404,9.691144855106092
3181,15.905,10.481852386564288,10.026279805161995,9.52357045260186
3182,15.91,10.207571518795204,10.005268222880392,9.271289153595468
3183,15.915,9.817816998233337,9.886370228310422,8.938490902391585
3184,15.92,9.302778716804983,9.664408911746328,8.531295865497134
3185,15.925,8.648342595415404,9.333192562592139,8.058010597665149
3186,15.93,7.834256914945161,8.88416369850226,7.5277527946890626
3187,15.935,6.831003299886966,8.305144268296457,6.948111311126785
3188,15.94,5.594160096595678,7.578693882670965,6.319088859723255
3189,15.945,4.053464468959803,6.67954075626327,5.621647709695332
3190,15.95,2.0893297977683027,5.570176704568357,4.8081663765665805
3191,15.955,-0.5251873382098439,4.1927331166736925,3.8008266202935372
3192,15.96,-4.30014969673628,2.452702465854898,2.486451963198694
3193,15.965,-10.712673763870743,0.18262048973728184,0.6860203259815529
3194,15.97,-16.241980989346835,-2.951810184831137,-1.9284856199639586
3195,15.975,-7.611070128387518,-7.751060046887037,-6.0927049138859
3196,15.98,-2.9444693615511275,-16.703558058539976,-14.031332277870478
3197,15.985,-0.0366656075019378,-20.855953763089083,-17.789933909067777
3198,15.99,1.9963404130405584,3.4548979162982407,3.7378624022123907
3199,15.995,3.498832498664191,4.0739801415919,4.337226643456663
3200,16.0,4.637502601893198,5.550385554343853,5.6687969302348815
3201,16.005,5.504920874554249,6.267781540345126,6.324864946182053
3202,16.01,6.157360346171823,6.8273221900339225,6.8415738769264
3203,16.015,6.631233856691063,7.046666997413503,7.216229294508069
3204,16.02,6.951182763907458,6.398246208893781,7.476448714150996
3205,16.025,7.134466594741518,5.522698085903855,7.631524990822425
3206,16.03,7.1935685812116335,5.028961602198819,7.6840395952440605
3207,16.035,7.1379098559107,5.940238200625957,7.621545242639708
3208,16.04,6.975148683089255,6.344004818830446,7.441096209955614
3209,16.045,6.7123701535895455,6.481563935152977,7.148637170115942
3210,16.05,6.357413380916189,6.449668895542712,6.745283743642126
3211,16.055,5.920575419872668,6.28762363386834,6.232869030279282
3212,16.06,5.416914866724625,6.0172001290176835,5.614670085360205
3213,16.065,4.869238740601497,5.654995308558494,4.920296377530271
3214,16.07,4.311361473324947,5.218371404026906,4.173680662901641
3215,16.075,3.7900647892893295,4.729945864021327,3.359816055673871
3216,16.080000000000002,3.3624829754142893,4.221939350850566,2.503009113213892
3217,16.085,3.0852129799212804,3.7399098592281272,1.8213690024404303
3218,16.09,2.9959558378418034,3.34324744318854,1.6292977130694286
3219,16.095,3.0975797826839986,3.097450004798497,1.8989188453250798
3220,16.1,3.357207298015588,3.0541899921317635,2.4270886947391026
3221,16.105,3.721167465741011,3.225060102838109,3.093864574926474
3222,16.11,4.133814515721727,3.5688746936207822,4.117850201837363
3223,16.115000000000002,4.54948876788999,4.0081033821914245,5.056118821541149
3224,16.12,4.935984487729426,4.462479473587144,5.699626651328735
3225,16.125,5.273055168279178,4.873622969018396,5.821453069202186
3226,16.13,5.549403163530843,5.210801792046928,6.060697163290143
3227,16.135,5.759905967300244,5.465471008456807,6.266788666362354
3228,16.14,5.90359707630688,5.643277562579893,6.2907988442222615
3229,16.145,5.9823761194647895,5.756654817959219,6.211663919009097
3230,16.15,6.000270784890272,5.818561701174007,6.054405098024578
3231,16.155,5.963069401750954,5.838394172012936,5.887845791810418
3232,16.16,5.878172281949099,5.821145367742974,5.699409221278419
3233,16.165,5.754531361537435,5.769245779133115,5.4433868726392465
3234,16.17,5.602554051974548,5.6851321363384795,5.189130110985554
3235,16.175,5.433847170827645,5.573020463522873,4.987409669294218
3236,16.18,5.260689766473531,5.43956081596526,4.748852668747589
3237,16.185,5.09517500672215,5.293676057488832,4.434452843611579
3238,16.19,4.948068598010246,5.145877343569331,4.142783857216039
3239,16.195,4.827579716733163,5.007182784923363,3.98775597160754
3240,16.2,4.738366332547716,4.887716613166405,3.9147684422683007
3241,16.205000000000002,4.6811102228848025,4.7951693280118235,4.003634111716801
3242,16.21,4.652851986850602,4.733470194178683,4.222717954940934
3243,16.215,4.648030495306289,4.70211660027154,4.487647540712808
3244,16.22,4.659957870686647,4.696488981263918,4.530860689514807
3245,16.225,4.6823853740423775,4.70915377049961,4.642795024721097
3246,16.23,4.71087830235488,4.731792020500455,4.8118322339537976
3247,16.235,4.743837416630355,4.75720842000799,4.93274160978491
3248,16.240000000000002,4.783093510433049,4.780954352672699,5.031324915749121
3249,16.245,4.834023035238923,4.802330718350175,5.102520362211964
3250,16.25,4.905106653060127,4.8247489469413525,5.148488960207385
3251,16.255,5.006841280741613,4.855521191713838,5.177437042758926
3252,16.26,5.149996469405876,4.905125385650461,5.2019272091025455
3253,16.265,5.343419962000777,4.985916991493453,5.237202130859448
3254,16.27,5.591882221585349,5.110240390822308,5.299140998687137
3255,16.275,5.894615652723102,5.2880333877211525,5.401758178294547
3256,16.28,6.245054758116405,5.524342146228618,5.554623107141157
3257,16.285,6.631828402138417,5.817506886594888,5.760930983521147
3258,16.29,7.0405669005691145,6.158810922580139,6.01694342883512
3259,16.295,7.455869660643898,6.533893265185675,6.313075951812845
3260,16.3,7.86290315595954,6.925433394100908,6.636195571945483
3261,16.305,8.248394580628108,7.316083566321103,6.972135388839542
3262,16.31,8.601047178299398,7.690698941755039,7.307468863276045
3263,16.315,8.91153486896443,8.037425410590021,7.630188754759071
3264,16.32,9.172252254010427,8.34772683850968,7.92959022724486
3265,16.325,9.376956954521686,8.615715610502352,8.195928059523801
3266,16.330000000000002,9.520389547248598,8.837199304172755,8.420300323188563
3267,16.335,9.597913928802736,9.008774437443739,8.594887707280561
3268,16.34,9.605192996070706,9.127161156109578,8.713323507308447
3269,16.345,9.537898910755192,9.188826878081784,8.77084202751194
3270,16.35,9.391450160152418,9.189835386108337,8.764080559677662
3271,16.355,9.160766381688031,9.12581044228762,8.690686342803057
3272,16.36,8.840035787807274,8.991915432004571,8.54888657823482
3273,16.365000000000002,8.42250141639773,8.782792072230638,8.337045939774
3274,16.37,7.900299441222566,8.492442066607687,8.053185753795706
3275,16.375,7.264445983245686,8.114064599111988,7.694468507149546
3276,16.38,6.505218289078173,7.639886960507553,7.256693868143261
3277,16.385,5.613531835136866,7.0610661445241005,6.73390628477726
3278,16.39,4.584752916365367,6.3678350710354845,6.118312804690331
3279,16.395,3.4282442883460664,5.550301691268034,5.400918782282317
3280,16.4,2.1892172174889843,4.600876335301445,4.573775692088426
3281,16.405,0.9903090569353404,3.5206401150927586,3.635896729976568
3282,16.41,0.0748982006341531,2.3348803347517433,2.6074677053501585
3283,16.415,-0.2528886386815737,1.127728215262744,1.561181926435752
3284,16.42,0.123557147527399,0.10390088203394843,0.6778668481971764
3285,16.425,1.0008582267914796,-0.36820477169716703,0.28580313174034
3286,16.43,2.0729103518080243,0.06953191904093448,0.7070378235005945
3287,16.435,3.132747137994933,1.3132794047734428,1.85534299827845
3288,16.44,4.084946769800184,2.792620929067474,3.229249064349899
3289,16.445,4.896842209228324,4.067544946735112,4.441146225069733
3290,16.45,5.563088390557328,5.020729420675517,5.390413887153232
3291,16.455000000000002,6.088371504603133,5.675534735828386,6.102803923407109
3292,16.46,6.480067105101389,6.081637961403389,6.623080885278086
3293,16.465,6.745361462995199,6.29770730768421,6.9858549519012385
3294,16.47,6.890250671508972,6.396668277877472,7.213429027252384
3295,16.475,6.919319624336761,6.44789760139914,7.319065347789262
3296,16.48,6.835864917132951,6.482222323652435,7.310296338270298
3297,16.485,6.642221797216737,6.4836409471349,7.191513002152275
3298,16.490000000000002,6.340310300994595,6.420573787583162,6.965780052582261
3299,16.495,5.932535050041724,6.270841302304383,6.63614868195042
3300,16.5,5.423312587889535,6.024026410419973,6.20690382669711
3301,16.505,4.821684944618816,5.676996039929697,5.684894958944124
3302,16.51,4.145659474817476,5.231293713469597,5.080876420176097
3303,16.515,3.4287927788034125,4.69339107176582,4.411409264221736
3304,16.52,2.72816963305628,4.07755969001879,3.7029117695586793
3305,16.525,2.128625123218094,3.4115765007506194,2.9980664652596234
3306,16.53,1.7313215398668622,2.7453239157663436,2.360857003817641
3307,16.535,1.616859007301699,2.159790740349183,1.8756583821192145
3308,16.54,1.8003302142527549,1.7666217195079472,1.6383837343359624
3309,16.545,2.221622991374842,1.6791807659926157,1.731965015326291
3310,16.55,2.78211106916603,1.9479154085549881,2.1768486100675215
3311,16.555,3.388767095394932,2.5072660051282196,2.8879087047415988
3312,16.56,3.974871994978562,3.2054872978679128,3.702671435790652
3313,16.565,4.500051728219052,3.8937262523798255,4.468722565117982
3314,16.57,4.942882007515348,4.481126306183119,5.101709327856513
3315,16.575,5.293726731446727,4.932882735614603,5.579630421886469
3316,16.580000000000002,5.549858135566539,5.24913941200314,5.908981142474346
3317,16.585,5.7126572225945,5.448889155054225,6.103170557211841
3318,16.59,5.78627475095078,5.55914699222147,6.177426817130804
3319,16.595,5.777265885584601,5.604923971957529,6.147624673646616
3320,16.6,5.694900066124284,5.6014843642261924,6.0286894461124145
3321,16.605,5.551955693852147,5.553576119007638,5.833943417991788
3322,16.61,5.365795749013854,5.461315213143243,5.576683914464856
3323,16.615000000000002,5.159351943690979,5.327088810605781,5.272332044892515
3324,16.62,4.961316199973856,5.159713668603766,4.9393342436189736
3325,16.625,4.804494641156173,4.976059180071363,4.600966784301651
3326,16.63,4.721381992973345,4.801172136839682,4.289050990537054
3327,16.635,4.737201120847429,4.666773731234331,4.044879499790557
3328,16.64,4.862821507224186,4.607003247475526,3.9132037452708937
3329,16.645,5.0913156277650975,4.650626823558034,3.9311354057831647
3330,16.65,5.400314357274746,4.811251725047297,4.115637127973709
3331,16.655,5.758654288794839,5.080320754408547,4.454028351251814
3332,16.66,6.13360442812766,5.428092466263762,4.905350238249031
3333,16.665,6.49583950350018,5.812977248376278,5.414879987107399
3334,16.67,6.821525475476637,6.193614246960628,5.930040144505615
3335,16.675,7.09231302222748,6.537367713503224,6.406491218462959
3336,16.68,7.294296234157516,6.823098708610121,6.809601154064132
3337,16.685,7.416673805020585,7.039740825283298,7.116307344966353
3338,16.69,7.450469971776769,7.182955376308676,7.314925876234717
3339,16.695,7.387420093689814,7.251410453124725,7.40198977732684
3340,16.7,7.218998182082209,7.243607921266574,7.378135645139949
3341,16.705000000000002,6.93551044771361,7.155837595357034,7.245183400917989
3342,16.71,6.525160019534029,6.98137768948517,7.004731385321928
3343,16.715,5.9729862951860735,6.710516576551251,6.657282446166736
3344,16.72,5.259612166226556,6.3307227731977935,6.201261336896216
3345,16.725,4.359883598114578,5.826450625038772,5.631931480189167
3346,16.73,3.242109302069087,5.178381288779222,4.9402644540085
3347,16.735,1.871045885922216,4.362151285414995,4.111609365218074
3348,16.740000000000002,0.2271624324311159,3.346943622767996,3.124309804045742
3349,16.745,-1.612174386193703,2.0954102283881806,1.9496176579960234
3350,16.75,-3.2225417808826755,0.5707163372443764,0.5579114577329394
3351,16.755,-3.625673626594386,-1.2267706089694457,-1.0491142050614606
3352,16.76,-2.397586284284417,-3.112423281735172,-2.7082855826325005
3353,16.765,-0.4369761158720792,-4.288673889227807,-3.7131040950873544
3354,16.77,1.4987914050274846,-3.1942666709094496,-2.675720374214009
3355,16.775,3.1856275885247163,-0.035522367981184466,0.22624454191976895
3356,16.78,4.608201960198692,2.830283637979485,2.898318188910669
3357,16.785,5.798813196198682,4.753440110731703,4.753557256708786
3358,16.79,6.793292133746781,6.0365624219029375,6.059136050700373
3359,16.795,7.621753307277235,6.896253793406187,7.023319499866748
3360,16.8,8.307973143678872,7.426076726625682,7.759105692733838
3361,16.805,8.870554499152714,7.701911735841002,8.32514550214987
3362,16.81,9.324206474866925,7.871370295865816,8.753500415083225
3363,16.815,9.680796078713056,8.108542208758696,9.062462574368926
3364,16.82,9.950156417734114,8.4684355376802,9.263088601171429
3365,16.825,10.140702893693556,8.850790390460947,9.363596318944992
3366,16.830000000000002,10.25990946677198,9.174992244215012,9.371513383359211
3367,16.835,10.314683374220008,9.419905139296855,9.294640764052485
3368,16.84,10.311661747566616,9.58751054965927,9.142528465783482
3369,16.845,10.257439844609824,9.685256857330897,8.928367749478115
3370,16.85,10.158728190667802,9.721299439377981,8.669311206582995
3371,16.855,10.022425085733095,9.703557435644901,8.384128566195187
3372,16.86,9.855583166451137,9.639693320049457,8.094971141383258
3373,16.865000000000002,9.665247057660665,9.537239720427868,7.837551046669969
3374,16.87,9.45814767880687,9.403658638339193,7.663119970959155
3375,16.875,9.24026063748754,9.246262202401045,7.610036052343771
3376,16.88,9.01627019938388,9.071967401572033,7.6714600642186195
3377,16.885,8.789017894998963,8.88688593368742,7.805980516303466
3378,16.89,8.559039983797858,8.695787785548822,7.973827416684375
3379,16.895,8.324294225782827,8.50152308586876,8.135820408232599
3380,16.9,8.08013775202875,8.304525487938188,8.233274585253856
3381,16.905,7.819556546476684,8.102528259516452,8.217001366436124
3382,16.91,7.533589805918496,7.890584499207687,8.087906753881095
3383,16.915,7.211866264345116,7.6614016867694925,7.886859372544201
3384,16.92,6.843189220636171,7.405911345598283,7.63065524068867
3385,16.925,6.41617492494424,7.113940643994786,7.313859704130483
3386,16.93,5.920068841148166,6.7748628848523,6.935057792916188
3387,16.935,5.346061138661376,6.378179676619805,6.498110665356974
3388,16.94,4.689759631736333,5.9141167061918996,6.005684720219641
3389,16.945,3.956040954771298,5.374499048391208,5.454355150320969
3390,16.95,3.168213909684765,4.754454015533875,4.840962652199968
3391,16.955000000000002,2.383224529310588,4.05596842669086,4.171282637909508
3392,16.96,1.7092362085360866,3.295108285337866,3.4588094886053007
3393,16.965,1.3039853910144754,2.5155409583230925,2.7340445210145594
3394,16.97,1.315307672249337,1.8097503397403099,2.0774523477664175
3395,16.975,1.7779043119782088,1.3383197082022056,1.644773616538803
3396,16.98,2.582544120350593,1.3063765252616606,1.6343491983318184
3397,16.985,3.5613725987426648,1.8408451940078039,2.168226515249021
3398,16.990000000000002,4.57682170318811,2.8404427088290314,3.158866005635729
3399,16.995,5.546034078155399,4.0249455405775105,4.346190358531348
3400,17.0,6.427884958854587,5.148728450993482,5.48735871037693
3401,17.005,7.205342359651864,6.098316135010379,6.467086341927475
3402,17.01,7.873452684831066,6.851808681365051,7.2765504375431345
3403,17.015,8.432672288258686,7.427415796041455,7.935721227809388
3404,17.02,8.885465565343154,7.86150543163693,8.459940804327196
3405,17.025,9.234635369295404,8.198858465578544,8.861941466019351
3406,17.03,9.48251770040158,8.478469598654275,9.151342519396557
3407,17.035,9.630590600359326,8.718279344190929,9.33424547789639
3408,17.04,9.679270369949126,8.913307425854498,9.414606347725243
3409,17.045,9.627781104751746,9.048005599287844,9.395476580710081
3410,17.05,9.474040387599867,9.107797188914436,9.279874009219846
3411,17.055,9.214534873252523,9.082482812917636,9.071388887517127
3412,17.06,8.844182459866456,8.965066797617528,8.774522340305758
3413,17.065,8.356208729326056,8.749862461539319,8.394710214446329
3414,17.07,7.742129643818983,8.431106373682425,7.938173990463339
3415,17.075,6.992086018987638,8.002111508915007,7.4117507286665205
3416,17.080000000000002,6.096154218868235,7.4548105260482505,6.822059516833166
3417,17.085,5.04819125633114,6.7796900183431985,6.172708628346095
3418,17.09,3.855965104731032,5.966431794389605,5.4600551035953275
3419,17.095,2.565558135828952,5.006234949871151,4.671705055482432
3420,17.1,1.3103777163716266,3.898328173323847,3.793045800350198
3421,17.105,0.365290623912535,2.66669542898585,2.8258744123534685
3422,17.11,0.0728726975723009,1.3993754301299304,1.8270420044761932
3423,17.115000000000002,0.5388505448497907,0.322805999002286,0.9786513092167919
3424,17.12,1.503813503018954,-0.1408944195048356,0.6449352433348619
3425,17.125,2.629113048747036,0.411473594489423,1.1859951329699792
3426,17.13,3.707297953344945,1.8105370036854382,2.463002526534628
3427,17.135,4.65132832994401,3.379702875077993,3.887591586731899
3428,17.14,5.435140418005117,4.66988613618618,5.070541067720294
3429,17.145,6.0568271098465605,5.596965690696716,5.9470767807454745
3430,17.150000000000002,6.522079498715843,6.20343786127483,6.566690863051531
3431,17.155,6.837518009412264,6.545209939275177,6.98515706659203
3432,17.16,7.008127138148489,6.684645182560263,7.241256884369817
3433,17.165,7.036262547198829,6.699943762781631,7.357911014146242
3434,17.17,6.921184833642377,6.663102480934726,7.346744368815321
3435,17.175,6.658684366958632,6.598777640531688,7.2117010724866635
3436,17.18,6.240612375330425,6.478626328927995,6.952115904518918
3437,17.185,5.654269348293813,6.260153050387478,6.565302895896653
3438,17.19,4.881794686462172,5.9115165576198265,6.047577572717997
3439,17.195,3.9002665028583072,5.410086676084851,5.393399352778033
3440,17.2,2.685129133035866,4.735258043822873,4.593717085746331
3441,17.205000000000002,1.226061442985709,3.8638729473686064,3.6345777418734677
3442,17.21,-0.4154082842734196,2.769334964538502,2.4979504996250146
3443,17.215,-1.9423096654892884,1.4279344503934985,1.1707329506664936
3444,17.22,-2.6369048022852764,-0.1522507273473952,-0.32517287976447484
3445,17.225,-1.9296495332266952,-1.8295189615485024,-1.8440942664803028
3446,17.23,-0.3032928903099184,-3.05330898398105,-2.882811136721786
3447,17.235,1.493906685254499,-2.661963799965445,-2.408941805979495
3448,17.240000000000002,3.128979323617913,-0.27111409335245185,-0.09063581489461203
3449,17.245,4.528339827902101,2.4704564279278944,2.589926984870375
3450,17.25,5.700978816132789,4.492651762027459,4.652761575095658
3451,17.255,6.673573769600727,5.865592323787876,6.130274119922284
3452,17.26,7.472369407301333,6.787773742228216,7.1888117658737904
3453,17.265,8.119219023559532,7.369544694057081,7.946644847575907
3454,17.27,8.631483663827158,7.683085596025418,8.48282605618052
3455,17.275000000000002,9.022821843932087,7.844376805659959,8.846108870526926
3456,17.28,9.304061475671997,8.004208786979007,9.064210444329397
3457,17.285,9.48397255758535,8.2476335861184,9.155249653957913
3458,17.29,9.56993887136788,8.522554483578716,9.134025138615778
3459,17.295,9.568576030417928,8.748328792717471,9.013116775587477
3460,17.3,9.486355510315692,8.890948092034815,8.802755290709964
3461,17.305,9.330296214498384,8.945200356203124,8.512943350764331
3462,17.31,9.108779683329391,8.915485302630541,8.15605803659004
3463,17.315,8.832522169160008,8.809145203480908,7.746966084084701
3464,17.32,8.515673244515122,8.635095213038484,7.302725454053804
3465,17.325,8.176870759884418,8.404208631176171,6.847174748662538
3466,17.330000000000002,7.839836847009542,8.130324396675359,6.420108283957696
3467,17.335,7.532793127543692,7.831442255105944,6.079210984221139
3468,17.34,7.28584041516188,7.530688684151514,5.8800585947670125
3469,17.345,7.125948220294539,7.256353526006352,5.845472156796731
3470,17.35,7.070620876800174,7.039957036310311,5.961155970095299
3471,17.355,7.1229312801440265,6.911386504647561,6.200667983522912
3472,17.36,7.270690334272652,6.891346867029036,6.537491454336133
3473,17.365000000000002,7.490268808720673,6.983794400413428,6.926812951081601
3474,17.37,7.752854782659636,7.172845304923856,7.311641663797633
3475,17.375,8.030170116068449,7.427005508016039,7.655559196345917
3476,17.38,8.297970612100071,7.708729112959956,7.958366216500254
3477,17.385,8.537297675337038,7.983979868332936,8.21889147256012
3478,17.39,8.734266255148206,8.22778437852871,8.422076589581057
3479,17.395,8.879201841682479,8.425295580034094,8.558899892506652
3480,17.400000000000002,8.965655021159186,8.569981153082779,8.63142755495541
3481,17.405,8.98954734721402,8.66065303061422,8.646298237689106
3482,17.41,8.948532559573163,8.698492133054854,8.607697801650122
3483,17.415,8.841578188886443,8.684808011602916,8.517478846728451
3484,17.42,8.66874745289031,8.619926316054578,8.37973085121019
3485,17.425,8.43116188105085,8.50314819369705,8.19726008543591
3486,17.43,8.131134912233565,8.333356047620692,7.967144197692367
3487,17.435,7.772476407863139,8.109789178335747,7.688987353186254
3488,17.44,7.360969886624973,7.83272503865638,7.3742233639996355
3489,17.445,6.90500779958837,7.50403912113264,7.040743894912451
3490,17.45,6.416319179824282,7.127735468870389,6.702733046595991
3491,17.455000000000002,5.91061907982388,6.710543233356488,6.369504910067928
3492,17.46,5.407844419581583,6.262608257799918,6.042666810459757
3493,17.465,4.93146683617477,5.798189869904897,5.715345037118117
3494,17.47,4.5063547015725245,5.3360920419486995,5.386025538202224
3495,17.475,4.15505457572096,4.89932383061686,5.076360224222496
3496,17.48,3.8932823761822144,4.513305583501932,4.815514440772662
3497,17.485,3.726389311369199,4.202099492279646,4.623026395236054
3498,17.490000000000002,3.64861962507721,3.9830041737651642,4.509942432907111
3499,17.495,3.6456573265677568,3.8613404231640063,4.477807956582298
3500,17.5,3.699214374810137,3.8282734012595077,4.516312894613883
3501,17.505,3.791675026488134,3.863533678869231,4.605816300745387
3502,17.51,3.909381568433024,3.9420440933262397,4.7232334642077145
3503,17.515,4.044170689538516,4.041199292290484,4.848148285636817
3504,17.52,4.193437322461254,4.145856309725516,4.966772406353159
3505,17.525000000000002,4.359168150180992,4.250084208189484,5.073155103678974
3506,17.53,4.546304287455963,4.356302658915157,5.168379920979777
3507,17.535,4.760717385082783,4.472856214169591,5.258739982124854
3508,17.54,5.007112841136316,4.610873555965611,5.35353769614796
3509,17.545,5.287253582162286,4.781043848984493,5.462799860509437
3510,17.55,5.598897052166352,4.990830832778881,5.5950872766093696
3511,17.555,5.935665823905901,5.242548617736194,5.755668005059416
3512,17.56,6.287774554976108,5.532590940668828,5.945420705168374
3513,17.565,6.643273500388549,5.851910986246774,6.160741152002824
3514,17.57,6.98938067291442,6.187560746588548,6.394408931149082
3515,17.575,7.3135699390808036,6.524791773849798,6.6370174246599305
3516,17.580000000000002,7.604261972818654,6.849079574195987,6.878417517074303
3517,17.585,7.851121911530466,7.147565232582052,7.108748035883661
3518,17.59,8.045052232134166,7.4097106034196365,7.318896399747009
3519,17.595,8.177987788671228,7.627249349297292,7.500472410399324
3520,17.6,8.242580711459171,7.793673698148263,7.645498996039759
3521,17.605,8.231831582047748,7.903524763161107,7.7460411589014875
3522,17.61,8.138694307407949,7.951699138476236,7.793950495548421
3523,17.615000000000002,7.955660557084125,7.93289090666668,7.7808174098892
3524,17.62,7.674316293965743,7.8411916484235995,7.698114114544435
3525,17.625,7.284858872293731,7.66980025506713,7.537413355866766
3526,17.63,6.7755750080338215,7.410764111078814,7.290512326153532
3527,17.635,6.1323308202252775,7.054679495956263,6.949298119363689
3528,17.64,5.338285535912107,6.590308705510764,6.505270072058881
3529,17.645,4.374520109095505,6.004122063646118,5.94876750068302
3530,17.650000000000002,3.223695381336644,5.279878342183803,5.268111100120717
3531,17.655,1.8829962341150608,4.398637626205285,4.44912208141096
3532,17.66,0.4033220289196222,3.340416073497149,3.4761779163396858
3533,17.665,-1.0140194333569683,2.091106369411398,2.338088450774658
3534,17.67,-1.8990355489146944,0.6652865716927101,1.0483078481152228
3535,17.675,-1.740313567965256,-0.8268849502136293,-0.2953172270737925
3536,17.68,-0.6343751837538882,-2.0227918108141285,-1.3701657446476023
3537,17.685,0.8574454502506623,-2.169996315284318,-1.5047527478099205
3538,17.69,2.334893894230615,-0.7309799021693504,-0.21417861229933788
3539,17.695,3.646791334677249,1.5151370707281937,1.8181030801915776
3540,17.7,4.7607972140499815,3.476015933426396,3.6253084711184584
3541,17.705000000000002,5.684008355610335,4.889909783656333,4.975932852620275
3542,17.71,6.432963592447631,5.856613297530585,5.964738927697384
3543,17.715,7.024032776912624,6.479538529923938,6.6958770034536474
3544,17.72,7.470816940642199,6.830094284626712,7.235400945578846
3545,17.725,7.783796970428492,6.995447516458331,7.620357105825086
3546,17.73,7.970642012931552,7.0920896653592065,7.870609977252659
3547,17.735,8.036676462506257,7.209761166987101,7.996243791819143
3548,17.740000000000002,7.985384357820831,7.344543171539518,8.002227374533904
3549,17.745,7.818983050798,7.434971942619647,7.8913988025865525
3550,17.75,7.539196322783344,7.436643043039705,7.666090365104569
3551,17.755,7.148476779554578,7.332077951030772,7.329372149246453
3552,17.76,6.652117499279468,7.116800178051763,6.886582957074165
3553,17.765,6.061975307839095,6.791484601726776,6.346873911385854
3554,17.77,5.402787266798241,6.360260918489687,5.724177010422082
3555,17.775000000000002,4.721656819976565,5.832602160559337,5.039577368580025
3556,17.78,4.098276343918467,5.228330813160516,4.32922487783132
3557,17.785,3.645113162586541,4.586434390220843,3.6556061735966345
3558,17.79,3.4782658205094066,3.9775865806638455,3.11060431412656
3559,17.795,3.657547437561522,3.5145711631303165,2.8046798530692008
3560,17.8,4.14548282031126,3.3408548128771725,2.847579530753029
3561,17.805,4.833871986574722,3.5691326937119383,3.3072276432754113
3562,17.81,5.60542571417481,4.188272719826716,4.141340076282201
3563,17.815,6.371955869769757,5.0439032134706805,5.175641927377189
3564,17.82,7.079507333562843,5.940056631193392,6.1973121861670535
3565,17.825,7.699149915356935,6.741842920546635,7.0677609748453705
3566,17.830000000000002,8.216877700219836,7.391916439888457,7.7495524000740925
3567,17.835,8.626526987677563,7.882163148950266,8.257048855436764
3568,17.84,8.925515104690724,8.229515347477067,8.608203223429442
3569,17.845,9.11240673146524,8.462727238048569,8.818017827406118
3570,17.85,9.185502287110989,8.611228245978978,8.902387486038362
3571,17.855,9.141933617260587,8.693492448318047,8.875943375763512
3572,17.86,8.976949917729192,8.71124466351195,8.748235924108851
3573,17.865000000000002,8.683176867871758,8.653488681110597,8.523107455221478
3574,17.87,8.249655436403268,8.504480088677717,8.202072931605258
3575,17.875,7.660418414336323,8.248352368542193,7.784359111025694
3576,17.88,6.892214789331014,7.869398955713367,7.263399961008133
3577,17.885,5.910655672923191,7.350134921465246,6.629059769101642
3578,17.89,4.663299004694182,6.6684492927021015,5.873179139474096
3579,17.895,3.066417636940137,5.793797312861164,4.986288131440931
3580,17.900000000000002,0.9779680263671108,4.681373252967524,3.944739023809161
3581,17.905,-1.8583665075855704,3.261915241067088,2.6962737652844218
3582,17.91,-5.8661641107433935,1.421983407014157,1.1376699063129916
3583,17.915,-10.173893917514237,-1.0371944207710797,-0.9260993489854634
3584,17.92,-7.685407345292869,-4.485305291997488,-3.8522738654759134
3585,17.925,-3.2383323269695024,-9.509859774443044,-8.187446572066255
3586,17.93,-0.0610767360041034,-13.823288183598182,-11.915676407047828
3587,17.935,2.227234749622739,-3.6572160531807505,-2.791097714468921
3588,17.94,3.94529009957333,3.138898950491045,3.3874329694829033
3589,17.945,5.268029831689861,5.231565796076084,5.389622121925196
3590,17.95,6.295703089324613,6.49167627443373,6.6310490986672015
3591,17.955000000000002,7.089387753984514,7.278988548124643,7.447911184246118
3592,17.96,7.688033344188336,7.739922821976695,8.032614710287117
3593,17.965,8.117101954963424,7.640673452696476,8.441475499583246
3594,17.97,8.393211422493893,7.188158611136913,8.703783095500837
3595,17.975,8.52673196476624,6.783746983045241,8.834144882746626
3596,17.98,8.523249507919296,7.092955492581584,8.834452390754446
3597,17.985,8.384344136360907,7.52155480802705,8.702905242248534
3598,17.990000000000002,8.1079100946276,7.719327363618673,8.439338339729947
3599,17.995,7.6881347539214815,7.7227768687972675,8.04038579306703
3600,18.0,7.115214190727502,7.559948223840897,7.501331048740509
3601,18.005,6.374928862643978,7.2412615659208495,6.818485142179477
3602,18.01,5.448455877720974,6.7663113007386775,6.000197768421585
3603,18.015,4.313682077028864,6.126961600170192,5.056690837514975
3604,18.02,2.9522180174145256,5.308521858122701,3.9736842463807793
3605,18.025,1.3756087620932984,4.290717026087322,2.732448309253472
3606,18.03,-0.2920550764876922,3.0511206809703433,1.3906818059454342
3607,18.035,-1.6341680954530022,1.5785588587729178,0.09678087865761142
3608,18.04,-1.936167138777203,-0.08010843516427624,-1.0836311393076192
3609,18.045,-0.9878661524335894,-1.6776603686993132,-2.0583933824143195
3610,18.05,0.5764469702191042,-2.485146362527101,-2.3202125005323895
3611,18.055,2.1781410832889594,-1.481401341414676,-0.8890083626033061
3612,18.06,3.59677144509098,0.9720592928455494,1.798387918828526
3613,18.065,4.7897174049205695,3.300141482700501,4.206494662720504
3614,18.07,5.76891594912767,4.945274000362306,5.707621176890486
3615,18.075,6.557492421066371,6.040297111984165,6.679894537033473
3616,18.08,7.177367826546018,6.7374527538171325,7.380272127614775
3617,18.085,7.646488424125786,7.121583807169628,7.823535733921171
3618,18.09,7.97879043209644,7.27245408145645,8.061484743648323
3619,18.095,8.184827428984132,7.315862383458324,8.147209960075934
3620,18.1,8.272473382989434,7.382126224164763,8.131526478486935
3621,18.105,8.247573384883113,7.505366642407429,8.032477073279908
3622,18.11,8.114563338696199,7.615724387919412,7.828588507346243
3623,18.115,7.877142255491726,7.649978376182803,7.5349092284197905
3624,18.12,7.539131312421883,7.584390568998412,7.185556356645822
3625,18.125,7.105721504500044,7.414803661597766,6.751589847720597
3626,18.13,6.585403273345911,7.143623173759541,6.194654174931302
3627,18.135,5.9929518369671,6.7759710213527775,5.547778840447336
3628,18.14,5.353755009693023,6.319856518817806,4.895685660247134
3629,18.145,4.709080310975217,5.788394780810819,4.260905238290647
3630,18.15,4.119810850699996,5.203752932518326,3.7073966778958685
3631,18.155,3.662606045252424,4.602757326952731,3.2959872265169046
3632,18.16,3.411236076334368,4.042914647073971,3.0612465616602327
3633,18.165,3.4058130230574,3.604116990443253,2.9215013507105034
3634,18.17,3.631366313535995,3.3761931320146834,2.9908107103445465
3635,18.175,4.026414091963934,3.4239602266908813,3.3641435370730792
3636,18.18,4.512870649483338,3.7435831615764537,3.9702356564224908
3637,18.185,5.021905579120192,4.252125816337252,4.685547610248787
3638,18.19,5.5041016773061004,4.830089294948432,5.377637054889413
3639,18.195,5.928347880219435,5.376503293144618,5.963774334366738
3640,18.2,6.276866134260897,5.832660486261957,6.424341244615966
3641,18.205,6.540422153039472,6.176808717038836,6.756771259438053
3642,18.21,6.714880955396279,6.410978762512055,6.962056797974151
3643,18.215,6.799043896749208,6.549930113163721,7.050455557014714
3644,18.22,6.793421292416594,6.612073784419893,7.037685388306908
3645,18.225,6.699639946648711,6.611755642153092,6.93794710036917
3646,18.23,6.520294668352666,6.555104698252199,6.759987727176662
3647,18.235,6.259149029885505,6.441079767747716,6.510584304253238
3648,18.24,5.921658916897588,6.2656492588036805,6.197730511124494
3649,18.245,5.515829102007222,6.025632866543658,5.8265716360565545
3650,18.25,5.053402181531755,5.720807989707006,5.399906625714475
3651,18.255,4.551279477217708,5.35487764064424,4.928627431673417
3652,18.26,4.032818868592928,4.936230740359204,4.4369813340010475
3653,18.265,3.528206326639556,4.4789675941971625,3.955243746156782
3654,18.27,3.072615311773397,4.004130420176588,3.513710888192759
3655,18.275,2.7009547899571453,3.540514350481224,3.1412591612288585
3656,18.28,2.439545355240281,3.123750283649869,2.859759112925257
3657,18.285,2.297902498158026,2.791854147262251,2.681599577033087
3658,18.29,2.2653890447640554,2.576179062162292,2.618346986958846
3659,18.295,2.3150554128156955,2.4898476891516403,2.678947476710945
3660,18.3,2.412199817501351,2.5199855431250127,2.847195428592598
3661,18.305,2.5229203358936827,2.6302526703959184,3.0800072233973648
3662,18.31,2.6196486857389494,2.7732949300957617,3.3258105251433956
3663,18.315,2.683484197830357,2.9053156028548766,3.5398281624428742
3664,18.32,2.7046143662823625,2.995334424766611,3.6917217493229595
3665,18.325,2.6821280715356206,3.027675157269399,3.766436596047992
3666,18.33,2.623948114368924,3.0003114540182603,3.761310564678931
3667,18.335,2.546949698527157,2.9218665356096736,3.683097545761942
3668,18.34,2.476682391955844,2.8088489014117224,3.546341262833794
3669,18.345,2.4455189302973905,2.6838926938556518,3.372885391296988
3670,18.35,2.487909058874834,2.575119664932128,3.19179791719347
3671,18.355,2.632511183653526,2.5156175484906798,3.0386012753705653
3672,18.36,2.893529841428216,2.540820969201148,2.952161035621397
3673,18.365,3.2657080950066564,2.681688792984362,2.9678335296853415
3674,18.37,3.726113059401051,2.954289953271353,3.1077394886681766
3675,18.375,4.241430486385592,3.350917037762633,3.3726975140426196
3676,18.38,4.776353844565555,3.8396495384438625,3.7415848861646994
3677,18.385,5.299451420579727,4.374206969034335,4.1793525875517625
3678,18.39,5.785618252038358,4.90799733890443,4.6482621649233815
3679,18.395,6.216059067963871,5.404376849267972,5.115628800645695
3680,18.4,6.577088228825585,5.840088451773697,5.555941976816284
3681,18.405,6.858629420026333,6.203671520807048,5.949583005684558
3682,18.41,7.052829768170055,6.491651897643181,6.280974138965403
3683,18.415,7.152903194731489,6.704321683488212,6.5373341214234255
3684,18.42,7.152173793709629,6.8421159480274145,6.707931858059474
3685,18.425,7.043233762028731,6.9032599409493,6.783676235848747
3686,18.43,6.817108327732592,6.882901715973636,6.757028323477532
3687,18.435,6.462300012044722,6.773292718955098,6.621954083726923
3688,18.44,5.963545656267826,6.564224905804521,6.373498356358343
3689,18.445,5.300042350437504,6.243090899478505,6.006801118100551
3690,18.45,4.442759027760816,5.794281739117007,5.515608788013969
3691,18.455,3.3502394948886094,5.1978187732744745,4.890287489697501
3692,18.46,1.9621890926554388,4.427051502701343,4.115102755159782
3693,18.465,0.1915815061746431,3.4450104262950205,3.1642616882790047
3694,18.47,-2.0705194630343904,2.1986724542623732,1.9959976944780764
3695,18.475,-4.824515775420339,0.6103672500587916,0.5440943547837334
3696,18.48,-7.117728527307094,-1.4313312272410856,-1.2908626828210288
3697,18.485,-6.381908981806747,-4.052564361971477,-3.624774772124196
3698,18.49,-3.557028837877109,-7.1285398434573874,-6.353205145891097
3699,18.495,-0.8637735120473953,-8.67607432408786,-7.718443512647507
3700,18.5,1.29866349638915,-4.414735902889049,-3.905915635282998
3701,18.505,3.009875474401762,0.8714497165272546,0.8600880163872144
3702,18.51,4.373248382905476,3.574682241047828,3.366745830212551
3703,18.515,5.464061348631906,5.132618086330956,4.8750876667388665
3704,18.52,6.333617053973449,6.114471450011069,5.899225357735763
3705,18.525,7.01691053261464,6.7051192603383525,6.648083886617267
3706,18.53,7.538057033292635,6.89791807279469,7.205083565103475
3707,18.535,7.9137336638584435,6.807647891094367,7.6081987760771295
3708,18.54,8.155338590574136,6.713229876151095,7.875591346701544
3709,18.545,8.270366995089391,6.909130464987239,8.014231083451566
3710,18.55,8.26331703654265,7.25538865124499,8.026165477395775
3711,18.555,8.1363313414559,7.503268492273296,7.912937334563937
3712,18.56,7.889736289270064,7.606911092883404,7.675404275830009
3713,18.565,7.522656961959992,7.572341473026578,7.3144285183766575
3714,18.57,7.033977147451975,7.407727016388744,6.833357457990994
3715,18.575,6.4241306167195456,7.117813811247192,6.24208717466075
3716,18.58,5.698638771450177,6.704844132488499,5.554150774153581
3717,18.585,4.875012182201067,6.170561861213297,4.779088253770624
3718,18.59,3.9952348470034105,5.519355227881013,3.9355421728779527
3719,18.595,3.144199013930298,4.763898614267637,3.0881370285396343
3720,18.6,2.46323766995677,3.9356829636187354,2.3497164021130605
3721,18.605,2.123916213679902,3.1032566321412265,1.8094498884272827
3722,18.61,2.2341033652089632,2.396441306657201,1.521449321887511
3723,18.615,2.750917567538926,2.0134983987460533,1.5809037578842058
3724,18.62,3.5173513431698566,2.150827586957875,2.141046590958239
3725,18.625,4.370037595496451,2.835582323731167,3.1650404740887974
3726,18.63,5.197603720577549,3.84728492667379,4.360802093325345
3727,18.635,5.939937822090416,4.890301101661668,5.411078408211941
3728,18.64,6.569384983948725,5.782216560166148,6.241614426437279
3729,18.645,7.075159759632901,6.464221631197749,6.8869841987692695
3730,18.65,7.454082507740853,6.939870548361649,7.339541898001695
3731,18.655,7.705681754019123,7.238001701848535,7.610018886053794
3732,18.66,7.829682734601818,7.400117954228758,7.72981078200813
3733,18.665,7.824667915010456,7.469308298607995,7.730411568901673
3734,18.67,7.68725458064361,7.473274189330275,7.628178172059725
3735,18.675,7.411443787507257,7.413721222008377,7.419471313220978
3736,18.68,6.987955799498162,7.273117754270838,7.10699417018192
3737,18.685,6.403472550672971,7.028739350633877,6.698966933106519
3738,18.69,5.639864762559742,6.659775688604623,6.178217448996777
3739,18.695,4.673934009113746,6.14706097660634,5.515793178092748
3740,18.7,3.479723887882526,5.4703956360467725,4.7092699515489596
3741,18.705,2.040679688693583,4.6062004230361095,3.77781153298388
3742,18.71,0.3958115553977939,3.5269182348478383,2.719614163162353
3743,18.715,-1.2194063141038922,2.205649081638805,1.5272026223866693
3744,18.72,-2.152932673622705,0.6386290242317489,0.2031447527849739
3745,18.725,-1.7069868657685583,-1.0725783334111654,-1.186529389028073
3746,18.73,-0.1906251711845882,-2.480185410549673,-2.302025145644989
3747,18.735,1.6004705498944671,-2.490506350732833,-2.170249153426896
3748,18.74,3.2581579401316785,-0.3793147316201786,-0.11472820278571305
3749,18.745,4.67973752818464,2.426981675223585,2.5883067344906197
3750,18.75,5.866581398606298,4.574712519868568,4.71309721507308
3751,18.755,6.843965633454697,6.027131833265718,6.213045510523885
3752,18.76,7.638052190645522,6.995158963653048,7.278114278800801
3753,18.765,8.270555766728862,7.604318182514717,8.042958451745388
3754,18.77,8.758260930879205,7.925574948801398,8.587154495510077
3755,18.775,9.113677031426214,8.06360564531725,8.956416848052523
3756,18.78,9.34580565649632,8.168025344112955,9.177473552292287
3757,18.785,9.460769470938606,8.344473557553227,9.266691177318299
3758,18.79,9.462269354377264,8.558891036605349,9.234890302894124
3759,18.795,9.351893066495832,8.722343685328106,9.089714175942348
3760,18.8,9.129310754961406,8.788995505154215,8.836704169562015
3761,18.805,8.792398625720937,8.745791166665402,8.480577967503285
3762,18.81,8.337349815683222,8.590099004346195,8.026714499471728
3763,18.815,7.758880903171352,8.320824286532556,7.482301326135822
3764,18.82,7.050763607799055,7.935817859112115,6.856195397776684
3765,18.825,6.207194131892902,7.431308655371035,6.159377472583108
3766,18.83,5.226152569257118,6.802104954487603,5.410290145142496
3767,18.835,4.11725389512449,6.04250661026761,4.6399474592290675
3768,18.84,2.91884973024873,5.148617135337671,3.8798827935347138
3769,18.845,1.7297766217029322,4.123840318602063,3.1366731646574
3770,18.85,0.7454905735539469,2.991450451687989,2.395336109586781
3771,18.855,0.2305136062351256,1.8212986648377845,1.669812575662268
3772,18.86,0.3426890106171241,0.7764924054871356,1.065163845714821
3773,18.865,0.9730776218766912,0.15261604269930285,0.7986186292168718
3774,18.87,1.8598213274063384,0.2793274831156731,1.1183423496489735
3775,18.875,2.786122134363577,1.1839122603091696,2.036212315168638
3776,18.88,3.635105170363506,2.450083781301915,3.216410125995408
3777,18.885,4.358718969919378,3.630091558395572,4.298876095303639
3778,18.89,4.9431365883056895,4.53841448405186,5.133375989672922
3779,18.895,5.389065667621502,5.161117691695104,5.71765734440981
3780,18.9,5.702620191152132,5.534915792468348,6.096409445270298
3781,18.905,5.891547198171381,5.710477326833084,6.314656678260223
3782,18.91,5.963945541220785,5.751821584556376,6.4033994843792135
3783,18.915,5.928176856216776,5.725438139283586,6.380496048300349
3784,18.92,5.793442871228058,5.67226827711626,6.259145862308708
3785,18.925,5.570853748747036,5.592764003221872,6.049144749594021
3786,18.93,5.274939481899922,5.466630183853478,5.753495358362418
3787,18.935,4.925508405840285,5.278924885088454,5.3765375816673915
3788,18.94,4.549479699620898,5.028476765725038,4.93682151639495
3789,18.945,4.181738181068885,4.726606664795492,4.466627252449776
3790,18.95,3.8633323457717887,4.39551800876801,4.002830199751067
3791,18.955,3.635261596297192,4.067795725204617,3.585839356488422
3792,18.96,3.5280511236367937,3.7849988520925466,3.2572796428712083
3793,18.965,3.551311116715316,3.5923580426539523,3.0540186120904673
3794,18.97,3.6897739027524334,3.5275075724146694,3.007183886478619
3795,18.975,3.9086673759284154,3.6055256016822423,3.1432080743037583
3796,18.98,4.164517582176235,3.808839781676519,3.4577071199590526
3797,18.985,4.414909073956876,4.090986452110175,3.898905038911113
3798,18.99,4.623707533618214,4.3930835708692,4.391092423159295
3799,18.995,4.762042730807609,4.661613827124412,4.859682214858593
3800,19.0,4.806859601986222,4.857958980936067,5.241019852132734
3801,19.005,4.738537850255012,4.959035671352918,5.488670576480057
3802,19.01,4.538294728910256,4.953131994264145,5.5785567126172095
3803,19.015,4.185462745754708,4.834270958946662,5.50556758832381
3804,19.02,3.6543097227967127,4.596575595680854,5.2705629652889545
3805,19.025,2.909647708718088,4.229386863177108,4.870398887885802
3806,19.03,1.899743048694796,3.7135716577316926,4.296059908974556
3807,19.035,0.5433770204865778,3.0185398667361527,3.5313401736814156
3808,19.04,-1.2960873271439075,2.0981389477502503,2.547475257337423
3809,19.045,-3.864503969342629,0.8822802725459855,1.2932594221812956
3810,19.05,-7.580335215973023,-0.7410391394298879,-0.32183735929023616
3811,19.055,-11.86862355236708,-2.9645779906893592,-2.462109869317522
3812,19.06,-9.682566225572408,-6.144164344052692,-5.439709114817395
3813,19.065,-4.955954044322112,-10.869714047157972,-9.779043501609543
3814,19.07,-1.4997758892888986,-15.475497239636871,-14.001174122345072
3815,19.075,1.0367316294145263,-5.968308450226477,-5.645357808218746
3816,19.08,2.9877151865342637,1.7284051967902414,1.2185380117219116
3817,19.085,4.53715628212059,4.090208261064046,3.427278362661684
3818,19.09,5.790640763242959,5.585871841484611,4.914575275915434
3819,19.095,6.812995176180555,6.585219799024784,6.0066093182990254
3820,19.1,7.646313941293855,7.268612376067107,6.8931192866086075
3821,19.105,8.31910182502528,7.408289116883308,7.613046412444903
3822,19.11,8.851230368927755,7.174437280622013,8.184480714002657
3823,19.115,9.25678685464473,6.960480225398789,8.616991804827764
3824,19.12,9.54579316553607,7.450466560325994,8.911211828422616
3825,19.125,9.72528484938842,8.138194993970842,9.066217757812105
3826,19.13,9.800012235663113,8.614089663487565,9.085625241796535
3827,19.135,9.772913258877129,8.916154802599385,8.972589731119792
3828,19.14,9.645452114125714,9.08009444802589,8.730592609370145
3829,19.145,9.417893746549469,9.12502518634512,8.365174446057733
3830,19.15,9.08958224499294,9.06114506954227,7.894598060439417
3831,19.155,8.659311990265877,8.893769499134908,7.342783641331355
3832,19.16,8.125933231134105,8.625330457215197,6.713995978114664
3833,19.165,7.489438361326675,8.256540383952098,6.009190771649383
3834,19.17,6.752960634059333,7.787321385064455,5.3035363224195
3835,19.175,5.926398003338075,7.2179081546960795,4.761378743763136
3836,19.18,5.03263444052937,6.550574484865072,4.427895424491818
3837,19.185,4.116933151913772,5.79264897407554,4.191504973284183
3838,19.19,3.257095043822181,4.961834600983385,3.917607755468992
3839,19.195,2.5636923060288117,4.095053905612546,3.6948788741665055
3840,19.2,2.151150514185686,3.2609074382448426,3.472958249833548
3841,19.205,2.0780137722814778,2.570064105496796,3.199948702289683
3842,19.21,2.305655054948866,2.163994003782837,2.859289664624938
3843,19.215,2.724280031376232,2.1539213889290285,2.7831683403310916
3844,19.22,3.2143466170728234,2.527889588270062,3.0959438645300583
3845,19.225,3.684873922541601,3.1305430060694057,3.586271560067546
3846,19.23,4.078679378740802,3.7639058553146443,4.074738897459323
3847,19.235,4.363152590338945,4.290199477256428,4.46684248929134
3848,19.24,4.520072333436553,4.648787733101289,4.744442723872587
3849,19.245,4.538455356244247,4.827967067553326,4.907248957234541
3850,19.25,4.410331993687755,4.84064420145985,4.930964864423033
3851,19.255,4.128638033964834,4.710991462946303,4.827013901710631
3852,19.26,3.686845606256471,4.463299214177243,4.629051120945032
3853,19.265,3.080840410779832,4.110522992836421,4.306079774667797
3854,19.27,2.315124294748979,3.6490823867240856,3.8047488815880026
3855,19.275,1.4183318955839723,3.0646278063049213,3.135478979252593
3856,19.28,0.4764439320491085,2.344607880173185,2.366273593439187
3857,19.285,-0.3166948542048487,1.494159627894656,1.5125300724333761
3858,19.29,-0.6544434355528743,0.562392365356235,0.6420452780093653
3859,19.295,-0.2980150580024651,-0.30687784192376455,-0.1121408384413689
3860,19.3,0.6751976369614392,-0.8086051856530645,-0.5030181082541061
3861,19.305,1.962431343169129,-0.5240614451396102,-0.28529061418665247
3862,19.31,3.3022547072594604,0.6961788665530388,0.7436639730411452
3863,19.315,4.558370205842925,2.4125681410994173,2.2927227637230296
3864,19.32,5.6791367955212895,4.055988477257735,3.839451980428037
3865,19.325,6.652667829003892,5.388007899334926,5.166924660487015
3866,19.33,7.482590300597209,6.398304308343125,6.269554553422136
3867,19.335,8.17738160507912,7.134473098593528,7.179948643573875
3868,19.34,8.746081505869972,7.652672043156654,7.923088665301458
3869,19.345,9.19669882895204,8.022352838808526,8.510856492444155
3870,19.35,9.535702509373234,8.320948829208081,8.948019930957894
3871,19.355,9.767922619046974,8.601477149829481,9.238880587779827
3872,19.36,9.896581116792264,8.866513678226,9.390478479037732
3873,19.365,9.923334319886148,9.086847687931055,9.411963460865879
3874,19.37,9.848274039788084,9.235205593638076,9.313016759575623
3875,19.375,9.669857298972229,9.296533830708844,9.103614847615091
3876,19.38,9.3847374761596,9.263790188866457,8.794577307746598
3877,19.385,8.987459944663991,9.13302270650885,8.397593896867606
3878,19.39,8.469962323469819,8.900571400081024,7.9245524698337935
3879,19.395,7.820775973011919,8.561619297819567,7.3873364009122895
3880,19.4,7.023742808047868,8.109270005045174,6.7986712589983185
3881,19.405,6.055896861879865,7.533671971460588,6.171044481101594
3882,19.41,4.883808411137819,6.820869108919218,5.509291794238724
3883,19.415,3.456870322718515,5.95103670671799,4.799240860911184
3884,19.42,1.693884488897778,4.895556351310187,4.001836817860561
3885,19.425,-0.5470435771512004,3.611858069408881,3.054596514751851
3886,19.43,-3.5485202218613514,2.0336647175654425,1.8689003254014516
3887,19.435,-8.012778056339565,0.05079567050445721,0.31301513470915765
3888,19.44,-16.69107101672542,-2.53810269588382,-1.8246118530140008
3889,19.445,-18.506077592014638,-6.157601953952716,-4.941479173485433
3890,19.45,-9.53238173022585,-11.944200670942502,-10.051937106073998
3891,19.455,-5.469294440848124,-24.81385410963128,-21.530832409083914
3892,19.46,-3.01092391732496,-18.72980769147722,-16.243333424552603
3893,19.465,-1.3765419694092482,2.216448397448774,2.3126245851520144
3894,19.47,-0.2661699127444628,1.390421939942907,1.626643137276532
3895,19.475,0.4638542750737703,2.4280502320529855,2.5683889846685717
3896,19.48,0.8902353781917978,2.7521070315282965,2.884245682183037
3897,19.485,1.0553731942425315,2.9803158238381124,3.08221676117389
3898,19.49,0.9815330889509524,2.6003100219835984,3.116655508833505
3899,19.495,0.6779574716643594,1.3787956094847313,2.9992435569639566
3900,19.5,0.1456038668586991,-0.12447686417000448,2.724471134229455
3901,19.505,-0.6168985621245531,-0.745270872094177,2.2766985458353255
3902,19.51,-1.5998868966195263,-0.42849792505717677,1.6320688103367749
3903,19.515,-2.7476166910464994,-0.821098509870267,0.7796826193687361
3904,19.52,-3.8772189490635913,-1.5742907821597703,-0.285290753206084
3905,19.525,-4.578735574681799,-2.584799387627722,-1.5512310134574117
3906,19.53,-4.374844653148684,-3.716594313907711,-2.9359004946512837
3907,19.535,-3.267585592280806,-4.637041756026466,-4.1569407101648785
3908,19.54,-1.731181505639336,-4.690669655060438,-4.607716359652926
3909,19.545,-0.1656892491723873,-3.339912779645543,-3.798867371662636
3910,19.55,1.2560565747428996,-1.126293386171434,-2.243917931344879
3911,19.555,2.488010595767915,0.9402721286353382,-0.8096878522560349
3912,19.56,3.5313429619132,2.508553573147954,0.45070594747179715
3913,19.565,4.400829721537963,3.632307079068841,1.7969899693111362
3914,19.57,5.113119041966874,4.4077321883820595,3.174006116649336
3915,19.575,5.683151929533747,4.9074409556087,4.334256904770099
3916,19.58,6.123397711026066,5.213741130521274,5.3769787148169
3917,19.585,6.4440075551701685,5.435051850281034,6.414078710757993
3918,19.59,6.653237554446778,5.662135116413141,7.126354752820757
3919,19.595,6.757937822666885,5.9069097665693935,7.254032934937207
3920,19.6,6.764066159236229,6.121101076728863,6.933935997567961
3921,19.605,6.67724805546883,6.2636067217927485,6.731168975444477
3922,19.61,6.503433544447621,6.318106313604439,6.423925797014419
3923,19.615,6.24971547345226,6.2823667202976825,5.931171490512991
3924,19.62,5.9253712153084335,6.160010420323619,5.338531346193304
3925,19.625,5.543149090587818,5.957491707358305,4.699655037643452
3926,19.63,5.120696000242341,5.683700944110814,4.090377224526495
3927,19.635,4.681750081003087,5.350747314395576,3.491400343610225
3928,19.64,4.256279896354862,4.975305283414932,2.911379764728107
3929,19.645,3.878331959102094,4.5800711664768095,2.480525534810869
3930,19.65,3.58056437706602,4.1945845988343216,2.237492294546668
3931,19.655,3.386068567670812,3.8541048051752633,2.0801539045538053
3932,19.66,3.3007364366432537,3.594876358087123,1.9815298518993254
3933,19.665,3.3105676045311605,3.4450582229526545,2.0585611050875037
3934,19.67,3.3856605185680024,3.413758913769827,2.3215477201761083
3935,19.675,3.4882157811244,3.4843795337915036,2.684945895304613
3936,19.68,3.580105438783408,3.617909478466104,3.139788578319178
3937,19.685,3.62733481535128,3.7649926439863153,3.6372693662845013
3938,19.69,3.6012951107012814,3.879159336200552,3.947583277946454
3939,19.695,3.4779730292675897,3.9246034054867645,3.948866507080466
3940,19.7,3.2362958159820803,3.8774603058493042,3.9220962339706817
3941,19.705,2.85638487186326,3.7230461653225904,3.8050776672360627
3942,19.71,2.3182526440008795,3.451556307562429,3.5301117800462816
3943,19.715,1.601743631234667,3.0537096431958957,3.1289219620985147
3944,19.72,0.6898821608735521,2.5173422084799757,2.5894023671098214
3945,19.725,-0.4180557200352073,1.825922760998751,1.899459294380839
3946,19.73,-1.6669284468798176,0.9602615186151162,1.0464221712903816
3947,19.735,-2.850319415802395,-0.09342828622918908,0.020596856456315926
3948,19.74,-3.50218842967487,-1.3190616392301102,-1.1618231323652441
3949,19.745,-3.1343685887225616,-2.6023524425917923,-2.3920646733622215
3950,19.75,-1.8541612851168068,-3.576767611616342,-3.3306456503408857
3951,19.755,-0.2060804264559878,-3.5053058650190927,-3.3069694470116904
3952,19.76,1.422940939064223,-1.8955900655061608,-1.8688390854119836
3953,19.765,2.8853604627421943,0.47548758409167036,0.3018600021877216
3954,19.77,4.149037125131069,2.5618683088574485,2.2698846817391267
3955,19.775,5.220723915323333,4.111894662994873,3.7988418581800607
3956,19.78,6.116709281490679,5.219365737044072,4.971264279150566
3957,19.785,6.853224675917632,5.9842094936473815,5.888729807961045
3958,19.79,7.443739989827041,6.477572576683028,6.614775414392981
3959,19.795,7.898480931643016,6.786785396129252,7.181292397624647
3960,19.8,8.224574994026648,7.026385451802966,7.603207428377093
3961,19.805,8.426289232714296,7.282498521795542,7.886816070105666
3962,19.81,8.5051777917385,7.549722732506842,8.03456241039779
3963,19.815,8.460068416629525,7.76776763710304,8.047976568102204
3964,19.82,8.28683876050932,7.892149768619852,7.92885332728244
3965,19.825,7.977913352876698,7.902984894408975,7.679681341364317
3966,19.83,7.52135824191693,7.790967663465871,7.304030121586102
3967,19.835,6.899345939979485,7.5484481072687,6.806472635414565
3968,19.84,6.085561088337573,7.16536546186968,6.191112967663947
3969,19.845,5.040708735943785,6.626846845829557,5.459996817563866
3970,19.85,3.704432987061408,5.910727361405755,4.614120876190109
3971,19.855,1.9802139663393796,4.983846822628285,3.6530113220020475
3972,19.86,-0.292494519438907,3.7956961166875702,2.5605472788508927
3973,19.865,-3.369684894227578,2.266791955463555,1.2748481325899923
3974,19.87,-7.312844811423456,0.2665524444803973,-0.3401541302697355
3975,19.875,-8.861614242283844,-2.427363722160578,-2.5180215534031634
3976,19.88,-5.257348600585506,-6.16269383204688,-5.6065537022061775
3977,19.885,-1.6751830166122608,-10.77537585727548,-9.505090454347824
3978,19.89,0.974631902333052,-9.423935078147782,-8.170356669485134
3979,19.895,2.9578175916218634,0.022631823405533602,0.3153235824255276
3980,19.9,4.480333785219527,3.810805870797158,3.7743765624140666
3981,19.905,5.665233818504443,5.599451825565535,5.439060173250585
3982,19.91,6.5872855532678205,6.667662342429767,6.456483296583563
3983,19.915,7.293616076523523,7.344368635310988,7.147212189234908
3984,19.92,7.8146273260934915,7.607751700956431,7.629565328920358
3985,19.925,8.169867578264045,7.390570918840246,7.955289291962391
3986,19.93,8.371259839158302,6.994335529346012,8.149470646103723
3987,19.935,8.424844814119492,6.890226368112636,8.220256950718383
3988,19.94,8.331588404724185,7.267720748651971,8.165902440554026
3989,19.945,8.087483564001417,7.543874012656989,7.983151240153953
3990,19.95,7.682966177334249,7.6139805841746675,7.664511284500204
3991,19.955,7.101457803384356,7.497937324080716,7.198591791590587
3992,19.96,6.316532710625952,7.205849774407916,6.57860768618237
3993,19.965,5.286567220294961,6.733884740907785,5.805310783224042
3994,19.97,3.944194210724812,6.065428178593446,4.881958967858254
3995,19.975,2.173636557519637,5.168954825460361,3.7906804623705708
3996,19.98,-0.2448602789123714,3.9912420025828292,2.4759034067691394
3997,19.985,-3.799850364361979,2.4421523746457794,0.8720382388478125
3998,19.99,-9.848281044669283,0.3598812695132656,-1.0704418179504787
3999,19.995,-15.204544079856657,-2.578540224332043,-3.5376023757547674
