Index,x[m],Actual,order-10,order-50
0,0.0,7.230659929672027,,
1,0.005,7.291669842780152,,
2,0.01,7.3626474004184175,,
3,0.015,7.429157977083213,,
4,0.02,7.47549568412493,,
5,0.025,7.485880381095523,,
6,0.03,7.445125235564493,,
7,0.035,7.338809580466647,,
8,0.04,7.1530804367385645,,
9,0.045,6.874222344275208,,
10,0.05,6.488128502973419,,
11,0.055,5.979834063798233,,
12,0.06,5.333421080468742,,
13,0.065,4.533070904496214,,
14,0.07,3.5673379441592457,6.1983602871938,
15,0.075,2.442094615052866,5.743831298079829,
16,0.08,1.2148610167398464,5.176716249064222,
17,0.085,0.0679001007554297,4.481765353446804,
18,0.09,-0.6208030720912643,3.6450621086708814,
19,0.095,-0.4501875032864488,2.6622520528991056,
20,0.1,0.5527829234512759,1.5613753015447576,
21,0.105,1.969016551487688,0.4608702592278071,
22,0.11,3.43764912109749,-0.3160968544898628,
23,0.115,4.791630294157136,-0.18348882667836808,
24,0.12,5.97959021948577,1.233708436254883,
25,0.125,6.99659382606722,3.3280106160666163,
26,0.13,7.8525613027757,5.161663197425235,
27,0.135,8.560391297983402,6.419551940811962,
28,0.14,9.131936188815322,7.174977135863104,
29,0.145,9.576848133281276,7.57519408517665,
30,0.15,9.902411877482244,7.7662827929459795,
31,0.155,10.113671160056748,7.874911147665864,
32,0.16,10.21359760712075,8.00118369145396,
33,0.165,10.20321420904022,8.199316157765871,
34,0.17,10.08164560289341,8.448195815295106,
35,0.175,9.846090809224613,8.681245957633696,
36,0.18,9.49172899921649,8.846514236626334,
37,0.185,9.011594450942988,8.919525600511887,
38,0.19,8.39652201351274,8.890765490573216,
39,0.195,7.635436568467756,8.755811529547163,
40,0.2,6.716713512935248,8.51082207477074,
41,0.205,5.632521855435872,8.15072195922918,
42,0.21,4.391017811117246,7.668499755819349,
43,0.215,3.047349808827746,7.05510489671078,
44,0.22,1.7679455355733165,6.300149546196312,
45,0.225,0.8948542725159954,5.394546461731515,
46,0.23,0.8099699789274741,4.338261753495791,
47,0.235,1.534466819197786,3.161272709124007,
48,0.24,2.700887876128869,1.9752230726927107,
49,0.245,3.952880605043092,1.072854779559711,
50,0.25,5.110083800143304,0.9832407299101562,
51,0.255,6.110433508153049,2.0874811836427414,
52,0.26,6.943024115057654,3.911035887422931,
53,0.265,7.614759223055465,5.572140576095658,
54,0.27,8.137135983194327,6.703356347804876,7.409378405257661
55,0.275,8.521573481634741,7.3406928977882515,8.036467443072375
56,0.28,8.778045831117801,7.617292738046639,8.402138486595943
57,0.285,8.914975140954823,7.673017767446483,8.58586346188815
58,0.29,8.939643493410092,7.631827851945028,8.636588932072897
59,0.295,8.858903924571544,7.592857821994954,8.579948108049532
60,0.3,8.680196821612505,7.613557571429132,8.427293190728662
61,0.305,8.412995275881766,7.682855764804193,8.184900388494649
62,0.31,8.070858252935771,7.74283875939943,7.859383564114591
63,0.315,7.674212410362755,7.744979304660611,7.460469956453727
64,0.32,7.253632636771906,7.668241783480109,7.005067888490572
65,0.325,6.852440923899695,7.5103487340697175,6.518135511445993
66,0.33,6.525790595841022,7.279926277488213,6.026153604701156
67,0.335,6.332264142440045,6.994361426275664,5.556961517689204
68,0.34,6.316838907583255,6.681229517454652,5.149920383811321
69,0.345,6.492651939550271,6.380977163395977,4.858216119167924
70,0.35,6.83502760328399,6.147827046358128,4.741908993490985
71,0.355,7.292984291980381,6.043947240799836,4.8610128229080125
72,0.36,7.808522527967806,6.121814153026329,5.253585926884617
73,0.365,8.331072063211236,6.3975510116362155,5.90174981557646
74,0.37,8.822983166765535,6.833359557249713,6.721005723187775
75,0.375,9.258863659217354,7.349443132311466,7.588784999483886
76,0.38,9.622582522046091,7.859745795133684,8.388772152375273
77,0.385,9.904165419489216,8.302866820626704,9.039247080820843
78,0.39,10.09735695740748,8.651198808225557,9.502162133412236
79,0.395,10.197913971147978,8.903811864245185,9.780503947940682
80,0.4,10.202469944669934,9.074370339606602,9.899122204331595
81,0.405,10.107793699043588,9.180261271761735,9.882679785734418
82,0.41,9.910312033690836,9.234816826638674,9.751359641086516
83,0.415,9.605825464384306,9.243243484510202,9.523616819705824
84,0.42,9.189413299755014,9.202470211289409,9.21665372683799
85,0.425,8.655618789087312,9.103888118514947,8.845259551151713
86,0.43,7.999174181037723,8.93674760646886,8.419880990090704
87,0.435,7.216865078706659,8.690436278036941,7.947339177472118
88,0.44,6.311817133029423,8.355342308249508,7.434127294268707
89,0.445,5.30270694041146,7.922947900922749,6.887909363945342
90,0.45,4.24167189935226,7.385948649866057,6.317177408083131
91,0.455,3.2417333887457223,6.739168275015503,5.732444436145336
92,0.46,2.493427011166346,5.982339806134291,5.1465176210388
93,0.465,2.208140143050243,5.12676406280274,4.571005317560322
94,0.47,2.465718283684752,4.209574818817746,4.022312253017633
95,0.475,3.1372460123189456,3.3204848840228145,3.548862665055416
96,0.48,4.003408182021262,2.6376813015963,3.26692396261535
97,0.485,4.890742084419626,2.42711363368216,3.3653450850632183
98,0.49,5.702799992753279,2.894532491308648,3.995072613580879
99,0.495,6.39649888620228,3.9221251988829566,5.058754962203605
100,0.5,6.9564632910576645,5.094434301782046,6.224515188140771
101,0.505,7.379602255582824,6.0628512405782065,7.216627260663591
102,0.51,7.667390935080869,6.709809869626898,7.945052608556756
103,0.515,7.822297079674292,7.060525892806332,8.42561448820238
104,0.52,7.8462192529364145,7.1912748514963685,8.699627229408824
105,0.525,7.739897623901576,7.186779934511469,8.803314555480174
106,0.53,7.502870312007683,7.12031120750734,8.762234483460672
107,0.535,7.133910609269455,7.039627622743045,8.593049620932513
108,0.54,6.63219366191946,6.95462614372499,8.30648183694105
109,0.545,5.99987930104615,6.8407891962585445,7.910070761316041
110,0.55,5.247539512086645,6.662414394018372,7.410531204841148
111,0.555,4.404920490502898,6.391633805451973,6.815730010772776
112,0.56,3.539698724516454,6.0123193359929665,6.136447692499999
113,0.5650000000000001,2.780363219546509,5.518137267923375,5.388494941443924
114,0.5700000000000001,2.3147056700121875,4.912887063060933,4.596384055688431
115,0.5750000000000001,2.3112599139544288,4.2167188580965185,3.7997244317715686
116,0.58,2.7902631443299626,3.4813068350312886,3.063638863298688
117,0.585,3.605568523801826,2.815922134191117,2.495158738039296
118,0.59,4.565000473100472,2.411993712416766,2.2580288657057923
119,0.595,5.527226602596676,2.508412311001749,2.5409997436037974
120,0.6,6.415234769070785,3.219143256142587,3.41691995218131
121,0.605,7.195024889495308,4.349814111962163,4.696776878301444
122,0.61,7.855287088376616,5.524852818022069,6.0398585340491096
123,0.615,8.395251822168095,6.483027560266343,7.200948696938573
124,0.62,8.818527817173567,7.1523202842310605,8.09280559085818
125,0.625,9.13024242109432,7.567631922087699,8.716170392222587
126,0.63,9.335852769277285,7.802030371103282,9.10327977393949
127,0.635,9.440803300403651,7.933187054868104,9.29304308981374
128,0.64,9.450654355708409,8.025854682833065,9.31960625803879
129,0.645,9.371539093392316,8.118617783992683,9.209530642314157
130,0.65,9.210926438345858,8.215722749024579,8.984374860858338
131,0.655,8.978723680180314,8.295900965776124,8.66357409610843
132,0.66,8.688743871451907,8.333540142512001,8.265973747145505
133,0.665,8.360444098733788,8.312142032780104,7.810508130996286
134,0.67,8.020523172835784,8.225988543061794,7.317400198105361
135,0.675,7.703391251992423,8.077777800002888,6.810731505498145
136,0.68,7.448895192655791,7.87701760741418,6.321269877475121
137,0.685,7.295829399459288,7.639976240837,5.887680590076334
138,0.6900000000000001,7.271872010609343,7.390571597594432,5.555018200382879
139,0.6950000000000001,7.384266448365098,7.161018702851189,5.369720662764117
140,0.7000000000000001,7.617099807524696,6.990373611572313,5.3704182281520865
141,0.705,7.937129890706637,6.9186205450412235,5.5764877691751
142,0.71,8.304106057957089,6.975193901471686,5.9786445580778915
143,0.715,8.67975845736044,7.165363829314623,6.534824260383861
144,0.72,9.03256896820351,7.463334097776833,7.175566324672123
145,0.725,9.338774185741062,7.819496999091983,7.8209317693218745
146,0.73,9.581300944829277,8.17854122665034,8.400964330307247
147,0.735,9.748039209326643,8.49649279255848,8.868976215721203
148,0.74,9.830192325627564,8.748205953848544,9.204565036686226
149,0.745,9.820968333146697,8.925681940611446,9.407236020632617
150,0.75,9.714650522656903,9.031875298602367,9.48609848206709
151,0.755,9.506025071965723,9.073896861106082,9.45326714574307
152,0.76,9.190177365646182,9.057642695267962,9.32146704578349
153,0.765,8.762775065869533,8.984711804144013,9.102883669789438
154,0.77,8.221163583579582,8.851763501840225,8.80811166415907
155,0.775,7.566986709257845,8.65172504843773,8.445426638548804
156,0.78,6.811710462912394,8.375763878028803,8.021215783460262
157,0.785,5.987241668762967,8.015167432570733,7.541538274151479
158,0.79,5.163318365918101,7.563041592512673,7.013794739899582
159,0.795,4.465897385986237,7.01652905332577,6.448490101984366
160,0.8,4.068413747145734,6.380954548124816,5.862227791251065
161,0.805,4.11462852635077,5.678168723998375,5.282755671494023
162,0.81,4.610177465763401,4.962139252805468,4.758093017041793
163,0.8150000000000001,5.417712462364768,4.342532216957685,4.3733029382116815
164,0.8200000000000001,6.362730672290953,4.001300035089029,4.265268406940012
165,0.8250000000000001,7.315474811413676,4.148044518166389,4.589867478530671
166,0.8300000000000001,8.203086073511765,4.860234113680902,5.396224143804844
167,0.835,8.991783181204646,5.943493201515143,6.517011430677012
168,0.84,9.669025926268052,7.061957710836454,7.674762737315701
169,0.845,10.232407030584492,7.985182050009698,8.678780102127899
170,0.85,10.683766995888249,8.647118104086406,9.467748211460819
171,0.855,11.026285833398765,9.07762574409973,10.0490121758735
172,0.86,11.263095982834235,9.342581357327324,10.449027613096135
173,0.865,11.396634699126842,9.512590765946587,10.693481954504861
174,0.87,11.428342462288768,9.645778374757331,10.802678629971826
175,0.875,11.358513885177752,9.775113574277068,10.792060059765118
176,0.88,11.186207560540264,9.901893895954984,10.673914482152192
177,0.885,10.909173125867293,10.004551661718162,10.459071195990006
178,0.89,10.523786246974083,10.056928049016634,10.158274038283018
179,0.895,10.025014552955216,10.039370639350416,9.783202684490973
180,0.9,9.406491257051364,9.93967964658887,9.34717907751601
181,0.905,8.660886675578885,9.75025589899428,8.86567382558726
182,0.91,7.781024226113196,9.465455563588737,8.356495087466369
183,0.915,6.76276883558304,9.079961435094589,7.838667659597391
184,0.92,5.611971777953969,8.587965988032323,7.328933153686966
185,0.925,4.360023795453026,7.982974500735802,6.836600992663685
186,0.93,3.094147490326935,7.258334923830703,6.35900462364602
187,0.935,1.9970082157898557,6.4091070733618,5.879760662043658
188,0.94,1.3362288450557769,5.436867352605661,5.372667555643344
189,0.945,1.3030894688767256,4.361043453320623,4.815676526466447
190,0.95,1.8212692000827413,3.2436686329304343,4.219721184850609
191,0.955,2.6272648055198102,2.234870298418628,3.674227870126349
192,0.96,3.485159362021528,1.618971139661995,3.389998579765657
193,0.965,4.262298472712462,1.7379029292318253,3.6401648476360693
194,0.97,4.901119949915128,2.648226716462979,4.482228558270789
195,0.975,5.381497976318696,3.906673905228491,5.5787697485336025
196,0.98,5.698490788101899,4.993408872998974,6.532419797726032
197,0.985,5.851679294092524,5.6950769367015335,7.190222416956133
198,0.99,5.840326284564119,6.022148203752349,7.568636029267154
199,0.995,5.661066852616587,6.060880899589774,7.724233708617437
200,1.0,5.306583842909831,5.910690396301517,7.703707863253249
201,1.005,4.764627606605111,5.660093454018772,7.535473267829325
202,1.01,4.017334085049521,5.37273987229149,7.233172372440812
203,1.015,3.041726126763202,5.0706294182042875,6.800943321249198
204,1.02,1.8150214911291345,4.726037452843957,6.237529103045135
205,1.025,0.3374946075435075,4.284456553616603,5.538824178605048
206,1.03,-1.2875854678837864,3.6940373236743476,4.699195242616514
207,1.035,-2.651397578383833,2.913455434380393,3.711373889643013
208,1.04,-2.9515432123738305,1.9089804402406565,2.566442228941547
209,1.045,-1.869275969830406,0.6600189549473647,1.2623065230300239
210,1.05,-0.1045740254012167,-0.8009277106567279,-0.15907758857208698
211,1.055,1.6864060959102738,-2.245032156692252,-1.493052397914159
212,1.06,3.2682135079617143,-2.9102273760262474,-2.1006539732592886
213,1.065,4.603315209352438,-1.5752984312129144,-0.9709795180840164
214,1.07,5.709898497334164,1.3999095370235648,1.621666129044661
215,1.075,6.615510124911861,4.0153645890403125,4.059698952630714
216,1.08,7.344935902895675,5.63145700460925,5.810945976652247
217,1.085,7.91795260470522,6.493997099137182,7.053376307384298
218,1.09,8.349637854188,6.855687754251688,7.94404576137908
219,1.095,8.651176939919946,6.926256482921785,8.559473481861623
220,1.1,8.830624810366825,6.8782403606906914,8.933872904319873
221,1.105,8.893517024411917,6.851592473905363,9.089754016533798
222,1.11,8.8433460224276,6.954310687363054,9.05111450873979
223,1.115,8.68195492993578,7.187721395145029,8.841605538442197
224,1.12,8.40992124029362,7.437332325870531,8.481284799849943
225,1.125,8.027035731305778,7.612629530150275,7.988970311049201
226,1.13,7.533049830555044,7.6821773307107915,7.38555546557948
227,1.135,6.928996931820063,7.640494459633382,6.695024105899996
228,1.14,6.219629555243208,7.4889047795169486,5.942902349731294
229,1.145,5.417870567189674,7.229601262230071,5.158562839943864
230,1.15,4.552468730195826,6.864536048004749,4.383161580807036
231,1.155,3.6793089722471817,6.396098087400142,3.6690324414712006
232,1.16,2.8922646115444275,5.829031837903621,3.065711556632663
233,1.165,2.3181185679179426,5.174092506173206,2.6100590478560255
234,1.17,2.0731197806182355,4.4545970234720915,2.323053429378738
235,1.175,2.1928411618350703,3.7172427797666363,2.2057954878461916
236,1.18,2.605451157130524,3.0465523994296255,2.247177302345535
237,1.185,3.182448610374957,2.5732534219325713,2.456523662089879
238,1.19,3.80512904189936,2.4479802377581956,2.880367543826592
239,1.195,4.392868369517487,2.751315789624374,3.535445876981079
240,1.2,4.900003041686326,3.3952532293951334,4.327966729497778
241,1.205,5.303838115004624,4.156085984591531,5.097211955368717
242,1.21,5.594621082538653,4.825510286524807,5.7262088024469575
243,1.215,5.769324119562609,5.3011752402613,6.16454104005347
244,1.22,5.8283287542713484,5.571803643321819,6.410878511232987
245,1.225,5.773964754121471,5.673457084482349,6.490975733515427
246,1.23,5.610270791783989,5.65785341861013,6.436412215837151
247,1.235,5.343737177973377,5.573366336958375,6.275254375834851
248,1.24,4.9850768709096895,5.452803382532934,6.025373251987925
249,1.245,4.552224143441349,5.306886054481895,5.69397384861861
250,1.25,4.074614118221675,5.127565652393548,5.286779437572564
251,1.255,3.597888517617913,4.900270147471087,4.814480852252812
252,1.26,3.1858644842796124,4.615856659834977,4.292568276583593
253,1.265,2.9134987418700464,4.2770647516621745,3.746608438923439
254,1.27,2.845641845918847,3.9019027738184215,3.222327440249023
255,1.275,3.008603310340475,3.5270887380628153,2.777740043593567
256,1.28,3.376365694313748,3.2109978549297056,2.4682865972447523
257,1.285,3.884829827444297,3.0304702503983885,2.3541651235925234
258,1.29,4.460323064730746,3.0617268451708766,2.494314144317954
259,1.295,5.0406529452017255,3.342109648421329,2.907446110471823
260,1.3,5.581974489979581,3.8350625625354025,3.5509008279487686
261,1.305,6.056774067918948,4.43779601360655,4.335839380315225
262,1.31,6.449194559733384,5.0334853944099445,5.150779293685601
263,1.315,6.75080495242165,5.54019832624761,5.897645861841241
264,1.32,6.957623449892183,5.924300598988195,6.5145192619208245
265,1.325,7.06829046150164,6.188616563024731,6.971661143608767
266,1.33,7.083102769820082,6.3549503155285425,7.260955662109103
267,1.335,7.003684418961001,6.44968572857479,7.388476599394705
268,1.34,6.833185686687349,6.493838600046015,7.368615015417499
269,1.345,6.577010035663821,6.49771521985604,7.218996457501316
270,1.35,6.244150190386284,6.460817970690947,6.957747779081082
271,1.355,5.84922941120394,6.376205317545393,6.603206593012168
272,1.36,5.415183572379327,6.236131902007006,6.174526613640853
273,1.365,4.975965962091119,6.036160670886771,5.692288205142212
274,1.37,4.577489719701874,5.777433472331132,5.179236387196507
275,1.375,4.273612894151476,5.468267501681396,4.661652524483081
276,1.38,4.11435229788773,5.1261029745251925,4.1713580149212195
277,1.385,4.128626465758866,4.779952678755873,3.7474324579416214
278,1.39,4.311563709105072,4.4721693303384855,3.4362871978586287
279,1.395,4.626401141417095,4.256393767236598,3.2880261839879816
280,1.4,5.019330637467053,4.186983968882673,3.345753901722575
281,1.405,5.436033199741698,4.297975623766875,3.62678149439671
282,1.41,5.831448115616469,4.5804821064832035,4.10444017940617
283,1.415,6.172156424818203,4.977939273198185,4.7072760931180975
284,1.42,6.43460770884559,5.4085908982892645,5.3418683105384
285,1.425,6.602078854922404,5.798562752734569,5.9236442967839995
286,1.43,6.661782810017249,6.101843788667914,6.395608018652762
287,1.435,6.602509657857984,6.3014053987853735,6.729852415603675
288,1.44,6.412715190391028,6.399986821258711,6.919027571531769
289,1.445,6.078818094341377,6.408996146271122,6.966469474629099
290,1.45,5.583424521438047,6.339300135199046,6.8793976008724735
291,1.455,4.903176277249682,6.195053613880346,6.665317402336958
292,1.46,4.005926376616429,5.971003597103699,6.330253713217884
293,1.465,2.847232453019904,5.652948415971616,5.877702617780575
294,1.47,1.368049771541175,5.219702315970464,5.3077098082506105
295,1.475,-0.4941427714925702,4.644372033669608,4.615777911600964
296,1.48,-2.715217140869405,3.893629145074382,3.79129144999954
297,1.485,-4.757052558650754,2.9248608727143592,2.815014985641429
298,1.49,-4.987763580896122,1.682142998844025,1.6556441223809037
299,1.495,-3.0231174754628283,0.09562229599186267,0.26852187597339316
300,1.5,-0.55162825756032,-1.8911980968813378,-1.383830122649818
301,1.505,1.619244035762282,-4.139021535700552,-3.185734007295938
302,1.51,3.3974291663482403,-5.497048950863828,-4.207477862053818
303,1.515,4.838273746313514,-3.093435253499681,-2.1248571025394547
304,1.52,6.0036984731499015,1.7905661414452196,2.0288180366935213
305,1.525,6.941276715498933,4.892599897166695,4.803255118488866
306,1.53,7.684986702217445,6.435258056142602,6.386106477129888
307,1.535,8.258547646396671,7.114525251393151,7.381145706768141
308,1.54,8.678136922972522,7.255824363968575,8.045689308900197
309,1.545,8.954215603455214,7.1212006414759195,8.4866193875932
310,1.55,9.092642286546532,6.908681432758959,8.747183693623212
311,1.555,9.095246359965682,6.780425802710629,8.846486668108497
312,1.56,8.95995150427286,6.905252649302986,8.793044292520134
313,1.565,8.680451974477451,7.2436579913181305,8.590593933482982
314,1.57,8.245338829784204,7.55275639056741,8.242856025020004
315,1.575,7.636410867196459,7.725697222110674,7.755270340896731
316,1.58,6.825595215761875,7.747050154167482,7.136718485758497
317,1.585,5.769217867947561,7.617263400153078,6.400002099966659
318,1.59,4.396648281588,7.333636745488935,5.5570934771811284
319,1.595,2.5853848561996613,6.886222212007962,4.623985884708279
320,1.6,0.0973496527238735,6.255474070592406,3.6354728361855866
321,1.605,-3.6290305314722566,5.408285319762182,2.6351358482638108
322,1.61,-10.554600097076792,4.290022991357742,1.6365614371312618
323,1.615,-19.24081605335317,2.807718235841206,0.5967724164260346
324,1.62,-6.698905614032364,0.7910786982959435,-0.6251055475247096
325,1.625,-1.6484785299313045,-2.1132237891657075,-2.3752999008737277
326,1.63,1.446944859226051,-6.8108234248454504,-5.511060325376537
327,1.635,3.62494116228309,-16.833403026467153,-13.032267800857538
328,1.64,5.254847040243423,-26.468216946399586,-20.40821721335913
329,1.645,6.509878181886255,12.675267520405914,11.554476186337084
330,1.65,7.484428706070845,8.409524341029666,8.281449291510922
331,1.655,8.23482434592077,9.561705514739632,9.226719268332081
332,1.66,8.796528202705465,9.622049647523777,9.308151014895053
333,1.665,9.192382979301398,8.750793083822419,9.42868125345067
334,1.67,9.436895833068364,7.728357194227618,9.451882077643173
335,1.675,9.538557941473242,6.781170983578704,9.385659285251721
336,1.68,9.501072728918327,5.913394402109394,9.225695977444776
337,1.685,9.32389214733577,5.3851815599677755,8.980967485784857
338,1.69,9.002228275290232,7.074009078071146,8.627463081794236
339,1.695,8.526568572474003,7.696311080655626,8.14091568685174
340,1.7,7.88161272648063,7.961411034802968,7.512919316390187
341,1.705,7.044438849033304,8.003854521632151,6.7289864678222715
342,1.71,5.98162012798044,7.8671481647843295,5.814716156479073
343,1.715,4.645200105341914,7.564966726232118,4.797407176711531
344,1.72,2.969346265604276,7.095837743309498,3.645240492551585
345,1.725,0.8812820064832492,6.447031633756014,2.3999347726312994
346,1.73,-1.593632157771542,5.594368669727121,1.237462438693436
347,1.735,-3.799555345844072,4.499562020671235,0.2686753105851487
348,1.74,-3.851702075831601,3.105963552249543,-0.5942693558404146
349,1.745,-1.7098201919854097,1.3371116510900949,-1.2723141830071851
350,1.75,0.732518136123267,-0.8744360219570879,-1.9395831886904222
351,1.755,2.792957018982138,-3.371276112105905,-2.5475159296549084
352,1.76,4.440625914161959,-4.745302097934092,-2.6197188232735664
353,1.765,5.748291073967204,-1.7231286092917601,0.6430570242571543
354,1.77,6.782672987941153,3.3355628068647913,5.300988491920034
355,1.775,7.592788221427675,6.151008778041163,7.885662186296839
356,1.78,8.213291773747436,7.458279879651563,8.600286937982869
357,1.785,8.668644945330938,7.936773728626708,9.087787120265087
358,1.79,8.976211709544092,7.904443904612028,9.301659552370388
359,1.795,9.148398314063073,7.625810023909072,9.217200691079329
360,1.8,9.194176682857275,7.295671664990946,9.038101098554712
361,1.805,9.120288975348348,7.080721637429303,8.710456293760625
362,1.81,8.932392343033035,7.161132396304444,8.331410169063988
363,1.815,8.636416665188701,7.452120094967471,7.95545803720022
364,1.82,8.240479809132683,7.694260680330603,7.490549752820991
365,1.825,7.757814205490962,7.802638510122236,6.882929747462708
366,1.83,7.211192804888043,7.776486812417891,6.2091858140731
367,1.835,6.63891947391282,7.6287636543026665,5.496091469631844
368,1.84,6.100678272563441,7.373576859715005,4.665582322196786
369,1.845,5.677496097745896,7.027122310499124,3.7573961282395585
370,1.85,5.456203371748652,6.611973647010138,3.237341552322487
371,1.855,5.495574840510884,6.163356383929781,2.9536167491647047
372,1.86,5.794564305308824,5.736634256586395,2.8160548665706906
373,1.865,6.293233409288375,5.412155581156963,3.0493212615808165
374,1.87,6.905395485729883,5.287103297036255,3.7457814802239007
375,1.875,7.551914136570986,5.440831668428578,4.447418337536112
376,1.88,8.175391686263767,5.880261805304131,5.530870243389658
377,1.885,8.73979203656585,6.514374682271133,6.786651807357819
378,1.89,9.224566502528296,7.199601907965533,7.894983891372668
379,1.895,9.618808925922584,7.815228549238414,8.785618366908944
380,1.9,9.917028153756776,8.300424097283306,9.372073722570097
381,1.905,10.11644831480428,8.646688125287092,9.691366986545479
382,1.91,10.215368756360364,8.875547433857545,9.832659157464217
383,1.915,10.212172335858922,9.019110499839215,9.8253140699697
384,1.92,10.104702489838155,9.106439179318588,9.688735141228701
385,1.925,9.889836917391806,9.154933397149296,9.448844944120893
386,1.93,9.563159352724544,9.167234218816056,9.130243563875744
387,1.935,9.118685064765398,9.134299750164645,8.758117358095015
388,1.94,8.548653135652216,9.041882210303221,8.34228184869475
389,1.945,7.843498123931496,8.87573202264052,7.878788586283015
390,1.95,6.99234106380099,8.623559900170259,7.370439282786604
391,1.955,5.984905812478072,8.274753628270636,6.827921457198979
392,1.96,4.8171862531902665,7.819349568723071,6.256621439519531
393,1.965,3.506512624119688,7.2471183150265235,5.66658281712731
394,1.97,2.1274027700487106,6.547200229181314,5.093540172906983
395,1.975,0.8766910681914257,5.708863980000232,4.551870839428578
396,1.98,0.1077738523102029,4.724848800352117,4.002437646264832
397,1.985,0.1328871122676088,3.60111176793124,3.41040196467153
398,1.99,0.8762908870557661,2.382197270846135,2.777697952785991
399,1.995,1.9696387584008224,1.2095881304277074,2.1606606658898793
400,2.0,3.106521361293711,0.4164478594951291,1.8006442772694533
401,2.005,4.139659823025086,0.5156319528347053,2.1303685799459093
402,2.01,5.01991527388717,1.7184729815130697,3.3240936539601695
403,2.015,5.740252567195641,3.4245159503620837,4.897280912577548
404,2.02,6.308609033904222,4.873037938791443,6.24966062385946
405,2.025,6.737101322946791,5.813553006627195,7.1980102629611675
406,2.03,7.038241220458222,6.304461393147709,7.800787866338213
407,2.035,7.223950129684596,6.475063141563246,8.148621663611534
408,2.04,7.305698852587471,6.458064662047353,8.30841587909612
409,2.045,7.295141362621608,6.36997100518065,8.32247783555888
410,2.05,7.205009221859076,6.301514570287193,8.216751379835937
411,2.055,7.050153523594455,6.297747016770718,8.007728496911847
412,2.06,6.8485905577195885,6.339191890657627,7.70767102669639
413,2.065,6.62225997855548,6.374327618541562,7.32874526204972
414,2.07,6.396975859899242,6.367595684255512,6.886173222014108
415,2.075,6.200878687612768,6.309388639633344,6.4005284968319955
416,2.08,6.0608876592842496,6.207210664641953,5.89906103235726
417,2.085,5.997529492253789,6.078500141212073,5.4166701245224
418,2.09,6.019879365403601,5.947004340977402,4.997190785899525
419,2.095,6.123075451235962,5.840027740217554,4.691895156289979
420,2.1,6.2898267994699335,5.784421695106412,4.550986950296861
421,2.105,6.495061962256186,5.800579029955642,4.610296919898888
422,2.11,6.711350922174971,5.895753188381511,4.878834161036034
423,2.115,6.913053238425537,6.060029749104535,5.329833339513988
424,2.12,7.078477909053999,6.268141400925461,5.900143626422177
425,2.125,7.190409389393608,6.487004262317248,6.503769036134916
426,2.13,7.235715552317513,6.68502499013284,7.0561673661305555
427,2.135,7.204654523949898,6.838662933769049,7.492237972626003
428,2.14,7.090282492722167,6.9344060386868165,7.771605999919492
429,2.145,6.888214655685232,6.967109359046612,7.880909593227283
430,2.15,6.596951788502299,6.9366670576388305,7.83265476752832
431,2.155,6.219045628025737,6.84468377445661,7.6503430903034
432,2.16,5.763500066360361,6.692166583173469,7.354603205885652
433,2.165,5.2498708918675625,6.4787015924214195,6.963393582324915
434,2.17,4.71414540337714,6.203142412343765,6.49515801686668
435,2.1750000000000003,4.214729086623705,5.865584241340975,5.969816327918557
436,2.18,3.8326985577445383,5.4704631964153325,5.408875113527417
437,2.185,3.65621773035224,5.030957967557387,4.836587038836598
438,2.19,3.745616573943926,4.575081958381326,4.285619322554763
439,2.195,4.09996720520521,4.153076169620144,3.8056025068455717
440,2.2,4.657535721203892,3.842398809448693,3.4678417487755135
441,2.205,5.329588111141035,3.7397501241768705,3.358660500796619
442,2.21,6.034928588931691,3.925686819994537,3.5516944931388204
443,2.215,6.714939018987591,4.407532944194781,4.059332338341731
444,2.22,7.332985008439422,5.091429816416211,4.80232041698258
445,2.225,7.868246253617298,5.828710626724485,5.644574242628046
446,2.23,8.309677089050783,6.494496577464847,6.4617153785574635
447,2.235,8.65168443966359,7.026125466335184,7.175025489589903
448,2.24,8.891396864676382,7.414930079344387,7.747095201889127
449,2.245,9.02703218526906,7.682985150324134,8.16972578124751
450,2.25,9.056945884877685,7.86311122524045,8.449911234083306
451,2.255,8.979090564675005,7.984969856452058,8.597271283904313
452,2.26,8.790743497724941,8.066263326285862,8.620614377139455
453,2.265,8.488464264627243,8.109541359074464,8.528789321751514
454,2.27,8.06835725359271,8.105395063405892,8.330990873883058
455,2.275,7.526885266417503,8.039235980210883,8.036901944488545
456,2.28,6.862797221176457,7.896799920273834,7.6569645476164805
457,2.285,6.081332251274669,7.666368807413838,7.202606741814485
458,2.29,5.202845874845925,7.338865454936359,6.686391016483912
459,2.295,4.278786809015837,6.907568447941102,6.122065639996809
460,2.3000000000000003,3.414743349164066,6.3686778387000595,5.524507820889391
461,2.305,2.7824274287993997,5.7238364521517315,4.91006133407596
462,2.31,2.570508479745872,4.9863661018795975,4.299057877758205
463,2.315,2.857743910394705,4.194278496917446,3.723916667613561
464,2.32,3.541748536085195,3.433520377211444,3.2466758264135684
465,2.325,4.428974529272027,2.866825186958974,2.983169140244591
466,2.33,5.35517711072986,2.728621132863549,3.102275799927658
467,2.335,6.222728538931954,3.1997364382602247,3.7295561753831334
468,2.34,6.98469776495961,4.190665329525125,4.776423794989896
469,2.345,7.62228210188165,5.348209332054755,5.94796895112331
470,2.35,8.12991303716621,6.349638119244087,6.980846749278188
471,2.355,8.507297587200341,7.066248503322081,7.771563994999431
472,2.36,8.755468191061924,7.506572739086709,8.322069780691521
473,2.365,8.874825500197574,7.7347696495668545,8.666982950181392
474,2.37,8.864079722122149,7.827538002573975,8.840740214507129
475,2.375,8.719523861591547,7.852944782169848,8.869373531754913
476,2.38,8.434323325662772,7.856259955120109,8.770757568007475
477,2.385,7.997601252349304,7.848662611539107,8.556630530377683
478,2.39,7.393101870974639,7.8091931680054625,8.234640916921755
479,2.395,6.597154881690206,7.703535253005988,7.810149607606441
480,2.4,5.575584537699918,7.500691603631942,7.2876286079851855
481,2.405,4.279339070153655,7.176446793034973,6.671365703383873
482,2.41,2.640302167946209,6.709520358138129,5.965326519401492
483,2.415,0.5797633336219643,6.0765601132429685,5.172092219950373
484,2.42,-1.8931152082224687,5.247393891742153,4.289896719124335
485,2.4250000000000003,-4.145300643424784,4.179935956377591,3.306143252459402
486,2.43,-4.211527584143529,2.8143121465606695,2.1877275816522705
487,2.435,-1.9820591153536704,1.0694365258773688,0.8731890129251703
488,2.44,0.5501926477566509,-1.1327322697890345,-0.7111765084349733
489,2.445,2.680600713587923,-3.6627350266030145,-2.486465985561483
490,2.45,4.385414647697977,-5.141190470610276,-3.371585127093347
491,2.455,5.742560793175048,-2.0888648594555272,-0.5798073849942336
492,2.46,6.821130980633954,3.184252163875403,4.004770451501615
493,2.465,7.670963049497635,6.093646040463742,6.6643052140557995
494,2.47,8.326603722090566,7.44776019953465,8.070213441750234
495,2.475,8.811682708864163,7.960197760646059,8.86903716585759
496,2.48,9.141982800480848,7.951997262851653,9.328803713818502
497,2.485,9.327378603528077,7.691867115891169,9.5658975326589
498,2.49,9.372966164659656,7.376292878448724,9.631989430409885
499,2.495,9.27960007951625,7.171668825713394,9.552059599313072
500,2.5,9.043938208183487,7.2655116470962895,9.337967989072467
501,2.505,8.657987225678637,7.5746710695657224,8.994695522507133
502,2.51,8.108020573594263,7.823457669815207,8.525184997374398
503,2.515,7.372556740032793,7.919539866221484,7.931953316930558
504,2.52,6.418748161613648,7.85567798697339,7.220508046244257
505,2.525,5.1958391355527365,7.633974517368157,6.400710201920567
506,2.53,3.622868282020965,7.250789458748359,5.481150521333926
507,2.535,1.5648937985731934,6.693773974134967,4.476479325939613
508,2.54,-1.2081596578416922,5.939511942876789,3.4241664626915487
509,2.545,-4.987924526531592,4.9489903465161165,2.36743732415709
510,2.5500000000000003,-8.458318851721561,3.658632669756601,1.3084672176660903
511,2.555,-6.094712566636742,1.9625554215050371,0.18597594483243718
512,2.56,-2.067485805478682,-0.322624924185007,-1.1627853569694775
513,2.565,0.9579571788119984,-3.5156548701910495,-3.070267286281756
514,2.57,3.1912959214050485,-7.942137577932961,-5.939636977479559
515,2.575,4.894394109988776,-10.332681207917098,-7.254141671229311
516,2.58,6.223645375119159,-0.30281704959752087,1.3507311779573556
517,2.585,7.27258092147832,5.924139932633104,6.739682825524568
518,2.59,8.100054454764527,7.730816941858297,8.389016954756983
519,2.595,8.744935784736764,8.501054879198724,9.15085695886713
520,2.6,9.233936382297111,8.492639485856472,9.515377253852947
521,2.605,9.586011482498208,8.071231834956013,9.677540474458407
522,2.61,9.814989901763136,7.534816639879011,9.68977521636642
523,2.615,9.931252419533042,7.050597183433819,9.582937546293655
524,2.62,9.942894979481911,6.835225601728241,9.376671145434317
525,2.625,9.856631030034748,7.32854184608997,9.084084700901261
526,2.63,9.678601905480566,7.923929813080784,8.702782618294181
527,2.635,9.41522694599161,8.30647230795485,8.220975203484034
528,2.64,9.074209569254927,8.512717377351532,7.6360625294712285
529,2.645,8.665797366744934,8.58184711290058,6.966735464106248
530,2.65,8.204334874038716,8.5384225299572,6.233025518221635
531,2.655,7.709979035905361,8.399071191965554,5.448892319291001
532,2.66,7.210078347719825,8.177135926091843,4.68634327177689
533,2.665,6.739124414025184,7.8857263641873185,4.070705863695342
534,2.67,6.335677577200332,7.5401601669046805,3.6894653593130533
535,2.6750000000000003,6.035163358937288,7.16021749977671,3.5800753168669432
536,2.68,5.859901198947597,6.772090426193099,3.79693798163115
537,2.685,5.811108916657327,6.409207302310293,4.306047891299201
538,2.69,5.868040832439712,6.110252041245237,5.025403935072097
539,2.695,5.994848640806213,5.912357942020707,5.774362803398751
540,2.7,6.150550643936276,5.839236599918237,6.466621661325466
541,2.705,6.29691086627163,5.888826565664955,7.0544083680788585
542,2.71,6.40217970410633,6.029322228138823,7.473044585133165
543,2.715,6.441476929773967,6.208930470033108,7.60816609817133
544,2.72,6.395426342336544,6.373873888139762,7.637577516861537
545,2.725,6.248246947795356,6.483163935165278,7.609304745523245
546,2.73,5.985888505740609,6.513774930814114,7.465349393403027
547,2.735,5.594388972105518,6.457784740655052,7.218963596371472
548,2.74,5.0584581127407935,6.31597008492018,6.878306736567203
549,2.745,4.360310834981549,6.091224324085848,6.468335161614188
550,2.75,3.479049229140404,5.783479074094556,6.015557806748749
551,2.755,2.391815354310483,5.386805129129025,5.5010749591588
552,2.76,1.080861122168464,4.888673046298487,4.89342435773693
553,2.765,-0.4403824004467324,4.270671886463006,4.192196772537408
554,2.77,-2.047500665389637,3.50975176742695,3.3957091597687312
555,2.775,-3.337892631891988,2.579839636323336,2.472673921772228
556,2.78,-3.634769553510802,1.45589943519713,1.4203872212178914
557,2.785,-2.7315995130874207,0.12807264004760555,0.34043177400145286
558,2.79,-1.220839600627526,-1.3507198453942957,-0.7335774146198846
559,2.795,0.334296749461008,-2.724887713509525,-1.6733055213141377
560,2.8000000000000003,1.707991901356192,-3.276090384991779,-1.90445113341059
561,2.805,2.850660675595633,-2.0527196088697988,-0.6596089966741729
562,2.81,3.769086888813142,0.49889255412467826,1.6017385266487225
563,2.815,4.482309043473088,2.758475770870855,3.640051090668272
564,2.82,5.008378246983003,4.162998895078846,5.067912301579056
565,2.825,5.361002331961938,4.877145913444662,6.004696637935222
566,2.83,5.549051097598742,5.1168131567057875,6.60593878601574
567,2.835,5.57672647133468,5.070912479733848,6.96693049167491
568,2.84,5.443726498747362,4.896779215409581,7.132027401729305
569,2.845,5.145217322650754,4.721184770559211,7.121597728228344
570,2.85,4.671620028257778,4.632996764013786,6.944779172059985
571,2.855,4.008428511272442,4.622337543939967,6.605637960877213
572,2.86,3.136837234231455,4.585729006898024,6.106736490378152
573,2.865,2.0377517587201077,4.436146532773838,5.450975701991263
574,2.87,0.7074671406117803,4.132079006856131,4.6425652973319975
575,2.875,-0.7904276720877055,3.652224900333975,3.6871453314299654
576,2.88,-2.1887717134746314,2.9788763126616074,2.59138130919353
577,2.885,-2.8696280445615723,2.0935938468205477,1.3670755916843844
578,2.89,-2.2994960788063725,0.9834222012673055,0.04237781831479648
579,2.895,-0.817440539501038,-0.33049295997646144,-1.318730273300349
580,2.9,0.8983709313529948,-1.7001066824242388,-2.5553194319585177
581,2.905,2.493752092661717,-2.6209494047695223,-3.23463900466667
582,2.91,3.869783759097034,-2.089825501523735,-2.5435200323293152
583,2.915,5.021311825336127,0.2471383928730404,-0.22456938062660203
584,2.92,5.967506638282916,2.9189901510852954,2.472559535147632
585,2.9250000000000003,6.730004528285669,4.796131282197619,4.567544125743742
586,2.93,7.327081410027479,5.88603560877191,6.024379798288511
587,2.935,7.772619548670139,6.417382902727425,6.9969305500288055
588,2.94,8.076342070396112,6.5942943648189445,7.5956586571731775
589,2.945,8.244242971683471,6.591210055313601,7.903902445145041
590,2.95,8.27889361131911,6.549776736383097,7.993306810531099
591,2.955,8.179527291142355,6.582513941432116,7.906841756886424
592,2.96,7.94185101436795,6.732315383490344,7.666732117810843
593,2.965,7.5575159415043744,6.9246384150816525,7.290266415625413
594,2.97,7.013122167210715,7.05850392541816,6.794195911200946
595,2.975,6.288535648691381,7.0817813039939725,6.195293890235349
596,2.98,5.354142575020012,6.975314867429168,5.50701794290101
597,2.985,4.166489873885816,6.729706456439569,4.738216527326073
598,2.99,2.661947862492914,6.33496862061671,3.8994277756817692
599,2.995,0.7513083288808757,5.776109852227063,3.0100321795964433
600,3.0,-1.6571177769204697,5.030023186950438,2.095541006528072
601,3.005,-4.418177224035031,4.061643226233393,1.1753529797040398
602,3.01,-6.071427567909204,2.818199808920101,0.2473741506264142
603,3.015,-4.585477381716919,1.2213801608357904,-0.7387151064959454
604,3.02,-1.813561974400336,-0.8357555741297338,-1.9067918467192477
605,3.025,0.6467654760020096,-3.4306683264169813,-3.4017942423783154
606,3.03,2.6081184206694443,-6.118143845049756,-4.965038490355266
607,3.035,4.159544693596339,-5.8866198632380815,-4.243514095684523
608,3.04,5.393059038198469,-0.18241602042982574,0.7937783174356969
609,3.045,6.375386215174935,4.290623772412762,4.7258380504767
610,3.0500000000000003,7.152977633562544,6.262737347059209,6.553429894811323
611,3.055,7.758609467955653,7.121834425858161,7.49381758153323
612,3.06,8.216080244900635,7.297168624991624,8.00062242413727
613,3.065,8.54333211611509,7.095249729807563,8.263281235618168
614,3.0700000000000003,8.754587301757873,6.760570768718749,8.359079315318164
615,3.075,8.861929177213199,6.467408073809933,8.326504992195844
616,3.08,8.87661097885013,6.416619954379548,8.187519284690884
617,3.085,8.810276856125315,6.743744435619299,7.952169323066667
618,3.09,8.676201563938728,7.158450827771796,7.622082867337621
619,3.095,8.490557095136475,7.4615180673680666,7.19867716496439
620,3.1,8.27355256003191,7.637661733579916,6.690548617496143
621,3.105,8.050037416039276,7.707209822254477,6.117436083994605
622,3.11,7.848858188792802,7.6923797925946324,5.506466536056381
623,3.115,7.700158716810926,7.614917265364928,4.895303843247434
624,3.12,7.630360773459955,7.497914063257267,4.350600766724327
625,3.125,7.65598606936424,7.367440496970246,3.963569343049628
626,3.13,7.779000240146524,7.2528695096192415,3.8162051621329574
627,3.135,7.98628220532828,7.1849351951805165,3.962697601813229
628,3.14,8.253544960773754,7.190788772203138,4.430869595001936
629,3.145,8.551454027610271,7.286652464023721,5.188947900284344
630,3.15,8.85108551838377,7.471099483303025,6.136879966453585
631,3.155,9.127178681799778,7.723472281791844,7.111145494418501
632,3.16,9.359198876734483,8.009741630190863,7.989195569304902
633,3.165,9.53097401418165,8.293025145739353,8.691044445293059
634,3.17,9.62967107468094,8.543011396234649,9.150905682481845
635,3.1750000000000003,9.644595624688222,8.740408527269112,9.346068156399271
636,3.18,9.5660243937888,8.876372837506034,9.376749113449065
637,3.185,9.384102878439656,8.949036446847964,9.295517103982341
638,3.19,9.087736782663889,8.959298613230441,9.102638205893474
639,3.1950000000000003,8.663333120324756,8.907273935107078,8.814826722378374
640,3.2,8.093157620899657,8.7900537558611,8.449341757025177
641,3.205,7.352911198967837,8.600837868073029,8.027756510577815
642,3.21,6.407779508056062,8.32898689746677,7.564642207379434
643,3.215,5.205409200686639,7.96026225229809,7.049989505795904
644,3.22,3.662273399449621,7.476556200885229,6.466311249541812
645,3.225,1.6344486034298105,6.854593082611279,5.805381265084064
646,3.23,-1.1521441034790842,6.0630869493208825,5.0514643805892385
647,3.235,-5.269020669563234,5.0573957181486335,4.169206307599892
648,3.24,-11.045106845822518,3.7694188834824036,3.1257255413295537
649,3.245,-8.940439845883281,2.08715754695078,1.8753619409166404
650,3.25,-3.514235665289461,-0.1909205023913101,0.2389015464306672
651,3.255,0.071354230665566,-3.4692614973711464,-2.163934304404698
652,3.26,2.5814631091913247,-8.627825540952314,-6.07833846626939
653,3.265,4.453856369391245,-15.622982129847506,-11.513629067334774
654,3.27,5.903202739403973,-3.174829569429402,-1.27491913970752
655,3.275,7.046538698778537,6.509989088655635,6.735015680465246
656,3.28,7.953694287558516,7.967241982031135,8.112224002481614
657,3.285,8.669202262398906,8.797347799333437,9.006131216124281
658,3.29,9.222864184104186,8.750092013845064,9.528603151798576
659,3.295,9.63531463321142,8.2087395079777,9.899747477891312
660,3.3000000000000003,9.921170544762042,7.54689445346341,10.143141431024539
661,3.305,10.090927988750671,6.937176328911352,10.2658564520096
662,3.31,10.15217601900703,6.486460956713598,10.268740929638739
663,3.315,10.11043219295778,7.039232014331361,10.144191597490707
664,3.3200000000000003,9.969781609593772,7.861589894312708,9.883246909368927
665,3.325,9.73344769776103,8.356818032175417,9.48574162844831
666,3.33,9.404408873151285,8.634990506204979,8.951304232770426
667,3.335,8.986188982956051,8.757566324880502,8.294171769232733
668,3.34,8.483985357610447,8.75508377213496,7.543715058828573
669,3.345,7.906343478328393,8.644523799565375,6.7037440349717095
670,3.35,7.267596022953889,8.436569724989038,5.79050053176111
671,3.355,6.591124047283512,8.139174848740643,4.914419445618345
672,3.36,5.912880195322543,7.759894364767936,4.227866818690143
673,3.365,5.283166146004835,7.308031965426627,3.7955175234756386
674,3.37,4.762650883220733,6.797189389616293,3.7005533702028925
675,3.375,4.408622113593655,6.248567244867866,3.9551572424231827
676,3.38,4.253887598834454,5.69491576922,4.510837558588823
677,3.385,4.291349253676134,5.183848104167232,5.086500829148775
678,3.39,4.477340798131434,4.77685009697019,5.56718434921725
679,3.395,4.750734579716979,4.537834051029416,5.972000532298305
680,3.4,5.052706519874535,4.507781544453981,6.316221816473909
681,3.405,5.337248395434008,4.6762457794137475,6.410934396879918
682,3.41,5.572920149295505,4.975620617169617,6.485610899980858
683,3.415,5.74037742822438,5.310589221341117,6.634753312067267
684,3.42,5.829111310905439,5.599257569546564,6.704846393473425
685,3.4250000000000003,5.834890944439978,5.795345407854272,6.681780246669823
686,3.43,5.758261846849048,5.886972826356413,6.565039797260909
687,3.435,5.604035987757635,5.884682182235867,6.376064015421678
688,3.44,5.381617976350411,5.8088109688637894,6.166885191914105
689,3.4450000000000003,5.105971079698188,5.679865495731896,5.929862771578661
690,3.45,4.798869374071377,5.512773469436585,5.627284079720203
691,3.455,4.489699468239124,5.3155509252204105,5.273501286108498
692,3.46,4.214508966681553,5.092199209473238,4.900743683191634
693,3.465,4.01171732086954,4.84792278907221,4.497927537356428
694,3.47,3.9139272069686273,4.594044953929238,4.059504333332316
695,3.475,3.9381779588758863,4.3509790644178175,3.766549881373482
696,3.48,4.079819054015517,4.148427844092049,3.6725187768161924
697,3.485,4.314096010277765,4.021669070924773,3.6867541001726774
698,3.49,4.604320781974031,4.002698522880352,3.8228432643826826
699,3.495,4.911475752553477,4.107364671139396,4.139155032044322
700,3.5,5.200913819350835,4.324573249618294,4.4564651953583585
701,3.505,5.445116041929379,4.6160766550908745,4.802806633530577
702,3.51,5.62368892057349,4.929202991305851,5.245716365803321
703,3.515,5.722163336861716,5.214497837811876,5.69065396899289
704,3.52,5.730674612339296,5.437704976554176,6.078291941035205
705,3.525,5.643100241596417,5.582321747913761,6.382913186385892
706,3.53,5.456986565432278,5.645604248291268,6.579641885630185
707,3.535,5.174596849302507,5.632312826420116,6.654193945344751
708,3.54,4.805574580314141,5.549042336069023,6.601449842520928
709,3.545,4.371860147423396,5.400563660899797,6.423758803916021
710,3.5500000000000003,3.9150856292954015,5.188829400887658,6.129443813971431
711,3.555,3.504317775398085,4.914723125455286,5.732067203129086
712,3.56,3.236022492761548,4.582168026166388,5.2512168295092545
713,3.565,3.212131608377564,4.204261981349019,4.715373244088188
714,3.5700000000000003,3.493564078285959,3.8115552147939424,4.167197726811701
715,3.575,4.062629070915872,3.4620146345004335,3.670741663057175
716,3.58,4.835007899611836,3.247876816705529,3.316469299716598
717,3.585,5.707396743923852,3.2845530089330732,3.2118615373678474
718,3.59,6.594909815767515,3.6614118690834823,3.441018800536571
719,3.595,7.441653464480352,4.367311568358833,4.003454110447766
720,3.6,8.2157082714117,5.26841546846746,4.794790709647265
721,3.605,8.900784536594958,6.1858785106461545,5.668011810255337
722,3.61,9.489557247024797,6.9913979883137864,6.508967314543899
723,3.615,9.97936453980681,7.635379431499667,7.2575078060773155
724,3.62,10.369668582762817,8.12483306012712,7.8896380801653665
725,3.625,10.660607265186664,8.494240701250515,8.397521920530439
726,3.63,10.85216501384502,8.784483432556712,8.779346222939914
727,3.635,10.943674042624004,9.029032933230479,9.036262921950396
728,3.64,10.933477134002828,9.245456329829565,9.172056174503007
729,3.645,10.818652979312214,9.433509306042271,9.193158820540646
730,3.65,10.594744602978889,9.580766734215068,9.10839122423792
731,3.655,10.255456187156687,9.671192571827206,8.92858992221872
732,3.66,9.792308669026813,9.690646915092952,8.666279664963888
733,3.665,9.194293706151596,9.62812402096585,8.335337368700184
734,3.67,8.447695692720416,9.474763215744707,7.950520447276869
735,3.675,7.536617985558944,9.222396903960203,7.526575789275875
736,3.68,6.445795577138652,8.86230400382563,7.076434051273368
737,3.685,5.17022868302319,8.384266625755174,6.608257190317986
738,3.69,3.7437823666930634,7.775937126264596,6.1219046245266036
739,3.695,2.3113749324020385,7.022738749805203,5.606055657559352
740,3.7,1.2415770072044232,6.109182311765541,5.037773966349238
741,3.705,1.0480848875635391,5.024308683699469,4.387698429447061
742,3.71,1.8458942337837527,3.779050254569294,3.6376542777263663
743,3.715,3.1857115634729194,2.4560384234420902,2.8265074704019213
744,3.72,4.6153126692971815,1.3295939670083867,2.153109453294613
745,3.725,5.9235696440454,1.016377722051371,2.10330183635289
746,3.73,7.048624789220524,2.153831936379178,3.193112056084228
747,3.735,7.985878122434745,4.304573237832417,5.081188004165749
748,3.74,8.747569399987224,6.283758694303075,6.828844717740862
749,3.745,9.348510805994351,7.604695665937887,8.066848590221102
750,3.75,9.80161014237432,8.341014904398088,8.877053366584875
751,3.755,10.116725881465609,8.661876722213457,9.393067665089248
752,3.76,10.300559683882865,8.730910831989924,9.705395245981641
753,3.765,10.356788228607035,8.689330832029162,9.86508763077325
754,3.77,10.286154208469728,8.651203175719685,9.898694281172418
755,3.775,10.086409427762622,8.690184252552866,9.818972466442968
756,3.78,9.752052005583414,8.798106996436701,9.631766037885289
757,3.785,9.273802443504955,8.898458959549895,9.340633474489874
758,3.79,8.637752910308482,8.923824662939872,8.9496315900429
759,3.795,7.824138267376255,8.840778800293528,8.464682769240984
760,3.8,6.805834112358816,8.634384192063761,7.893355856798971
761,3.805,5.547444775769702,8.29472683238864,7.243853642913105
762,3.81,4.0090616119172005,7.8105628934852644,6.526567573060444
763,3.815,2.172016613850199,7.166217134075369,5.756660641503058
764,3.82,0.1526461817722686,6.3394488458197245,4.949661310003781
765,3.825,-1.4579060473318983,5.299707293953499,4.1096971119005214
766,3.83,-1.5182063021684888,4.008220756422617,3.2199091954778165
767,3.835,0.0247475191191397,2.4276037640679253,2.241904155595323
768,3.84,2.034201207494412,0.573442356952965,1.1506845021891676
769,3.845,3.878908449635976,-1.2707056362130587,0.11273182147239247
770,3.85,5.427567955718514,-1.9598922409159298,-0.011156435239731977
771,3.855,6.696130071268559,0.23282576778455422,2.1337311181277374
772,3.86,7.724937918092736,3.92562843920591,5.412949879703688
773,3.865,8.55049526226167,6.485015654871899,7.701245713837686
774,3.87,9.201164114728876,7.849243832621237,8.990780629047567
775,3.875,9.698005698712588,8.458244534240702,9.707333311660904
776,3.88,10.05632470487032,8.593690854473731,10.092588589134404
777,3.885,10.286969405882187,8.483240755538759,10.264607726577722
778,3.89,10.397264851646693,8.305338205714822,10.282365891320467
779,3.895,10.391628435121472,8.209120789936193,10.178136735121942
780,3.9,10.271931233419702,8.313274690191266,9.969695504088524
781,3.905,10.037647781997473,8.567074230207668,9.664239549668896
782,3.91,9.685810148832289,8.80386157161003,9.263223479204196
783,3.915,9.21075306518047,8.939453605434629,8.769248433321843
784,3.92,8.603601365446398,8.95585249099885,8.19063054723108
785,3.925,7.851400474204561,8.852999921449232,7.541235038315877
786,3.93,6.935710782636498,8.632356871202857,6.840670875022991
787,3.935,5.830355502141621,8.292883890616835,6.121317007333712
788,3.94,4.497808809327719,7.829987870387026,5.428489003405663
789,3.945,2.8835123042511346,7.234869738044399,4.803038582697033
790,3.95,0.9080293006649954,6.493537016515401,4.264064989143633
791,3.955,-1.5356489012143988,5.585100295754061,3.8031780199576835
792,3.96,-4.515668052824321,4.478903246032439,3.3721077179387553
793,3.965,-7.520090020174567,3.1297932986138233,2.8723222290804076
794,3.97,-8.165054973041753,1.4706829655446478,2.1547010585832993
795,3.975,-5.982896329787967,-0.5968172207070683,1.044879439018314
796,3.98,-3.541997667909842,-3.197535647480379,-0.6209151564411428
797,3.985,-1.6279396674298918,-6.333434715608977,-2.882934920335577
798,3.99,-0.2134273229185024,-8.787720491992122,-4.770581619926519
799,3.995,0.8085040646354404,-6.006959659930525,-2.5485091464297254
800,4.0,1.5206699860658903,-0.05064247323195481,2.202650018809235
801,4.005,1.9807433008426143,2.7877363809333606,4.436624793838582
802,4.01,2.2302453341761823,3.850504924067242,5.282428497365758
803,4.015,2.3025013220301647,4.01617927902374,5.552474823719289
804,4.0200000000000005,2.22963672375386,3.6137156702122706,5.54420011065263
805,4.025,2.049806561058828,2.9353380442840438,5.377806092617653
806,4.03,1.815117726009933,2.190764615560384,5.0962379978029775
807,4.035,1.5982725744451711,1.5539022606375914,4.710452142611344
808,4.04,1.491171786313605,1.2691703216107961,4.226761734311722
809,4.045,1.585413528622465,1.295127430635055,3.6587279347082577
810,4.05,1.935211812345509,1.323361789679951,3.0333899062678977
811,4.055,2.5290345031300565,1.3183775553286439,2.4058769882319875
812,4.0600000000000005,3.2990554429459253,1.373632659051125,1.8744748109826759
813,4.065,4.158410314266238,1.6055275597791536,1.5467476368668547
814,4.07,5.032554845044683,2.098713512598434,1.47957104045323
815,4.075,5.870268140299032,2.849488756610216,1.6666169640529493
816,4.08,6.641166661453537,3.753214656936627,2.0624026535793862
817,4.085,7.329302263637357,4.665340999884474,2.6103345764272317
818,4.09,7.927495262396757,5.477046331990271,3.2806974275391827
819,4.095,8.433446680105103,6.142385661829321,4.087024142130291
820,4.1,8.847348750815563,6.66442033050208,5.031467297427739
821,4.105,9.170494629244152,7.071929947495731,6.058332451413567
822,4.11,9.40449347087246,7.4008410451382876,7.038720875139839
823,4.115,9.550835646766394,7.681566847925113,7.838329536881599
824,4.12,9.610655488238134,7.931371872258303,8.397162734522826
825,4.125,9.584604017810785,8.152631905723123,8.682115509350114
826,4.13,9.472783298744645,8.33726920733538,8.662168883843753
827,4.135,9.274717915847631,8.473719115112509,8.40135185321343
828,4.14,8.989355193867002,8.55179553332857,8.02608799565552
829,4.1450000000000005,8.615099513547776,8.564228932119084,7.5687246443954415
830,4.15,8.14990241355342,8.506258827724428,7.049945206292195
831,4.155,7.591455153050476,8.374710488867885,6.505520993069832
832,4.16,6.937573437211036,8.16720383135299,5.968719703692079
833,4.165,6.186940406538199,7.8816381552026336,5.4749502347553305
834,4.17,5.340506592362921,7.515928211752886,5.03631980208257
835,4.175,4.404056151152509,7.067958804572432,4.63678931012357
836,4.18,3.3927051814543665,6.535774477059114,4.258556592382823
837,4.1850000000000005,2.3381172244315325,5.918101276956534,3.887211547303284
838,4.19,1.2979676314508315,5.2154211066108935,3.496277347778683
839,4.195,0.3624367656717608,4.4320150401637814,3.0635433251295963
840,4.2,-0.3562249148036879,3.579678577142367,2.616612689283776
841,4.205,-0.7650302918950312,2.684089908323082,2.19028377257519
842,4.21,-0.8441431193467517,1.794503365759848,1.778602654853778
843,4.215,-0.6593163330706997,0.9946489210010139,1.4132089645950825
844,4.22,-0.3176051464181676,0.40393550145431245,1.184220082497514
845,4.225,0.0846080928752318,0.14514338128242787,1.1572988147441898
846,4.23,0.4842455821014743,0.26625779994499954,1.366788545588316
847,4.235,0.8502449862446262,0.6752963093495019,1.7960163988927076
848,4.24,1.1746779362805122,1.184176994990524,2.3148406657616167
849,4.245,1.4645342672714114,1.627312062866654,2.7897509402855167
850,4.25,1.7356587407715245,1.9271038626885355,3.161632861795753
851,4.255,2.00799472904557,2.0828260659333093,3.423693396896126
852,4.26,2.3012258841839643,2.1370367183222148,3.5937321049010116
853,4.265,2.6306434346297087,2.149176669842958,3.6977732548802758
854,4.2700000000000005,3.003880348407049,2.1780642877434233,3.7628708165727476
855,4.275,3.4194646236301365,2.2694124221223837,3.8141856657688136
856,4.28,3.8676437455992314,2.447957099708852,3.872740101769613
857,4.285,4.332969769314275,2.717016271202476,3.952867650369127
858,4.29,4.797481600447157,3.0643541251651514,4.060338687160669
859,4.295,5.243398706240317,3.4686330951208078,4.19253681209745
860,4.3,5.654798481150056,3.903917829641168,4.341216513513452
861,4.305,6.01829557092294,4.343525042456165,4.497141704746659
862,4.3100000000000005,6.32301600527101,4.763797521023319,4.654612891332276
863,4.315,6.560188127445131,5.146823334819432,4.813477360090897
864,4.32,6.722586162641061,5.481246045129955,4.977647294577778
865,4.325,6.8039604631110215,5.761288612186287,5.151183689549422
866,4.33,6.798512816390544,5.984763283636787,5.333816878082502
867,4.335,6.700431414294643,6.1509138412368545,5.5174938883629
868,4.34,6.503481457916572,6.258692442455311,5.685217128009261
869,4.345,6.200648045638507,6.305745929889009,5.813019134420494
870,4.3500000000000005,5.783849462156363,6.288085261367671,5.874630424134386
871,4.355,5.243797097054856,6.200205869570785,5.846784737642098
872,4.36,4.57021931106738,6.0353676404819945,5.713081092926747
873,4.365,3.753008480613769,5.785818527780431,5.465727783404773
874,4.37,2.785676637748175,5.442882685535925,5.104996068651501
875,4.375,1.674413776130223,4.996969089904785,4.636244258456503
876,4.38,0.4597158622933339,4.437694522842745,4.06594048518579
877,4.385,-0.7400227870556452,3.754547304290127,3.3991875208263282
878,4.39,-1.6764698871825734,2.939063041154064,2.6400616169632953
879,4.3950000000000005,-2.020558553440786,1.99081842338577,1.7958473949653153
880,4.4,-1.629823909702376,0.9326098798844922,0.8890674172762796
881,4.405,-0.7150512973858418,-0.15433432605999897,-0.013718136248681567
882,4.41,0.3935725043734194,-1.0638510449946033,-0.7468012466599347
883,4.415,1.474568987095899,-1.4092133184077067,-0.997987478108536
884,4.42,2.4277537532752635,-0.8012381086028508,-0.45024283527303677
885,4.425,3.219169002387427,0.6255472775484501,0.7935573768560458
886,4.43,3.8424415185328686,2.1876860460817413,2.1892736788114098
887,4.4350000000000005,4.300428034843359,3.3830860293502525,3.3405653877307353
888,4.44,4.597529179807066,4.11662324803437,4.1760766326063425
889,4.445,4.7366053576286,4.4673419358067425,4.748126961703025
890,4.45,4.717733187589732,4.551850234647916,5.11296285628073
891,4.455,4.537678957441118,4.4831212477857205,5.305735155964829
892,4.46,4.189732442707833,4.354877497972265,5.344218677269959
893,4.465,3.6640580506614895,4.22836636852475,5.236187761012405
894,4.47,2.9494860697774468,4.110952526962128,4.984538979263045
895,4.4750000000000005,2.039523019187419,3.957070199212205,4.589931990477717
896,4.48,0.9501574422753672,3.7085028958003425,4.052219591705433
897,4.485,-0.2330191228135807,3.322790736447536,3.371717962208762
898,4.49,-1.2603615806479398,2.773337586776646,2.5507757176191146
899,4.495,-1.6692598150034823,2.0445449636368167,1.5970674772844617
900,4.5,-1.1083656909483657,1.1371383332365603,0.5334712958151817
901,4.505,0.209091677092174,0.09661729834525534,-0.5756668570465715
902,4.51,1.7991658068660463,-0.9083373005186957,-1.5624764132406685
903,4.515,3.350831439727466,-1.442172298631231,-2.045419566452358
904,4.5200000000000005,4.746373310972644,-0.8209688107075559,-1.450757210960277
905,4.525,5.9598054344918205,1.1096319920876225,0.35232045338150275
906,4.53,6.997190648316929,3.3916207038479946,2.574461609985183
907,4.535,7.873002556343764,5.175325838256875,4.495206621502336
908,4.54,8.602007868199296,6.339006327700756,5.97552762676746
909,4.545,9.196823405335708,7.020105227912474,7.080268500852219
910,4.55,9.66741195727544,7.381462656439634,7.8761728993366455
911,4.555,10.021178097233182,7.572452127274267,8.408128964906261
912,4.5600000000000005,10.26319191586606,7.7180935885543365,8.713289485154405
913,4.565,10.396376240746942,7.913102287046615,8.828160771572584
914,4.57,10.421598702983545,8.192619715382278,8.78256881377708
915,4.575,10.33764068823513,8.509692549987438,8.598365746236649
916,4.58,10.14101473774991,8.791958637359706,8.294689410598082
917,4.585,9.825583304674554,8.995504960732228,7.891336765609697
918,4.59,9.381893472105082,9.1027655275606,7.409371647556137
919,4.595,8.796070658885986,9.107490825798926,6.869756009939815
920,4.6000000000000005,8.04797523535784,9.006239439284418,6.293846347133125
921,4.605,7.108036857282959,8.7947577997815,5.708122788458732
922,4.61,5.931529508945017,8.466271065610027,5.14520879588914
923,4.615,4.447427878761411,8.010206968292533,4.634778180922903
924,4.62,2.5344084985001194,7.410613585733186,4.191638076591867
925,4.625,-0.0386738080665278,6.643652834848413,3.805542419303657
926,4.63,-3.793733404281122,5.6732257400163375,3.426232140124167
927,4.635,-10.23944329929635,4.442791489672487,2.9499928279983356
928,4.64,-15.09198392720826,2.8587835812354916,2.2201234749239767
929,4.6450000000000005,-6.5829975196093145,0.7531915231737587,1.02415869020638
930,4.65,-1.942464169552083,-2.214325667775279,-0.9710996732985242
931,4.655,0.9897475357755668,-6.872391552665675,-4.471909155129017
932,4.66,3.0633186319757733,-15.818253556895515,-11.591639808365363
933,4.665,4.613036728299912,-17.71869630616431,-13.132632089112048
934,4.67,5.801889281735601,7.64811991507958,7.362629889825934
935,4.675,6.720527520845337,7.573997145181073,7.2966499749210705
936,4.68,7.42389868800055,8.574133369415492,8.085463381335437
937,4.6850000000000005,7.947201012404337,8.671426636572898,8.314936585801771
938,4.69,8.31369514638898,7.977106849990952,8.494157175964808
939,4.695,8.538856299412796,7.082270123250355,8.601662877778175
940,4.7,8.632702629124578,6.223893404901835,8.637806178230242
941,4.705,8.601128932252779,5.443496921964016,8.590023371487087
942,4.71,8.446645818455686,5.219576079526268,8.448306426379428
943,4.715,8.168722397371372,6.397479018268074,8.191242734212729
944,4.72,7.7638245919079,6.967811490123188,7.809191026444793
945,4.7250000000000005,7.2251783416255,7.224038672610735,7.304057246478572
946,4.73,6.542245805457841,7.279172955202883,6.676235765525593
947,4.735,5.699883155155156,7.175762042500193,5.947102012200487
948,4.74,4.677189692466922,6.931144200892556,5.120063476914236
949,4.745,3.446326495246354,6.550488214889249,4.151762876797033
950,4.75,1.972725565160328,6.0312213851932395,3.0762705929455905
951,4.755,0.2226593902398731,5.36439871786235,2.057497078181519
952,4.76,-1.7983436018373842,4.53465740797589,1.2152999041738388
953,4.765,-3.8980071493950064,3.5194361317575953,0.5625825030718818
954,4.7700000000000005,-5.360298828266848,2.2883135637905503,0.17985735852533224
955,4.775,-5.202092359451989,0.8053291131388471,-0.03116088872336853
956,4.78,-3.729524504044911,-0.9544732923915067,-0.2665495579715449
957,4.785,-1.9695980968218836,-2.9307860332426126,-0.9318686181810056
958,4.79,-0.3956368412752881,-4.706012300332439,-1.6555617142984191
959,4.795,0.904650870526908,-4.9622057380442115,-1.3984240905797973
960,4.8,1.953523578968804,-2.483452402703395,0.7452198303269091
961,4.805,2.7922846875961267,0.7585606999956562,3.049532737931595
962,4.8100000000000005,3.4600588191101216,2.819477455261094,4.593206061549948
963,4.815,3.990719068645599,3.8495739104389077,5.373661818160728
964,4.82,4.413859775099097,4.2191155687930735,5.650187965389993
965,4.825,4.756234130493662,4.1890112666896515,5.699087459784776
966,4.83,5.042731706452472,3.9757562938963824,5.585531124861338
967,4.835,5.29662847477003,3.752431950834967,5.4227839027782165
968,4.84,5.539050032198345,3.6700999590478025,5.267103557401717
969,4.845,5.787772370771974,3.828260555586523,5.0672095662855545
970,4.8500000000000005,6.0557239811114005,4.153740762028692,4.799557330188122
971,4.855,6.349752141272548,4.514906517598962,4.520491618503839
972,4.86,6.670204142909397,4.863696021997058,4.245457387901785
973,4.865,7.011575860251089,5.2014536608395066,3.92420094494155
974,4.87,7.364038986064804,5.539497268696829,3.629769293190122
975,4.875,7.715343987523187,5.885393015325857,3.6188586965689624
976,4.88,8.052568819807718,6.239562876027362,3.7467625367567825
977,4.885,8.363382980591938,6.595831010369495,3.924970281924221
978,4.89,8.63674707064704,6.943831393743795,4.277173410261853
979,4.8950000000000005,8.86313908406067,7.27197384450249,4.782052126295223
980,4.9,9.03446117414342,7.5698877461086695,5.200957748911658
981,4.905,9.143768890085418,7.829732695890569,5.812390189156858
982,4.91,9.18492323080826,8.046340826136076,6.544966119628875
983,4.915,9.152223100380404,8.216548542628964,7.212587238537765
984,4.92,9.040043505764206,8.338193230701435,7.7608071121068605
985,4.925,8.842484712449298,8.409169029017262,8.132582224371529
986,4.93,8.553027816133786,8.42676630064016,8.294807566478305
987,4.9350000000000005,8.164192019395175,8.38734406711691,8.242644190437922
988,4.94,7.667202030013601,8.286255797193293,8.022737207401583
989,4.945,7.051714654515776,8.11789296448346,7.688130589950879
990,4.95,6.305761857108284,7.875722657714377,7.2616373983954645
991,4.955,5.41634998477851,7.552245537814577,6.7584069150415065
992,4.96,4.371891781278434,7.138858200701236,6.193353274108569
993,4.965,3.1695365242101308,6.625660945544556,5.579197067771844
994,4.97,1.8348677602790036,6.001332915892429,4.922759642415051
995,4.9750000000000005,0.4681800618574549,5.25337702580655,4.217311190419149
996,4.98,-0.6797582868623676,4.369504254298061,3.447598997616053
997,4.985,-1.2092374540621829,3.3421559319817957,2.603677023795848
998,4.99,-0.8752096294874921,2.181307159921443,1.6910281925425341
999,4.995,0.1105206134859303,0.9478099936158548,0.7548089726192817
1000,5.0,1.3442923729322496,-0.1715754799633853,-0.04965752841483795
1001,5.005,2.559218451032648,-0.7599980178488543,-0.36839932863229397
1002,5.01,3.644852429013188,-0.2750440322319374,0.24039418422681358
1003,5.015,4.571139524465187,1.2838261524468288,1.760620231411242
1004,5.0200000000000005,5.339186541418507,3.098087715256673,3.5174077895392313
1005,5.025,5.959958113571622,4.49808991816314,4.961148383870121
1006,5.03,6.446310858586592,5.368939960743346,5.9881641454835774
1007,5.035,6.810365684249053,5.815934168461444,6.682454645198632
1008,5.04,7.062906353679192,5.979966082670033,7.1431486830724875
1009,5.045,7.213537241284417,5.994840929397342,7.429511735914391
1010,5.05,7.271135657412639,5.97371491005601,7.573069816337181
1011,5.055,7.244441850418406,5.999268647629615,7.593328171919568
1012,5.0600000000000005,7.142743388628388,6.097837064808101,7.502562010765171
1013,5.065,6.976639309504239,6.22984167426981,7.310023811674435
1014,5.07,6.758845431748939,6.338726816556692,7.025418323927055
1015,5.075,6.504926712688935,6.391816813892735,6.661282340710354
1016,5.08,6.233712567475839,6.3798968727739,6.234608250975695
1017,5.085,5.9669947447354135,6.306490998637618,5.767898910842078
1018,5.09,5.728032325486332,6.1816502840298675,5.2910140727791095
1019,5.095,5.538596632347835,6.019679368054588,4.84382927776243
1020,5.1000000000000005,5.414941139180708,5.83848656068032,4.474999180780289
1021,5.105,5.363974793402312,5.659058993277135,4.233720333763798
1022,5.11,5.381333247963704,5.504052922977061,4.158849493932634
1023,5.115,5.4523297632375645,5.394822874958095,4.268838059609318
1024,5.12,5.555271847739841,5.346896451279622,4.552204845939917
1025,5.125,5.665550589199187,5.36512426150301,4.963903734378888
1026,5.13,5.758981036640315,5.440871694153747,5.435207876778816
1027,5.135,5.813699718843908,5.553351846361595,5.893646779946295
1028,5.14,5.810707154933933,5.675009747032318,6.27716394751116
1029,5.1450000000000005,5.733489893490718,5.77836871314787,6.541562804060973
1030,5.15,5.567145154899898,5.841199724856735,6.668361101328534
1031,5.155,5.297274600964586,5.848446763332604,6.663762745665706
1032,5.16,4.908753267348148,5.791264620033063,6.54126115377968
1033,5.165,4.384364652012306,5.6644557499373605,6.311074590100282
1034,5.17,3.7032338809944503,5.46355513980804,5.98193118336844
1035,5.175,2.8390277361524263,5.182376441577513,5.56206361077443
1036,5.18,1.7582330354742894,4.811353276711668,5.057659207125367
1037,5.1850000000000005,0.4203640994722974,4.336586080875944,4.469801640765793
1038,5.19,-1.2116316571998151,3.7392029278223955,3.7921667939216537
1039,5.195,-3.1168456239619307,2.9945648024454146,3.012045131136154
1040,5.2,-5.0074398411002985,2.0710888619096193,2.11166000455246
1041,5.205,-5.9445380677624176,0.929327263767338,1.0673062381801506
1042,5.21,-5.06235019679946,-0.4750221635723193,-0.14815288915861657
1043,5.215,-3.118613935558786,-2.1684504263999207,-1.5460447900435108
1044,5.22,-1.1091033964951322,-4.053996295763081,-3.0406727161397553
1045,5.2250000000000005,0.6348545837651101,-5.526135456909573,-4.144596717460905
1046,5.23,2.07993459832854,-4.905154895604971,-3.5065108779742946
1047,5.235,3.260243077567176,-1.523075462167288,-0.5897898358619216
1048,5.24,4.2150752743633495,1.8004492543019666,2.321908627520805
1049,5.245,4.97649082207969,3.746928902413593,4.1653338318282565
1050,5.25,5.568499052931093,4.73463506519233,5.306500330088101
1051,5.255,6.0084410565565705,5.110981830907372,6.047543725360224
1052,5.26,6.308420911404465,5.126521192434059,6.537112861824279
1053,5.265,6.476383232295001,4.9845250872485805,6.840551318678027
1054,5.2700000000000005,6.516832181410943,4.844187816069095,6.986287371896182
1055,5.275,6.431256497979514,4.847566834163474,6.98648491257819
1056,5.28,6.218319835967319,5.048993622952052,6.845876706278928
1057,5.285,5.873862126113001,5.309602110767298,6.567328161643391
1058,5.29,5.390759629722009,5.491615454706107,6.155154529379859
1059,5.295,4.758736944222363,5.549680838352165,5.616836748144706
1060,5.3,3.96438613957803,5.476307261778747,4.964503805378964
1061,5.305,2.992136675837883,5.2709178681453075,4.213403364703844
1062,5.3100000000000005,1.8283450247665325,4.931390212688338,3.38250294481292
1063,5.315,0.4747023998149927,4.45212447819156,2.5040937694983434
1064,5.32,-1.0129216415311946,3.823735228671534,1.6265173790773324
1065,5.325,-2.43292165828608,3.0335607282556496,0.7958148456994056
1066,5.33,-3.335123699060245,2.0679958626781025,0.03827029529618908
1067,5.335,-3.2429972428815352,0.9203536429053667,-0.640852048613505
1068,5.34,-2.2445173512793475,-0.38506810830662186,-1.2527301620927886
1069,5.345,-0.8642418366018346,-1.7256833651433618,-1.7778798736885015
1070,5.3500000000000005,0.5113946522043551,-2.7317653845897185,-2.024203953736044
1071,5.355,1.7296622932318215,-2.6827200442496633,-1.4882581299850441
1072,5.36,2.7545402926633686,-1.130992030882096,0.15050001435294824
1073,5.365,3.5905212473047188,1.0831491082485605,2.1942790405644303
1074,5.37,4.25259207700433,2.8618815210582813,3.774704663296479
1075,5.375,4.756221593124887,3.9590798900907913,4.767530742919192
1076,5.38,5.114475776887054,4.511788874886139,5.338132749173426
1077,5.385,5.337502028209827,4.694653556878501,5.621280247671479
1078,5.39,5.432747020147319,4.668336619550512,5.704349322832293
1079,5.3950000000000005,5.405374866277191,4.568059196065702,5.641702125440082
1080,5.4,5.258747317224354,4.500736994569894,5.4686770341897954
1081,5.405,4.99499061465503,4.521855308090033,5.204887920478691
1082,5.41,4.615779099887897,4.596462495074604,4.853332098036286
1083,5.415,4.123592551817022,4.643477320214092,4.412397427526144
1084,5.42,3.523903791622111,4.608361953488444,3.8873695081273714
1085,5.425,2.829046405447336,4.469665072193329,3.288273231212388
1086,5.43,2.0647701744074265,4.22202260540135,2.6296214570183545
1087,5.4350000000000005,1.2800153100105292,3.8664982582159455,1.944102462357094
1088,5.44,0.5571523218292501,3.408144825739983,1.2816781929569312
1089,5.445,0.0111164270031572,2.857707717380629,0.6803300881951815
1090,5.45,-0.2422946261574618,2.2367247725292243,0.17030667798493315
1091,5.455,-0.1480159165639619,1.5865593336257775,-0.20550055303254133
1092,5.46,0.2500929996623678,0.9809249662522546,-0.3976225289298858
1093,5.465,0.840424778323008,0.5350154433014982,-0.34777054851369904
1094,5.47,1.5061429965802815,0.38937954683922715,0.022936008723346113
1095,5.4750000000000005,2.161362699140952,0.6403820792930706,0.7428988090313098
1096,5.48,2.754652812550993,1.2452442140448867,1.717022925665129
1097,5.485,3.259360648240724,2.0183447435798265,2.7516228864774726
1098,5.49,3.6636565851925615,2.7529079734832522,3.656104555943431
1099,5.495,3.963783208430019,3.3265511879668725,4.3270834118035735
1100,5.5,4.1601818889980775,3.7089726038224358,4.756008105198828
1101,5.505,4.255518104550181,3.924805117150519,4.978675256245232
1102,5.51,4.253868056649967,4.020762715165226,5.031424844393319
1103,5.515,4.160648634072626,4.044891263186265,4.944320858829911
1104,5.5200000000000005,3.9830995631587793,4.033380693094169,4.743657202142024
1105,5.525,3.7312562534611615,4.002760013924586,4.452511230588265
1106,5.53,3.419385545997717,3.950309818428142,4.090122825090235
1107,5.535,3.067753031323934,3.8634033894292052,3.6705304197946638
1108,5.54,2.7042608403667683,3.7304930200236344,3.205775974764789
1109,5.545,2.3648787026249067,3.547166304796595,2.712075373394777
1110,5.55,2.09112550273776,3.3177857003268545,2.212555884938491
1111,5.555,1.923069872327395,3.0557656343451747,1.7384412316194262
1112,5.5600000000000005,1.8886909343720268,2.783986876358562,1.3328727399761662
1113,5.565,1.9943991357545363,2.534929332665851,1.0489687401417398
1114,5.57,2.22286690234776,2.348690157316504,0.9339638673151902
1115,5.575,2.5397802223924923,2.266345698079091,1.01612397193312
1116,5.58,2.904817138695632,2.317530902261623,1.300839152033701
1117,5.585,3.280779112998755,2.506156045521257,1.7620652338684453
1118,5.59,3.6382028212387874,2.8038910834012696,2.3399072111306176
1119,5.595,3.9561942900940608,3.1588915278153142,2.9607112976340613
1120,5.6000000000000005,4.221328935108728,3.515305106945424,3.55619968654708
1121,5.605,4.426039975945085,3.8306154451086334,4.070809657451031
1122,5.61,4.567208453456927,4.0825503342371885,4.468970692974925
1123,5.615,4.645188063524566,4.266711859720008,4.737195816658332
1124,5.62,4.6632691809141065,4.390014387472003,4.87848107695528
1125,5.625,4.627498997082134,4.463861058380669,4.904864180537836
1126,5.63,4.546736433306545,4.4990004036069955,4.832121882571289
1127,5.635,4.432778981185901,4.50286580216208,4.677484371910101
1128,5.64,4.300334458292562,4.479484606003189,4.45907276162982
1129,5.6450000000000005,4.166539906380682,4.431244259606052,4.195792513516249
1130,5.65,4.049716839506842,4.361257920485224,3.9073191697575433
1131,5.655,3.967203808436275,4.2752510252394895,3.6143329428027657
1132,5.66,3.9324979679238536,4.182485876456864,3.338989854605379
1133,5.665,3.952457467626729,4.095635171948636,3.1049881134243025
1134,5.67,4.025604455151052,4.029560967580148,2.936436962443504
1135,5.675,4.1422613204945655,3.9989398013887314,2.855185928309038
1136,5.68,4.286431901378159,4.0149244487941225,2.876637844611577
1137,5.6850000000000005,4.438579122816964,4.081632468276822,3.0047286229828654
1138,5.69,4.578263111242784,4.193854520025325,3.228280437861355
1139,5.695,4.685964209229148,4.337300314009648,3.521363712034825
1140,5.7,4.743925762213362,4.49159498034688,3.8479903445840815
1141,5.705,4.736188347863395,4.634751863932407,4.169059972289173
1142,5.71,4.648084021412534,4.747171832068848,4.449090627831403
1143,5.715,4.465403734264863,4.813796020142846,4.660582918843338
1144,5.72,4.173341883924583,4.824183721475916,4.784962312919314
1145,5.7250000000000005,3.755210155471469,4.77111987653536,4.811164040917831
1146,5.73,3.190807250958672,4.648591294171988,4.733531065319588
1147,5.735,2.4542218955546584,4.449803045692752,4.5496877402472915
1148,5.74,1.510741564821744,4.165589307321529,4.2585230457307155
1149,5.745,0.3125935916503828,3.7832420735169543,3.8583627373276794
1150,5.75,-1.2055714122377597,3.28550221404309,3.3452257299129142
1151,5.755,-3.122665764189012,2.6492735815715887,2.7108888119852392
1152,5.76,-5.463412696822632,1.8435357607329914,1.9404168255507326
1153,5.765,-7.795075473612894,0.8259350899422175,1.008779944862046
1154,5.7700000000000005,-8.357669449376571,-0.4621137650850198,-0.12361688910874324
1155,5.775,-6.366936394540208,-2.099407177616354,-1.5146361314678343
1156,5.78,-3.753387976650356,-4.169922304478984,-3.228739498674461
1157,5.785,-1.4801953690445355,-6.619637753504696,-5.2213418100379325
1158,5.79,0.362580842501882,-8.463902395600787,-6.695652155738115
1159,5.795,1.845779712415212,-6.412833063348176,-4.983168926986357
1160,5.8,3.040974546016839,-1.0335965112522114,-0.5280670357443134
1161,5.805,4.001111244581848,2.376922631527051,2.3944723802883696
1162,5.8100000000000005,4.763242383754546,4.0044714883426815,3.950489826655268
1163,5.815,5.352961227896278,4.711670001684455,4.892231436907993
1164,5.82,5.787690609434182,4.843838660273151,5.513908062250244
1165,5.825,6.0788218845676845,4.679001749976138,5.93319551129144
1166,5.83,6.233022508790256,4.426623485533121,6.193234897668736
1167,5.835,6.252957097157532,4.251621402641421,6.309418002711905
1168,5.84,6.137561865309893,4.34432153338104,6.285378808686761
1169,5.845,5.881924954044822,4.700132914970439,6.1195843666513925
1170,5.8500000000000005,5.476747645163099,5.040739273924428,5.811005415378275
1171,5.855,4.907277021358738,5.240834368109894,5.3612331366430785
1172,5.86,4.151492451367115,5.286464605061286,4.776211271369154
1173,5.865,3.177197902065489,5.181336559948772,4.067625546808532
1174,5.87,1.937648354286514,4.925739063599807,3.247236904619509
1175,5.875,0.3663042510026294,4.513161131623454,2.330166689072071
1176,5.88,-1.6213776472278916,3.929127061975349,1.3534809486211237
1177,5.885,-4.065010138217264,3.1493135374203582,0.3715621072073132
1178,5.89,-6.545531847272745,2.1361298519413197,-0.5825114979062782
1179,5.8950000000000005,-7.193978332037334,0.8334314781316161,-1.5169348944840113
1180,5.9,-5.151725067922714,-0.8387715006171375,-2.4913630197968066
1181,5.905,-2.509459896231902,-2.973034647195064,-3.633176098245551
1182,5.91,-0.2473272133507408,-5.5387484416689166,-5.0374301402778645
1183,5.915,1.5654964699575324,-7.560168008236493,-6.0508592892693045
1184,5.92,3.010467839415885,-5.489969974786389,-3.8708421489272666
1185,5.925,4.163780049368698,0.128868982928668,1.0400918077152368
1186,5.93,5.080567876746408,3.555002815159848,4.021422574484516
1187,5.9350000000000005,5.799071823569327,5.134945284004801,5.410230031518765
1188,5.94,6.345650582929029,5.787313470265325,6.114218314111717
1189,5.945,6.738336007645575,5.859028837578392,6.472391518015565
1190,5.95,6.989125769342658,5.63415858925028,6.6156593366396725
1191,5.955,7.105416275818155,5.325041160915875,6.607894342452713
1192,5.96,7.09086999752356,5.097714885840863,6.482728709660722
1193,5.965,6.945906524203174,5.152865180647894,6.263722598724068
1194,5.97,6.66794613071665,5.488385844656582,5.955978126006651
1195,5.9750000000000005,6.2515242671988975,5.806544372198861,5.546952841820806
1196,5.98,5.688461127833823,5.981568526730285,5.028939470591247
1197,5.985,4.968500860539422,6.003623276017738,4.408549543328613
1198,5.99,4.081479771440942,5.879741647617971,3.6950650957056412
1199,5.995,3.02379122850202,5.6139097743035755,2.8991248304354245
1200,6.0,1.816083280489431,5.205109708272697,2.064321617966781
1201,6.005,0.5465111206861061,4.648169811252896,1.2604304579819985
1202,6.01,-0.5511224233867849,3.935653385216322,0.5295775523805304
1203,6.015000000000001,-1.0716032879773931,3.062269389573644,-0.10405555607812023
1204,6.0200000000000005,-0.7138201958320062,2.0364831567802373,-0.6124288636065396
1205,6.025,0.353791335721826,0.9108713830312647,-0.9789436993396574
1206,6.03,1.7121609719430446,-0.14663599829022367,-1.138311771635232
1207,6.035,3.0674343411116696,-0.7392123661423122,-0.8550569254383378
1208,6.04,4.295667129125134,-0.28880096532096555,0.2197743417025526
1209,6.045,5.3625904450817625,1.3228835971860868,2.1109753655281427
1210,6.05,6.268635173359899,3.3024579479168907,4.146823191549498
1211,6.055,7.025020770138956,4.891015228499003,5.6940745924436245
1212,6.0600000000000005,7.644831919884546,5.929040652489369,6.671679891094252
1213,6.065,8.140025169503334,6.518796238773484,7.268040794279431
1214,6.07,8.52062726312203,6.805181137351282,7.604537416119673
1215,6.075,8.79470038865135,6.926818817599865,7.746311149974599
1216,6.08,8.968545243436926,7.001585992860479,7.745421573349477
1217,6.085,9.046951756323825,7.118089786291964,7.637512428963484
1218,6.09,9.033436051736707,7.310643723639852,7.453879543724852
1219,6.095,8.93045210368438,7.542397168787712,7.209631972509088
1220,6.1000000000000005,8.739587510436404,7.7512158489117535,6.9008854069191
1221,6.105,8.461764910114953,7.896936878385199,6.528538084414615
1222,6.11,8.097482938829929,7.963352770492863,6.107383765296115
1223,6.115,7.647149162373852,7.946218004371584,5.65157948376083
1224,6.12,7.1115876541164935,7.845642177927266,5.18028014295785
1225,6.125,6.492851707754493,7.662901950608776,4.750468466993059
1226,6.13,5.795540353144174,7.3993672402163595,4.426044275908224
1227,6.135,5.028891412784907,7.056327263505667,4.212679085454694
1228,6.140000000000001,4.209930392245216,6.635269407785396,4.096573279100194
1229,6.1450000000000005,3.367668792115065,6.138523660323526,4.066883978383332
1230,6.15,2.54728433795081,5.570371937814314,4.070676802775622
1231,6.155,1.810878097079934,4.938852231004011,4.044884036824675
1232,6.16,1.2288362067876282,4.25857365885662,3.974619008266328
1233,6.165,0.8581813024333551,3.554776026241522,3.839214398878785
1234,6.17,0.7167534202665338,2.8682273910231033,3.626842350700743
1235,6.175,0.7736434500219287,2.25859728868601,3.3667369170576107
1236,6.18,0.9650861385643732,1.800216262790816,3.12361330074185
1237,6.1850000000000005,1.2210482072266309,1.5616008591182902,2.978374788307872
1238,6.19,1.483682552858289,1.5687491096957644,2.9820970971232716
1239,6.195,1.71298327696809,1.7766819836758252,3.121165460878422
1240,6.2,1.884825025288004,2.0832674252315795,3.330638356917411
1241,6.205,1.9868788411316751,2.3797379341948024,3.5367604786945313
1242,6.21,2.0150903678758354,2.5930622031345734,3.689434850203906
1243,6.215,1.971422352285268,2.69551457097578,3.7666354462953726
1244,6.22,1.862759605873208,2.69291311842871,3.76325645085765
1245,6.2250000000000005,1.700660510481371,2.608606955918559,3.682354926047963
1246,6.23,1.501578608825055,2.4705101454519562,3.531826588141871
1247,6.235,1.287074775985093,2.3024359736784046,3.3224552966342444
1248,6.24,1.0833627224598557,2.120053565274201,3.068044216124026
1249,6.245,0.9194138246742464,1.9319405095662443,2.788028924390653
1250,6.25,0.8231162997751479,1.7445060440119717,2.5055671905494283
1251,6.255,0.8159493990185902,1.5674050056763171,2.240158270796623
1252,6.26,0.9080185526731404,1.4164610780638989,2.007562675706149
1253,6.265000000000001,1.0959119875052423,1.3130676535590786,1.8256465324311901
1254,6.2700000000000005,1.364623364467824,1.2801888631052578,1.7141671220942123
1255,6.275,1.6924696999141915,1.3357306277729326,1.6922877802624279
1256,6.28,2.0565569024161734,1.485405214079115,1.7771681389174008
1257,6.285,2.436817621119369,1.718732190115614,1.9745424920130912
1258,6.29,2.818009629137196,2.011233329350014,2.270904033774817
1259,6.295,3.190071604816385,2.3322734274378996,2.6378814997401445
1260,6.3,3.547526816273997,2.6542927224635195,3.040733616739896
1261,6.305,3.888486515218292,2.958985239126245,3.4448193938151803
1262,6.3100000000000005,4.213568515493166,3.23883916081112,3.8201010332529917
1263,6.315,4.524871959837602,3.4951453267986587,4.144006018518717
1264,6.32,4.825061923188004,3.734436129474066,4.402834563817897
1265,6.325,5.116590710250344,3.964927809322164,4.591955160984077
1266,6.33,5.401082946587895,4.193873418718627,4.714889183909697
1267,6.335,5.6789132950680905,4.42616110189324,4.7813348858964995
1268,6.34,5.948995106231182,4.664021180875292,4.804619776109806
1269,6.345,6.2087740795370845,4.907393752882142,4.799429093134901
1270,6.3500000000000005,6.454391322680674,5.15447497442539,4.780237809878966
1271,6.355,6.680956925660526,5.402164816585774,4.760263231710176
1272,6.36,6.882866805025332,5.6463783251212645,4.750648617696232
1273,6.365,7.054103261157617,5.882299697439059,4.759795983784425
1274,6.37,7.188478125342629,6.104647980884278,4.792914931667763
1275,6.375,7.2797988724534815,6.307960703563783,4.851818007300753
1276,6.38,7.321956555017777,6.486853447921757,4.934894443496416
1277,6.385,7.308947246597737,6.636203653351766,5.037212077512197
1278,6.390000000000001,7.234846488044264,6.751228058120564,5.150760760875587
1279,6.3950000000000005,7.093761823642217,6.8274552641415,5.264826293070629
1280,6.4,6.879796190882491,6.860620838261337,5.36651998244642
1281,6.405,6.587070820940165,6.846524257911357,5.44165234099225
1282,6.41,6.20989027298689,6.7808858112603305,5.476065872261182
1283,6.415,5.743201780206064,6.659233607255139,5.457153701108149
1284,6.42,5.183637591275094,6.476844403251981,5.375098388959262
1285,6.425,4.5316821999277765,6.228765380323847,5.223499684541721
1286,6.43,3.7959222329004207,5.909966285096326,4.999255766228273
1287,6.4350000000000005,3.000802390107649,5.515725525287042,4.701917993121638
1288,6.44,2.1989478510701725,5.042463533196496,4.333188987664445
1289,6.445,1.4848756437484556,4.489445442845893,3.897353200175975
1290,6.45,0.994100616307652,3.8621482820937416,3.403392874907193
1291,6.455,0.8592985877732491,3.17865818928201,2.869837117580024
1292,6.46,1.1286509645136782,2.480919930901543,2.3337858091570487
1293,6.465,1.7276533268428245,1.8512267940629825,1.8644203437074882
1294,6.47,2.5147442326246323,1.4254983976153035,1.5741396873772153
1295,6.4750000000000005,3.359402181801588,1.3723468943108141,1.6021299130112072
1296,6.48,4.174783813087977,1.7966511009849029,2.0366836657377916
1297,6.485,4.913143872388487,2.6159530610616293,2.8149817466318594
1298,6.49,5.55158277558591,3.582578766846366,3.7400788711427286
1299,6.495,6.080595439307786,4.460059776887871,4.621970120619868
1300,6.5,6.497093984235796,5.133884433247198,5.364220871858083
1301,6.505,6.800587127477308,5.592997838159627,5.945013922867508
1302,6.51,6.991172338373891,5.878082665315514,6.373568516828771
1303,6.515000000000001,7.068486183515596,6.046119061881326,6.665090899451368
1304,6.5200000000000005,7.031144227181607,6.150033253925248,6.832195482006468
1305,6.525,6.876438058362138,6.225482744032229,6.883682995352964
1306,6.53,6.600204801634772,6.282780196519084,6.825616943540541
1307,6.535,6.196910179476901,6.309089496321016,6.662803688980807
1308,6.54,5.660164874386106,6.2809634604167535,6.400084540987951
1309,6.545,4.984250219379628,6.176177678078144,6.043287440645104
1310,6.55,4.1680113307926,5.977882712979538,5.599849305884076
1311,6.555,3.2241157312601283,5.673699622250755,5.0792404411344565
1312,6.5600000000000005,2.199322576471752,5.253933259544082,4.493339814483235
1313,6.565,1.2112526253891116,4.710949533599137,3.8565895241806456
1314,6.57,0.4841766686682607,4.040846692034236,3.185836272080343
1315,6.575,0.2952491932925057,3.249413140522468,2.501606281504779
1316,6.58,0.7616648146644822,2.36691946219469,1.8359096725554687
1317,6.585,1.7149141089526103,1.4799638319586292,1.2548468939304458
1318,6.59,2.875746260873553,0.7847590620805063,0.9010144465271326
1319,6.595,4.04215962064059,0.6161138179695902,1.0201010492878568
1320,6.6000000000000005,5.114640596686753,1.2806345543819502,1.8327440837034343
1321,6.605,6.055871053497772,2.656371780378191,3.2177870141123828
1322,6.61,6.857250057290435,4.188494531575143,4.713062084410517
1323,6.615,7.521403715926964,5.439113835591866,5.961570702308869
1324,6.62,8.05433980015919,6.296709782209968,6.877241907469678
1325,6.625,8.462152410289086,6.81609729412866,7.502908306936316
1326,6.63,8.74969025797014,7.098371480491211,7.90112896693139
1327,6.635,8.920020320107568,7.247095404329545,8.1211689581463
1328,6.640000000000001,8.97416982047424,7.350333087004623,8.196666648383557
1329,6.6450000000000005,8.910906631450109,7.46687461460369,8.149964687382022
1330,6.65,8.726425590559229,7.609216156857917,7.996033752875892
1331,6.655,8.41383346356877,7.745696329782255,7.7452591189153015
1332,6.66,7.962297714160435,7.832444088683947,7.4057228598130465
1333,6.665,7.355638656474889,7.837552357338163,6.985365049959013
1334,6.67,6.569958506952202,7.742279890989799,6.493584747617872
1335,6.675,5.569498321642557,7.534347269253823,5.942003323298646
1336,6.68,4.298987774686302,7.202425501517766,5.344946824559932
1337,6.6850000000000005,2.668432438653169,6.732512689896127,4.71847479167416
1338,6.69,0.5198968272108249,6.104917995895982,4.074569824029117
1339,6.695,-2.452535613408205,5.290537537633557,3.410390582549587
1340,6.7,-6.877248497810561,4.244840792837362,2.6963258162911967
1341,6.705,-12.312673876831076,2.8967014227510672,1.8626218486925339
1342,6.71,-8.606276317096697,1.1254645511799133,0.7791540246112048
1343,6.715,-3.578847295526901,-1.2911829560996173,-0.782987916277631
1344,6.72,-0.2474876593423418,-4.807633343397965,-3.2467319762408273
1345,6.7250000000000005,2.1158710047403364,-10.385025450511272,-7.4409263966562165
1346,6.73,3.8924630756876266,-16.222611149153458,-11.94616304490839
1347,6.735,5.273493360060886,-0.6952433478014974,0.7576776957173506
1348,6.74,6.36533255392104,6.07735501443341,6.345330805028055
1349,6.745,7.232437266033012,7.452906571912569,7.537787631853911
1350,6.75,7.916433546314141,8.124393924131539,8.189224347257259
1351,6.755,8.44549905424806,7.951093811176655,8.537766261950818
1352,6.76,8.839384379723251,7.368377716252354,8.749220709802666
1353,6.765000000000001,9.112298557220246,6.70672285461881,8.853755323687743
1354,6.7700000000000005,9.27467659520165,6.115258845478636,8.862738154195455
1355,6.775,9.33433608988354,5.753767456081164,8.779535780762428
1356,6.78,9.297298610712614,6.4804276283019675,8.594305251617332
1357,6.785,9.16844303008646,7.242395350334564,8.29703309244131
1358,6.79,8.952109008225381,7.702262736092186,7.886705233881414
1359,6.795,8.65275198979332,7.963889417938484,7.3624390200992185
1360,6.8,8.275752372443653,8.081607972984354,6.743248807913623
1361,6.805,7.828488507380747,8.083533254424383,6.060276214664134
1362,6.8100000000000005,7.32177297141239,7.986216899631791,5.314149987076814
1363,6.815,6.771673528247021,7.800937840097421,4.527187884238584
1364,6.82,6.201497827988291,7.53692012024842,3.8160870172678365
1365,6.825,5.643190589766217,7.2034866694661295,3.316506677737796
1366,6.83,5.136590782252027,6.811978609614883,3.0720486403691822
1367,6.835,4.724508269297389,6.377811287402919,3.1682146596147183
1368,6.84,4.442828961206561,5.922712572852236,3.5969566994152355
1369,6.845,4.308737802477352,5.476687894007014,4.294756299676066
1370,6.8500000000000005,4.313879094624561,5.07838151144827,4.948221845108173
1371,6.855,4.42739406075741,4.771437804471814,5.487676695164536
1372,6.86,4.606560179780802,4.594468117839834,5.909495771506281
1373,6.865,4.808090097666403,4.565665042668178,6.2046487941479045
1374,6.87,4.995145381685799,4.670080253511203,6.182739325381915
1375,6.875,5.13955141087502,4.86079405893386,6.175479676641441
1376,6.88,5.221056407002137,5.0761471016586,6.214451617094669
1377,6.885,5.225501988839969,5.2613714629564905,6.1743146742911605
1378,6.890000000000001,5.142989545610216,5.38142193330691,6.069391294826641
1379,6.8950000000000005,4.966484526623175,5.422016781010485,5.887250415722352
1380,6.9,4.6909921651042055,5.383671360624346,5.655063535330707
1381,6.905,4.313377169822278,5.273969564711081,5.413995392961423
1382,6.91,3.832995880396586,5.100976946466512,5.138475531840892
1383,6.915,3.253527086101103,4.869037901058801,4.788256258853297
1384,6.92,2.5867059439497253,4.577420119449522,4.379557520989976
1385,6.925,1.8589149013654729,4.2215554925850425,3.930103251278843
1386,6.93,1.120982625319976,3.7959274892203947,3.409797287781781
1387,6.9350000000000005,0.457889425717535,3.297680669620639,2.814643128649524
1388,6.94,-0.0141010380556481,2.730933210530393,2.327911076843809
1389,6.945,-0.1822759905565265,2.1128505576115355,1.9419484869960164
1390,6.95,0.0006496661588641,1.48293790108049,1.570857190912712
1391,6.955,0.4837011919169405,0.9152995169320008,1.2833664320503995
1392,6.96,1.1537051694105944,0.5262476376439817,1.2006317407907297
1393,6.965,1.8967857258689649,0.45421214974271606,1.2458167530624156
1394,6.97,2.631193751551637,0.7857470451078425,1.6127109487654367
1395,6.9750000000000005,3.309001480158047,1.4639383103618306,2.337360966102187
1396,6.98,3.906163566936153,2.296940951213189,3.2094715214148604
1397,6.985,4.412817567608364,3.0837898438791984,4.0599656409387945
1398,6.99,4.82678299422904,3.711598135621533,4.791527551289859
1399,6.995,5.149800067877442,4.156783283001334,5.365623079666034
1400,7.0,5.385518282119395,4.447433996241104,5.779415260944766
1401,7.005,5.53849058149647,4.631655657550568,6.043495533146567
1402,7.01,5.613722256318465,4.757649844170059,6.171933552554599
1403,7.015000000000001,5.616521546430024,4.860933661068019,6.179060755743476
1404,7.0200000000000005,5.552512112877464,4.956968430486054,6.078904004359041
1405,7.025,5.427726375028122,5.042177879572359,5.885561491104013
1406,7.03,5.248725546709263,5.103352019011616,5.613860606636388
1407,7.035,5.022700669135579,5.1277281854574985,5.27999318410273
1408,7.04,4.75750800062417,5.107676535417155,4.902010804442487
1409,7.045,4.46158982111747,5.040862445334165,4.500184221380435
1410,7.05,4.143737477091358,4.928880595526857,4.097166368413261
1411,7.055,3.8126779702365576,4.775960446270911,3.7174961131108812
1412,7.0600000000000005,3.476516265596234,4.588075140357246,3.385699312340839
1413,7.065,3.142139518222922,4.372325833187192,3.1228274317742337
1414,7.07,2.8147654826016195,4.136411669310036,2.942290127794898
1415,7.075,2.497859848328659,3.888052387487313,2.8462518266611467
1416,7.08,2.193624555518659,3.634320911021633,2.823888023126565
1417,7.085,1.904165741612382,3.380952161134643,2.852762068781139
1418,7.09,1.6333060695534,3.131805816681323,2.903605591007327
1419,7.095,1.388822886174249,2.8887358395947356,2.9468403835651644
1420,7.1000000000000005,1.1846325000029752,2.652109650799575,2.958420824268936
1421,7.105,1.0420382484035973,2.422104061335988,2.923948570623667
1422,7.11,0.9886989606662128,2.2007163654949666,2.8409074365052147
1423,7.115,1.053978638570841,1.9942256034675436,2.7185231360112803
1424,7.12,1.2607331189315485,1.8156267666253885,2.575809360277341
1425,7.125,1.6164862820456307,1.6862462218489704,2.4397272011155606
1426,7.13,2.1089785599643984,1.635240305312593,2.3435298117159014
1427,7.135,2.709053434227375,1.6952404667517835,2.3229234868059683
1428,7.140000000000001,3.3788536015728656,1.8930712605589717,2.4082399436878696
1429,7.1450000000000005,4.080424106418325,2.237574736402718,2.6141214338297005
1430,7.15,4.781244125504949,2.7111576974948988,2.932373837238999
1431,7.155,5.456191590673325,3.2723592386974456,3.3340391259639675
1432,7.16,6.087149566993478,3.8695157127264266,3.780423368291747
1433,7.165,6.661605587962496,4.456875198185301,4.235812364209155
1434,7.17,7.171095012258482,5.0042487003851805,4.674832112309498
1435,7.175,7.609858178680558,5.498090039904598,5.082885958999872
1436,7.18,7.9737998256986575,5.937136833240097,5.452260799517784
1437,7.1850000000000005,8.25971793471277,6.326384620123461,5.777673084929845
1438,7.19,8.464733662157672,6.671752290373642,6.05390217130276
1439,7.195,8.585853925720762,6.976558582016532,6.275651389409402
1440,7.2,8.61960810866411,7.240160565567738,6.438503046793702
1441,7.205,8.56170961248462,7.458417204746114,6.540169318013417
1442,7.21,8.406697802327162,7.625071387606944,6.581146478713222
1443,7.215,8.147514979288836,7.733082532699882,6.564124102255457
1444,7.22,7.774965898868695,7.7753845232438845,6.492850309472019
1445,7.225,7.276994490417616,7.7450356836177985,6.371276695413886
1446,7.23,6.637698643765858,7.63495327699925,6.202791360154462
1447,7.235,5.836012434828731,7.437416148828786,5.989129003813355
1448,7.24,4.844111399514012,7.143425673322094,5.728925827775624
1449,7.245,3.626220875652512,6.741927577577584,5.416119571733652
1450,7.25,2.1411720874962468,6.218837603472012,5.038457344764763
1451,7.255,0.3630645534812404,5.555784138986962,4.576343136930057
1452,7.26,-1.623849089090982,4.72851408194206,4.002153671365516
1453,7.265000000000001,-3.3178504245461697,3.7051751012746914,3.2801310713518745
1454,7.27,-3.592139427514163,2.4458902342900752,2.3676860074616197
1455,7.275,-2.15467705262268,0.9100459145761088,1.222884010872768
1456,7.28,-0.1059690919429437,-0.9017264125306674,-0.16034698979863737
1457,7.285,1.826335099012957,-2.767155515080959,-1.605192643656033
1458,7.29,3.4708119028551057,-3.6952023200304946,-2.3071864607226775
1459,7.295,4.834721414862439,-1.8743461065457803,-0.788609389847224
1460,7.3,5.957966813712582,1.8586629734363647,2.293619183221089
1461,7.305,6.878322765261801,4.6508823484806,4.652499296847248
1462,7.31,7.625648215612885,6.187735605915262,6.061590783189757
1463,7.315,8.222478978574602,6.927453366490202,6.932757209387353
1464,7.32,8.685615204757307,7.164518364840887,7.5049943715762435
1465,7.325,9.027535377996504,7.1328570565672305,7.892203867609085
1466,7.33,9.257471657198542,7.01743894199947,8.144588293495664
1467,7.335,9.382201073860564,6.96978842330093,8.283466056157032
1468,7.34,9.40663884261496,7.118901487050071,8.316551141460264
1469,7.345,9.334313580200297,7.443449818376347,8.245517590581347
1470,7.35,9.167797892159864,7.778129882940812,8.071225573782513
1471,7.355,8.909172219860029,8.027143190760333,7.796482438209011
1472,7.36,8.560619913370957,8.169667636907949,7.428186993640285
1473,7.365,8.12529151929844,8.207869767317021,6.978446162710707
1474,7.37,7.608637800625285,8.147780184498242,6.463312480916696
1475,7.375,7.020479541839309,7.995005255432086,5.9079355832376095
1476,7.38,6.378087947760477,7.754394518030809,5.357454316862205
1477,7.385,5.710280498027084,7.430790810388336,4.872349533934642
1478,7.390000000000001,5.061537264481759,7.030321051102471,4.5066806415805765
1479,7.395,4.492925023578366,6.562321927430436,4.296213653684433
1480,7.4,4.074103610967484,6.042192631548361,4.251014167685278
1481,7.405,3.8626707560226574,5.495412155051245,4.343849858346049
1482,7.41,3.878759827539213,4.962357841847104,4.513519274787732
1483,7.415,4.094498835207919,4.501715863766234,4.705891907031627
1484,7.42,4.448335477280513,4.186726868325231,4.913839120343826
1485,7.425,4.870910832393841,4.085937515092415,5.1542967270466304
1486,7.43,5.303799908853046,4.2278544200219335,5.433012236081747
1487,7.435,5.705689122435213,4.572097684241822,5.749465076405347
1488,7.44,6.050687252349265,5.020473928382935,6.088566924532451
1489,7.445,6.324219483667688,5.465177965736445,6.39479305166893
1490,7.45,6.519288485016562,5.831510454827393,6.619287917202492
1491,7.455,6.633882577711479,6.089044504486109,6.746455103357442
1492,7.46,6.669481301137141,6.240862624153905,6.7829487766449095
1493,7.465,6.630416204513427,6.307729084745423,6.746001095720143
1494,7.47,6.523869226132788,6.314905287934806,6.647877642828695
1495,7.475,6.360338541126801,6.2830924690923515,6.491462672865093
1496,7.48,6.154391281363145,6.2238458231027325,6.280919674755772
1497,7.485,5.925410658224165,6.139969357829061,6.0261794590056095
1498,7.49,5.697819131981498,6.029915165399121,5.738230206603623
1499,7.495,5.500002521486609,5.893205752206313,5.434914111992742
1500,7.5,5.361156524422885,5.734331986301678,5.153195646403058
1501,7.505,5.305971876331881,5.5646083947647895,4.9290953014358525
1502,7.51,5.348573487747527,5.402457978131074,4.773775996273215
1503,7.515000000000001,5.488465253978703,5.272195388444526,4.695133871200526
1504,7.52,5.710775475476821,5.2006917714790895,4.708401550468362
1505,7.525,5.9906545266900935,5.211364674200021,4.817330532991399
1506,7.53,6.299369178911736,5.31638254060076,5.025422282611665
1507,7.535,6.609418635461937,5.510366301095095,5.342388432794561
1508,7.54,6.897426799783714,5.769864347189806,5.749184982632035
1509,7.545,7.145000844959006,6.060073589925562,6.2006260288916835
1510,7.55,7.33834567969282,6.34532047543796,6.647929033157089
1511,7.555,7.46736517936956,6.597674744094999,7.04819837360059
1512,7.56,7.524703498923996,6.800484911840071,7.369306696290447
1513,7.565,7.504940240065691,6.947272682207938,7.59178850698052
1514,7.57,7.404016315923997,7.0381721233057934,7.707664857634915
1515,7.575,7.218915165717862,7.075948430808193,7.71761366249851
1516,7.58,6.9476270335747445,7.06286392501201,7.6277450300403995
1517,7.585,6.589464700322786,6.998971958361647,7.44702180245402
1518,7.59,6.145872181823128,6.881861010765261,7.185723125488923
1519,7.595,5.621970588416671,6.707430050303518,6.854679185882587
1520,7.6,5.029188781082113,6.471107347729111,6.464904034603803
1521,7.605,4.3893010760821145,6.169105595855031,6.027515019641796
1522,7.61,3.739652994078864,5.799668348512786,5.554047969373653
1523,7.615,3.1375305783179352,5.364584402867913,5.057312354184072
1524,7.62,2.658081691117313,4.871446035689043,4.552911073733021
1525,7.625,2.3779418022148517,4.337192886422578,4.061650489097899
1526,7.63,2.344635584823584,3.793236998095165,3.6130566971171447
1527,7.635,2.551231921273786,3.2912639283497502,3.2493869981444075
1528,7.640000000000001,2.940161997499098,2.905485912671922,3.027002216243183
1529,7.645,3.432293592367865,2.7217419416034425,3.007792990639418
1530,7.65,3.955288819909992,2.8035883858751856,3.2329561888380236
1531,7.655,4.456226802621895,3.145991385362134,3.6873544427386276
1532,7.66,4.901572562671838,3.659846273112919,4.288666914572678
1533,7.665,5.272350853685676,4.215508224251673,4.923402514826336
1534,7.67,5.559229557763993,4.70631118304257,5.497657503163235
1535,7.675,5.759002550553229,5.078480114223695,5.9593604847542
1536,7.68,5.872514444026095,5.324509403019497,6.291006196083724
1537,7.685,5.903706555239126,5.464045311606002,6.494205567528866
1538,7.69,5.859488244822744,5.526761330214272,6.578445255475803
1539,7.695,5.750225112533652,5.540213998777033,6.55553410164473
1540,7.7,5.590660498051415,5.522494558730947,6.437733724575576
1541,7.705,5.400984801912163,5.480277669131442,6.237774204841235
1542,7.71,5.207496348001293,5.41250353930662,5.969750299179925
1543,7.715,5.041908056452712,5.317021359842261,5.65041735957963
1544,7.72,4.93816073592876,5.196293952683903,5.30063348980961
1545,7.725,4.926258700133371,5.0605117182816945,4.946707240067666
1546,7.73,5.02456950106019,4.928556131632188,4.621210675301767
1547,7.735,5.23416179538283,4.827180091608384,4.36236716687902
1548,7.74,5.538592549106803,4.7877311577539325,4.210661830797438
1549,7.745,5.90928432119651,4.839383678872226,4.201621396215986
1550,7.75,6.313222156484417,4.999374294504661,4.355582436982403
1551,7.755,6.719301770205917,5.264109792197502,4.66836734653102
1552,7.76,7.101716057143268,5.607225054835081,5.108581531872514
1553,7.765000000000001,7.440762809527493,5.987497069849485,5.624509504104955
1554,7.77,7.722190840516042,6.362336705776793,6.157356655962929
1555,7.775,7.9360342073469,6.69898965173296,6.653933448338558
1556,7.78,8.07547785284044,6.978936001527439,7.074076414548281
1557,7.785,8.13598805393573,7.196250188314121,7.392614425699911
1558,7.79,8.114784440772565,7.352987125187597,7.597991135676212
1559,7.795,8.01068547585894,7.45421730759721,7.689276991596282
1560,7.8,7.824380721934663,7.504216559061575,7.672570676833631
1561,7.805000000000001,7.55924261254163,7.5044791384044895,7.557840000839636
1562,7.81,7.2228640048686525,7.453588764212231,7.356990081036633
1563,7.815,6.829541402535886,7.348433836706824,7.083064250569203
1564,7.82,6.40376356032543,7.186019026093273,6.750071680687938
1565,7.825,5.984064430315266,6.965370201931797,6.373204741279004
1566,7.83,5.624897512722688,6.689518120650305,5.9695822396533105
1567,7.835,5.391819547662077,6.367916924779318,5.559773841097223
1568,7.84,5.345455816617706,6.019708744821737,5.170175508065079
1569,7.845,5.517772963713216,5.677803013122844,4.835913051201941
1570,7.85,5.896454181613045,5.392341062641685,4.603039547886256
1571,7.855,6.431293159525758,5.229258581009244,4.526660212888379
1572,7.86,7.056641520106172,5.256693143510358,4.659284487337611
1573,7.865,7.712146856062616,5.515549786700298,5.026786056929205
1574,7.87,8.352316200930778,5.98812373405734,5.603670687255023
1575,7.875,8.946940976747966,6.595391461990341,6.3123677303083525
1576,7.88,9.477661898184254,7.233683741398762,7.054510258294071
1577,7.885,9.934099110959195,7.819603803944174,7.748256607172188
1578,7.890000000000001,10.310806222544704,8.310278029050316,8.344738291870026
1579,7.895,10.605195830093407,8.698584265043696,8.823830579840632
1580,7.9,10.816230683843086,8.998890139827504,9.18296969443903
1581,7.905,10.943642624294336,9.233398889912515,9.427994018811997
1582,7.91,10.987501172212276,9.422018674545143,9.56793657019761
1583,7.915,10.948021792202224,9.576273943638007,9.612705085585382
1584,7.92,10.825560727687357,9.69774218738794,9.572333463499396
1585,7.925,10.620790694860268,9.780628816238156,9.456964034212175
1586,7.930000000000001,10.335096775242896,9.81614035316386,9.277117937586782
1587,7.935,9.971281259994578,9.795949941877907,9.04402989010832
1588,7.94,9.53472111331248,9.713783463088108,8.769912064496292
1589,7.945,9.035165147875832,9.565710642167929,8.468013903257393
1590,7.95,8.489323622499525,9.350033032939397,8.152303731877897
1591,7.955,7.924117436889803,9.067356573414497,7.836639669296135
1592,7.96,7.379600250105424,8.721161707944956,7.533584920877381
1593,7.965,6.908924116298467,8.319080662337118,7.253481697129953
1594,7.97,6.571196025879949,7.875062843136675,7.00469098289426
1595,7.975,6.41500701587691,7.412468306765685,6.795772498788712
1596,7.98,6.458711001171611,6.9675515514200725,6.639631830899402
1597,7.985,6.681428010792578,6.591307432564527,6.557914811056513
1598,7.99,7.03259347336804,6.345184761879626,6.581233643000053
1599,7.995,7.451739397255318,6.285025001008226,6.739497709951601
1600,8.0,7.8846283772778305,6.433908187205668,7.041997444803599
1601,8.005,8.290022453503779,6.760435877755749,7.460207528181222
1602,8.01,8.639474379158885,7.185733984705555,7.932087840686169
1603,8.015,8.914266021908672,7.618655024401925,8.387854852170825
1604,8.02,9.102046905540313,7.990396202459806,8.774884383831552
1605,8.025,9.19410225916892,8.267110571151461,9.06552057880575
1606,8.03,9.183344997996151,8.443926776120513,9.251405760818203
1607,8.035,9.062842724238973,8.532516178718353,9.334525678208816
1608,8.040000000000001,8.824643005995158,8.549462660933836,9.320529161012985
1609,8.045,8.458674356334,8.507686503924113,9.215188955473536
1610,8.05,7.951503886337868,8.411551925789638,9.023111525295583
1611,8.055,7.284694277804927,8.255961037657343,8.747602992996537
1612,8.06,6.432400023119083,8.028592069974263,8.390848747808592
1613,8.065,5.357659955015591,7.7129918160796365,7.9538718064507155
1614,8.07,4.006663842161981,7.290380479518104,7.435926707493575
1615,8.075,2.300940170364067,6.739465620703016,6.833111271715857
1616,8.08,0.1350417243638104,6.034525377213048,6.136132581560834
1617,8.085,-2.5548000482000965,5.1419697632665375,5.327100259809637
1618,8.09,-5.240803769395665,4.015053085837191,4.374775828729058
1619,8.095,-5.534070490342375,2.586026375356502,3.2274572531766212
1620,8.1,-3.0182645060600253,0.7566129998962179,1.804267386373386
1621,8.105,-0.2418875884520644,-1.5965389886502805,-0.0013602940757655446
1622,8.11,2.027352166418148,-4.468328443290893,-2.197565766349576
1623,8.115,3.819731415255112,-6.61340423538898,-3.7909736657223316
1624,8.120000000000001,5.243387616285824,-3.4881815212756404,-1.1093400693987014
1625,8.125,6.382051074695351,2.7285744986520304,4.092468232282757
1626,8.13,7.29351387143097,5.851333943773053,6.814350125868669
1627,8.135,8.017504654131729,7.235008863927071,8.172276178497876
1628,8.14,8.581787493386841,7.745114154296218,8.947665875955067
1629,8.145,9.00610211718017,7.711175661612866,9.42069526869371
1630,8.15,9.3046525273345,7.424921989418605,9.700039429637384
1631,8.155,9.487701315184434,7.09406117954187,9.828700097298563
1632,8.16,9.56261910712999,6.8885616027950665,9.825603923757994
1633,8.165000000000001,9.534602249047907,7.042096022593942,9.698386522444522
1634,8.17,9.40719419109474,7.488223811216627,9.44931944846232
1635,8.175,9.182706537595385,7.885655746055139,9.081529222303754
1636,8.18,8.862622513365245,8.141735600225754,8.600648582323814
1637,8.185,8.448074886879649,8.2639146901378,8.017888080221915
1638,8.19,7.940524868509465,8.268024477589702,7.351943387741521
1639,8.195,7.342835577345983,8.165756151711868,6.621392722096293
1640,8.2,6.661039222008927,7.964870152673006,5.85271870406748
1641,8.205,5.907220787813476,7.670617621469741,5.106425775509478
1642,8.21,5.103957659573211,7.287074242058779,4.46838737962699
1643,8.215,4.2902486895741365,6.818511094881584,4.004990596367158
1644,8.22,3.5269236286275647,6.271156587221655,3.756675997767629
1645,8.225,2.895390677240515,5.655818484432267,3.7317004744610394
1646,8.23,2.4803376029355766,4.9919315923572345,3.8807186198581967
1647,8.235,2.335428449892452,4.313442101765982,4.08793102067905
1648,8.24,2.454262511562291,3.6757858787614675,4.252324981038437
1649,8.245000000000001,2.775062201979724,3.159608647527804,4.370325141395329
1650,8.25,3.214177871304658,2.860366751344846,4.47925119735346
1651,8.255,3.697578387306143,2.8512975778740213,4.602063096924541
1652,8.26,4.173786586441224,3.1301157305934995,4.796653275685169
1653,8.265,4.612898676552071,3.6001554274878376,5.103107957845782
1654,8.27,5.000846824014664,4.120684970992591,5.429573765322003
1655,8.275,5.333895871734712,4.579472318842652,5.691862505029437
1656,8.28,5.614705805273156,4.92451429155377,5.863149853694545
1657,8.285,5.849786478885251,5.154400175256697,5.949170766546758
1658,8.290000000000001,6.047848623848273,5.2964254421610875,5.978217819284409
1659,8.295,6.218627568908045,5.388040773731497,5.967288480776631
1660,8.3,6.371907417937885,5.463916448509296,5.914998202981284
1661,8.305,6.516619030673469,5.547882521106413,5.827317346472432
1662,8.31,6.660008458667331,5.650346938051582,5.721002465444456
1663,8.315,6.806961000291527,5.771561457889478,5.604716937066936
1664,8.32,6.959600564158296,5.9076464222981695,5.489936768545545
1665,8.325,7.117253364417603,6.054923190259741,5.428770220313137
1666,8.33,7.276783714552314,6.211049455720109,5.4619569961319545
1667,8.335,7.433218332757068,6.374212960109673,5.563050036818304
1668,8.34,7.580518129058245,6.541967964799411,5.707805541625414
1669,8.345,7.71235387994331,6.710556750651784,5.8937523932588265
1670,8.35,7.822784346455394,6.874913359153146,6.084375929902113
1671,8.355,7.906794579783667,7.029195456833859,6.266269659842498
1672,8.36,7.960702852569403,7.167551157962419,6.479360299779788
1673,8.365,7.98247398028257,7.284837836146023,6.721016665512606
1674,8.370000000000001,7.971983385831201,7.377115663319629,6.964302240538007
1675,8.375,7.931263699034849,7.441874151475009,7.188146475228606
1676,8.38,7.864736981254935,7.478057498258039,7.37136252567808
1677,8.385,7.779391735830839,7.486005720877939,7.496393122863939
1678,8.39,7.684806830782351,7.467424763286767,7.553278527369864
1679,8.395,7.592865904842969,7.425457015125513,7.5411805975675525
1680,8.4,7.516977477261642,7.364862731474952,7.467922783011127
1681,8.405,7.470672070498851,7.2922553665748335,7.347925630715855
1682,8.41,7.465637940113565,7.216265377161702,7.19966089574444
1683,8.415000000000001,7.509559679735212,7.147442575657964,7.043637326730017
1684,8.42,7.604385947900756,7.097665752147853,6.900818242219787
1685,8.425,7.745647208811063,7.078859242656962,6.790839966496581
1686,8.43,7.923077931494978,7.100992562488803,6.729778914141871
1687,8.435,8.122264185393625,7.169696275139836,6.727838012115758
1688,8.44,8.326682586032527,7.284248367400973,6.78771185530424
1689,8.445,8.519503774441686,7.436857031082541,6.904295339616516
1690,8.45,8.684800265388745,7.613783064975523,7.065927584235295
1691,8.455,8.808097539236638,7.797996742981879,7.256763543707885
1692,8.46,8.876390402456405,7.972313971781577,7.459329718001878
1693,8.465,8.877795873703722,8.121845510559261,7.656266707370387
1694,8.47,8.80097930645536,8.235107358774034,7.831024135378005
1695,8.475,8.634423883239897,8.30381527441364,7.9681459378193775
1696,8.48,8.365541524300808,8.321814538606787,8.053710766500616
1697,8.485,7.979547159230739,8.283688702885481,8.075884611776486
1698,8.49,7.4579196419561,8.183462675829098,8.02532848858076
1699,8.495000000000001,6.776108045465991,8.013599165838746,7.89514077029812
1700,8.5,5.899815998118693,7.76426859484899,7.67998947948119
1701,8.505,4.778475436884096,7.422699727992772,7.374546909379452
1702,8.51,3.332771180391732,6.972305716775287,6.971662878601828
1703,8.515,1.4284233438653728,6.391190010208806,6.460297823367902
1704,8.52,-1.1847216031625742,5.649466451144147,5.8226848519156365
1705,8.525,-5.014385388274604,4.704388860644127,5.0297917820376945
1706,8.53,-10.508961801642451,3.4911757317589034,4.0333304571467
1707,8.535,-9.605878442813513,1.9045633394163617,2.7502772691346267
1708,8.540000000000001,-4.079757609620235,-0.2417222421912708,1.02950253291251
1709,8.545,-0.3031049880897169,-3.3129550389676563,-1.4282623677507926
1710,8.55,2.353188278249191,-8.081798881076795,-5.256569827698632
1711,8.555,4.346303459994403,-14.84954519703563,-10.712608538838348
1712,8.56,5.9023694980828605,-5.4088914342768835,-3.0468037906334366
1713,8.565,7.144002435586048,6.012886997860085,6.26957028398863
1714,8.57,8.143815701931032,7.742204639934055,7.7885522490683705
1715,8.575000000000001,8.947709633737102,8.737987401577632,8.755874998594106
1716,8.58,9.586041436107692,8.854536005257204,9.322437645428618
1717,8.585,10.079453346399792,8.424386793652513,9.743242857678073
1718,8.59,10.44212052595794,7.841105400944982,10.045135788344055
1719,8.595,10.683649824286492,7.29449757329574,10.234416863562995
1720,8.6,10.810222230111457,6.887132274188116,10.309094123379424
1721,8.605,10.825282994063535,7.35141246994459,10.260134253366626
1722,8.61,10.729943672605827,8.243927163285518,10.07562933609832
1723,8.615,10.523190039416583,8.814960694659506,9.752056006397758
1724,8.620000000000001,10.201956573901112,9.157440392660078,9.287262806447753
1725,8.625,9.761122155810018,9.333746870802258,8.690522101999349
1726,8.63,9.193510026815696,9.373422283922038,7.987404868614238
1727,8.635,8.490071948811474,9.290589191994576,7.182843311345528
1728,8.64,7.640695454296422,9.091171002306336,6.284765539624791
1729,8.645,6.636733283354753,8.775964464739994,5.384541790265802
1730,8.65,5.477979676833026,8.342064189354218,4.624305172976256
1731,8.655,4.190407146740158,7.783674531288332,4.068997477099028
1732,8.66,2.8659703707337063,7.092971349517375,3.77625065898099
1733,8.665000000000001,1.725862016013422,6.26190387346613,3.750631724887735
1734,8.67,1.1239594413040992,5.286837840511847,3.91898249296876
1735,8.675,1.307136258012163,4.1805765529488745,4.010750281170563
1736,8.68,2.1314841128845647,3.0019609476624254,3.8704466117679974
1737,8.685,3.235969653434032,1.919382532876083,3.601716036064701
1738,8.69,4.350194648021798,1.2961758206185152,3.4779388237672473
1739,8.695,5.348378537283256,1.613491089462551,3.7371121437611032
1740,8.700000000000001,6.188376166539131,2.936847808321737,4.639191212150948
1741,8.705,6.863173333279269,4.598055025262038,5.879620509531484
1742,8.71,7.377741132949085,5.939618918569429,6.860860285914099
1743,8.715,7.739615667078495,6.787089624000099,7.464329844304681
1744,8.72,7.955324293789397,7.21118624379812,7.773723331277964
1745,8.725,8.029097414161468,7.336386034077015,7.88106697967788
1746,8.73,7.962412110817199,7.286886764015572,7.88520364987385
1747,8.735,7.753793924395178,7.169003887232858,7.809726915043816
1748,8.74,7.39867106168595,7.060263241599312,7.624117325039554
1749,8.745000000000001,6.889270880078659,6.987460270295122,7.331490628021001
1750,8.75,6.21476558554606,6.9151427134051815,6.954359407295055
1751,8.755,5.362350249224358,6.783377740370961,6.471951788893166
1752,8.76,4.32121431534871,6.547288054167076,5.853394454413339
1753,8.765,3.094821005242564,6.180771494862521,5.2257455310171705
1754,8.77,1.7350566058172854,5.666962423824636,4.641190970939463
1755,8.775,0.4206526908727004,4.991808290251291,3.9829322100144138
1756,8.78,-0.4503185187541392,4.143033237818885,3.2250247790642557
1757,8.785,-0.4216973950494825,3.1161249628008987,2.43085216706892
1758,8.790000000000001,0.4997046094847909,1.9354740738778968,1.5063886243291549
1759,8.795,1.8540114684111964,0.7126405272703584,0.5725841085909886
1760,8.8,3.248584955505857,-0.22744500595436445,0.029977920103577027
1761,8.805,4.509307783046384,-0.24815356863974003,0.35214967309766454
1762,8.81,5.586632930676841,1.1220245901081496,1.8663440560617972
1763,8.815,6.4783339990706885,3.2498905798558604,4.02891344951392
1764,8.82,7.196115472043551,5.081043914302553,5.9484741141376665
1765,8.825000000000001,7.753661131673697,6.277466393839278,7.329241283516609
1766,8.83,8.162807349745805,6.932323648687614,8.235909946995646
1767,8.835,8.432547476747533,7.206711864287056,8.780717226998116
1768,8.84,8.568950392320211,7.255519691978559,9.055779062181557
1769,8.845,8.57531973296761,7.2115021297945905,9.124844819672893
1770,8.85,8.452371281474045,7.180084230917372,9.026541073981694
1771,8.855,8.198381499994987,7.220549194085098,8.78499885269151
1772,8.86,7.809357615658321,7.310155619272917,8.417771189369875
1773,8.865,7.279399264543468,7.373995319093474,7.9394037643364985
1774,8.870000000000001,6.601671519698067,7.353736350055547,7.362138696432156
1775,8.875,5.770999170695411,7.221569565867947,6.696226604241097
1776,8.88,4.790467528596385,6.965457301375356,5.952348904780727
1777,8.885,3.687257322877318,6.5784413016671905,5.14505756001915
1778,8.89,2.546411606921424,6.054601343687679,4.29658147848221
1779,8.895,1.5624674848113684,5.389062545342325,3.4401436255201077
1780,8.9,1.044960277717796,4.581857109911766,2.6185950421138178
1781,8.905,1.2340307775649848,3.6487840445411868,1.8788416063735305
1782,8.91,2.047701461466908,2.6472548187994374,1.2766559379592484
1783,8.915000000000001,3.177319053353604,1.7290818152485192,0.9117184761664259
1784,8.92,4.358883294012014,1.2083994329120338,0.9844995304267634
1785,8.925,5.455605019738982,1.504386765776228,1.761000473199978
1786,8.93,6.415684941797563,2.7267109000364593,3.2623230859328407
1787,8.935,7.226859399171653,4.355211985371429,5.02673291434063
1788,8.94,7.892114391136387,5.773393326158283,6.539865427069424
1789,8.945,8.419066127118532,6.75704614726598,7.6244311272695064
1790,8.950000000000001,8.81570123672348,7.340033210403739,8.32684701206987
1791,8.955,9.08878527280424,7.629986133822749,8.742578980224607
1792,8.96,9.24333473667028,7.743381597714922,8.944904788568861
1793,8.965,9.282484076825464,7.7834927582728595,8.981158014298774
1794,8.97,9.207472591938377,7.828204558761752,8.883547570387254
1795,8.975,9.017640860957224,7.911568263411262,8.675237827055987
1796,8.98,8.710399993158612,8.012112213270019,8.372818877501523
1797,8.985,8.281182100481262,8.080901515791506,7.986457401820431
1798,8.99,7.7234362226687905,8.078544673342778,7.522742904312531
1799,8.995000000000001,7.028850462771769,7.983443454330999,6.990078966769117
1800,9.0,6.1882637578979125,7.784705557862024,6.400956069020235
1801,9.005,5.194433170162856,7.475511353153817,5.772431653267964
1802,9.01,4.049525476250885,7.049630489360693,5.129541644626906
1803,9.015,2.783860044044138,6.49999891533513,4.504091385859256
1804,9.02,1.4969875312887613,5.818624978212309,3.9195582017719213
1805,9.025,0.4193207881098037,4.998082411992256,3.3787476093925073
1806,9.03,-0.0967509186210046,4.03629981367488,2.8679376542264268
1807,9.035,0.172201021843436,2.949274186663177,2.367254931692346
1808,9.04,1.0636766688089818,1.8021226309338685,1.8769748889296398
1809,9.045,2.2242623961947934,0.7740057979328778,1.4863278866519916
1810,9.05,3.398679262394178,0.2382289572579701,1.4542610191410565
1811,9.055,4.471288927964648,0.6601520907780714,2.1291909872482995
1812,9.06,5.406069002809199,2.054982817512203,3.5121996069208965
1813,9.065,6.20079447527109,3.7429859953361864,5.062789382258517
1814,9.07,6.865364450759198,5.107234707241885,6.310054412361899
1815,9.075,7.41307047139022,5.9990717552326664,7.166304922297791
1816,9.08,7.857407745323567,6.4957259896648925,7.709661827954128
1817,9.085,8.211084772636978,6.723978550125925,8.028564170489242
1818,9.09,8.485856579511664,6.8101114822883115,8.187628823905724
1819,9.095,8.692625779328552,6.8631176822096895,8.229609079407362
1820,9.1,8.841582555423104,6.963490019361219,8.181579544832957
1821,9.105,8.942284958272236,7.141267372857143,8.059769321959354
1822,9.11,9.003635894984793,7.367835772477289,7.875050840760392
1823,9.115,9.033742565713895,7.595327121574382,7.638321589679588
1824,9.12,9.0396680931932,7.793615169380164,7.363479493999911
1825,9.125,9.027109803685232,7.952779643610124,7.069022634874393
1826,9.13,9.000061489525779,8.073785952992456,6.779409957882228
1827,9.135,8.960530233048408,8.161792194612037,6.5237899186448995
1828,9.14,8.90837385216475,8.222828109041973,6.331598692385693
1829,9.145,8.841300152286207,8.26221525986673,6.229342636590575
1830,9.15,8.75503054699179,8.283754446131166,6.2374673092712385
1831,9.155,8.643592111418931,8.289297862790438,6.364332738374601
1832,9.16,8.499677992832652,8.278593724605972,6.601629495564147
1833,9.165,8.31501396361176,8.249373513227045,6.922973574522388
1834,9.17,8.080687852348374,8.197644684993108,7.282675250327365
1835,9.175,7.787433181161757,8.118114745594255,7.621757165622098
1836,9.18,7.425905670729036,8.004646206793096,7.884137688319627
1837,9.185,6.987058162831778,7.850647031928974,8.0279668599876
1838,9.19,6.462829640787119,7.649338178308497,8.02897137829591
1839,9.195,5.847566932107799,7.39389542464728,7.883615100105429
1840,9.2,5.140974634078576,7.07752273498627,7.606700618022469
1841,9.205,4.354009133705069,6.693576316974164,7.217262671920539
1842,9.21,3.519748266039048,6.235939255871657,6.729887479795143
1843,9.215,2.710119189479884,5.699989709677821,6.157265123071935
1844,9.22,2.050809083834688,5.084790786344819,5.513909890285881
1845,9.225,1.7055107702919088,4.397672363973261,4.819470086582332
1846,9.23,1.7966992918470948,3.663218946984004,4.1042332191895605
1847,9.235,2.3116559857525862,2.939185452483314,3.4209619323139258
1848,9.24,3.1121154843509515,2.3385028525931326,2.8647215268902433
1849,9.245,4.033697416443738,2.039260847049625,2.583848312584407
1850,9.25,4.955675753492074,2.2293543239898175,2.736201237126499
1851,9.255,5.809433672941763,2.951437047733627,3.3643105197941376
1852,9.26,6.561951264194088,3.998012606770653,4.31084844024155
1853,9.265,7.199659388569078,5.055710815873128,5.330715001584778
1854,9.27,7.718272788082404,5.92007537422602,6.25593807975886
1855,9.275,8.11727585581953,6.53517271972529,7.0235757246518755
1856,9.28,8.397084047090491,6.930437996608452,7.625485965461126
1857,9.285,8.557572193514826,7.167373154284753,8.068392701011707
1858,9.29,8.59724484508278,7.310805594376093,8.360755748466381
1859,9.295,8.512663433852582,7.412380930173919,8.51348625977425
1860,9.3,8.297917991675464,7.498522742582718,8.537372447250197
1861,9.305,7.944014428110089,7.565508129752467,8.43959113905706
1862,9.31,7.438096166660776,7.588982420281813,8.225206727619458
1863,9.315,6.762490625942183,7.540501429974683,7.899418718086535
1864,9.32,5.893806353458438,7.396645379643695,7.468279951129761
1865,9.325,4.803168495849582,7.139125129263511,6.938796981430652
1866,9.33,3.461834604930546,6.75154916726642,6.318759060086619
1867,9.335,1.867764881131622,6.216209903359156,5.616031288921895
1868,9.34,0.1435976166510219,5.51162566959208,4.8363919290524535
1869,9.345,-1.2143340923358157,4.61111632718424,3.979445590885949
1870,9.35,-1.302162122283371,3.484209948849206,3.035022960610597
1871,9.355,0.0419359434388717,2.1085393066053744,1.9881979461998172
1872,9.36,1.951579139432893,0.5205739924552297,0.8574747444489867
1873,9.365,3.804635005397369,-1.005137657122881,-0.1593760924817058
1874,9.37,5.418827469890033,-1.5404970743994806,-0.3423889331871539
1875,9.375,6.780825893120218,0.2433366105346657,1.3574782266007714
1876,9.38,7.917731744687555,3.5090259719025827,4.248216844818552
1877,9.385,8.860201512028581,6.084485657884713,6.56980042326256
1878,9.39,9.634041549300598,7.605267858563511,8.043198728865324
1879,9.395,10.25930589855714,8.395402525316545,8.963840196297571
1880,9.4,10.75109218466461,8.714563051981473,9.544379293114066
1881,9.405,11.120514336955008,8.775914936772084,9.900511571048549
1882,9.41,11.375497892974597,8.75144786924978,10.091819139225372
1883,9.415,11.521352514949024,8.782134649855898,10.150047828373513
1884,9.42,11.561147070162324,8.974072085496669,10.092704808860042
1885,9.425,11.495917815497386,9.302643645866622,9.929715575565236
1886,9.43,11.324728220947634,9.634950208394212,9.667846716385817
1887,9.435,11.0445821766953,9.886752468880523,9.31388711529808
1888,9.44,10.65017202932513,10.033796390377027,8.877667096107345
1889,9.445,10.133415905067617,10.073308143906479,8.373562289352822
1890,9.45,9.482698337953211,10.006639829746664,7.820054605541795
1891,9.455,8.681662247116812,9.834185219237533,7.243816256062601
1892,9.46,7.707287977943124,9.553980787158117,6.685424952900151
1893,9.465,6.526805554731264,9.161150618998562,6.190857347481229
1894,9.47,5.092708385708098,8.6473463366404,5.7913602827103885
1895,9.475,3.335036450424291,7.999852707996867,5.491935727784179
1896,9.48,1.1525664715595243,7.200096472524218,5.2626257491992074
1897,9.485,-1.5721625900433391,6.221181399501369,5.027241367132287
1898,9.49,-4.73310576278302,5.0238200299234315,4.664239960746754
1899,9.495,-6.724384692504932,3.5496826915197586,4.034345477275092
1900,9.5,-5.225316987003565,1.7113417369901316,3.003722603266222
1901,9.505,-2.495763302989581,-0.6164661077253024,1.4324754104302992
1902,9.51,-0.1950373714161908,-3.551881973146582,-0.7915721457825349
1903,9.515,1.5556606647757325,-6.701182687123461,-3.323716077171328
1904,9.52,2.87128593387267,-6.683455916572154,-3.3705403940099785
1905,9.525,3.8519530738001935,-0.4985087951265683,1.5476568699328803
1906,9.53,4.566578722957743,3.8912425195400804,5.02728486507858
1907,9.535,5.061800374728144,5.591870345928998,6.378486904337531
1908,9.54,5.370074902363476,6.186247827931067,6.960183985583162
1909,9.545,5.515263221123417,6.0848393601629756,7.197882394361137
1910,9.55,5.516668207526324,5.601808284384115,7.259187281817624
1911,9.555,5.392477564971097,4.98501708432179,7.196041238212533
1912,9.56,5.163345649835778,4.406645931055619,7.024570736502309
1913,9.565,4.856605157411778,4.080249118327372,6.750220575836942
1914,9.57,4.511040034660842,4.159824545558605,6.371947038196442
1915,9.575,4.180729536875333,4.307560679057196,5.894611253619709
1916,9.58,3.9339201056307767,4.326585592862382,5.340978174623413
1917,9.585,3.841159015296088,4.224349516578711,4.737625602505071
1918,9.59,3.951840169676093,4.048480899725831,4.106574065421868
1919,9.595,4.271871682199705,3.860072062268678,3.4809622600885177
1920,9.6,4.761484638814403,3.7336823964666337,2.9133570644759406
1921,9.605,5.355359443809177,3.750614541701111,2.487944580897306
1922,9.61,5.987389499046618,3.974882334211911,2.3298815268599258
1923,9.615,6.605035170582178,4.417522652014065,2.5436465080313195
1924,9.62,7.172199348965637,5.018819274632083,3.140695559038894
1925,9.625,7.666237024457882,5.674513205597828,4.064977067250289
1926,9.63,8.073678984368417,6.286636488071315,5.205413860898381
1927,9.635,8.386624293357173,6.7963434977429795,6.403833150877281
1928,9.64,8.600183678230724,7.185958341097631,7.468919230675887
1929,9.645,8.7107887583014,7.46528125866156,8.297240626235554
1930,9.65,8.715085875469214,7.6562743158944,8.843419107213519
1931,9.655,8.60918448977628,7.78109341137759,9.071026126228348
1932,9.66,8.38810361059523,7.85419511756103,8.979791452781154
1933,9.665,8.045325239209829,7.878943012129552,8.703057953847946
1934,9.67,7.572430000696098,7.848906501188263,8.303867035975987
1935,9.675,6.958893064897724,7.752079750259087,7.786287875879214
1936,9.68,6.192347169845397,7.574891714105146,7.174954671708948
1937,9.685,5.260204707555413,7.3041864350033485,6.493148538235708
1938,9.69,4.155073694552273,6.927396857195497,5.770233777102204
1939,9.695,2.890288290928015,6.431918804102866,5.028135965637608
1940,9.7,1.5395799120744755,5.804562850234486,4.261179369327066
1941,9.705,0.3154246661710932,5.031924542313564,3.456684200428463
1942,9.71,-0.3800303888509674,4.1032660770764835,2.6156864361113334
1943,9.715,-0.1918041490097405,3.0200209302132865,1.7415274682376936
1944,9.72,0.7655504883512159,1.8224669911981684,0.8523701483271093
1945,9.725,2.0606647948424857,0.6558102379275983,0.07207419066572118
1946,9.73,3.3681187933024863,-0.11117223725994752,-0.26774481957986307
1947,9.735,4.546699669761446,0.12106208951852171,0.2852157738856853
1948,9.74,5.555994562442381,1.5940766263501747,1.866487437365072
1949,9.745,6.394774548742019,3.5651501515145396,3.8549242420648895
1950,9.75,7.074018699552196,5.1796865375649315,5.53745270915066
1951,9.755,7.606944173944539,6.219608296933436,6.701509382876985
1952,9.76,8.005737789214434,6.780740253357299,7.466957738478985
1953,9.765,8.280761058214349,7.011241618934651,7.965777154249378
1954,9.77,8.440649681694698,7.054222195853187,8.259831507409496
1955,9.775,8.492750365416907,7.0322409332545135,8.390557300910995
1956,9.78,8.443730142421352,7.039993981647336,8.38614187871534
1957,9.785,8.300354388242956,7.121264494737785,8.263114936751236
1958,9.79,8.070505608747764,7.245237311961611,8.032766659903501
1959,9.795,7.764549867932278,7.347584468288948,7.70520019887582
1960,9.8,7.397138557775356,7.385045260617373,7.29216090961015
1961,9.805,6.989389336446156,7.341734161188617,6.80918468717978
1962,9.81,6.570986519265835,7.217154726298295,6.27698553968656
1963,9.815,6.180958505466416,7.018673729649358,5.723220914466744
1964,9.82,5.864969467105211,6.75936437306918,5.185817813071656
1965,9.825,5.667097023569603,6.45867851671191,4.714137864463206
1966,9.83,5.617070518582893,6.144264488269764,4.3634899109862655
1967,9.835,5.719132268752981,5.85339952408156,4.186152776970664
1968,9.84,5.950244770210028,5.631688490799472,4.222723320302365
1969,9.845,6.269033817316698,5.525847653914511,4.4903533018353885
1970,9.85,6.628913672148316,5.568991912132572,4.969300367861243
1971,9.855,6.988024298482377,5.7633631893457125,5.598497349608567
1972,9.86,7.313471350360232,6.073029072590735,6.2892692116630355
1973,9.865,7.581341448612661,6.435799419082679,6.947621118106316
1974,9.87,7.774811409612497,6.787411386876791,7.49521994846571
1975,9.875,7.88189050149337,7.08112614600896,7.887737544320403
1976,9.88,7.893450600759185,7.293785591797638,8.120398387905315
1977,9.885,7.80168388546299,7.4213721109994815,8.20852019553227
1978,9.89,7.598918164927644,7.470641753563453,8.168122835641539
1979,9.895,7.276668569954305,7.451090163434168,8.01413921533138
1980,9.9,6.824819267136185,7.369052190797779,7.761535605899889
1981,9.905,6.230880821819755,7.2246194898711815,7.424148521747339
1982,9.91,5.479387410958307,7.01136640361048,7.012322634185608
1983,9.915,4.5518165017579735,6.717942837006882,6.530672713183774
1984,9.92,3.4283508201389017,6.330008827396183,5.979583264603644
1985,9.925,2.095629203892323,5.831392533843353,5.358439345961824
1986,9.93,0.5727847550670345,5.20427938706122,4.666056231515734
1987,9.935,-1.014131548506929,4.428957845352906,3.9001661855339274
1988,9.94,-2.2880974497600737,3.4842477214925416,3.0590877141910813
1989,9.945,-2.640019026215888,2.3512239413237563,2.1415997032077074
1990,9.95,-1.8701146599593843,1.0276518104406507,1.1485181833297626
1991,9.955,-0.4930192316313387,-0.425448430260686,0.1174039335824002
1992,9.96,0.9616004129113362,-1.7555872416409448,-0.7665386842719881
1993,9.965,2.2615478823542343,-2.302228284750142,-0.9896286537220149
1994,9.97,3.34681803617614,-1.2286723964796131,0.1089153622685437
1995,9.975,4.217491342863216,1.0918162193289254,2.2238402821388283
1996,9.98,4.888758903061895,3.221117858451895,4.198234718641639
1997,9.985,5.376345785884007,4.577253247358736,5.572484854969555
1998,9.99,5.692327870778055,5.273152544194794,6.451445243310234
1999,9.995,5.844134540439841,5.505709403721265,6.9864685149972665
2000,10.0,5.834328477612757,5.454203484579284,7.274034384367612
2001,10.005,5.6603214166202775,5.270088531112539,7.366651321492041
2002,10.01,5.313638064430176,5.075225109164738,7.29152989617145
2003,10.015,4.778370396956229,4.95303416585313,7.06195928156225
2004,10.02,4.028224056398179,4.8965018128365,6.683517605635095
2005,10.025,3.020907728066878,4.811607654129032,6.157859025938414
2006,10.03,1.6869539502915103,4.61248228298265,5.484667993071254
2007,10.035,-0.0946728279496809,4.25164442654282,4.66230449531173
2008,10.04,-2.557776413618332,3.697422972768329,3.6867924776114194
2009,10.045,-6.238600410230202,2.913990411817661,2.548440526561152
2010,10.05,-12.755412884161558,1.8469683327139763,1.2276547795099981
2011,10.055,-17.676938668835277,0.40459944963591354,-0.3149778992175616
2012,10.06,-8.685891339315464,-1.5810637069118085,-2.174009038047786
2013,10.065,-3.9599214140429337,-4.455310534613487,-4.5948677446362804
2014,10.07,-0.9723616772171226,-9.073548854102262,-8.256389641010818
2015,10.075,1.1436127649820382,-18.252596372332576,-15.459091196771018
2016,10.08,2.724503205324402,-20.19453156127731,-16.69942774072583
2017,10.085,3.9331792424069434,6.333392650581143,5.197971180536868
2018,10.09,4.859744446338037,5.854656047460249,5.295466298538851
2019,10.095,5.55840588396789,6.895376418036012,6.55345452363019
2020,10.1,6.063499576056001,7.001966872261729,7.124519899733071
2021,10.105,6.397369803285061,6.300262387078192,7.518636297663056
2022,10.11,6.574648153606503,5.397548300997306,7.706836893516937
2023,10.115,6.604837448840831,4.526659532925674,7.721349750874886
2024,10.12,6.494152537354797,3.718751731687668,7.577054586404538
2025,10.125,6.247252843136543,3.466945988674607,7.280797818882296
2026,10.13,5.869513740821834,4.657458630323321,6.824732935506482
2027,10.135,5.370760269426679,5.178637261688737,6.211698216020041
2028,10.14,4.771887172322487,5.369301113246057,5.450937915399584
2029,10.145,4.116077066076553,5.346147892624221,4.544700379899352
2030,10.15,3.4843437235070835,5.1563620549991755,3.5234597307109157
2031,10.155,3.0056274896265256,4.827459841487024,2.4124960636091712
2032,10.16,2.8334887023421573,4.385992906039826,1.2003711072692385
2033,10.165,3.068468483228501,3.8720230995772456,-0.026744863254468676
2034,10.17,3.68355548636605,3.356932110739673,-1.0190238093040245
2035,10.175,4.546954607784625,2.9633406369282786,-1.5329606699192384
2036,10.18,5.51099312817306,2.866574303570426,-1.396499742945399
2037,10.185,6.468671475977249,3.2293379942761145,-0.37862069619369887
2038,10.19,7.359114986815511,4.060274824630138,1.441331829284334
2039,10.195,8.153089265770424,5.150240562895131,3.7027964768084196
2040,10.2,8.838990347383593,6.2212434428735826,5.69782514483374
2041,10.205,9.41389570593685,7.101627080479377,7.322959444026805
2042,10.21,9.87863143756142,7.748633081549986,8.510687556943166
2043,10.215,10.235212211999546,8.193198398076056,9.181300025927191
2044,10.22,10.485534128987624,8.494155775728379,9.19975575350184
2045,10.225,10.63068716291298,8.712427954054727,9.249096245753494
2046,10.23,10.67054760677276,8.8955462892941,9.173581830129
2047,10.235,10.603464519487888,9.066826425642013,8.911577206997116
2048,10.24,10.425925640652787,9.222555733175437,8.570537473195989
2049,10.245,10.13211134595432,9.342069774261807,8.130957281436098
2050,10.25,9.713233365037668,9.402371314462181,7.673442846895423
2051,10.255,9.156504867463296,9.38565924786764,7.240541212537612
2052,10.26,8.44347585827229,9.279399008215528,6.773580607291068
2053,10.265,7.547226542401203,9.073738732397228,6.248014175120748
2054,10.27,6.427368490967344,8.758945074763064,5.7218865375893815
2055,10.275,5.020469013589304,8.323289179836145,5.2051619480700095
2056,10.28,3.2198091767831705,7.751001512888978,4.629026366516366
2057,10.285,0.8262365743567722,7.0196806341082025,4.0394046022864645
2058,10.29,-2.598826400046948,6.096247269094956,3.6548117016767967
2059,10.295,-8.356885302959343,4.929743130186613,3.2363988368700016
2060,10.3,-19.873896832495404,3.437126069507795,2.556086254975865
2061,10.305,-8.559147739752756,1.471918669453522,1.545422961970333
2062,10.31,-2.8784240511351595,-1.256043991072243,-0.11959146377842789
2063,10.315,0.4450564622205766,-5.4361832549920095,-3.286384529841092
2064,10.32,2.731542264311509,-13.32393845709388,-9.485915133038667
2065,10.325,4.42447077970197,-30.67811291767839,-23.418840426314
2066,10.33,5.7252251540274814,9.376713249443373,9.019588842595686
2067,10.335,6.742087504482282,7.980630168239658,7.956497225900797
2068,10.34,7.539939221911196,8.987193893865843,8.810039645534898
2069,10.345,8.160733048372963,9.262702063635057,9.006743063870378
2070,10.35,8.633209255922086,8.510361175741167,9.210839921409303
2071,10.355,8.978013333394308,7.511282502835781,9.35383618504965
2072,10.36,9.210624827465365,6.559167868451591,9.431843618566376
2073,10.365,9.34315854989229,5.733323895610956,9.429424597624019
2074,10.37,9.385549827265136,4.888103293675715,9.344152045719486
2075,10.375,9.346387896567624,6.537159052504122,9.151313828898548
2076,10.38,9.233539093782152,7.357188280473951,8.837119956976622
2077,10.385,9.054633747687802,7.800324579028297,8.406865195361544
2078,10.39,8.81744679956064,8.04683273139343,7.848264784007142
2079,10.395,8.530167796986694,8.161316109373047,7.191042905993342
2080,10.4,8.201525529169556,8.175846531119495,6.481771163486245
2081,10.405,7.840707768223653,8.110126045821566,5.674443969638791
2082,10.41,7.457006407384035,7.978438143994129,4.773774638292207
2083,10.415,7.059137852337454,7.792597490055024,3.983651508958661
2084,10.42,6.654251279352269,7.563330577077528,3.516214395500546
2085,10.425,6.246739284432118,7.300854638038908,3.3381789169137077
2086,10.43,5.83706938015351,7.014902144671567,3.655275538755638
2087,10.435,5.42089556512316,6.714266768481714,4.3754595614380865
2088,10.44,4.988633070137391,6.405930514222592,5.503537591966604
2089,10.445,4.525495066690363,6.093912622481188,6.312160683267328
2090,10.45,4.01177698038834,5.778106718227614,6.900133168907135
2091,10.455,3.423025101821882,5.453455463680262,7.196825320927703
2092,10.46,2.729677148118386,5.109750596588307,7.267796981371474
2093,10.465,1.8957811450802051,4.732105540580909,6.486666013114091
2094,10.47,0.8764688985114432,4.301820235763074,5.901034197631574
2095,10.475,-0.3857535622084432,3.7971158713849755,5.296184338491619
2096,10.48,-1.9634359484627948,3.193173441631057,4.473183715750353
2097,10.485,-3.9291111331221247,2.4610277354635137,3.579634083237254
2098,10.49,-6.232628044168868,1.565023659125345,2.515785039113972
2099,10.495,-8.136717107795485,0.4587215761190553,1.323754054071125
2100,10.5,-7.816796564462739,-0.9200774223074344,0.03071734068700671
2101,10.505,-5.482476691502684,-2.649776787215834,-1.5044480892590775
2102,10.51,-2.922005005660697,-4.788610899215323,-3.4041072131120256
2103,10.515,-0.7369297144994842,-7.125927263972056,-5.43732595962565
2104,10.52,1.0490980383637725,-8.109173524381761,-6.314706050133211
2105,10.525,2.504480726960724,-4.703978465999237,-3.6514887907535183
2106,10.53,3.6919075513130233,0.2567618081558738,0.20862154872438055
2107,10.535,4.657545904903389,3.0358765792000284,2.7006603661600583
2108,10.54,5.43395960477694,4.409779009803649,4.29446921870378
2109,10.545,6.043863401394125,4.990430523055495,5.316171101022179
2110,10.55,6.502892003703438,5.086091785809544,6.089028498332974
2111,10.555,6.821435817906865,4.952481377135093,6.822862566766176
2112,10.56,7.005813050300826,4.777701511055544,6.999026940225958
2113,10.565,7.058996159697014,4.727455128906388,7.095322677120441
2114,10.57,6.981046336742275,4.96789602748903,7.157754153114748
2115,10.575,6.769378206404188,5.388768960030003,7.026812845213269
2116,10.58,6.418995576894558,5.744875527908588,6.757849620815185
2117,10.585,5.922947537328324,5.958499373564669,6.348957749359745
2118,10.59,5.273561126523619,6.025070715230189,5.805126942545516
2119,10.595,4.465784048245255,5.949864143047397,5.138296858373886
2120,10.6,3.5058166400298068,5.735496041012468,4.362346882920568
2121,10.605,2.4319270302219627,5.3807785061027165,3.5028993172396046
2122,10.61,1.3576245637100692,4.881843137524309,2.614286504060755
2123,10.615,0.5277954494353098,4.234764804652093,1.767231500346464
2124,10.62,0.2826940749584596,3.441632667937423,1.0198048182680481
2125,10.625,0.7919540733142388,2.525255754993024,0.4225587966214919
2126,10.63,1.857708594150732,1.5633808937609568,0.031962929185699984
2127,10.635,3.141147136165545,0.7555188632756371,-0.055181988865367515
2128,10.64,4.410857852337074,0.4882345321983106,0.3502246401335851
2129,10.645,5.562979781426648,1.1807272268596272,1.476916744581524
2130,10.65,6.564034227617172,2.7446345872158813,3.199865399707832
2131,10.655,7.410040558861577,4.490603150346779,4.932758073456857
2132,10.66,8.10721300814721,5.880271919432724,6.228678899566882
2133,10.665,8.664034630735184,6.8047295874401135,7.068030932244283
2134,10.67,9.088223827060574,7.344349703580873,7.590102867839899
2135,10.675,9.38564861073618,7.620317303581059,7.8792994775647065
2136,10.68,9.559960464125124,7.751083069629768,7.991557069304726
2137,10.685,9.61243848809648,7.836554100006005,7.970052509732142
2138,10.69,9.54181863026172,7.94560439342393,7.846175084200417
2139,10.695,9.343983177300457,8.094233621888913,7.644685577540533
2140,10.7,9.011400094900944,8.24368146632304,7.371618832918337
2141,10.705,8.532158308384428,8.34101357545628,7.020164402450849
2142,10.71,7.888330061692904,8.350052459245898,6.591506413282278
2143,10.715,7.053140027634091,8.251106621015115,6.094950971692117
2144,10.72,5.985851316204832,8.031807806147715,5.536821997977521
2145,10.725,4.621866634490872,7.6805005371728035,4.934019475435575
2146,10.73,2.8515695791178466,7.182197502228663,4.333349694987541
2147,10.735,0.4681056011743458,6.5152092042215894,3.7591227993407603
2148,10.74,-2.993754698846552,5.64676321405954,3.1785378449904567
2149,10.745,-9.004975491263028,4.525523248852439,2.5369023128562853
2150,10.75,-25.219640030120765,3.066833744628454,1.7443139088415092
2151,10.755,-8.708345318261914,1.1198156163058846,0.6159392860163191
2152,10.76,-2.968534507952951,-1.6183573834562273,-1.1444527625545575
2153,10.765,0.3427355026745899,-5.8848369941310565,-4.16285791128991
2154,10.77,2.60435217751946,-14.269587706703925,-10.589948185973583
2155,10.775,4.261394418901446,-41.53439523565666,-32.45665409133986
2156,10.78,5.513014254362176,15.949138555460333,14.170088382686236
2157,10.785,6.464585400781834,8.080801064129169,7.932062703813687
2158,10.79,7.177595010429495,9.339313649432043,8.998992099927378
2159,10.795,7.689967678452417,9.469383183034115,8.939977162332596
2160,10.8,8.02556635370356,8.414387418781399,9.043654021345299
2161,10.805,8.19905166395044,7.18948939926411,9.077594677925173
2162,10.81,8.218502215157486,6.052574052363271,9.03864061542312
2163,10.815,8.086853662566092,5.058309199789534,8.903815359019084
2164,10.82,7.802689088051924,3.7108987830770337,8.673652724134955
2165,10.825,7.360734111892766,5.847077871023266,8.312067144387573
2166,10.83,6.752472458027794,6.491962042787493,7.796284684558739
2167,10.835,5.967726829060584,6.708243891260059,7.1284912278443056
2168,10.84,4.999338873361745,6.673785588195042,6.277838934937948
2169,10.845,3.8564901823692055,6.441462008352681,5.272183650472298
2170,10.85,2.5996038772154555,6.028700243741932,4.169193492779569
2171,10.855,1.4146455320886049,5.438522030736224,2.8896461945830354
2172,10.86,0.6853617847368763,4.668979200581176,1.408406543667664
2173,10.865,0.8170371691958358,3.724103780784866,-0.03380034457850378
2174,10.87,1.7791175691944376,2.6381727670580246,-1.164449333605993
2175,10.875,3.1475616438562657,1.5350610566627232,-2.003460399967868
2176,10.88,4.561229614249191,0.7448057119332052,-2.001241192887335
2177,10.885,5.854685299684493,0.8631497358104081,-0.8303163859616465
2178,10.89,6.977899436434529,2.26827573658358,1.9266016156361574
2179,10.895,7.926723694655028,4.340266131087751,4.774388196563028
2180,10.9,8.711466902919708,6.135490198709944,7.217824327144892
2181,10.905,9.345149663358928,7.344727317145091,8.916751810062843
2182,10.91,9.839545078080404,8.045820260488917,10.12038329794943
2183,10.915,10.20404437506987,8.38807112632826,9.957139046109372
2184,10.92,10.445477461217427,8.518635493598111,10.063027195786274
2185,10.925,10.568198739064858,8.564742575830424,10.074435903613956
2186,10.93,10.574181817273534,8.626764900507176,9.77117782310945
2187,10.935,10.46302061036106,8.758634938581826,9.429788822366504
2188,10.94,10.2317807391323,8.938028386174294,8.925362741713464
2189,10.945,9.87464447301995,9.097086189196112,8.373048084947415
2190,10.95,9.382261295116097,9.182991633840924,7.88228211014742
2191,10.955,8.740648616770171,9.17028200336587,7.351168093800076
2192,10.96,7.929354689518996,9.047890457973057,6.690824653235688
2193,10.965,6.918327508389794,8.808982252288615,6.005122406945792
2194,10.97,5.662357320712737,8.446022706368604,5.353139692984344
2195,10.975,4.090640382515087,7.948215303408437,4.6423877538658544
2196,10.98,2.085834249859147,7.299434224377728,3.7553485537398785
2197,10.985,-0.5601696362125164,6.475550126151054,3.3352701538363396
2198,10.99,-4.224451629825634,5.440065838538885,3.061260849653772
2199,10.995,-9.086159336686588,4.136242098106048,2.570788941679721
2200,11.0,-9.64488570663668,2.4718405635895158,1.894240735325749
2201,11.005,-5.065262518233,0.2874525764250917,1.0497885924729027
2202,11.01,-1.5661641284987973,-2.7119927111540605,-1.0939988011910753
2203,11.015,0.8639417380983558,-7.068954676805438,-4.312102491315192
2204,11.02,2.6185158766246825,-12.668372646673356,-8.529350406757187
2205,11.025,3.9158355309785913,-7.247135268550359,-4.039747443393027
2206,11.03,4.876875499254867,3.955053790032947,5.078634026796948
2207,11.035,5.572684500243378,6.2363853804109235,6.9617071642648
2208,11.04,6.046711704565815,7.17037662027386,7.765619304089239
2209,11.045,6.325740005636877,7.219006584110668,8.071898765711442
2210,11.05,6.425517816903711,6.662900942548129,8.176219966246888
2211,11.055,6.353717562383014,5.88421931518628,8.145771565201631
2212,11.06,6.111413455435013,5.0915104093797,8.002955798580551
2213,11.065,5.693662671151757,4.410261837683173,7.7500519090308675
2214,11.07,5.089554789441242,4.353944749587146,7.376716802812242
2215,11.075,4.282206639703467,4.781471279607055,6.866292000951885
2216,11.08,3.249981160981737,4.93076938549288,6.207696865559509
2217,11.085,1.9731413779322016,4.807616327332785,5.392152731530795
2218,11.09,0.4599411853177158,4.453963332306123,4.419543462482112
2219,11.095,-1.1670092297030394,3.882543830557675,3.303897119344491
2220,11.1,-2.471054285070408,3.088024564230114,2.038549840064336
2221,11.105,-2.6788143329122818,2.056271140773641,0.604329987343017
2222,11.11,-1.5743610802288894,0.7804517956611683,-0.947244586089977
2223,11.115,0.1424165706188693,-0.6890832051760807,-2.4618773368131857
2224,11.12,1.8697760794291665,-2.0895315344630943,-3.6584001875044727
2225,11.125,3.394871087416045,-2.6224081959384664,-3.8376005524458705
2226,11.13,4.68399714821737,-1.1664444022542666,-2.056567279086007
2227,11.135,5.754655579675201,1.729226094915182,1.1931247626741
2228,11.14,6.633308434046187,4.194358184424902,4.197668465737823
2229,11.145,7.344062339695085,5.710038815980079,6.34099812536916
2230,11.15,7.906477228055053,6.512090137269393,7.794214536940127
2231,11.155,8.335810336243519,6.840889000691247,8.71475436631051
2232,11.16,8.64376260098965,6.899458696898461,9.102435345901922
2233,11.165,8.839201381698272,6.855088507798694,9.110740659718838
2234,11.17,8.928744548201811,6.844091111311377,9.000547736468022
2235,11.175,8.917206067983228,6.967049116483898,8.742077619737483
2236,11.18,8.807930242567942,7.214898479080361,8.337217790306156
2237,11.185,8.603043793952136,7.476711557760038,7.8229713250507
2238,11.19,8.303651501968558,7.6706889539492575,7.220838236826933
2239,11.195,7.909998004375502,7.769580035465362,6.5830321760840205
2240,11.2,7.421617619491324,7.769732124560018,5.929348735196102
2241,11.205,6.837496606200424,7.673761894002714,5.243118359862898
2242,11.21,6.156279283365741,7.4849470966064064,4.541767655123765
2243,11.215,5.37656280247183,7.205773660548097,3.882647808208394
2244,11.22,4.497348339964335,6.837715784754746,3.3029430540197398
2245,11.225,3.518754375443998,6.381366889322612,2.8195091176983826
2246,11.23,2.4431591139875004,5.8366842635151475,2.5382664380277413
2247,11.235,1.277037284420348,5.203311341068103,2.518530274297051
2248,11.24,0.0339094556080748,4.481016742624239,2.6198653960008396
2249,11.245,-1.2609618725766083,3.670336835311132,2.7094306438093887
2250,11.25,-2.5633058768110475,2.7735637699701856,2.7225015521136857
2251,11.255,-3.799587765121824,1.7963037471930763,2.5055504912423907
2252,11.26,-4.85641825407345,0.7499606188810723,1.9961689599443146
2253,11.265,-5.581958072353768,-0.34430025419745647,1.3152758932185202
2254,11.27,-5.823926545906697,-1.4492896122850878,0.5105572836479864
2255,11.275,-5.508681501056667,-2.502297643170124,-0.3437837551170837
2256,11.28,-4.695167538954799,-3.40257890152402,-1.1231144515868339
2257,11.285,-3.535975435627165,-4.0022487882685205,-1.6864580274899703
2258,11.29,-2.193246015734527,-4.124178405585923,-1.8703266229666875
2259,11.295,-0.7896003765075631,-3.6446703128879054,-1.553914603911549
2260,11.3,0.5973180039702565,-2.618396723529152,-0.7620803835022372
2261,11.305,1.9231270358403327,-1.293622289887952,0.3158097304758005
2262,11.31,3.164392494330513,0.04783567430504032,1.4525679928148585
2263,11.315,4.309975425295405,1.2356364177921728,2.5045754682363555
2264,11.32,5.3556795636586045,2.2216464151797193,3.4199416859793974
2265,11.325,6.301085851863139,3.0309802013382567,4.1943627950696065
2266,11.33,7.147706349106663,3.719685093877813,4.843007997347231
2267,11.335,7.897910238966173,4.347752119114114,5.392039677044668
2268,11.34,8.55429788299647,4.9614248899954925,5.861269362783313
2269,11.345,9.11933392589765,5.581931733487439,6.249046404515529
2270,11.35,9.59512875293147,6.204476122751478,6.545579600166742
2271,11.355,9.983302486767563,6.809318231162066,6.744941841391588
2272,11.36,10.28489134912066,7.375386046143031,6.84271397891917
2273,11.365,10.50027067453205,7.8870763983028755,6.848258575626343
2274,11.37,10.629076636548003,8.334743124726685,6.792354824948841
2275,11.375,10.670112245154954,8.712931162863654,6.707646296440669
2276,11.38,10.621223564932416,9.018607203120048,6.62202521885044
2277,11.385,10.479129699536848,9.249916841159411,6.5621230272887345
2278,11.39,10.239184457336869,9.405391319483803,6.549371893011508
2279,11.395,9.895037426123864,9.483437154723124,6.594093394687868
2280,11.4,9.438144734595928,9.48197868071389,6.691463538481626
2281,11.405,8.857049952689858,9.398165803788764,6.819980203603266
2282,11.41,8.136303872016326,9.228085019252958,6.943590047680361
2283,11.415,7.254800868375791,8.966421671603689,7.01783772307694
2284,11.42,6.183149214839105,8.60601783082211,6.997960569773374
2285,11.425,4.879425633611189,8.137252200137215,6.845457599245274
2286,11.43,3.282342009888705,7.54713064951526,6.531445607507349
2287,11.435,1.3013798784551418,6.817905541495826,6.036738161500049
2288,11.44,-1.1876344270331771,5.924914327256861,5.347899605431408
2289,11.445,-4.256152435619273,4.833101324002715,4.449379487137969
2290,11.45,-7.173524476832986,3.491319924117354,3.3142633365591685
2291,11.455,-7.086773581566441,1.8231693207684758,1.8945965525128088
2292,11.46,-4.427610742395184,-0.28528671365940994,0.11046310920977831
2293,11.465,-1.8608520863049047,-2.9817599095725527,-2.147882916477239
2294,11.47,0.1074277634274757,-6.252537308013741,-4.862650013441165
2295,11.475,1.5687441334756582,-8.39801048263588,-6.65167558592014
2296,11.48,2.6367530159657058,-4.1220869508923705,-3.209996282551341
2297,11.485,3.3892727942634555,1.9445908290980611,1.7436221084631525
2298,11.49,3.874799044940521,4.433304540189917,3.882750319824777
2299,11.495,4.121337804844886,5.377876395633378,4.888574512598347
2300,11.5,4.141798580940924,5.475467071594929,5.424146254836369
2301,11.505,3.936465136887557,5.042143216207601,5.727057136953078
2302,11.51,3.4931858560336733,4.360460645628353,5.870665867893396
2303,11.515,2.785447702383377,3.618423621965386,5.867488883320018
2304,11.52,1.7682374298417658,2.98107847281078,5.7057131471589795
2305,11.525,0.3727843769626253,2.6877403379619955,5.361090949786359
2306,11.53,-1.4883865079229863,2.549248087886213,4.803745076329216
2307,11.535,-3.826347794428005,2.1908109766001056,4.003043225562585
2308,11.54,-5.983549858337201,1.510515682593141,2.9240089967981797
2309,11.545,-5.748028023328944,0.4601612556793855,1.5243860554869522
2310,11.55,-3.098592438445922,-1.0330288781677641,-0.25105578722845046
2311,11.555,-0.2486749655644669,-3.0550092340009583,-2.46545674351649
2312,11.56,2.1373503254574837,-5.502128426853435,-5.0129572592788865
2313,11.565,4.073904874504723,-6.910123484841387,-6.641413364155518
2314,11.57,5.654596890187388,-3.288426840060886,-4.0192059650097605
2315,11.575,6.955662883996295,2.5454622115291845,0.6597614086497092
2316,11.58,8.031145201392807,5.637414398678963,3.443347812128433
2317,11.585,8.918819044674622,7.148196393880864,5.2984103782831795
2318,11.59,9.645352958422428,7.815888245646276,6.825622305943252
2319,11.595,10.229782981020117,7.9643591291038,8.122879877732158
2320,11.6,10.685745555068593,7.871535992138623,9.150842595667733
2321,11.605,11.022906272696387,7.737168438255669,9.88565355270382
2322,11.61,11.247873569212391,7.732770951813743,10.300266738909889
2323,11.615,11.364773229711142,8.067123101656488,10.356657776411804
2324,11.62,11.37558725064958,8.641314919318859,10.139431075825623
2325,11.625,11.280315167115624,9.158406529574759,9.758933637098966
2326,11.63,11.07698588782533,9.537152422707573,9.225065517810734
2327,11.635,10.761525898731977,9.781678852834078,8.557600221994678
2328,11.64,10.327470821016467,9.90447828617426,7.793698303453862
2329,11.645,9.765489628291128,9.914251124768445,6.970365674173578
2330,11.65,9.062676733563428,9.815324332854459,6.138264319849572
2331,11.655,8.201572945776787,9.608302301682155,5.356836795644503
2332,11.66,7.158967059975044,9.290474493450414,4.686882685843707
2333,11.665,5.904949149697759,8.855841440069213,4.179926251255022
2334,11.67,4.404355028536658,8.294776601287488,3.868260828424373
2335,11.675,2.629183011619997,7.59333020848913,3.730850143316789
2336,11.68,0.6141542541412641,6.7321925700911445,3.6868061874410953
2337,11.685,-1.3524270159536098,5.68551108323974,3.6249985220602574
2338,11.69,-2.4246070121168763,4.420544283464747,3.4032884208660317
2339,11.695,-1.846988381139188,2.9022258769677505,2.875792015998632
2340,11.7,-0.2487092362431771,1.118586339444326,1.9573414308860988
2341,11.705,1.4619627474043453,-0.8139653882578273,0.695740206500683
2342,11.71,2.941070621825523,-2.306442389816313,-0.4225811165414912
2343,11.715,4.135048044228211,-1.8830289556948907,-0.09840099490348919
2344,11.72,5.0658405878668304,1.0022759804676173,2.1918785931141858
2345,11.725,5.765365531768259,3.954075460718406,4.540960523323975
2346,11.73,6.260258964259178,5.688972524049608,5.943672862818088
2347,11.735,6.56956718415814,6.499779899887925,6.691356320103006
2348,11.74,6.705258627826841,6.70497033473066,7.083891389593522
2349,11.745,6.672973072666,6.542014022299655,7.270517050948232
2350,11.75,6.472356364864594,6.2045204865858645,7.304748795377202
2351,11.755,6.096770191764246,5.844516602891047,7.208938144656477
2352,11.76,5.53217587313196,5.59141847942719,6.994962098561315
2353,11.765,4.754808905153226,5.489664898254464,6.657488481195653
2354,11.77,3.726873968603335,5.4130651613245035,6.192468050279726
2355,11.775,2.388770531587117,5.224892439981685,5.629964239963606
2356,11.78,0.6453526661296666,4.864743004881561,4.981223134943247
2357,11.785,-1.6542785346621194,4.303817952868295,4.200192581257891
2358,11.79,-4.699405300027615,3.5123548600085033,3.242673448633825
2359,11.795,-8.131062864975538,2.4446757628396885,2.073800240961133
2360,11.8,-8.451487946625303,1.02602412024296,0.6241444333135098
2361,11.805,-5.108568566245336,-0.8672274658077148,-1.1633412423904783
2362,11.81,-1.936367317512694,-3.4330765085641666,-3.3585680964223474
2363,11.815,0.4784999029790008,-6.8784649828106925,-6.087969811512064
2364,11.82,2.31781374172431,-10.159749101776088,-8.503239390471185
2365,11.825,3.742406137071339,-6.087409145265463,-4.7981911708226725
2366,11.83,4.855379465463684,2.0406684539618896,2.3175057398831345
2367,11.835,5.722403626496933,5.064864772332681,5.350064395305488
2368,11.84,6.386572179958269,6.31114000124916,6.9352526579922085
2369,11.845,6.877001664343729,6.672520543286366,7.870605603423103
2370,11.85,7.213784626173067,6.4618788497357365,8.408103548242309
2371,11.855,7.410949049735613,6.0064470804625945,8.642466803663766
2372,11.86,7.478323707885398,5.518723973971468,8.653512620135645
2373,11.865,7.422810123449342,5.162736548954351,8.491958688772808
2374,11.87,7.249370117125681,5.270490502438347,8.173925338051676
2375,11.875,6.961962146222022,5.746406470963156,7.7087531736518216
2376,11.88,6.5646593564921485,6.100886094048647,7.109763388001223
2377,11.885,6.063242785326233,6.268733888800178,6.393799168617231
2378,11.89,5.467668852189004,6.277518658212057,5.579911263294738
2379,11.895,4.795888314256899,6.150428363339451,4.687145767115199
2380,11.9,4.079274664117062,5.903135571791831,3.7278754743905873
2381,11.905,3.3686990685020106,5.547901109311922,2.7260413065276516
2382,11.91,2.737027286687722,5.097598926560872,1.7562245162879146
2383,11.915,2.2693394466356698,4.570129272565697,0.9351220439938137
2384,11.92,2.034283140296305,3.9940935219146763,0.3700195780150439
2385,11.925,2.048770412746366,3.4158661048166907,0.16015351053826787
2386,11.93,2.2668349838945616,2.9056931865530844,0.36641834691486075
2387,11.935,2.604341977647715,2.554841495372411,0.9739727589396567
2388,11.94,2.9744907463381725,2.450283639004633,1.8628486541889897
2389,11.945,3.3082932963392637,2.623966890751211,2.867057595940233
2390,11.95,3.5576517318874523,3.012466494431499,3.8565730993291583
2391,11.955,3.690123233950352,3.4797484906600715,4.691768166992195
2392,11.96,3.682274501833333,3.889891832831196,5.216462197684065
2393,11.965,3.5141104559456746,4.159099016056669,5.436699605652183
2394,11.97,3.164737076881308,4.259276323094246,5.479355737009629
2395,11.975,2.608755485244689,4.197700563476457,5.338070341514375
2396,11.98,1.8130682973524608,3.995734300165017,5.014815856366384
2397,11.985,0.7350565064236572,3.6728601360526856,4.53353480724471
2398,11.99,-0.6714322122790904,3.2355582342064757,3.9079579387564047
2399,11.995,-2.411820565890792,2.6708795919705643,3.158000504140659
2400,12.0,-4.249408643251899,1.9456273866408407,2.2721873330339393
2401,12.005,-5.212260404066832,1.0100270011736434,1.2039368140775073
2402,12.01,-4.166539216448365,-0.19598062493315993,-0.08619773410113929
2403,12.015,-1.886832438338929,-1.7240216217188262,-1.6150914243608359
2404,12.02,0.4542249807709844,-3.527767254123747,-3.3366698329147244
2405,12.025,2.491634929949331,-5.0814657111996375,-4.817975669308124
2406,12.03,4.203601112907115,-4.566847496259486,-4.511630641921723
2407,12.035,5.636263437642942,-0.7702845232801421,-1.3670261547155746
2408,12.04,6.837132989599837,3.111391913634853,1.9966765134426026
2409,12.045,7.843995646363106,5.392483320848691,4.193059239934136
2410,12.05,8.685311405337995,6.621542544985329,5.693573452997071
2411,12.055,9.38234183285424,7.197399778517076,6.778888678861135
2412,12.06,9.951048702787684,7.389158716562183,7.576362011377039
2413,12.065,10.40350904935111,7.415332806133766,8.207331209313276
2414,12.07,10.74892865886505,7.444292608086806,8.688946789803282
2415,12.075,10.994371938364749,7.631828773222564,9.005285580272432
2416,12.08,11.145304926834497,8.060687915461118,9.157085560786166
2417,12.085,11.206024746811291,8.584701521870148,9.146969976330425
2418,12.09,11.18003349663872,9.04662144549491,8.983561957504822
2419,12.095,11.0704081340058,9.401745151092104,8.682308531187457
2420,12.1,10.88021935631656,9.649891021461844,8.265788417530537
2421,12.105,10.613060599143209,9.799182706428839,7.761296907061913
2422,12.11,10.27376027587433,9.85755190566729,7.200133418519254
2423,12.115,9.86935822409347,9.831534330620144,6.628472680325472
2424,12.12,9.41040989528519,9.726631487505877,6.113301600134189
2425,12.125,8.912592339321407,9.548005925336202,5.723397194954073
2426,12.13,8.398342836448476,9.301316002216478,5.507736311322374
2427,12.135,7.897780290410628,8.993734021825976,5.490235106901748
2428,12.14,7.447518365697569,8.635235443289861,5.654532198954119
2429,12.145,7.08574858418631,8.240200834180467,5.9344298448996415
2430,12.15,6.843286350951266,7.82919391959406,6.231660183549267
2431,12.155,6.733545875085215,7.430359215071627,6.478015010129438
2432,12.16,6.747105490149698,7.079148675681747,6.647268310433082
2433,12.165,6.854590450148996,6.8143226165321344,6.734007691641448
2434,12.17,7.015780611366637,6.668533689484719,6.76085909196147
2435,12.175,7.189261676970983,6.6550450883988415,6.798916162753548
2436,12.18,7.338526909685667,6.757678032117974,6.885110029337483
2437,12.185,7.433959009677059,6.93278629090544,6.999157633487898
2438,12.19,7.452097155004482,7.124196636708147,7.110032790488722
2439,12.195,7.37369937991742,7.281397519599067,7.19142499826911
2440,12.2,7.181476090038371,7.370410866815538,7.228819444515951
2441,12.205,6.857764830402062,7.374794295819073,7.214650416393521
2442,12.21,6.382007487465668,7.290459541625134,7.135986278919402
2443,12.215,5.727563921274824,7.118622962346796,6.978977440123268
2444,12.22,4.856923951894253,6.859429552535584,6.737236199834137
2445,12.225,3.713328397954096,6.507331637536883,6.4052898726836105
2446,12.23,2.2039724110896253,6.048431008015861,5.973689004450945
2447,12.235,0.1609468002419964,5.459123207702972,5.4416463541166955
2448,12.24,-2.76997026896919,4.704418344685847,4.81323373878413
2449,12.245,-7.574212852685834,3.733522337459652,4.0521101778790865
2450,12.25,-20.082040182530037,2.4690499395158065,3.0760534099319568
2451,12.255,-12.589889115280808,0.7819932609454243,1.7680665217945943
2452,12.26,-4.961305017854974,-1.5711110534319488,-0.08304110160238842
2453,12.265,-0.9908924439316156,-5.139179717025181,-2.9418876121097526
2454,12.27,1.661296078841653,-11.600833875046922,-8.159899403466591
2455,12.275,3.609638502397332,-32.37466018792298,-24.990552830481484
2456,12.28,5.107627157105323,0.5724283026928916,1.6702863161070014
2457,12.285,6.284114907756831,8.300947044155627,8.027195217458077
2458,12.29,7.213043072264983,8.320585513435272,8.188237271091396
2459,12.295,7.940190548938045,8.96284221910291,8.745888554783125
2460,12.3,8.49523422142729,8.479325683844554,9.139006978411015
2461,12.305,8.897807796888607,7.556236383048351,9.48628531145928
2462,12.31,9.16077193477166,6.617701573861849,9.738992464147668
2463,12.315,9.29204638535637,5.796774490051232,9.872696797677628
2464,12.32,9.295623378688232,4.756982205451723,9.878358290248023
2465,12.325,9.17205753971263,6.0323246335000125,9.732443905066937
2466,12.33,8.918564644113896,7.110706215211744,9.416139420954963
2467,12.335,8.528762973105946,7.619081758903733,8.932130996618476
2468,12.34,7.992011661347189,7.862788826571449,8.266511531188048
2469,12.345,7.292211906883075,7.922028350975447,7.4370895927213505
2470,12.35,6.405815082749619,7.826687444333473,6.494397130362682
2471,12.355,5.298614662163834,7.587240543637518,5.403743027089298
2472,12.36,3.920781544768409,7.203481410998263,4.137763236729652
2473,12.365,2.200341645011283,6.667085561195661,2.85769628541101
2474,12.37,0.0422578756257185,5.961551070962651,1.7884849883077
2475,12.375,-2.6111746772809603,5.060318697837193,0.8992026986400283
2476,12.38,-5.328865874173227,3.9229345264819537,0.33432196278751025
2477,12.385,-6.032616004975909,2.4888361082293615,-0.002505749039367622
2478,12.39,-3.903419116213618,0.6700251244774282,-0.14813115451624537
2479,12.395,-1.2842743794525922,-1.641895589358752,-0.8652473899583883
2480,12.4,0.8872131928894502,-4.441955102232654,-2.217925971987434
2481,12.405,2.5841169835063464,-6.704089321173086,-3.4129178677672254
2482,12.41,3.902064292239351,-4.438604056934336,-1.1109472390603976
2483,12.415,4.921706211437642,1.4565813097963987,3.35027369721224
2484,12.42,5.699484405639077,4.73742929228,5.783969596218092
2485,12.425,6.2738093874859775,6.150651705042392,6.896827990297476
2486,12.43,6.67074305705996,6.643490752432548,7.292633153017061
2487,12.435,6.907806017039412,6.556713470155422,7.399053500143268
2488,12.44,6.9963893654118685,6.179869858032245,7.302423205356521
2489,12.445,6.943279578908941,5.725153302238359,7.092723292170378
2490,12.45,6.751652840810336,5.358823790046162,6.879761160330512
2491,12.455,6.421800131457866,5.2962379407200295,6.616151863380672
2492,12.46,5.951839062117431,5.521062805574424,6.205121454814842
2493,12.465,5.338788049700257,5.7065771143341,5.6785996977172815
2494,12.47,4.580722587460163,5.7334877444664265,5.081486045592919
2495,12.475,3.681517996204161,5.597516289728783,4.349628155449815
2496,12.48,2.661207975706013,5.308068571344904,3.368924090446446
2497,12.485,1.576856206377962,4.871531135881221,2.552182390617576
2498,12.49,0.5558274082271566,4.291663565021036,1.8605569615530668
2499,12.495,-0.1835130442041273,3.5737763874827926,1.0808179605340258
2500,12.5,-0.4046150707949905,2.7330171586571668,0.3295524795275968
2501,12.505,-0.0397911949840343,1.811218805986751,-0.11543065941890784
2502,12.51,0.7404761800025182,0.9090374472725213,-0.6505087921260859
2503,12.515,1.6903416793054749,0.23099404338540808,-0.8018500556757324
2504,12.52,2.634504163522376,0.08608134279303137,-0.20248166774317955
2505,12.525,3.4846000208785632,0.6989665471499915,1.0650661984006504
2506,12.53,4.206151063860901,1.8911624465675483,2.7397377526158886
2507,12.535,4.790791236087796,3.168496850767492,4.370705476245953
2508,12.54,5.241318088337707,4.174018184436071,5.633053304517268
2509,12.545,5.564899118737055,4.81998793840486,6.421258897919602
2510,12.55,5.770396045415687,5.156797810418188,6.804483360526362
2511,12.555,5.867686963126204,5.276670432261536,6.939235374540203
2512,12.56,5.868036482013482,5.274873451321558,6.88842930083196
2513,12.565,5.785122913799717,5.232284064922371,6.681211592554673
2514,12.57,5.63653303419526,5.201570984941485,6.352874153319636
2515,12.575,5.445477084124351,5.194038329417382,5.933147434134804
2516,12.58,5.24214871639412,5.186920135297282,5.456323126267625
2517,12.585,5.063581484605195,5.1528474528472765,4.945136328337972
2518,12.59,4.95039158482572,5.080201031891647,4.407819151982061
2519,12.595,4.939400158542192,4.975571861765996,3.8647562555590262
2520,12.6,5.053706598786167,4.860246908453729,3.357493904963115
2521,12.605,5.295093722927931,4.76674808585399,2.932549438199442
2522,12.61,5.643749074650373,4.734385234542906,2.645412715107559
2523,12.615,6.065520370798402,4.801085572583033,2.586227726803687
2524,12.62,6.521923932841744,4.990889625000592,2.827110976884332
2525,12.625,6.977861664531151,5.301721075326414,3.343946146151847
2526,12.63,7.405225851097637,5.702171954777675,4.066034208761628
2527,12.635,7.7832813921064306,6.142013553175262,4.911151313693438
2528,12.64,8.097437206878887,6.570305085176425,5.756098013359674
2529,12.645,8.33758486201549,6.949693939284828,6.497529196068605
2530,12.65,8.496577549106764,7.261085173989065,7.113430679868468
2531,12.655,8.569026283107814,7.500584094922823,7.5798754920948745
2532,12.66,8.550406878475282,7.673194341806047,7.874721922922921
2533,12.665,8.436413384981243,7.7865303846567215,8.004497456068243
2534,12.67,8.2224934267913,7.846160105486221,7.989100016689973
2535,12.675,7.903525052757035,7.853226064355876,7.849788958376186
2536,12.68,7.473635375319281,7.804291715999876,7.605428109910613
2537,12.685,6.92623011329334,7.692641479780864,7.273174873586717
2538,12.69,6.254436642300529,7.509916772079649,6.8689904746765
2539,12.695,5.45244385307821,7.2472894694548735,6.406904607590066
2540,12.7,4.518819118618919,6.895994568826456,5.8976674864466645
2541,12.705,3.4640676215033506,6.447473429330593,5.348323130742653
2542,12.71,2.3264875847145965,5.893541781062591,4.7632540041762415
2543,12.715,1.2001924809395517,5.227113105604617,4.145337872916748
2544,12.72,0.2645650561599252,4.444348814677849,3.4972485699634763
2545,12.725,-0.2428960568357456,3.5499778174886147,2.8254495194441684
2546,12.73,-0.1770476179700258,2.569293826209882,2.149147513099492
2547,12.735,0.3743999226324686,1.5726542242838364,1.5174013397980586
2548,12.74,1.177155082000216,0.7154977738876225,1.0401302505637182
2549,12.745,2.0240352426556547,0.2650891757932863,0.9137283609333076
2550,12.75,2.7948738729110723,0.5006443608533644,1.3462814342943226
2551,12.755,3.43459132390758,1.4158735338864967,2.3210972597229165
2552,12.76,3.922125549990035,2.6026377343909513,3.5054658732640673
2553,12.765,4.251152440612096,3.62350310840992,4.551630428604165
2554,12.77,4.420515669355002,4.297313040371701,5.320993940353831
2555,12.775,4.42994854223797,4.630276818103528,5.817462756941074
2556,12.78,4.278485429371404,4.697790498953721,6.0836042588913095
2557,12.785,3.964548631599678,4.589246343966468,6.1579998706377745
2558,12.79,3.48787495229991,4.384691757310471,6.06667474606722
2559,12.795,2.854775859376128,4.140580760520822,5.824908056722886
2560,12.8,2.090308865085754,3.875264630832804,5.44086715872163
2561,12.805,1.2633066878556516,3.5661723874560343,4.91920832400847
2562,12.81,0.5254711628894255,3.1732852198991894,4.264772023163376
2563,12.815,0.1281035763984906,2.6674842760676856,3.48738507281457
2564,12.82,0.31456650735543,2.04593549807536,2.610122216319932
2565,12.825,1.1046696123627089,1.3477576229894588,1.6858334465572766
2566,12.83,2.2749003270958847,0.6879458904118589,0.8290978407477025
2567,12.835,3.568546635990313,0.3066703868819092,0.2592023554568019
2568,12.84,4.824319563234513,0.5519063830769095,0.2862468857593967
2569,12.845,5.968966016357959,1.6186886453521971,1.0962117502977708
2570,12.85,6.977692766348252,3.2117412426239262,2.4712758190400725
2571,12.855,7.847212234213398,4.778270366110362,3.9715188764467744
2572,12.86,8.582366995318804,6.0038125301479734,5.3308628181323385
2573,12.865,9.190226732764398,6.849904350551522,6.482689834610631
2574,12.87,9.677640126286242,7.391745306147366,7.426068017294027
2575,12.875,10.05028022972003,7.732149151282582,8.164641670607423
2576,12.88,10.312303709880196,7.969780442440301,8.698608276612156
2577,12.885,10.466236733210415,8.184079805455776,9.030005053546509
2578,12.89,10.512913745655917,8.420233424621173,9.168964894956225
2579,12.895,10.451384414784524,8.675748097358213,9.135152660438917
2580,12.9,10.278736625417146,8.914025896669223,8.952120570571925
2581,12.905,9.989787542503205,9.09696189994293,8.642608276324363
2582,12.91,9.576579578356728,9.200498434974845,8.229106683190835
2583,12.915,9.02758228856394,9.21206372111427,7.735318236232104
2584,12.92,8.326434136913154,9.124499555103785,7.1864032811068075
2585,12.925,7.449936445993424,8.931951819008201,6.608633246078512
2586,12.93,6.364794480132865,8.627550634575774,6.028115233511121
2587,12.935,5.0222426051853,8.201899891936117,5.46713744555683
2588,12.94,3.3493430122162566,7.641677229466458,4.937724243586558
2589,12.945,1.2373962885694836,6.927841839889743,4.4340766002529035
2590,12.95,-1.4512983872741718,6.032924272891831,3.9256072784724605
2591,12.955,-4.657283689348346,4.916630603004527,3.351715041390367
2592,12.96,-6.703067724499764,3.518534504391399,2.618711182318264
2593,12.965,-4.9540004227582894,1.7463682868190848,1.5987255056463243
2594,12.97,-1.976126129338015,-0.5374899333390504,0.13004154532965728
2595,12.975,0.4906620424005687,-3.48543772712687,-1.9496837770534858
2596,12.98,2.3715033598608377,-6.778690815366552,-4.404110784446903
2597,12.985,3.801411402227877,-6.818593821729673,-4.3151127741960735
2598,12.99,4.887109610401582,-0.009408095042384268,1.2660914881973895
2599,12.995,5.69886920587572,4.617025119909716,5.074258608046234
2600,13.0,6.281921547887922,6.378737893190428,6.589433441320514
2601,13.005,6.665017473918963,7.036825138086819,7.315602355657432
2602,13.01,6.865550001707609,6.988109175741951,7.6764976112837235
2603,13.015,6.892409761861945,6.553045654939281,7.841024324120903
2604,13.02,6.747380091470044,5.982235648771722,7.865205660418587
2605,13.025,6.425480899934076,5.443269338472274,7.7658794323610145
2606,13.03,5.914395379229913,5.152422461974846,7.543689866738193
2607,13.035,5.192923723924027,5.278725742741664,7.190618450693046
2608,13.04,4.228337642215131,5.430997127512835,6.6973814253709225
2609,13.045,2.972970869836689,5.382913094693878,6.0572870839556066
2610,13.05,1.3636611529044935,5.114797581833601,5.264986105277701
2611,13.055,-0.6539936566844861,4.625422987441077,4.316041134590469
2612,13.06,-2.96167411651632,3.8999506803523634,3.196273905567786
2613,13.065,-4.62754963148797,2.9055978640605336,1.8762764603836883
2614,13.07,-3.935317379298389,1.5894623974472766,0.33902712225222675
2615,13.075,-1.5669300691539287,-0.11677170811575088,-1.3987603935460857
2616,13.08,0.8679959616542063,-2.2420143752597568,-3.2821094911632898
2617,13.085,2.919651600293889,-4.448500977186004,-4.987553483708224
2618,13.09,4.590028664214644,-4.845819192814343,-4.9503809055468615
2619,13.095,5.94726016582099,-0.8877726866775459,-1.1255007020795222
2620,13.1,7.0513748612852565,3.694208710767798,3.3793616133881033
2621,13.105,7.94679673293285,6.144998883518655,6.175560989658585
2622,13.11,8.665359024606646,7.345068828174023,7.9154257176288265
2623,13.115,9.229808486278037,7.809922159649761,9.026322078736882
2624,13.12,9.656389050660042,7.8370543118149065,9.668447965694124
2625,13.125,9.956579797733752,7.6713285302957015,9.913555888825151
2626,13.13,10.13822961201058,7.493310187092677,9.935550863428926
2627,13.135,10.206278481145157,7.472569810200973,9.805530793168142
2628,13.14,10.163188352072144,7.750631602330155,9.521379591650213
2629,13.145,10.009155718701608,8.171565189325834,9.102881470466857
2630,13.15,9.742141910953034,8.519780579952693,8.568443967422883
2631,13.155,9.357729458839176,8.738932396731343,7.947150137122927
2632,13.16,8.848789087344814,8.829746538060624,7.267402620035963
2633,13.165,8.204919528056045,8.79984921240238,6.5340125076400115
2634,13.17,7.411605241709099,8.654150864824324,5.74902036711077
2635,13.175,6.449049950749421,8.393724223820293,4.946415579968404
2636,13.18,5.290787721704177,8.015886001916494,4.185260945725472
2637,13.185,3.902842219480739,7.514149782220472,3.5202621397796103
2638,13.19,2.246955319131565,6.877813212353962,3.0115035535498538
2639,13.195,0.3024037871715844,6.091126316771405,2.726230382441738
2640,13.2,-1.839192376974493,5.132060000939295,2.6086166573354492
2641,13.205,-3.6821986523718953,3.9709857150431986,2.501987287666827
2642,13.21,-4.157668802051717,2.5708430606046533,2.227408030951707
2643,13.215,-2.991430288097445,0.895497528517017,1.620608564738248
2644,13.22,-1.2187445223957607,-1.046606148943642,0.5758527094200749
2645,13.225,0.4509154087515007,-3.023725053738298,-0.71616418062814
2646,13.23,1.8388468782083112,-4.067789125929432,-1.448567009572887
2647,13.235,2.946039376163881,-2.4861849645532192,-0.1783307396014031
2648,13.24,3.809155015971946,0.9194160876765616,2.533031070300452
2649,13.245,4.464549216359738,3.462643558244608,4.548554345948181
2650,13.25,4.94178867093619,4.790240193786581,5.6225800773872905
2651,13.255,5.264040309331409,5.326364205169556,6.153208709935088
2652,13.26,5.449754642975758,5.358657718463641,6.390341565980836
2653,13.265,5.514399210236096,5.116848776769636,6.462593746994409
2654,13.27,5.472072040816755,4.783906113683144,6.4198794241893316
2655,13.275,5.33707147977008,4.510201619282917,6.274625227187055
2656,13.28,5.125512234290932,4.421406208385566,6.034379712270968
2657,13.285,4.856978859348148,4.500082019829005,5.705392351201188
2658,13.29,4.55598239167961,4.5939055071572925,5.289661062266892
2659,13.295,4.252606701039306,4.615591119364784,4.805420091539321
2660,13.3,3.9813060843756687,4.553002867969868,4.301555975232694
2661,13.305,3.776786169005828,4.421610394123315,3.8058447983031236
2662,13.31,3.6669820816123417,4.246709975325389,3.3172934772864595
2663,13.315,3.665432598926064,4.059539406611513,2.859162852899732
2664,13.32,3.767078797205107,3.895745129620063,2.482750266332541
2665,13.325,3.950183065032573,3.7917445536773506,2.23968378147797
2666,13.33,4.183141993773171,3.7773001739923466,2.2105560470482097
2667,13.335,4.432267586514899,3.865651899684795,2.463319285392741
2668,13.34,4.667318819335446,4.04635085163814,2.990968801272638
2669,13.345,4.863951594176244,4.286809288039087,3.718377082333878
2670,13.35,5.003908066237818,4.543305779970067,4.519866077806635
2671,13.355,5.074117041622967,4.775008402157591,5.2615424450189625
2672,13.36,5.065554638333195,4.953384390607015,5.849519249905864
2673,13.365,4.972318152461078,5.064339927107031,6.22637563979581
2674,13.37,4.791121758894212,5.105152788923558,6.364008383984029
2675,13.375,4.521336225579967,5.079427799046691,6.287262857952591
2676,13.38,4.165713961985467,4.992380693327089,6.055664123247162
2677,13.385,3.732008817183706,4.847672347199024,5.702741323759505
2678,13.39,3.235729046932132,4.6462803317574215,5.247554426987319
2679,13.395,2.7040411455991813,4.387299080024675,4.712735314005681
2680,13.4,2.1799198189931963,4.070104622480576,4.123507834717782
2681,13.405,1.723477590397037,3.6972870849979964,3.507966957194227
2682,13.41,1.40472424941218,3.2781510008934065,2.8910110623075385
2683,13.415,1.283388655361196,2.832951106121494,2.295947711090541
2684,13.42,1.38270046483794,2.397726710847725,1.7585321584902274
2685,13.425,1.6768885748202207,2.027886032130552,1.3331661094360832
2686,13.43,2.1041903066224923,1.7951049741632343,1.0845697250124244
2687,13.435,2.593048103159839,1.769019620386267,1.076649634771076
2688,13.44,3.081877591409436,1.981780335080177,1.353226818899333
2689,13.445,3.5258899351259565,2.3966278131860475,1.8924294203650929
2690,13.45,3.895469098390248,2.9155397447405873,2.5903195616098764
2691,13.455,4.171790678295225,3.4269320289655054,3.320668475263167
2692,13.46,4.342657790257017,3.850790155964061,3.98527962237343
2693,13.465,4.399395318311244,4.1518945228021815,4.514346384089088
2694,13.47,4.334743436859851,4.329450719818403,4.877363398875937
2695,13.475,4.141487750413919,4.400759645271702,5.084353952575238
2696,13.48,3.811631680314303,4.387337948242465,5.14680659365698
2697,13.485,3.336102265436267,4.3051238957309295,5.06937351468858
2698,13.49,2.7053223951245413,4.159044614744354,4.858541537351467
2699,13.495,1.9117181663312688,3.9424759655716968,4.521289562210963
2700,13.5,0.9569367434653736,3.64078295494461,4.063742970419372
2701,13.505,-0.1298042078700961,3.2360716852479614,3.4914966514256935
2702,13.51,-1.2511410662042477,2.7107623776928382,2.810220204081343
2703,13.515,-2.179658020901631,2.0502446895007034,2.0270172403516433
2704,13.52,-2.563215683223846,1.2473790063547434,1.1540288709316129
2705,13.525,-2.1719998501512205,0.31435030051207136,0.21785277880189113
2706,13.53,-1.1628317181667227,-0.687359682062409,-0.7170191300048385
2707,13.535,0.1088276762043934,-1.5830572200449913,-1.4978374785107302
2708,13.54,1.3827721192168485,-2.0037458364664076,-1.8191860396835215
2709,13.545,2.539380553343608,-1.480944882508033,-1.3001174759330345
2710,13.55,3.539524186146443,0.014934610503639867,0.08027445206522454
2711,13.555,4.3780042994368245,1.8086326162461512,1.7679423991784127
2712,13.56,5.06142386734096,3.271522021994599,3.2438800668161054
2713,13.565,5.599227937930735,4.246181501143597,4.368965924720355
2714,13.57,6.000399850276315,4.806427379877449,5.182248450804442
2715,13.575,6.272427066837078,5.076811229516785,5.744114282794028
2716,13.58,6.421171236641535,5.181293841977665,6.099359163964629
2717,13.585,6.451134479744695,5.226147068404157,6.277842966340382
2718,13.59,6.36598421944801,5.288814528198414,6.300004525320258
2719,13.595,6.169392574855649,5.396036946700879,6.180913640195554
2720,13.6,5.866399345263097,5.514792910771675,5.933253901425879
2721,13.605,5.465678729983007,5.591321153828549,5.569625638875025
2722,13.61,4.983265605729735,5.589191056627149,5.104249654028704
2723,13.615,4.448278856737389,5.492853724679916,4.554312676558125
2724,13.62,3.9102864726647257,5.2994335690599845,3.9413299150361407
2725,13.625,3.444786683629521,5.013941739421865,3.2938426744226117
2726,13.63,3.147338405185298,4.649287255620559,2.651802797779706
2727,13.635,3.105191492956357,4.23009771929292,2.069390905047798
2728,13.64,3.353820759605964,3.7997086648006446,1.6139589651937976
2729,13.645,3.855119784760874,3.4283178204384472,1.363478614102759
2730,13.65,4.521208913658988,3.2147926129303954,1.4003573801461395
2731,13.655,5.257874091999852,3.2658811255638014,1.7891358349235627
2732,13.66,5.991772432821048,3.640776002662083,2.5321338779659865
2733,13.665,6.675470720087925,4.292117593331844,3.532741971568659
2734,13.67,7.281735030152614,5.0754071253023545,4.620166192579325
2735,13.675,7.796239702490037,5.833286643668416,5.627316220743748
2736,13.68,8.211993208450796,6.4668580330841445,6.449634896589509
2737,13.685,8.525755616206432,6.945399223713851,7.053432654490264
2738,13.69,8.735899852385886,7.282908783635682,7.45325800200226
2739,13.695,8.841169080173174,7.513256883364351,7.679411105092214
2740,13.7,8.839955284386102,7.672489100820781,7.759217456965429
2741,13.705,8.729879433003013,7.7871438842247525,7.71540139810396
2742,13.71,8.507567602944599,7.8678371167053065,7.567687012713307
2743,13.715,8.168612542122254,7.909592313411057,7.333094799668803
2744,13.72,7.707825515440724,7.898258443992252,7.0250622772324895
2745,13.725,7.120084154536633,7.817859126129685,6.653061154031439
2746,13.73,6.402492307216878,7.654560416823486,6.22494505304009
2747,13.735,5.559413649860257,7.39731630882431,5.7498604609474775
2748,13.74,4.613471533247361,7.037193636647276,5.239025010654416
2749,13.745,3.627117556019612,6.566919729489435,4.705991696526126
2750,13.75,2.7347005092373773,5.981615707986334,4.167104401822245
2751,13.755,2.155259470174599,5.28189419497419,3.6383890607639824
2752,13.76,2.1071997586586626,4.481695556755774,3.132483911190407
2753,13.765,2.629863147064321,3.625456577170672,2.67040839209237
2754,13.77,3.543691582880132,2.820480657149296,2.3128231555130108
2755,13.775,4.61420189604345,2.2781245646786865,2.1985187392218246
2756,13.78,5.679045504587698,2.298433747618329,2.5400630207326005
2757,13.785,6.656934504324333,3.064071875362993,3.4665986354178444
2758,13.79,7.515959417631214,4.356579895298259,4.794465862375087
2759,13.795,8.247995897176589,5.6979691048774646,6.1374145155702795
2760,13.8,8.85485188186941,6.769668393780284,7.243779175658981
2761,13.805,9.34175582607456,7.501802492417543,8.063134718619397
2762,13.81,9.714495781734453,7.947297522046904,8.63313563695893
2763,13.815,9.97823336386374,8.195874934181154,9.004016551229201
2764,13.82,10.137058379702571,8.338483399225272,9.215842731523734
2765,13.825,10.193861423565792,8.450323109613574,9.296685389924225
2766,13.83,10.150338755209834,8.57661573889544,9.265603282484388
2767,13.835,10.007054580960402,8.720630811191002,9.135825507322668
2768,13.84,9.763543012591514,8.852960406641639,8.91753462577366
2769,13.845,9.418471630337342,8.938998112160686,8.620284362715665
2770,13.85,8.96993323825043,8.955284412760264,8.25491759417972
2771,13.855,8.416004177667428,8.889472518775571,7.8348017167507615
2772,13.86,7.755837818030335,8.735542049415411,7.376566961520641
2773,13.865,6.991796761527551,8.490243562902268,6.900534056013129
2774,13.87,6.133508463671726,8.151353427603194,6.429702106326518
2775,13.875,5.205156960756714,7.7171704799722995,5.985863282149682
2776,13.88,4.257029737835376,7.186938686443101,5.584068229522186
2777,13.885,3.3786545139678608,6.562318636016038,5.228467430843539
2778,13.89,2.69946548213809,5.850516073608673,4.911311882444746
2779,13.895,2.3506827496661997,5.070263934998975,4.617226842329533
2780,13.9,2.3887428664568646,4.2623072241881905,4.336422362672912
2781,13.905,2.751931923187292,3.504823568044409,4.0873276053074274
2782,13.91,3.3059878253478407,2.926502314585834,3.937573634522436
2783,13.915,3.9201735609910022,2.6898517693857884,3.996306450262318
2784,13.92,4.503858738997796,2.9053643141924366,4.34744454083362
2785,13.925,5.005025458526777,3.511721658758341,4.95278588361097
2786,13.93,5.3969372606042985,4.279870800684627,5.648536692303922
2787,13.935,5.666563343503243,4.973542494116917,6.26461369757012
2788,13.94,5.8072032236671935,5.467669866654305,6.713940169117093
2789,13.945,5.814232063108391,5.741126829229746,6.983115179807703
2790,13.95,5.682629568631848,5.827754653093571,7.090900701977225
2791,13.955,5.405371487430635,5.780065582595008,7.06097666847978
2792,13.96,4.972117804923951,5.6479383081955294,6.9109728667291375
2793,13.965,4.36784031035336,5.464889024162455,6.6506978551798746
2794,13.97,3.5711674640554785,5.23933772819337,6.284436221756971
2795,13.975,2.552468419616833,4.9552001699564885,5.813486650452145
2796,13.98,1.2726584009911737,4.582646427763565,5.237617354055981
2797,13.985,-0.3121166565056367,4.089068753725412,4.555865090242949
2798,13.99,-2.216738521954386,3.4425777548216256,3.765407659400295
2799,13.995,-4.27354034050637,2.609667199897379,2.8571504831252232
2800,14.0,-5.703781738229498,1.5512735853741049,1.8118048770269581
2801,14.005,-5.3007076566963,0.22115654090770676,0.6011235115092735
2802,14.01,-3.437421735318636,-1.4231337039355196,-0.8013215877620175
2803,14.015,-1.333460025108424,-3.353005781933712,-2.3664259568458634
2804,14.02,0.5195602429549624,-5.177616671900733,-3.774345856622954
2805,14.025,2.0565441936832287,-5.4087836639932405,-3.8193250207382246
2806,14.03,3.313437880031703,-2.4207077593957083,-1.1863344821083484
2807,14.035,4.336340451509534,1.3824641430453721,2.172610889084117
2808,14.04,5.163772651342117,3.715514464254155,4.396229340579611
2809,14.045,5.8254358238684745,4.91441129324226,5.75898427853983
2810,14.05,6.344000079396663,5.412231735349641,6.627165369447299
2811,14.055,6.737012593083032,5.484523240086967,7.181266421176777
2812,14.06,7.018423717812995,5.356577410182169,7.506255680354801
2813,14.065,7.199749624315244,5.202593344547923,7.646721066152526
2814,14.07,7.290974733994828,5.176193186463037,7.629851401580664
2815,14.075,7.301285539476057,5.38526645703408,7.473415267664848
2816,14.08,7.239698246668883,5.729535817056709,7.191179213683762
2817,14.085,7.11561059353746,6.042338448471486,6.7972675139295555
2818,14.09,6.939272056641008,6.264131968598412,6.308149690365122
2819,14.095,6.722123209373638,6.3921458002055545,5.744581766951967
2820,14.1,6.476905852904848,6.437214365218779,5.131326232983948
2821,14.105,6.21740449771425,6.412205471221707,4.496770096255054
2822,14.11,5.957678853106684,6.330041949866484,3.8827414099298228
2823,14.115,5.7107306227447925,6.203804120761152,3.353754762881567
2824,14.12,5.486740473971191,6.047044710315305,2.9830378878041737
2825,14.125,5.291262021105543,5.873784749751854,2.828154932669551
2826,14.13,5.123920500495062,5.697953370432892,2.920863199111577
2827,14.135,4.978071617459595,5.532159721727792,3.250893956359004
2828,14.14,4.841517357518784,5.385887195734342,3.7518761232973157
2829,14.145,4.69795060735286,5.263517162914966,4.310062656030258
2830,14.15,4.5285663652198265,5.162885139161921,4.820030900563546
2831,14.155,4.313326301811341,5.075082575010039,5.211631267591326
2832,14.16,4.031581811027113,4.9857734203406565,5.4351187247238935
2833,14.165,3.661971740705929,4.877581804999061,5.466508930685305
2834,14.17,3.181609862350629,4.73260053958324,5.342639074396544
2835,14.175,2.564551033817396,4.534102666577166,5.10712331546522
2836,14.18,1.7794068153942069,4.266998017662509,4.766941280058314
2837,14.185,0.7858309172990856,3.9170841077402256,4.323999530004365
2838,14.19,-0.4703592010579114,3.469415371200533,3.7824230336394864
2839,14.195,-2.062125328774109,2.90611069228589,3.1451061999322207
2840,14.2,-4.074273765356852,2.203720136436799,2.408599562988491
2841,14.205,-6.50810683577117,1.3299748538365672,1.5507793801758538
2842,14.21,-8.739328100562291,0.23947499651541193,0.5318578981368995
2843,14.215,-8.749161349599978,-1.1319014485857695,-0.698155717433643
2844,14.22,-6.407528495900946,-2.8708096602550075,-2.204350779863093
2845,14.225,-3.76995287206044,-5.064132825670267,-4.054410094321131
2846,14.23,-1.5465738962106004,-7.599056776563728,-6.145919421764532
2847,14.235,0.245471262849668,-9.103101345679656,-7.340591548993228
2848,14.24,1.6878486756162787,-5.969795593602958,-4.702941495565414
2849,14.245,2.851644294945148,-0.5339042804667242,-0.12554743322874096
2850,14.25,3.788061971524531,2.4566355738177323,2.5435957832025777
2851,14.255,4.5329085316773625,3.873926540944301,4.018262709634509
2852,14.26,5.111248438826839,4.447759464131768,4.929924713984792
2853,14.265,5.540690432219697,4.500437662312145,5.535322423367397
2854,14.27,5.833566633813911,4.303452497036959,5.95187056446986
2855,14.275,5.998392115635004,4.054891438092234,6.218443608757213
2856,14.28,6.040900626825989,3.9225478083218013,6.344161552905797
2857,14.285,5.964879513399778,4.10050084195894,6.330131141855265
2858,14.29,5.773007398234235,4.507465128719433,6.173674495299842
2859,14.295,5.467940431712717,4.862820701908461,5.8739389734889285
2860,14.3,5.054012997278736,5.077890387200292,5.434152636093162
2861,14.305,4.540134632908054,5.152302868347543,4.864502175815039
2862,14.31,3.944734622505467,5.097516308629307,4.1829934189746965
2863,14.315,3.303596400986546,4.923659687980454,3.4101033302807613
2864,14.32,2.6799300459885167,4.63969886178449,2.5780589831918554
2865,14.325,2.170537817951832,4.256335868537633,1.7528358390717003
2866,14.33,1.8923770858121,3.7906874434845843,1.0267582456097153
2867,14.335,1.9358820034174,3.2736313390541834,0.48632039676566396
2868,14.34,2.3096415210941554,2.7605436991939336,0.2127130927451102
2869,14.345,2.934606943168656,2.3428803998482066,0.27974002488976524
2870,14.35,3.694943066171534,2.147946275253757,0.7299905152452935
2871,14.355,4.489460810288209,2.300458172657496,1.5364052651334026
2872,14.36,5.250292770420282,2.836570689296094,2.6027409798826087
2873,14.365,5.938731450540532,3.6425683878169206,3.7733799872079175
2874,14.37,6.535189276500244,4.5155172142999955,4.845816592497183
2875,14.375,7.030903571414864,5.28838737969223,5.654950678075043
2876,14.38,7.422614449300227,5.886450248666519,6.190525942314847
2877,14.385,7.709475783319898,6.307850595635978,6.532234704705033
2878,14.39,7.891322998281945,6.587817496959395,6.7083442468937875
2879,14.395,7.967687593342433,6.772628955221679,6.740831868344013
2880,14.4,7.937189717579322,6.903130331734632,6.659355521992937
2881,14.405,7.797091830914392,7.004031662554425,6.490445428736591
2882,14.41,7.542877623623391,7.079354735952657,6.26070967458531
2883,14.415,7.167755201502738,7.116736913721654,5.979797476510009
2884,14.42,6.661986714408198,7.097381108629284,5.641731952146709
2885,14.425,6.011923747520344,7.0037105385476535,5.24763877237413
2886,14.43,5.198579799700659,6.821574471884562,4.807822914873369
2887,14.435,4.195507280142621,6.539133176839938,4.327383450598784
2888,14.44,2.965743133178331,6.144843811166297,3.8167312276984795
2889,14.445,1.4580771126199374,5.625479688683317,3.316601353924831
2890,14.45,-0.3938354040176884,4.964185609359324,2.8474408894673235
2891,14.455,-2.6477238381791453,4.138246662250777,2.3662552576582763
2892,14.46,-5.189450815397231,3.1161652068718917,1.8167749592473221
2893,14.465,-7.088891066174565,1.85376272957242,1.1376772380355251
2894,14.47,-6.617815911069393,0.290140135212015,0.22128479098941156
2895,14.475,-4.460599192596323,-1.649142543477903,-1.0290959303752762
2896,14.48,-2.238443826689692,-3.998666218525768,-2.6350023204365796
2897,14.485,-0.4027340309320812,-6.427213740655603,-4.344456403369232
2898,14.49,1.048704022485735,-7.043858662767901,-4.6445598210844405
2899,14.495,2.1839341903962124,-3.2749179119323166,-1.4424643203662324
2900,14.5,3.062856156418881,1.1270956279957995,2.2498197807402236
2901,14.505,3.72997207471508,3.3843621908800747,4.211584568668028
2902,14.51,4.217648018057303,4.387387130559323,5.212542904763203
2903,14.515,4.549918575342385,4.653062279649661,5.739178286995863
2904,14.52,4.7454946148091,4.478800901603015,6.004353391400636
2905,14.525,4.820126074354059,4.109770386040754,6.0980254346549145
2906,14.53,4.788653680139893,3.726993326603611,6.059191361007013
2907,14.535,4.667035756995047,3.501259712210281,5.90496485901868
2908,14.54,4.474525319740711,3.5773052174432465,5.6418185180752305
2909,14.545,4.2359510932511295,3.8021652458034394,5.273275736722341
2910,14.55,3.983605722101157,3.9648432337608055,4.805945558528652
2911,14.555,3.757508573760075,4.018337604067154,4.252562263669004
2912,14.56,3.60213498363982,3.977983145813252,3.6361276142768184
2913,14.565,3.55823903170994,3.8730603017369782,2.989663090298436
2914,14.57,3.6514266528893606,3.739311343612651,2.3534228056611592
2915,14.575,3.883310749514524,3.6190158925049514,1.7875927416739783
2916,14.58,4.231345700484251,3.559297828748184,1.384728914155425
2917,14.585,4.657497978204779,3.6048338961864568,1.2456795812254078
2918,14.59,5.119797409933104,3.7843524588121173,1.4391711061046841
2919,14.595,5.580819372285037,4.096530827137534,1.9873446257541811
2920,14.6,6.0112783689736045,4.506223141599058,2.8441919538638105
2921,14.605,6.390049877048187,4.957083674795343,3.8871837269913745
2922,14.61,6.702562204873162,5.392948073986462,4.938356847236896
2923,14.615,6.938856291636872,5.774007404328018,5.8547028567732475
2924,14.62,7.091883943669326,6.08132446221393,6.5570768976422515
2925,14.625,7.15618031354694,6.312659101994196,6.997606107408451
2926,14.63,7.126860598612157,6.475066693668135,7.159429383162822
2927,14.635,6.998835771789768,6.577849342756451,7.115689218703162
2928,14.64,6.766136386790248,6.627471349741139,6.939403049232665
2929,14.645,6.421235836565106,6.625057016733372,6.648555221426974
2930,14.65,5.954254744526379,6.566370004006848,6.260929518760281
2931,14.655,5.35189148749026,6.4433438011180035,5.798248440220665
2932,14.66,4.595837263554406,6.245822284893775,5.283302233543127
2933,14.665,3.660248020821751,5.962566179323634,4.736202220898861
2934,14.67,2.507441094674461,5.581289748465115,4.158936356630601
2935,14.675,1.08005640666049,5.087883974036371,3.541758848360264
2936,14.68,-0.7143704179150867,4.464958554559632,2.8788010623683924
2937,14.685,-3.0365483279569627,3.6895801377927095,2.160936021125278
2938,14.69,-6.191660296305226,2.7296830493029494,1.3629517385325634
2939,14.695,-10.751753629447691,1.5379316673576606,0.4546169148072208
2940,14.7,-15.602035467696458,0.04030141655048247,-0.597368485452848
2941,14.705,-11.95560060214577,-1.88713163230043,-1.9019822335591634
2942,14.71,-7.435419687054992,-4.469918394138013,-3.6922664734030572
2943,14.715,-4.422089161950979,-8.157467552743924,-6.3747599543261675
2944,14.72,-2.317045511916536,-13.789004798305646,-10.668467464039788
2945,14.725,-0.7800491822895138,-18.167950917145113,-14.036111351192604
2946,14.73,0.3655864899407312,-3.51995453213066,-2.058300698982042
2947,14.735,1.2200986545077366,2.2154011370979254,2.721727759583678
2948,14.74,1.845265598942388,3.488173062047714,3.8983719804795407
2949,14.745,2.2820007934446687,3.9527695869658444,4.4879012312774185
2950,14.75,2.559402520040184,3.599259288402236,4.783010370049778
2951,14.755,2.6999886040377663,2.8555844786659454,4.927806270660735
2952,14.76,2.7231791119921307,2.031483135454176,4.949691412278322
2953,14.765,2.648011031378501,1.273309874620566,4.856569150583545
2954,14.77,2.4955469665852315,0.7906511991238503,4.650595781564078
2955,14.775,2.291055281822453,1.3031737600397824,4.324994812973396
2956,14.78,2.065578029239002,1.8075263213278259,3.8762126197782796
2957,14.785,1.8559135332902053,2.046240920086051,3.3105638424627006
2958,14.79,1.7016215949894196,2.117615480414967,2.63794379598046
2959,14.795,1.63823673782933,2.087707070202339,1.890525816120773
2960,14.8,1.6881883700440543,2.0065965700576793,1.1132577862426927
2961,14.805,1.8538307625936004,1.92071252183867,0.33186605799615787
2962,14.81,2.1170704326559626,1.8757038057039743,-0.392078773391523
2963,14.815,2.4459006174946434,1.9120582488439366,-0.9080669906437491
2964,14.82,2.8036586050159724,2.055186461125567,-1.0678237341067192
2965,14.825,3.156401678181333,2.3051051833837515,-0.827529937247756
2966,14.83,3.4765765618615334,2.6339041395588016,-0.13987342060714347
2967,14.835,3.743661618784912,2.9954037255855077,0.9247614611391177
2968,14.84,3.943236370664476,3.3418087558959435,2.219162594897177
2969,14.845,4.065613501440236,3.6372385154399502,3.3839120767631936
2970,14.85,4.104639107295374,3.862614210977269,4.301910934235945
2971,14.855,4.056909552497148,4.013292863419744,4.922949374665647
2972,14.86,3.9214988399556585,4.093452574214903,5.205577468573521
2973,14.865,3.700268276256335,4.11033956208535,5.008120282879567
2974,14.87,3.3988717307054186,4.070020645831181,4.681023366214509
2975,14.875,3.028608824525054,3.9753548061764405,4.286474124984812
2976,14.88,2.6092002810432167,3.826232805762591,3.766090372382581
2977,14.885,2.172123652177397,3.6215036574641806,3.1739294836986933
2978,14.89,1.762986344222227,3.361727871591496,2.5280427654463096
2979,14.895,1.4395007879203785,3.0522093808882875,1.881461993551936
2980,14.9,1.260705593301232,2.706288959209907,1.2946475833363849
2981,14.905,1.2673434903617464,2.349006005734336,0.7723927758146196
2982,14.91,1.4635027195523675,2.020455737467077,0.3209642121898373
2983,14.915,1.814075544412284,1.7761278751793386,0.00766433204483441
2984,14.92,2.260262957022176,1.678773078523804,-0.10130484557930508
2985,14.925,2.7400859482521605,1.776821237689354,0.0010299176477515104
2986,14.93,3.201483763713942,2.0750276804807086,0.3164988916967104
2987,14.935,3.6058995042085327,2.5200308626369528,0.9477730500535113
2988,14.94,3.9262871296056,3.0202034830947513,1.7672712282212393
2989,14.945,4.143381984711134,3.4860892481017443,2.573726170421576
2990,14.95,4.24211724598401,3.859011824004242,3.30612936052026
2991,14.955,4.208653640238463,4.115355275781781,3.9298732766437667
2992,14.96,4.0278523742432615,4.25627680937203,4.256878633583643
2993,14.965,3.6807863532737546,4.29443402478688,4.403364385942594
2994,14.97,3.141744296073601,4.242818042643666,4.436253813261117
2995,14.975,2.37395414699089,4.106914633603973,4.311999338367487
2996,14.98,1.3228334498451664,3.8806058169855584,4.036030990814951
2997,14.985,-0.0947980492045534,3.545724051908091,3.6128930516688857
2998,14.99,-2.0041363636364413,3.0735331226389633,3.036879594748434
2999,14.995,-4.550150390508328,2.425123669760947,2.295206094566086
3000,15.0,-7.476120583533597,1.5482006512681274,1.363753882843361
3001,15.005,-8.192845872418845,0.3686912989866906,0.1995760095634278
3002,15.01,-5.209829600683992,-1.2239393275132056,-1.2713477457342197
3003,15.015,-1.852484061459654,-3.3918862956157874,-3.1671759127603423
3004,15.02,0.8680932346334219,-6.282558239379554,-5.59783065888295
3005,15.025,3.0341087665452178,-9.136638864357893,-7.943394461397178
3006,15.03,4.791321651623205,-6.619754801841811,-5.876414290800332
3007,15.035,6.242323597591113,1.1871329333937148,0.5579932376794483
3008,15.04,7.454802541565508,5.041799558639155,3.8875069591019584
3009,15.045,8.47419576360333,6.757838372042597,5.58085224306473
3010,15.05,9.331903503081008,7.538411082159406,6.6845072491536905
3011,15.055,10.050207438897845,7.713319246233229,7.499793826259674
3012,15.06,10.645238336385068,7.604386341429462,8.128068112452251
3013,15.065,11.128812766265064,7.438897899824205,8.598954508802306
3014,15.07,11.509599618164293,7.38278055110532,8.922237269824421
3015,15.075,11.79387528969992,7.707542943090473,9.101334078869554
3016,15.08,11.986015708493824,8.441425537900843,9.136936932107997
3017,15.085,12.088811390091823,9.140452813842732,9.033022021161184
3018,15.09,12.103655650092309,9.685039271262845,8.79768343102628
3019,15.095,12.03063371508277,10.090924206768078,8.444597436789493
3020,15.1,11.868525110478846,10.379639361606682,7.996661574127465
3021,15.105,11.614719260664486,10.565721291791085,7.4756671597942645
3022,15.11,11.265031657112754,10.658101783541031,6.9051036447360215
3023,15.115,10.813392061370823,10.661860588717072,6.344044190453893
3024,15.12,10.25135249035518,10.579292431601948,5.888109993620899
3025,15.125,9.567323274138186,10.410461474627812,5.614788651083105
3026,15.13,8.74537481320804,10.153416551401381,5.567792230734321
3027,15.135,7.763308249728156,9.804153871513085,5.760146439661527
3028,15.14,6.58942730455715,9.35634594552123,6.132350417047492
3029,15.145,5.176863495374918,8.800797226004484,6.5314978923294875
3030,15.15,3.4529900595643355,8.124517659645042,6.7690343152969366
3031,15.155,1.2983667414916031,7.30919589037018,6.7499337013465
3032,15.16,-1.496664123157574,6.328650715356292,6.406888103292227
3033,15.165,-5.298745464809812,5.144425405977575,5.656012589869467
3034,15.17,-10.131381294926902,3.6977840476870947,4.483028493341657
3035,15.175,-10.377293662404613,1.8942668338992465,2.9611390983410306
3036,15.18,-6.051129059823069,-0.4280403671645381,0.9819647242379683
3037,15.185,-2.761046074652059,-3.5650636916722505,-1.6971791206117102
3038,15.19,-0.482836618660876,-8.034577867473466,-5.475785959138891
3039,15.195,1.1475450309882649,-13.395480179200584,-9.984851647498527
3040,15.2,2.3371262896100258,-7.331148777977887,-5.213401186331872
3041,15.205,3.202703025240429,2.9094707161982685,3.022852085575158
3042,15.21,3.814191837449579,5.038995653323142,4.775455272244268
3043,15.215,4.215688551373117,5.861497643158576,5.550960686887584
3044,15.22,4.436125646607808,5.810301885775294,5.899639940287323
3045,15.225,4.495124423920382,5.1844297509506285,6.085017784962201
3046,15.23,4.406585540348059,4.353370127191619,6.151393553212522
3047,15.235,4.181311184839815,3.5207512653647792,6.149198988420827
3048,15.24,3.829482488242753,2.8226793056440056,6.123122574602711
3049,15.245,3.363713093691448,2.776995729886555,6.0210156882567265
3050,15.25,2.803458417056856,3.1676383860789095,5.781810542051072
3051,15.255,2.181477647514732,3.315189173032198,5.3907895558374275
3052,15.26,1.552006502137611,3.238523310503594,4.803045263588987
3053,15.265,0.9966599023031208,2.995293659238095,3.9950923240226177
3054,15.27,0.6173450551781666,2.6273855463313844,3.058392107103381
3055,15.275,0.5041688930622915,2.1761016380509557,2.043357247376789
3056,15.28,0.688665326776636,1.69629421843171,0.9913688840385158
3057,15.285,1.1242863044022264,1.2683310042896885,0.04892223500048942
3058,15.29,1.716324054182233,1.0012074759870204,-0.5646702918100948
3059,15.295,2.3683481861146145,1.0092412897845016,-0.676872631227261
3060,15.3,3.008185857609412,1.35040313052682,-0.1823010289394391
3061,15.305,3.590848356532508,1.9651027329209327,0.8908756127170627
3062,15.31,4.091632077556694,2.695193336035116,2.3496292211740717
3063,15.315,4.49849101536032,3.379227531629099,3.8417214025827153
3064,15.32,4.806526408271664,3.92310036597405,5.087513465625817
3065,15.325,5.014602556304832,4.303369691804476,6.012893274409274
3066,15.33,5.123449887067824,4.540172823643816,6.585333062562341
3067,15.335,5.134700601092511,4.6716678660128474,6.709999482460982
3068,15.34,5.050509367986775,4.736550657229961,6.520240781617302
3069,15.345,4.873583055902287,4.762669786993193,6.236456693459459
3070,15.35,4.607566787071183,4.761097480800639,5.827035277021945
3071,15.355,4.257825193587661,4.7274688512893475,5.3016924957826905
3072,15.36,3.832725830825971,4.649555512585502,4.698162840636567
3073,15.365,3.345555131950962,4.515249849751366,4.044054724687529
3074,15.37,2.817093147853036,4.316774389522115,3.392559701606642
3075,15.375,2.278456113414771,4.051715566081332,2.7617928802470337
3076,15.38,1.772838542306561,3.723128498231216,2.137639428998188
3077,15.385,1.353349404313483,3.3401587319731654,1.5382182293172502
3078,15.39,1.0736935095674045,2.9196824570170996,1.0088698172120063
3079,15.395,0.9719928834208856,2.488820880154142,0.570062172070446
3080,15.4,1.0557078331637513,2.0873222458549128,0.23759235279547486
3081,15.405,1.2989237192553025,1.767226888130446,0.13622571667098615
3082,15.41,1.6543538319007736,1.5854069891028755,0.34993879389333227
3083,15.415,2.070562824369913,1.585552755079719,0.7971731878383892
3084,15.42,2.5041884043236484,1.774646257058667,1.4104898761008329
3085,15.425,2.9244353781850485,2.1113353429987636,2.149201310812467
3086,15.43,3.31245444357333,2.521035249880227,2.8355791688104803
3087,15.435,3.658802198100173,2.928467075266969,3.379859954129777
3088,15.44,3.960810954243077,3.2829844591954194,3.844526407335086
3089,15.445,4.220494074626807,3.564856783316738,4.203471110290624
3090,15.45,4.443012593747864,3.7783565032562505,4.43838586788816
3091,15.455,4.635530183701509,3.941002501842165,4.571022200207313
3092,15.46,4.806267482576993,4.073989672454613,4.619118678708501
3093,15.465,4.9636204300778894,4.19545895051592,4.600685857506341
3094,15.47,5.115286627784293,4.317187714998411,4.533648218830179
3095,15.475,5.267428373811272,4.444704141195092,4.435280542645802
3096,15.48,5.423969183491125,4.579629108540811,4.3221553881051324
3097,15.485,5.586146621770779,4.722204830658617,4.210405566725172
3098,15.49,5.752412385228929,4.872598219311414,4.115867835063181
3099,15.495,5.918691159898788,5.030876645680097,4.05376077801137
3100,15.5,6.078919568618235,5.196300023568604,4.037774404300113
3101,15.505,6.22572755999429,5.366604005735915,4.078423593056537
3102,15.51,6.35111837711487,5.537681264930238,4.180749588652341
3103,15.515,6.447041666891272,5.703776113639368,4.342288237693876
3104,15.52,6.505811683876383,5.858080600450168,4.552452905491955
3105,15.525,6.5203746528638415,5.993493909581956,4.7935639306978635
3106,15.53,6.48446439330815,6.103297577640218,5.043150078809018
3107,15.535,6.3927038966277605,6.181583643048816,5.277106274906998
3108,15.54,6.240720088429757,6.223394838826818,5.4728573686486035
3109,15.545,6.025348344023808,6.224638797208666,5.61164887111335
3110,15.55,5.745019711405951,6.181892498218715,5.679933506054331
3111,15.555,5.400450784752885,6.092219666480131,5.670091395721173
3112,15.56,4.99578869186657,5.953101308849746,5.580349621175551
3113,15.565,4.540373950634007,5.762551557813806,5.413871121719684
3114,15.57,4.051189987418919,5.519477117482315,5.177487656855891
3115,15.575,3.555688090938585,5.224350219619173,4.880742195072252
3116,15.58,3.093746806450985,4.880301540630505,4.5356335667698655
3117,15.585,2.7160534345392096,4.49478134942576,4.1571511650409825
3118,15.59,2.4754581149562487,4.081924426460233,3.764609350721984
3119,15.595,2.4108870187907163,3.665539648814225,3.3837101690211453
3120,15.6,2.531109304960266,3.281937316754652,3.04873928874048
3121,15.605,2.810169323325851,2.9802709131529532,2.802991852799142
3122,15.61,3.198323090339973,2.816077925392865,2.69381001691606
3123,15.615,3.6395462257781706,2.834058030700338,2.7588498251526294
3124,15.62,4.084600100524165,3.043846122362857,3.0064383933907486
3125,15.625,4.496094571976709,3.405653800384297,3.4035454838456225
3126,15.63,4.847975005275963,3.8426849348040175,3.8850840373341677
3127,15.635,5.122810640813964,4.273671357743865,4.379392669448784
3128,15.64,5.308911076856361,4.64030100498573,4.829814485656492
3129,15.645,5.398019180915711,4.915262376244312,5.201217311814204
3130,15.65,5.383682980607194,5.095799582826802,5.475874240968078
3131,15.655,5.260205591483514,5.192632704776392,5.646831640941852
3132,15.66,5.022080264224194,5.219846657672686,5.712796659390486
3133,15.665,4.663927703044846,5.187630340899139,5.6750967963677805
3134,15.67,4.18116029293365,5.098529096114264,5.53617532312442
3135,15.675,3.571983932360621,4.947369721624127,5.2990487844722285
3136,15.68,2.8420762984423065,4.723870666475028,4.967295480270689
3137,15.685,2.014476281480166,4.416000915109531,4.545334581263911
3138,15.69,1.1481031412621128,4.012731798027803,4.038988864569374
3139,15.695,0.3638316728620858,3.5063741249212885,3.456608407013253
3140,15.7,-0.1463671040283458,2.896022025659436,2.811481504254219
3141,15.705,-0.187707844090722,2.1947398706293626,2.127118648371422
3142,15.71,0.2916875236394699,1.4445363922691552,1.4484203648057785
3143,15.715,1.15147734719645,0.7433030455837191,0.8622572390503009
3144,15.72,2.182631994501612,0.27674599470962136,0.5223112870329487
3145,15.725,3.2261573101929644,0.3028594431413314,0.6362682670567708
3146,15.73,4.194860798331596,0.9881431002297618,1.3339350485499897
3147,15.735,5.050134714504968,2.1739790044284817,2.479353347029948
3148,15.74,5.7786060357207445,3.4557641958265233,3.736161604982623
3149,15.745,6.378193375844594,4.524149898934917,4.844574123795203
3150,15.75,6.851072643937906,5.2843576294727255,5.715925738036974
3151,15.755,7.200361381120775,5.767379860001343,6.35516866556313
3152,15.76,7.42860018302782,6.04878700087206,6.792169758173886
3153,15.765,7.537060606292517,6.210498787172062,7.055717414242977
3154,15.77,7.52542150744611,6.322031744673977,7.16805591533303
3155,15.775,7.3916140360432445,6.426611438870526,7.145570884693983
3156,15.78,7.131780176844783,6.530360806754573,7.000715373321283
3157,15.785,6.740412277713908,6.6083100751857895,6.743876817808531
3158,15.79,6.210928458077058,6.626889207735842,6.384829012491992
3159,15.795,5.53733464371396,6.559906821415603,5.933765982376845
3160,15.8,4.718523174579273,6.390419609471668,5.402050653114843
3161,15.805,3.768690597623872,6.107094069273287,4.80294431541491
3162,15.81,2.740513062782695,5.701169902399461,4.152573958829053
3163,15.815,1.7671807428962758,5.165560122844883,3.4704989843173872
3164,15.82,1.0994783702619102,4.496741374344754,2.778960233661807
3165,15.825,1.028790727869021,3.701491693669042,2.102878622338557
3166,15.83,1.6402134136560391,2.8137512105649947,1.4774382517905997
3167,15.835,2.7172591651178317,1.931339135811664,0.9733739772862906
3168,15.84,3.966343996685608,1.2769355985241422,0.7453930357495082
3169,15.845,5.195533742010575,1.2229093112258296,1.0571559948339226
3170,15.85,6.317786146635715,2.071744003903565,2.114069205909847
3171,15.855,7.304103336112621,3.6107276231729113,3.713265832233297
3172,15.86,8.15072918233071,5.217933910850421,5.334422219188866
3173,15.865,8.863185819883068,6.483208911374931,6.643326757542283
3174,15.87,9.44944822634163,7.337734695653982,7.591871963732465
3175,15.875,9.917222842738092,7.85786808952952,8.243247182117049
3176,15.88,10.272945378030316,8.154161860213188,8.667911669723654
3177,15.885,10.521463785519671,8.334282999969469,8.917751886388087
3178,15.89,10.665967254398934,8.487538094871681,9.027751503049501
3179,15.895,10.707972384816388,8.670638912318022,9.021637674402232
3180,15.9,10.647279848437638,8.88970215482168,8.915869184324382
3181,15.905,10.481852386564288,9.107510485824937,8.722162772107731
3182,15.91,10.207571518795204,9.280424361943837,8.44990138934001
3183,15.915,9.817816998233337,9.380442622281445,8.108940567004556
3184,15.92,9.302778716804983,9.393621114449363,7.711697741220002
3185,15.925,8.648342595415404,9.3128971118793,7.274230273402997
3186,15.93,7.834256914945161,9.133203683158385,6.817461975978959
3187,15.935,6.831003299886966,8.84885866196983,6.366650357667415
3188,15.94,5.594160096595678,8.4520184091638,5.944801656534858
3189,15.945,4.053464468959803,7.931364641416199,5.562211502663012
3190,15.95,2.0893297977683027,7.270467976717734,5.208631476644411
3191,15.955,-0.5251873382098439,6.445257498311407,4.847978025685213
3192,15.96,-4.30014969673628,5.41967350636163,4.4140447329596535
3193,15.965,-10.712673763870743,4.137603463777237,3.8099137547360353
3194,15.97,-16.241980989346835,2.5066110648506443,2.9074494046313295
3195,15.975,-7.611070128387518,0.36135857760586454,1.528757100446834
3196,15.98,-2.9444693615511275,-2.6317194186495163,-0.6268488839510571
3197,15.985,-0.0366656075019378,-7.281025153277048,-4.23005425508474
3198,15.99,1.9963404130405584,-16.130637678225447,-11.345065294044323
3199,15.995,3.498832498664191,-19.553475755203173,-14.166496949314807
3200,16.0,4.637502601893198,6.94807597416049,7.2123552910895565
3201,16.005,5.504920874554249,6.773324763968672,7.043131464116586
3202,16.01,6.157360346171823,7.7320180864074395,7.785229674602476
3203,16.015,6.631233856691063,7.79991012858675,7.961314803371232
3204,16.02,6.951182763907458,7.054360826832655,8.092929738058817
3205,16.025,7.134466594741518,6.101521098792427,8.153668234090443
3206,16.03,7.1935685812116335,5.184804556892953,8.143161093601973
3207,16.035,7.1379098559107,4.351110064256425,8.049741279169693
3208,16.04,6.975148683089255,4.017735926521491,7.865232044833528
3209,16.045,6.7123701535895455,5.18344985932088,7.569257478693932
3210,16.05,6.357413380916189,5.734280713929845,7.153666527869054
3211,16.055,5.920575419872668,5.973467993581058,6.620866835425094
3212,16.06,5.416914866724625,6.0228582682775595,5.9679338150776795
3213,16.065,4.869238740601497,5.932670703479022,5.218414017859295
3214,16.07,4.311361473324947,5.730307187094257,4.388391014241352
3215,16.075,3.7900647892893295,5.435580592920417,3.4481647842415013
3216,16.080000000000002,3.3624829754142893,5.0677794244996095,2.4491009985973693
3217,16.085,3.0852129799212804,4.650621297347731,1.5881709704532128
3218,16.09,2.9959558378418034,4.216728693951287,1.0322731304404362
3219,16.095,3.0975797826839986,3.811227209054434,0.8411989241674744
3220,16.1,3.357207298015588,3.4918021017113876,1.1749777394614478
3221,16.105,3.721167465741011,3.320210148472352,2.0138844585209195
3222,16.11,4.133814515721727,3.3415372275972546,3.237983482858731
3223,16.115000000000002,4.54948876788999,3.5580240076182017,4.373402241595548
3224,16.12,4.935984487729426,3.9185198691992342,5.417556737093207
3225,16.125,5.273055168279178,4.338903007997875,6.267456884391109
3226,16.13,5.549403163530843,4.739134282167357,6.782073929193181
3227,16.135,5.759905967300244,5.068564915311795,6.72486958123098
3228,16.14,5.90359707630688,5.30953957009353,6.741801679199141
3229,16.145,5.9823761194647895,5.468147959246689,6.671684663483022
3230,16.15,6.000270784890272,5.5623216888505835,6.43674718491997
3231,16.155,5.963069401750954,5.611929175610512,6.143767851672535
3232,16.16,5.878172281949099,5.6321813092119575,5.772948302195643
3233,16.165,5.754531361537435,5.6308765667805565,5.403311672163934
3234,16.17,5.602554051974548,5.609446477314787,5.081766077303885
3235,16.175,5.433847170827645,5.566345685198745,4.753225962148182
3236,16.18,5.260689766473531,5.50048500700978,4.391435905889377
3237,16.185,5.09517500672215,5.413264679479056,4.055413873517476
3238,16.19,4.948068598010246,5.309142420526669,3.7641657314956225
3239,16.195,4.827579716733163,5.195263025920425,3.465103445655804
3240,16.2,4.738366332547716,5.080567115903254,3.215856103150089
3241,16.205000000000002,4.6811102228848025,4.974557156029641,3.285766615396603
3242,16.21,4.652851986850602,4.885818075720168,3.51378563496303
3243,16.215,4.648030495306289,4.8204847167625235,3.7648199363498653
3244,16.22,4.659957870686647,4.781013502714274,4.112946503942746
3245,16.225,4.6823853740423775,4.7656920511660585,4.5098040994912525
3246,16.23,4.71087830235488,4.769175126867559,4.66166625042004
3247,16.235,4.743837416630355,4.783979883359979,4.862020234091026
3248,16.240000000000002,4.783093510433049,4.8025005127834755,5.092412396466348
3249,16.245,4.834023035238923,4.818945153484579,5.247140462526405
3250,16.25,4.905106653060127,4.830727966869071,5.355027177003006
3251,16.255,5.006841280741613,4.839134014139312,5.414099620753403
3252,16.26,5.149996469405876,4.849317607791224,5.4304168746951325
3253,16.265,5.343419962000777,4.869784988164625,5.4161559894789875
3254,16.27,5.591882221585349,4.911458512637714,5.387443408876644
3255,16.275,5.894615652723102,4.986310240351014,5.362397951754689
3256,16.28,6.245054758116405,5.105511285682955,5.358997543407004
3257,16.285,6.631828402138417,5.277182772768861,5.392672464674652
3258,16.29,7.0405669005691145,5.504169086755098,5.473974424482583
3259,16.295,7.455869660643898,5.782596147730357,5.607007325356713
3260,16.3,7.86290315595954,6.101975660995544,5.7892273199101805
3261,16.305,8.248394580628108,6.447064123705852,6.012690663620462
3262,16.31,8.601047178299398,6.8008507301115735,6.266169542284494
3263,16.315,8.91153486896443,7.147534108855259,6.537208083432481
3264,16.32,9.172252254010427,7.474506667380579,6.8134001922806355
3265,16.325,9.376956954521686,7.772979761777988,7.082806984657099
3266,16.330000000000002,9.520389547248598,8.037476711156845,7.333993805225145
3267,16.335,9.597913928802736,8.264711894100271,7.556204482903101
3268,16.34,9.605192996070706,8.452372457102097,7.739833300007426
3269,16.345,9.537898910755192,8.598157317884628,7.877046288596951
3270,16.35,9.391450160152418,8.699221541516811,7.962273697006835
3271,16.355,9.160766381688031,8.75199536392213,7.992316727519622
3272,16.36,8.840035787807274,8.752240651447469,7.966028349438353
3273,16.365000000000002,8.42250141639773,8.695187028277266,7.8837495621823575
3274,16.37,7.900299441222566,8.575632023303784,7.7466652366533735
3275,16.375,7.264445983245686,8.38795197172458,7.556114322892348
3276,16.38,6.505218289078173,8.126020781030576,7.312853294121263
3277,16.385,5.613531835136866,7.78306397246932,7.016314823271129
3278,16.39,4.584752916365367,7.351497256879716,6.663952126842989
3279,16.395,3.4282442883460664,6.822836359632547,6.250804467720846
3280,16.4,2.1892172174889843,6.187858979507693,5.7694903153453
3281,16.405,0.9903090569353404,5.437435710422658,5.2109979834408655
3282,16.41,0.0748982006341531,4.565020894241854,4.567063877790793
3283,16.415,-0.2528886386815737,3.5731498221974674,3.8359823658203647
3284,16.42,0.123557147527399,2.4892326610206923,3.0360581183890742
3285,16.425,1.0008582267914796,1.4006203504381043,2.2347398232919358
3286,16.43,2.0729103518080243,0.5163912960591643,1.5995184527245137
3287,16.435,3.132747137994933,0.20649856054061555,1.4307219657305215
3288,16.44,4.084946769800184,0.8114012604354857,2.0084644808264067
3289,16.445,4.896842209228324,2.1717823453039298,3.211959136633287
3290,16.45,5.563088390557328,3.654381301244247,4.539005858156329
3291,16.455000000000002,6.088371504603133,4.803271412792969,5.631337397173256
3292,16.46,6.480067105101389,5.528443690369609,6.422643275637917
3293,16.465,6.745361462995199,5.9026841542691955,6.9628366499847
3294,16.47,6.890250671508972,6.037531458124541,7.309683471053594
3295,16.475,6.919319624336761,6.042846935816861,7.503256683488795
3296,16.48,6.835864917132951,6.01077066908421,7.567299808066709
3297,16.485,6.642221797216737,6.002106254677351,7.514926411290563
3298,16.490000000000002,6.340310300994595,6.0272095776905035,7.353432256346883
3299,16.495,5.932535050041724,6.049634691258697,7.087872354700991
3300,16.5,5.423312587889535,6.023630051100193,6.72362870835565
3301,16.505,4.821684944618816,5.919668595249042,6.268251764398729
3302,16.51,4.145659474817476,5.724360092212541,5.7327986901053585
3303,16.515,3.4287927788034125,5.433749280399097,5.133083997545296
3304,16.52,2.72816963305628,5.0494865419835575,4.4918440401943345
3305,16.525,2.128625123218094,4.578517121406442,3.841268300455697
3306,16.53,1.7313215398668622,4.0356955371362515,3.2230996845615687
3307,16.535,1.616859007301699,3.449326926725562,2.686196014390849
3308,16.54,1.8003302142527549,2.8695300237563095,2.2854847784396854
3309,16.545,2.221622991374842,2.3766717873968553,2.0826205257293244
3310,16.55,2.78211106916603,2.0795687012750967,2.1410592517705256
3311,16.555,3.388767095394932,2.0840791134255694,2.5035827826247834
3312,16.56,3.974871994978562,2.4261605863671925,3.1498362858960114
3313,16.565,4.500051728219052,3.020827914192218,3.9689350323838575
3314,16.57,4.942882007515348,3.700664776959349,4.7971486715064104
3315,16.575,5.293726731446727,4.313862030231207,5.49831977334765
3316,16.580000000000002,5.549858135566539,4.7811561290532385,6.009499017643642
3317,16.585,5.7126572225945,5.089611193272844,6.328288108851144
3318,16.59,5.78627475095078,5.2645139856930765,6.477451080023721
3319,16.595,5.777265885584601,5.345542198439242,6.483426900369743
3320,16.6,5.694900066124284,5.370826870700902,6.370960777246348
3321,16.605,5.551955693852147,5.3667950764285175,6.162413495361385
3322,16.61,5.365795749013854,5.343816988211931,5.877627432001937
3323,16.615000000000002,5.159351943690979,5.299428822882098,5.5337480829215675
3324,16.62,4.961316199973856,5.227008350634301,5.146501740957338
3325,16.625,4.804494641156173,5.123825581040852,4.733778756358119
3326,16.63,4.721381992973345,4.995155272377723,4.319050670898807
3327,16.635,4.737201120847429,4.855347986289195,3.933077710264371
3328,16.64,4.862821507224186,4.72732556649773,3.6149017695661794
3329,16.645,5.0913156277650975,4.640506770197911,3.4100676623983963
3330,16.65,5.400314357274746,4.626062506104621,3.361130231052256
3331,16.655,5.758654288794839,4.708802718382903,3.4936686248738473
3332,16.66,6.13360442812766,4.897460011170984,3.807037917473921
3333,16.665,6.49583950350018,5.178415120125909,4.271440550376953
3334,16.67,6.821525475476637,5.5180688430490425,4.831937600150917
3335,16.675,7.09231302222748,5.87370530350789,5.422811119786416
3336,16.68,7.294296234157516,6.206432002864492,5.984158784829999
3337,16.685,7.416673805020585,6.489391847155922,6.469235595162909
3338,16.69,7.450469971776769,6.709217797176041,6.846019407338564
3339,16.695,7.387420093689814,6.8628030003740825,7.097596067292002
3340,16.7,7.218998182082209,6.952340438997057,7.220079805683049
3341,16.705000000000002,6.93551044771361,6.980698650238301,7.218257925534704
3342,16.71,6.525160019534029,6.948198863308873,7.101023653142031
3343,16.715,5.9729862951860735,6.851138051240834,6.878280987684296
3344,16.72,5.259612166226556,6.681786682346632,6.559409731196107
3345,16.725,4.359883598114578,6.429119344634787,6.152355995998606
3346,16.73,3.242109302069087,6.07946075190566,5.662688211153987
3347,16.735,1.871045885922216,5.616539065667092,5.092518994747436
3348,16.740000000000002,0.2271624324311159,5.020823807268121,4.439418012954904
3349,16.745,-1.612174386193703,4.268288276450839,3.6952581366364177
3350,16.75,-3.2225417808826755,3.3290472337793133,2.84489710499193
3351,16.755,-3.625673626594386,2.167428147938104,1.8656928887728115
3352,16.76,-2.397586284284417,0.7494829653770756,0.7327683830831289
3353,16.765,-0.4369761158720792,-0.9187867418447118,-0.5509888597917705
3354,16.77,1.4987914050274846,-2.639263462220029,-1.8321750874431437
3355,16.775,3.1856275885247163,-3.581657717795853,-2.4487388741102025
3356,16.78,4.608201960198692,-2.1594018724864883,-1.1239230717108342
3357,16.785,5.798813196198682,1.2722552405825343,1.8539170281370239
3358,16.79,6.793292133746781,4.140261057434032,4.405652472427766
3359,16.795,7.621753307277235,5.821642483414601,6.0391631190636215
3360,16.8,8.307973143678872,6.696639515441072,7.090172296744498
3361,16.805,8.870554499152714,7.055960766648344,7.796393801654936
3362,16.81,9.324206474866925,7.129577741741503,8.279950735632333
3363,16.815,9.680796078713056,7.1031848996623665,8.599599159676288
3364,16.82,9.950156417734114,7.127328230484626,8.784505149267554
3365,16.825,10.140702893693556,7.328544245047965,8.849877357244267
3366,16.830000000000002,10.25990946677198,7.711528055920305,8.804545524471854
3367,16.835,10.314683374220008,8.135952894472872,8.656119405219066
3368,16.84,10.311661747566616,8.50271234495245,8.414038494470859
3369,16.845,10.257439844609824,8.786546204063926,8.091734050690437
3370,16.85,10.158728190667802,8.989830082253551,7.707934854142783
3371,16.855,10.022425085733095,9.121191360439987,7.2856055171837415
3372,16.86,9.855583166451137,9.189812859553626,6.855263898806172
3373,16.865000000000002,9.665247057660665,9.204330122289374,6.463902003576917
3374,16.87,9.45814767880687,9.172830194712606,6.171994572047841
3375,16.875,9.24026063748754,9.103024613453373,6.033721718797368
3376,16.88,9.01627019938388,9.00234841449631,6.082595269760024
3377,16.885,8.789017894998963,8.877911722910845,6.32279356969332
3378,16.89,8.559039983797858,8.736281876015198,6.715823786185528
3379,16.895,8.324294225782827,8.583104924757661,7.178763267052174
3380,16.9,8.08013775202875,8.422613056298566,7.614488227642221
3381,16.905,7.819556546476684,8.257108788618673,7.953468068166377
3382,16.91,7.533589805918496,8.086551253868084,8.152481845250518
3383,16.915,7.211866264345116,7.908370665212519,8.187356916532707
3384,16.92,6.843189220636171,7.717588688419173,8.074304664421959
3385,16.925,6.41617492494424,7.507234506061069,7.863683330156093
3386,16.93,5.920068841148166,7.2689561060121175,7.582784635982948
3387,16.935,5.346061138661376,6.993679593563225,7.239600423981637
3388,16.94,4.689759631736333,6.672193121354756,6.842530157488534
3389,16.945,3.956040954771298,6.295623016865552,6.400330194663597
3390,16.95,3.168213909684765,5.855909591624003,5.921765019519392
3391,16.955000000000002,2.383224529310588,5.346576841425872,5.4093701325128
3392,16.96,1.7092362085360866,4.764366950290351,4.858294198408944
3393,16.965,1.3039853910144754,4.1127784591798235,4.268580197133417
3394,16.97,1.315307672249337,3.409310624675485,3.6562394547468733
3395,16.975,1.7779043119782088,2.699000664006763,3.059947249270113
3396,16.98,2.582544120350593,2.075407828844147,2.5607766620955132
3397,16.985,3.5613725987426648,1.6985977224928246,2.3068005802156493
3398,16.990000000000002,4.57682170318811,1.7674356318856743,2.4762560758938537
3399,16.995,5.546034078155399,2.389652511465675,3.1484889593681946
3400,17.0,6.427884958854587,3.4308709699818665,4.19714129638671
3401,17.005,7.205342359651864,4.580801287619427,5.3586343796487075
3402,17.01,7.873452684831066,5.586676932350318,6.410485034020009
3403,17.015,8.432672288258686,6.35237732305575,7.260615559436994
3404,17.02,8.885465565343154,6.889209470851984,7.918178565036872
3405,17.025,9.234635369295404,7.254111736058043,8.414343041318197
3406,17.03,9.48251770040158,7.5144891179590845,8.770399793646627
3407,17.035,9.630590600359326,7.729161955909896,9.001926392769596
3408,17.04,9.679270369949126,7.935278100926572,9.119940532077212
3409,17.045,9.627781104751746,8.140286398085278,9.131786461049396
3410,17.05,9.474040387599867,8.327037944551192,9.043460959357189
3411,17.055,9.214534873252523,8.470286735192825,8.861508006308096
3412,17.06,8.844182459866456,8.549334023501649,8.594266571562937
3413,17.065,8.356208729326056,8.550722991711664,8.252585152049125
3414,17.07,7.742129643818983,8.465990607552769,7.850182528822755
3415,17.075,6.992086018987638,8.288983357034942,7.403709670589979
3416,17.080000000000002,6.096154218868235,8.014017832036247,6.931814994907236
3417,17.085,5.04819125633114,7.63480475608602,6.45212615866798
3418,17.09,3.855965104731032,7.143891074870918,5.976357533859552
3419,17.095,2.565558135828952,6.532565485365455,5.505315908503069
3420,17.1,1.3103777163716266,5.791519856703697,5.025711950352965
3421,17.105,0.365290623912535,4.913242391241849,4.511016166448962
3422,17.11,0.0728726975723009,3.8986866725765603,3.9300372277471
3423,17.115000000000002,0.5388505448497907,2.774327249752773,3.268137965166517
3424,17.12,1.503813503018954,1.6320659612591424,2.567929901442982
3425,17.125,2.629113048747036,0.7039443162245327,1.995790703794642
3426,17.13,3.707297953344945,0.4151946904585122,1.8884989443141125
3427,17.135,4.65132832994401,1.1494706622631061,2.5644749411367056
3428,17.14,5.435140418005117,2.672494914144,3.853548924341874
3429,17.145,6.0568271098465605,4.238459432188137,5.1758857861629615
3430,17.150000000000002,6.522079498715843,5.386878810448366,6.182143029390994
3431,17.155,6.837518009412264,6.066882240808482,6.84856930426388
3432,17.16,7.008127138148489,6.375698029226334,7.251894261549641
3433,17.165,7.036262547198829,6.43710907752491,7.462123569673308
3434,17.17,6.921184833642377,6.367040467535954,7.523721588471457
3435,17.175,6.658684366958632,6.26017566523132,7.460635483063269
3436,17.18,6.240612375330425,6.175954654748098,7.284131405065894
3437,17.185,5.654269348293813,6.115767338455175,6.9988378099090385
3438,17.19,4.881794686462172,6.029608413642408,6.6067484921565445
3439,17.195,3.9002665028583072,5.861007487758674,6.109624668467502
3440,17.2,2.685129133035866,5.571646398024878,5.509553029800359
3441,17.205000000000002,1.226061442985709,5.136910591220399,4.8073546265175375
3442,17.21,-0.4154082842734196,4.536388157137649,4.001062595190293
3443,17.215,-1.9423096654892884,3.748194000015725,3.087717136378915
3444,17.22,-2.6369048022852764,2.747752555547756,2.0673598534033393
3445,17.225,-1.9296495332266952,1.5143274460042027,0.9476838283501929
3446,17.23,-0.3032928903099184,0.060956216694300736,-0.23787084665374802
3447,17.235,1.493906685254499,-1.460537918200595,-1.3528560599177508
3448,17.240000000000002,3.128979323617913,-2.4778280532284613,-1.9368452333115185
3449,17.245,4.528339827902101,-1.8080925718295395,-1.0543989575427872
3450,17.25,5.700978816132789,0.8518029732105115,1.5037425667749287
3451,17.255,6.673573769600727,3.6661513448486236,4.212314168610787
3452,17.26,7.472369407301333,5.525883509633023,6.145472826211454
3453,17.265,8.119219023559532,6.565745547734599,7.406751852654515
3454,17.27,8.631483663827158,7.050113677991951,8.208127041258985
3455,17.275000000000002,9.022821843932087,7.196799745634978,8.690750419180894
3456,17.28,9.304061475671997,7.188318307496033,8.943600893875388
3457,17.285,9.48397255758535,7.172047320841246,9.020280006397838
3458,17.29,9.56993887136788,7.268275028870141,8.952111005870364
3459,17.295,9.568576030417928,7.518035425201323,8.759866508401602
3460,17.3,9.486355510315692,7.8300879763441955,8.46057487132386
3461,17.305,9.330296214498384,8.100881458238332,8.070363298420066
3462,17.31,9.108779683329391,8.288642115151669,7.604976614106283
3463,17.315,8.832522169160008,8.386974721359163,7.081295926172459
3464,17.32,8.515673244515122,8.400928910201785,6.51981251180877
3465,17.325,8.176870759884418,8.338762218870663,5.948454500869671
3466,17.330000000000002,7.839836847009542,8.210146556435724,5.409759853234266
3467,17.335,7.532793127543692,8.026453303422477,4.963048173591114
3468,17.34,7.28584041516188,7.801728232126458,4.671529040545503
3469,17.345,7.125948220294539,7.55384093841214,4.582739078740193
3470,17.35,7.070620876800174,7.305360402809805,4.715233876414838
3471,17.355,7.1229312801440265,7.083441781548499,5.050287742999363
3472,17.36,7.270690334272652,6.917691627838963,5.531112651799268
3473,17.365000000000002,7.490268808720673,6.835113732031061,6.079159428796433
3474,17.37,7.752854782659636,6.8525409029693405,6.629076799104724
3475,17.375,8.030170116068449,6.969463088342366,7.135734029147836
3476,17.38,8.297970612100071,7.165895820643486,7.561458216893454
3477,17.385,8.537297675337038,7.407940172635066,7.886527967224277
3478,17.39,8.734266255148206,7.658466387126365,8.12313644804598
3479,17.395,8.879201841682479,7.887004303003861,8.282722480868856
3480,17.400000000000002,8.965655021159186,8.074634458131355,8.36534368171618
3481,17.405,8.98954734721402,8.213668986726542,8.375302494975742
3482,17.41,8.948532559573163,8.304274264106535,8.322919335922611
3483,17.415,8.841578188886443,8.350300898025486,8.22171643895022
3484,17.42,8.66874745289031,8.355800521598155,8.082660860843749
3485,17.425,8.43116188105085,8.322953918022957,7.909341310477697
3486,17.43,8.131134912233565,8.25153554495873,7.702897262578839
3487,17.435,7.772476407863139,8.13953792232803,7.468104118681301
3488,17.44,7.360969886624973,7.984309918579299,7.211894291548415
3489,17.445,6.90500779958837,7.783654082313373,6.943371497214807
3490,17.45,6.416319179824282,7.536642698266032,6.680628186834401
3491,17.455000000000002,5.91061907982388,7.244188934894003,6.445152091131519
3492,17.46,5.407844419581583,6.909523089951469,6.241054615232702
3493,17.465,4.93146683617477,6.538705286902792,6.058260460870933
3494,17.47,4.5063547015725245,6.1412184681296385,5.888439451024187
3495,17.475,4.15505457572096,5.730552543696096,5.723662436647706
3496,17.48,3.8932823761822144,5.324502685571418,5.56044116871816
3497,17.485,3.726389311369199,4.944672448578251,5.415546933936036
3498,17.490000000000002,3.64861962507721,4.614510609939552,5.311435617165642
3499,17.495,3.6456573265677568,4.355412537267919,5.260299302806805
3500,17.5,3.699214374810137,4.181337491767246,5.266472997464623
3501,17.505,3.791675026488134,4.093916894343983,5.326390413078093
3502,17.51,3.909381568433024,4.08097524554708,5.426913060081385
3503,17.515,4.044170689538516,4.120185851611078,5.548121738661137
3504,17.52,4.193437322461254,4.186494716854932,5.668933630678362
3505,17.525000000000002,4.359168150180992,4.259657922397119,5.772521302950001
3506,17.53,4.546304287455963,4.328781631741208,5.849410751358521
3507,17.535,4.760717385082783,4.393061571845374,5.897920775472324
3508,17.54,5.007112841136316,4.459716026350904,5.922838631308192
3509,17.545,5.287253582162286,4.5405621857865945,5.933364378252186
3510,17.55,5.598897052166352,4.648358673343849,5.940933646489602
3511,17.555,5.935665823905901,4.79360073991725,5.957143521292844
3512,17.56,6.287774554976108,4.9821595277058215,5.9918807904144895
3513,17.565,6.643273500388549,5.2139901269883,6.051828422659517
3514,17.57,6.98938067291442,5.483026437972823,6.1396219954350855
3515,17.575,7.3135699390808036,5.7782411844630905,6.253858747457394
3516,17.580000000000002,7.604261972818654,6.085601021388117,6.389890140701024
3517,17.585,7.851121911530466,6.39036479447822,6.541022956432985
3518,17.59,8.045052232134166,6.679066604459514,6.699638594856947
3519,17.595,8.177987788671228,6.9407064889788455,6.857881164015608
3520,17.6,8.242580711459171,7.167025152647792,7.007839222548103
3521,17.605,8.231831582047748,7.352053108508766,7.141382508466778
3522,17.61,8.138694307407949,7.491273845140313,7.249917401843501
3523,17.615000000000002,7.955660557084125,7.580728819158292,7.324296973502095
3524,17.62,7.674316293965743,7.616285125845682,7.355015642655491
3525,17.625,7.284858872293731,7.593151555712165,7.3326768245489795
3526,17.63,6.7755750080338215,7.5056138328551185,7.248582214960557
3527,17.635,6.1323308202252775,7.346893153243164,7.095209337021703
3528,17.64,5.338285535912107,7.1090187657451525,6.866356850675034
3529,17.645,4.374520109095505,6.7826303868033415,6.556829979708968
3530,17.650000000000002,3.223695381336644,6.356669941810837,6.161670769201525
3531,17.655,1.8829962341150608,5.817980783519777,5.675075140054451
3532,17.66,0.4033220289196222,5.1509422651043,5.089273263232743
3533,17.665,-1.0140194333569683,4.337554047675643,4.393867878681262
3534,17.67,-1.8990355489146944,3.359217972599123,3.5767525515645393
3535,17.675,-1.740313567965256,2.203936674842049,2.6296916283008556
3536,17.68,-0.6343751837538882,0.8898115596033431,1.56743256247566
3537,17.685,0.8574454502506623,-0.46636652727561234,0.4837687857186461
3538,17.69,2.334893894230615,-1.4895330525820647,-0.3180258925465518
3539,17.695,3.646791334677249,-1.4155797593738084,-0.2170811274312614
3540,17.7,4.7607972140499815,0.2536047901711713,1.1970373932049503
3541,17.705000000000002,5.684008355610335,2.613479322660905,3.2035441717595896
3542,17.71,6.432963592447631,4.494179941906185,4.86906235777258
3543,17.715,7.024032776912624,5.661924621006887,6.020767083249348
3544,17.72,7.470816940642199,6.272605051790272,6.794146198615705
3545,17.725,7.783796970428492,6.5094309795015,7.312551853047866
3546,17.73,7.970642012931552,6.538091952541272,7.648193548423931
3547,17.735,8.036676462506257,6.497102710087914,7.837997919752187
3548,17.740000000000002,7.985384357820831,6.496547043243642,7.899558960765705
3549,17.745,7.818983050798,6.59434982189972,7.840680597730347
3550,17.75,7.539196322783344,6.7524723354657326,7.665160216187597
3551,17.755,7.148476779554578,6.884698065143195,7.376605141213348
3552,17.76,6.652117499279468,6.93486198216284,6.980837730476073
3553,17.765,6.061975307839095,6.881863126988854,6.487592850321271
3554,17.77,5.402787266798241,6.720897501015163,5.91132198971516
3555,17.775000000000002,4.721656819976565,6.453372742382702,5.27251323988843
3556,17.78,4.098276343918467,6.084423114041562,4.602405495241232
3557,17.785,3.645113162586541,5.624552253792739,3.9471049446822635
3558,17.79,3.4782658205094066,5.094559351733349,3.364203321855155
3559,17.795,3.657547437561522,4.534267269905088,2.916996712704621
3560,17.8,4.14548282031126,4.014753272177531,2.675038630438117
3561,17.805,4.833871986574722,3.6478442481563214,2.7137507324950683
3562,17.81,5.60542571417481,3.5723497634795205,3.0989466673097477
3563,17.815,6.371955869769757,3.8887912205771387,3.84325606530481
3564,17.82,7.079507333562843,4.564801774602483,4.854898080544477
3565,17.825,7.699149915356935,5.42298322285322,5.944817300064862
3566,17.830000000000002,8.216877700219836,6.255810318404118,6.918938628223447
3567,17.835,8.626526987677563,6.934868179941958,7.6675013537319465
3568,17.84,8.925515104690724,7.424170484726587,8.178253809990156
3569,17.845,9.11240673146524,7.744554582214084,8.485368339156338
3570,17.85,9.185502287110989,7.940299461358059,8.623376065247665
3571,17.855,9.141933617260587,8.057685884101305,8.620475068665527
3572,17.86,8.976949917729192,8.131285145836324,8.500900475307077
3573,17.865000000000002,8.683176867871758,8.175514203755794,8.28497976415797
3574,17.87,8.249655436403268,8.183968135743168,7.987958183575826
3575,17.875,7.660418414336323,8.137545341695681,7.6177517730288145
3576,17.88,6.892214789331014,8.01446327704955,7.177431082774156
3577,17.885,5.910655672923191,7.795185970728925,6.67055641722304
3578,17.89,4.663299004694182,7.462194151196989,6.1021461440644575
3579,17.895,3.066417636940137,6.997443243904412,5.477319566365517
3580,17.900000000000002,0.9779680263671108,6.3790899400894565,4.802483671356026
3581,17.905,-1.8583665075855704,5.577451411049453,4.080265793434399
3582,17.91,-5.8661641107433935,4.549082217065139,3.2894678832133524
3583,17.915,-10.173893917514237,3.226558790934847,2.368680126447635
3584,17.92,-7.685407345292869,1.4987329286171347,1.2072216393035005
3585,17.925,-3.2383323269695024,-0.8306138707648802,-0.38554285823085266
3586,17.93,-0.0610767360041034,-4.128835666543287,-2.747827760010633
3587,17.935,2.227234749622739,-8.975562586866321,-6.385494636000292
3588,17.94,3.94529009957333,-12.899721067481726,-9.323344208941469
3589,17.945,5.268029831689861,-1.5088809924613278,0.0960965475304505
3590,17.95,6.295703089324613,5.507378113238986,5.965280895257447
3591,17.955000000000002,7.089387753984514,7.188186736933878,7.503302069328996
3592,17.96,7.688033344188336,7.926140514227509,8.316205707636952
3593,17.965,8.117101954963424,7.84629359987426,8.754432153658463
3594,17.97,8.393211422493893,7.328446460369845,9.006980984528024
3595,17.975,8.52673196476624,6.691036454944324,9.117524673048997
3596,17.98,8.523249507919296,6.098070036525278,9.102245996570694
3597,17.985,8.384344136360907,5.737127606576028,8.966632503058094
3598,17.990000000000002,8.1079100946276,6.196065735671432,8.705431246021694
3599,17.995,7.6881347539214815,6.766634123151399,8.311201383061334
3600,18.0,7.115214190727502,7.068143251873926,7.781341512606928
3601,18.005,6.374928862643978,7.154556271290824,7.1134623659782985
3602,18.01,5.448455877720974,7.065140785409337,6.318300998188642
3603,18.015,4.313682077028864,6.816790295488053,5.414044772829791
3604,18.02,2.9522180174145256,6.413210411244548,4.398868739626095
3605,18.025,1.3756087620932984,5.849225095118319,3.290574193245641
3606,18.03,-0.2920550764876922,5.11259576352119,2.1789521811356103
3607,18.035,-1.6341680954530022,4.185406900298432,1.1663766979386554
3608,18.04,-1.936167138777203,3.0478941802352395,0.28391267096126427
3609,18.045,-0.9878661524335894,1.6924978237443686,-0.4209510415680491
3610,18.05,0.5764469702191042,0.17221744762846836,-0.9291018605797037
3611,18.055,2.1781410832889594,-1.2531752252338242,-1.1287578393001185
3612,18.06,3.59677144509098,-1.8325028392171,-0.6874155180590051
3613,18.065,4.7897174049205695,-0.5483806606354351,1.1018326000011163
3614,18.07,5.76891594912767,2.112770602524415,3.8186148432938927
3615,18.075,6.557492421066371,4.433386486517598,6.053265062531498
3616,18.08,7.177367826546018,5.866703748809062,7.27007302054205
3617,18.085,7.646488424125786,6.606356149713436,7.90658128546656
3618,18.09,7.97879043209644,6.879094839484084,8.241657923984793
3619,18.095,8.184827428984132,6.8805335693674206,8.326280959402757
3620,18.1,8.272473382989434,6.773290436173275,8.241991211682164
3621,18.105,8.247573384883113,6.689600642998714,8.027769324342866
3622,18.11,8.114563338696199,6.725057621650123,7.72437942690507
3623,18.115,7.877142255491726,6.872957892922603,7.372719294064801
3624,18.12,7.539131312421883,7.030786308799459,6.959665460945441
3625,18.125,7.105721504500044,7.118782812799165,6.45747186526383
3626,18.13,6.585403273345911,7.108222806932835,5.8822435650235105
3627,18.135,5.9929518369671,6.994517327898135,5.2587064196039215
3628,18.14,5.353755009693023,6.7809134825750395,4.581305037202554
3629,18.145,4.709080310975217,6.473578777680602,3.8755016836799814
3630,18.15,4.119810850699996,6.081473811699327,3.3069069214426396
3631,18.155,3.662606045252424,5.61848990365586,2.9193671310640275
3632,18.16,3.411236076334368,5.107339309460247,2.669299697374955
3633,18.165,3.4058130230574,4.585029212244183,2.595150357905756
3634,18.17,3.631366313535995,4.108542815298528,2.741701900011547
3635,18.175,4.026414091963934,3.7557819241361177,2.997018781027041
3636,18.18,4.512870649483338,3.6117365001323005,3.429979822762595
3637,18.185,5.021905579120192,3.731947352213526,4.081092378880694
3638,18.19,5.5041016773061004,4.0989582627474945,4.847732705822055
3639,18.195,5.928347880219435,4.615927285240942,5.613861659696038
3640,18.2,6.276866134260897,5.155876669772561,6.269833608197999
3641,18.205,6.540422153039472,5.621096435066026,6.754965559121106
3642,18.21,6.714880955396279,5.966185303256541,7.069022726844377
3643,18.215,6.799043896749208,6.1884950193668535,7.22790274741898
3644,18.22,6.793421292416594,6.309173882201397,7.249804608033596
3645,18.225,6.699639946648711,6.3569034236717314,7.156963601564755
3646,18.23,6.520294668352666,6.356446600643289,6.972093689367932
3647,18.235,6.259149029885505,6.321875371223305,6.715704862710347
3648,18.24,5.921658916897588,6.255147881240128,6.401498325823674
3649,18.245,5.515829102007222,6.149874203372663,6.0362737931214125
3650,18.25,5.053402181531755,5.997240404589718,5.627157168065951
3651,18.255,4.551279477217708,5.790509709088572,5.185765733837292
3652,18.26,4.032818868592928,5.527083142745213,4.727031755604488
3653,18.265,3.528206326639556,5.209146492222833,4.2723886761161
3654,18.27,3.072615311773397,4.844082125564286,3.8544327524385
3655,18.275,2.7009547899571453,4.445193225461656,3.5046583438684005
3656,18.28,2.439545355240281,4.032666099307613,3.2387075442649
3657,18.285,2.297902498158026,3.634101546948815,3.0650256111443106
3658,18.29,2.2653890447640554,3.2832662079970523,2.992029171903244
3659,18.295,2.3150554128156955,3.015266686412615,3.0210865486556475
3660,18.3,2.412199817501351,2.8572189021540395,3.1501884805285902
3661,18.305,2.5229203358936827,2.816814610193883,3.3741843941587053
3662,18.31,2.6196486857389494,2.8754819389352075,3.665830893812222
3663,18.315,2.683484197830357,2.992631721341125,3.976785936168466
3664,18.32,2.7046143662823625,3.1199112985368327,4.2564782730189465
3665,18.325,2.6821280715356206,3.216675774939576,4.465768412728974
3666,18.33,2.623948114368924,3.258739936661249,4.582345389552962
3667,18.335,2.546949698527157,3.239189762864881,4.599750989025677
3668,18.34,2.476682391955844,3.164575123312214,4.5233327869034
3669,18.345,2.4455189302973905,3.0500758908813106,4.366615307414073
3670,18.35,2.487909058874834,2.915787933762806,4.149356197476308
3671,18.355,2.632511183653526,2.7849699743958825,3.8969577193580713
3672,18.36,2.893529841428216,2.684000241816448,3.6403933425659787
3673,18.365,3.2657080950066564,2.6425378380176237,3.415529031775846
3674,18.37,3.726113059401051,2.691337316521989,3.260340251247106
3675,18.375,4.241430486385592,2.8555880319051306,3.2087178517748747
3676,18.38,4.776353844565555,3.1447027126412497,3.2815838723537145
3677,18.385,5.299451420579727,3.5441542300351325,3.4795468676655648
3678,18.39,5.785618252038358,4.016500253710843,3.7825121176217364
3679,18.395,6.216059067963871,4.512980788116428,4.157214277396356
3680,18.4,6.577088228825585,4.988668659260042,4.567442922129335
3681,18.405,6.858629420026333,5.412541707437548,4.980939840746159
3682,18.41,7.052829768170055,5.769505279435309,5.371321176410404
3683,18.415,7.152903194731489,6.056748002758564,5.717112997277185
3684,18.42,7.152173793709629,6.278018614865242,6.0004590625463745
3685,18.425,7.043233762028731,6.438274141413773,6.206593114575655
3686,18.43,6.817108327732592,6.539921334138797,6.323871974682349
3687,18.435,6.462300012044722,6.581077367795837,6.343977049965685
3688,18.44,5.963545656267826,6.555606266977147,6.262080460282112
3689,18.445,5.300042350437504,6.454109789185207,6.076695059652411
3690,18.45,4.442759027760816,6.264901764476565,5.788925590270612
3691,18.455,3.3502394948886094,5.974333395749108,5.401068030305955
3692,18.46,1.9621890926554388,5.566273696506056,4.9146572462227756
3693,18.465,0.1915815061746431,5.020738918641449,4.327976491745188
3694,18.47,-2.0705194630343904,4.311571490822687,3.6328417241499515
3695,18.475,-4.824515775420339,3.402797056802152,2.8103132241428206
3696,18.48,-7.117728527307094,2.242943750430795,1.8248772001272258
3697,18.485,-6.381908981806747,0.7566026008378417,0.6167634528571284
3698,18.49,-3.557028837877109,-1.1641916850569904,-0.905269162503199
3699,18.495,-0.8637735120473953,-3.638663901639587,-2.846165873230758
3700,18.5,1.29866349638915,-6.5180520529137596,-5.0968605439084556
3701,18.505,3.009875474401762,-7.71091787855943,-5.973113254695756
3702,18.51,4.373248382905476,-2.8322443858686945,-1.9195132249586404
3703,18.515,5.464061348631906,2.7353389102559924,2.7244776850740653
3704,18.52,6.333617053973449,5.228920069116432,4.924447369189804
3705,18.525,7.01691053261464,6.3575939328415405,6.100671390482522
3706,18.53,7.538057033292635,6.70746285905191,6.813844684574083
3707,18.535,7.9137336638584435,6.5944483949100245,7.281318475303518
3708,18.54,8.155338590574136,6.289445160727391,7.581555086499365
3709,18.545,8.270366995089391,5.979331901570414,7.743821576965125
3710,18.55,8.26331703654265,5.845916455407685,7.778621515870359
3711,18.555,8.1363313414559,6.103392924801054,7.687090005309551
3712,18.56,7.889736289270064,6.540543318711235,7.4673202627307464
3713,18.565,7.522656961959992,6.869302314337129,7.119614758212474
3714,18.57,7.033977147451975,7.041936726844254,6.64741640436592
3715,18.575,6.4241306167195456,7.069529033477997,6.061336138512518
3716,18.58,5.698638771450177,6.964532622690042,5.377832162031395
3717,18.585,4.875012182201067,6.734768507657797,4.612162193698827
3718,18.59,3.9952348470034105,6.3847369575112785,3.794785817692524
3719,18.595,3.144199013930298,5.9179630427560905,2.994462249113014
3720,18.6,2.46323766995677,5.340372285098948,2.297004336313881
3721,18.605,2.123916213679902,4.666095151480891,1.7677780498139866
3722,18.61,2.2341033652089632,3.9281074234042603,1.4643265646214787
3723,18.615,2.750917567538926,3.196448717863948,1.4285899956893964
3724,18.62,3.5173513431698566,2.601849645442923,1.68448767797593
3725,18.625,4.370037595496451,2.34038920901005,2.235034209115597
3726,18.63,5.197603720577549,2.5969030165858755,3.110478159421669
3727,18.635,5.939937822090416,3.3711509013472436,4.2587791355811735
3728,18.64,6.569384983948725,4.407226489789517,5.43936164726966
3729,18.645,7.075159759632901,5.3890745612628965,6.373579148129597
3730,18.65,7.454082507740853,6.140719259550045,7.016411702692235
3731,18.655,7.705681754019123,6.63067494690026,7.4268994877479315
3732,18.66,7.829682734601818,6.901035289669636,7.626482517760574
3733,18.665,7.824667915010456,7.01820999442167,7.652135709072717
3734,18.67,7.68725458064361,7.047338684737902,7.541810466048209
3735,18.675,7.411443787507257,7.036963848895464,7.32837340159213
3736,18.68,6.987955799498162,7.0074755024580195,7.039938344169977
3737,18.685,6.403472550672971,6.94841817770984,6.67882590311959
3738,18.69,5.639864762559742,6.831073677555603,6.232868915445385
3739,18.695,4.673934009113746,6.62508401480811,5.702301340545776
3740,18.7,3.479723887882526,6.305515029049372,5.093214390715713
3741,18.705,2.040679688693583,5.851531279479575,4.401901485238862
3742,18.71,0.3958115553977939,5.2427706763184965,3.6375884190975727
3743,18.715,-1.2194063141038922,4.456451372269374,2.8490074146341327
3744,18.72,-2.152932673622705,3.466584467353081,2.042892186856088
3745,18.725,-1.7069868657685583,2.24877632920634,1.1705705721904653
3746,18.73,-0.1906251711845882,0.8035378388412759,0.21596986944144003
3747,18.735,1.6004705498944671,-0.7588850616646461,-0.7492154390174575
3748,18.74,3.2581579401316785,-1.9713543786624133,-1.410000758957275
3749,18.745,4.67973752818464,-1.7140593089518141,-0.8730303207189376
3750,18.75,5.866581398606298,0.6842471570436777,1.4221134802349917
3751,18.755,6.843965633454697,3.6093058375874065,4.15012163207626
3752,18.76,7.638052190645522,5.63259856510761,6.140836542055214
3753,18.765,8.270555766728862,6.777869958932925,7.425222220460338
3754,18.77,8.758260930879205,7.3197916734668205,8.240827139210339
3755,18.775,9.113677031426214,7.483330202014904,8.744876887192587
3756,18.78,9.34580565649632,7.457733146003536,9.02630587125816
3757,18.785,9.460769470938606,7.395360122068555,9.13436560318811
3758,18.79,9.462269354377264,7.421749413929435,9.097236205688496
3759,18.795,9.351893066495832,7.598728273524011,8.932114151433023
3760,18.8,9.129310754961406,7.851138000177252,8.650989919308234
3761,18.805,8.792398625720937,8.063818773336703,8.263948175838507
3762,18.81,8.337349815683222,8.181298247724584,7.781127549789151
3763,18.815,7.758880903171352,8.188904061205777,7.215004429249195
3764,18.82,7.050763607799055,8.084809736843022,6.581436518311073
3765,18.825,6.207194131892902,7.8692235995954505,5.9009772062489425
3766,18.83,5.226152569257118,7.541293977005019,5.205088446738029
3767,18.835,4.11725389512449,7.098462406150395,4.538899169782198
3768,18.84,2.91884973024873,6.536701534903863,3.9482766450242623
3769,18.845,1.7297766217029322,5.851496120627825,3.4617846163914407
3770,18.85,0.7454905735539469,5.040242713765213,3.0828746849564213
3771,18.855,0.2305136062351256,4.107869225068033,2.785551473082213
3772,18.86,0.3426890106171241,3.0796000622301363,2.520578807129122
3773,18.865,0.9730776218766912,2.0279340085806266,2.2524931164603843
3774,18.87,1.8598213274063384,1.1192688927885763,2.036179757430408
3775,18.875,2.786122134363577,0.6504191041838423,2.0636888623336245
3776,18.88,3.635105170363506,0.9390748335531036,2.568950774628843
3777,18.885,4.358718969919378,1.9712053575589041,3.5481780686111035
3778,18.89,4.9431365883056895,3.2737460614606304,4.667310287597645
3779,18.895,5.389065667621502,4.3726013466814635,5.594888044129872
3780,18.9,5.702620191152132,5.098031680744137,6.221793013193466
3781,18.905,5.891547198171381,5.476643175626879,6.580238616522553
3782,18.91,5.963945541220785,5.599397515147576,6.734619762612917
3783,18.915,5.928176856216776,5.567608798320949,6.740149481612164
3784,18.92,5.793442871228058,5.471487862326721,6.634168938917605
3785,18.925,5.570853748747036,5.37665692259353,6.4348790883904785
3786,18.93,5.274939481899922,5.308269424086548,6.149705048303235
3787,18.935,4.925508405840285,5.247907972859937,5.786323796413359
3788,18.94,4.549479699620898,5.160424913562225,5.3553591543335495
3789,18.945,4.181738181068885,5.022044038448825,4.871619893706377
3790,18.95,3.8633323457717887,4.8272455194088,4.362785633406025
3791,18.955,3.635261596297192,4.585353252292502,3.87007963795962
3792,18.96,3.5280511236367937,4.317462973203469,3.429843720439343
3793,18.965,3.551311116715316,4.055059693101316,3.0730746658566526
3794,18.97,3.6897739027524334,3.8379759737920964,2.8403617614632335
3795,18.975,3.9086673759284154,3.7085137418776277,2.7734287269201148
3796,18.98,4.164517582176235,3.699724808124998,2.89867641036587
3797,18.985,4.414909073956876,3.820514141145548,3.226291328482758
3798,18.99,4.623707533618214,4.0466527416448566,3.7303260503415503
3799,18.995,4.762042730807609,4.326713918360816,4.336206837451641
3800,19.0,4.806859601986222,4.600832254237696,4.947458857856665
3801,19.005,4.738537850255012,4.819556680691736,5.477396710331908
3802,19.01,4.538294728910256,4.952665680743018,5.863794590081801
3803,19.015,4.185462745754708,4.987696270672288,6.071390124645423
3804,19.02,3.6543097227967127,4.923187510314221,6.0898594033519675
3805,19.025,2.909647708718088,4.760960545734072,5.926983368350303
3806,19.03,1.899743048694796,4.499594918259572,5.595713266796069
3807,19.035,0.5433770204865778,4.12988883808422,5.104855814099107
3808,19.04,-1.2960873271439075,3.6322400411229046,4.456974464584037
3809,19.045,-3.864503969342629,2.974857482185862,3.6469395015550763
3810,19.05,-7.580335215973023,2.110577387258412,2.6574973253750658
3811,19.055,-11.86862355236708,0.9690191619079509,1.4503573753541081
3812,19.06,-9.682566225572408,-0.5612171347718462,-0.04982121849201171
3813,19.065,-4.955954044322112,-2.671568803533238,-1.9865895765529213
3814,19.07,-1.4997758892888986,-5.716405785015802,-4.638152045406507
3815,19.075,1.0367316294145263,-10.279965795044781,-8.472677353219373
3816,19.08,2.9877151865342637,-14.546813044588431,-12.01779546901569
3817,19.085,4.53715628212059,-3.8508433805388798,-3.374636376734532
3818,19.09,5.790640763242959,4.157442113449807,3.211035118582603
3819,19.095,6.812995176180555,6.104209072749083,4.9983031578185315
3820,19.1,7.646313941293855,7.08002996131829,6.120642864237496
3821,19.105,8.31910182502528,7.224743869712684,6.9038062405193905
3822,19.11,8.851230368927755,6.9056357350364905,7.523160696523835
3823,19.115,9.25678685464473,6.4559857885891185,7.997856467107457
3824,19.12,9.54579316553607,6.049391630819956,8.328416763916536
3825,19.125,9.72528484938842,5.856031296165001,8.513160144613348
3826,19.13,9.800012235663113,6.476951196136052,8.545437643499143
3827,19.135,9.772913258877129,7.29446735529191,8.419743542622712
3828,19.14,9.645452114125714,7.859521395369921,8.13883522775596
3829,19.145,9.417893746549469,8.227413455439278,7.707841876921104
3830,19.15,9.08958224499294,8.445257416631565,7.145239574231992
3831,19.155,8.659311990265877,8.538510686890767,6.4794680610536775
3832,19.16,8.125933231134105,8.521120902329725,5.720974924080113
3833,19.165,7.489438361326675,8.400799460147908,4.897964086936868
3834,19.17,6.752960634059333,8.18163387608046,4.1143774425044235
3835,19.175,5.926398003338075,7.865574810676289,3.4990523415781456
3836,19.18,5.03263444052937,7.4535467165010045,3.112455226721507
3837,19.185,4.116933151913772,6.946658266416049,3.016766829379664
3838,19.19,3.257095043822181,6.347994493276254,3.203224315481224
3839,19.195,2.5636923060288117,5.665669642408616,3.5886989064596104
3840,19.2,2.151150514185686,4.918151601065043,3.915145998108731
3841,19.205,2.0780137722814778,4.143038705214331,4.0685722843406396
3842,19.21,2.305655054948866,3.4092277715162487,4.06085481244503
3843,19.215,2.724280031376232,2.8263752258891497,3.9456328117596646
3844,19.22,3.2143466170728234,2.5312980153203375,3.7148900308254293
3845,19.225,3.684873922541601,2.6231186851987482,3.685896942508941
3846,19.23,4.078679378740802,3.0687557979854203,3.962447736299685
3847,19.235,4.363152590338945,3.6898958494512053,4.352755356118192
3848,19.24,4.520072333436553,4.277002443231069,4.715855222486283
3849,19.245,4.538455356244247,4.698759347738646,4.962618528241466
3850,19.25,4.410331993687755,4.915926521788852,5.080889041255136
3851,19.255,4.128638033964834,4.945869420505133,5.105983292066743
3852,19.26,3.686845606256471,4.829067285436089,5.033705474991652
3853,19.265,3.080840410779832,4.60755265140355,4.838295536479023
3854,19.27,2.315124294748979,4.311168995902518,4.529001436421254
3855,19.275,1.4183318955839723,3.9492854276402367,4.119807944154227
3856,19.28,0.4764439320491085,3.5107391334239377,3.5876193451191556
3857,19.285,-0.3166948542048487,2.9737532951361905,2.924191161305627
3858,19.29,-0.6544434355528743,2.3206514183418436,2.253375455599243
3859,19.295,-0.2980150580024651,1.5542460659766784,1.5976745786857505
3860,19.3,0.6751976369614392,0.7239742902770487,0.9117385490578607
3861,19.305,1.962431343169129,-0.023576120196307393,0.31163486378624494
3862,19.31,3.3022547072594604,-0.37996425344949536,0.07611705371781685
3863,19.315,4.558370205842925,0.06699721225511102,0.4291493466174048
3864,19.32,5.6791367955212895,1.427034037963491,1.5375503133797759
3865,19.325,6.652667829003892,3.191643826506218,3.0934978604009076
3866,19.33,7.482590300597209,4.751671629382095,4.586833339819402
3867,19.335,8.17738160507912,5.881384543173268,5.825239220291323
3868,19.34,8.746081505869972,6.612305118298773,6.818664014250415
3869,19.345,9.19669882895204,7.051089276539567,7.602945967471702
3870,19.35,9.535702509373234,7.314055045384863,8.20033882203213
3871,19.355,9.767922619046974,7.504789219106776,8.620207187036385
3872,19.36,9.896581116792264,7.701830594689708,8.867623234922437
3873,19.365,9.923334319886148,7.940493734392502,8.949824809662651
3874,19.37,9.848274039788084,8.201384535862704,8.878759690596567
3875,19.375,9.669857298972229,8.437797017261987,8.670382474428347
3876,19.38,9.3847374761596,8.612299682167912,8.343270255600661
3877,19.385,8.987459944663991,8.705267057495996,7.918265407589656
3878,19.39,8.469962323469819,8.708067422676045,7.41857233918747
3879,19.395,7.820775973011919,8.616502041127003,6.870075991439398
3880,19.4,7.023742808047868,8.427230794440886,6.301973560741388
3881,19.405,6.055896861879865,8.136001475446301,5.745397848062736
3882,19.41,4.883808411137819,7.736610457529684,5.2276153491200805
3883,19.415,3.456870322718515,7.219999858370395,4.7637605234574565
3884,19.42,1.693884488897778,6.5731227816713425,4.349253512791747
3885,19.425,-0.5470435771512004,5.777216807825271,3.9534031339421682
3886,19.43,-3.5485202218613514,4.804932307013848,3.516184395296757
3887,19.435,-8.012778056339565,3.615237849061036,2.9512091451697695
3888,19.44,-16.69107101672542,2.1437176793739745,2.151624588887234
3889,19.445,-18.506077592014638,0.282336111868319,0.9847068889257344
3890,19.45,-9.53238173022585,-2.168305437808608,-0.7418900240351496
3891,19.455,-5.469294440848124,-5.6335133884486055,-3.385537822858403
3892,19.46,-3.01092391732496,-11.26730014775118,-7.877264914902456
3893,19.465,-1.3765419694092482,-24.14119986874261,-18.322470072933285
3894,19.47,-0.2661699127444628,-16.486255031716887,-12.22025589749783
3895,19.475,0.4638542750737703,6.0673578471819285,5.963002354860031
3896,19.48,0.8902353781917978,4.296364042435461,4.5090766846859
3897,19.485,1.0553731942425315,4.863408804657604,4.920101851971406
3898,19.49,0.9815330889509524,4.363606608011999,4.826014143233781
3899,19.495,0.6779574716643594,3.142906262406802,4.71558941342318
3900,19.5,0.1456038668586991,1.7745261650280582,4.513275181204658
3901,19.505,-0.6168985621245531,0.4409951847313618,4.20299129905113
3902,19.51,-1.5998868966195263,-0.9387591943592906,3.764204489306975
3903,19.515,-2.7476166910464994,-1.3053613779354913,3.1742786045122338
3904,19.52,-3.8772189490635913,-0.6953441905353808,2.4022063170431607
3905,19.525,-4.578735574681799,-0.9034551293963906,1.4320220219450484
3906,19.53,-4.374844653148684,-1.5036446671343295,0.249373345443888
3907,19.535,-3.267585592280806,-2.3673053204976426,-1.136629721573371
3908,19.54,-1.731181505639336,-3.3430659934204776,-2.6134860960178745
3909,19.545,-0.1656892491723873,-4.083143221357293,-3.920462012230935
3910,19.55,1.2560565747428996,-3.9200358868406866,-4.5565529896097186
3911,19.555,2.488010595767915,-2.345248423429596,-4.015439120510054
3912,19.56,3.5313429619132,-0.005228357198082456,-2.5958178062032102
3913,19.565,4.400829721537963,2.009496927639284,-1.0689129844376053
3914,19.57,5.113119041966874,3.3624998110124222,0.3713697920660328
3915,19.575,5.683151929533747,4.158772755508101,1.8904079596143086
3916,19.58,6.123397711026066,4.566914299350906,3.554234074712249
3917,19.585,6.4440075551701685,4.7472291475410575,5.118034277948916
3918,19.59,6.653237554446778,4.836985044083678,6.248166884825429
3919,19.595,6.757937822666885,4.946102355290446,7.010965671293405
3920,19.6,6.764066159236229,5.138531177640665,7.419076891190395
3921,19.605,6.67724805546883,5.39432431929654,7.236889114439044
3922,19.61,6.503433544447621,5.640382673928717,6.586561124581982
3923,19.615,6.24971547345226,5.822501430522214,6.020731194116025
3924,19.62,5.9253712153084335,5.919534282080491,5.328258927856406
3925,19.625,5.543149090587818,5.928110602379544,4.51044427769617
3926,19.63,5.120696000242341,5.851985045723696,3.6627601939088335
3927,19.635,4.681750081003087,5.698063914553266,2.806747774327238
3928,19.64,4.256279896354862,5.475665529084312,2.0702116516603364
3929,19.645,3.878331959102094,5.197165013677281,1.5126644541771026
3930,19.65,3.58056437706602,4.879250253390653,1.0987717650733582
3931,19.655,3.386068567670812,4.544265763708374,0.8448618488817248
3932,19.66,3.3007364366432537,4.220858623036645,0.811684888375976
3933,19.665,3.3105676045311605,3.942595491661752,0.962339668317516
3934,19.67,3.3856605185680024,3.742917724779364,1.167398883603147
3935,19.675,3.4882157811244,3.645866848025432,1.5335294842375728
3936,19.68,3.580105438783408,3.6553503481553733,2.1855115737572026
3937,19.685,3.62733481535128,3.749483949475666,2.8480867242208046
3938,19.69,3.6012951107012814,3.8855827245704027,3.387356947040848
3939,19.695,3.4779730292675897,4.013906901264776,3.8991410765273393
3940,19.7,3.2362958159820803,4.091645210410113,4.190581058557222
3941,19.705,2.85638487186326,4.090106034845205,4.140555353627181
3942,19.71,2.3182526440008795,3.994349991679749,4.052983113360866
3943,19.715,1.601743631234667,3.7984078934348386,3.874259736886385
3944,19.72,0.6898821608735521,3.499342013559268,3.546864537842275
3945,19.725,-0.4180557200352073,3.0921512216485456,3.11194184412991
3946,19.73,-1.6669284468798176,2.5665723555186086,2.5634650707573208
3947,19.735,-2.850319415802395,1.9064165775757052,1.8924856452736707
3948,19.74,-3.50218842967487,1.0922960306916005,1.090367835733018
3949,19.745,-3.1343685887225616,0.11067905146020518,0.15637958742824942
3950,19.75,-1.8541612851168068,-1.0205258697500668,-0.8829788057317778
3951,19.755,-0.2060804264559878,-2.181804229266815,-1.9153039763724475
3952,19.76,1.422940939064223,-2.9955337686935763,-2.6154030918832527
3953,19.765,2.8853604627421943,-2.715299679373442,-2.364469078681916
3954,19.77,4.149037125131069,-0.8906442901382219,-0.7927884111411316
3955,19.775,5.220723915323333,1.5788419391810158,1.3729581837089087
3956,19.78,6.116709281490679,3.5737901058008825,3.227183812141324
3957,19.785,6.853224675917632,4.870068926904311,4.589308394726917
3958,19.79,7.443739989827041,5.616986618488397,5.579148704118492
3959,19.795,7.898480931643016,5.9936817920986,6.313587542025442
3960,19.8,8.224574994026648,6.163168076105341,6.858485356802137
3961,19.805,8.426289232714296,6.261989912301147,7.242561018644832
3962,19.81,8.5051777917385,6.398105478353863,7.476667852776153
3963,19.815,8.460068416629525,6.626492103951962,7.564366099995105
3964,19.82,8.28683876050932,6.908390330778725,7.507670528652909
3965,19.825,7.977913352876698,7.159383403204645,7.310540760742239
3966,19.83,7.52135824191693,7.323486611144362,6.980541311424195
3967,19.835,6.899345939979485,7.377241968712779,6.529461411573311
3968,19.84,6.085561088337573,7.311041109621483,5.972842940921408
3969,19.845,5.040708735943785,7.118041479718635,5.329740939879196
3970,19.85,3.704432987061408,6.789344662075834,4.624985024692327
3971,19.855,1.9802139663393796,6.31138556436001,3.8892295118846443
3972,19.86,-0.292494519438907,5.663438377014871,3.1492769309934032
3973,19.865,-3.369684894227578,4.813972177469015,2.4123905547030433
3974,19.87,-7.312844811423456,3.714387132386749,1.651789455978506
3975,19.875,-8.861614242283844,2.2874884269367075,0.7890391921182198
3976,19.88,-5.257348600585506,0.4054459780367292,-0.3282496568428819
3977,19.885,-1.6751830166122608,-2.1507092496975098,-1.9502803459187366
3978,19.89,0.974631902333052,-5.722287872635285,-4.426044279490569
3979,19.895,2.9578175916218634,-10.097379341003286,-7.639223376121164
3980,19.9,4.480333785219527,-8.059381449574849,-5.772452861779536
3981,19.905,5.665233818504443,2.2278353387977874,2.68594607862147
3982,19.91,6.5872855532678205,5.872347154839203,5.728644140554598
3983,19.915,7.293616076523523,7.242699509696125,6.930404519123567
3984,19.92,7.8146273260934915,7.688703012968248,7.522914088506033
3985,19.925,8.169867578264045,7.479682109520603,7.841373911425323
3986,19.93,8.371259839158302,6.979674848006782,7.999715770221606
3987,19.935,8.424844814119492,6.425535244807769,8.037850098334756
3988,19.94,8.331588404724185,5.9651185186510185,7.9706509990374395
3989,19.945,8.087483564001417,5.9372557283514205,7.797243704313713
3990,19.95,7.682966177334249,6.452905815760226,7.50540759582446
3991,19.955,7.101457803384356,6.844520031647945,7.085644751319954
3992,19.96,6.316532710625952,7.005510243815257,6.53299190774179
3993,19.965,5.286567220294961,6.967607341558029,5.847304471283717
3994,19.97,3.944194210724812,6.748800819615029,5.04338764819317
3995,19.975,2.173636557519637,6.350324002796466,4.133128932847954
3996,19.98,-0.2448602789123714,5.759171740350919,3.1096344291704927
3997,19.985,-3.799850364361979,4.946752203220429,1.9891066223533551
3998,19.99,-9.848281044669283,3.8625467100750175,0.8224089121449358
3999,19.995,-15.204544079856657,2.419117100009052,-0.3901880771892312
