Index,x[m],Actual,order-10,order-50
0,0.0,7.230659929672027,,
1,0.005,7.291669842780152,,
2,0.01,7.3626474004184175,,
3,0.015,7.429157977083213,,
4,0.02,7.47549568412493,,
5,0.025,7.485880381095523,,
6,0.03,7.445125235564493,,
7,0.035,7.338809580466647,,
8,0.04,7.1530804367385645,,
9,0.045,6.874222344275208,,
10,0.05,6.488128502973419,6.669650994689919,
11,0.055,5.979834063798233,6.224895083401971,
12,0.06,5.333421080468742,5.65230439236405,
13,0.065,4.533070904496214,4.935682576141302,
14,0.07,3.5673379441592457,4.05946603176843,
15,0.075,2.442094615052866,3.014895503245469,
16,0.08,1.2148610167398464,1.8179588844962136,
17,0.085,0.0679001007554297,0.5559436982178649,
18,0.09,-0.6208030720912643,-0.5174630082742819,
19,0.095,-0.4501875032864488,-0.9131445696682245,
20,0.1,0.5527829234512759,-0.2200304199195875,
21,0.105,1.969016551487688,1.2860000151890603,
22,0.11,3.43764912109749,2.959695675369959,
23,0.115,4.791630294157136,4.465977561298658,
24,0.12,5.97959021948577,5.738808200886936,
25,0.125,6.99659382606722,6.791754309871102,
26,0.13,7.8525613027757,7.648957157662203,
27,0.135,8.560391297983402,8.331603827278322,
28,0.14,9.131936188815322,8.866369021314906,
29,0.145,9.576848133281276,9.291957767729496,
30,0.15,9.902411877482244,9.632652660103751,
31,0.155,10.113671160056748,9.884692180407107,
32,0.16,10.21359760712075,10.037617442575336,
33,0.165,10.20321420904022,10.085419518925063,
34,0.17,10.08164560289341,10.024989576458495,
35,0.175,9.846090809224613,9.853464736824215,
36,0.18,9.49172899921649,9.566836752608268,
37,0.185,9.011594450942988,9.159302064124805,
38,0.19,8.39652201351274,8.622933599004668,
39,0.195,7.635436568467756,7.947606628122887,
40,0.2,6.716713512935248,7.121471531137951,
41,0.205,5.632521855435872,6.132929870313023,
42,0.21,4.391017811117246,4.9766898197704,
43,0.215,3.047349808827746,3.670448832213014,
44,0.22,1.7679455355733165,2.2966235653380567,
45,0.225,0.8948542725159954,1.0855048576539468,
46,0.23,0.8099699789274741,0.4789881988281772,
47,0.235,1.534466819197786,0.8790412105705263,
48,0.24,2.700887876128869,2.0966316869218296,
49,0.245,3.952880605043092,3.539905405234886,
50,0.25,5.110083800143304,4.852452748301131,4.935646769444976
51,0.255,6.110433508153049,5.945237986225959,6.011452969873639
52,0.26,6.943024115057654,6.821847667918226,6.880581128563964
53,0.265,7.614759223055465,7.50294276014366,7.567224038196801
54,0.27,8.137135983194327,8.008556468519714,8.094906464179246
55,0.275,8.521573481634741,8.363478366745333,8.481546127119577
56,0.28,8.778045831117801,8.603753198996937,8.739843671349151
57,0.285,8.914975140954823,8.75538471035689,8.87971473657984
58,0.29,8.939643493410092,8.819099910972996,8.90893174441697
59,0.295,8.858903924571544,8.788139916470943,8.832775646630699
60,0.3,8.680196821612505,8.660996673477324,8.656362758737284
61,0.305,8.412995275881766,8.4420403965937,8.388620541652156
62,0.31,8.070858252935771,8.140733202482089,8.043075630896567
63,0.315,7.674212410362755,7.772650319365028,7.6376420765598425
64,0.32,7.253632636771906,7.362087870331184,7.198393821466068
65,0.325,6.852440923899695,6.945377703783572,6.762623461981376
66,0.33,6.525790595841022,6.57296694230304,6.378600042846395
67,0.335,6.332264142440045,6.3063987224461,6.108168439328503
68,0.34,6.316838907583255,6.205553491021707,6.017214440786807
69,0.345,6.492651939550271,6.306645897414264,6.145127172141129
70,0.35,6.83502760328399,6.603344582614637,6.481881406502897
71,0.355,7.292984291980381,7.047922236639645,6.974477140154736
72,0.36,7.808522527967806,7.572940707147062,7.551425184616461
73,0.365,8.331072063211236,8.11531523466127,8.143637245106817
74,0.37,8.822983166765535,8.628428694052307,8.695307215743775
75,0.375,9.258863659217354,9.0828380953736,9.172660152783589
76,0.38,9.622582522046091,9.462199514680353,9.563021287503535
77,0.385,9.904165419489216,9.758765394967703,9.86168431662534
78,0.39,10.09735695740748,9.969608478068803,10.06535988807779
79,0.395,10.197913971147978,10.093537514838268,10.172300412372085
80,0.4,10.202469944669934,10.128950192710537,10.182267238630253
81,0.405,10.107793699043588,10.072961422243935,10.095613419296118
82,0.41,9.910312033690836,9.921495340847809,9.911507422306999
83,0.415,9.605825464384306,9.669639286902916,9.627570428284713
84,0.42,9.189413299755014,9.311865704967921,9.241049512691824
85,0.425,8.655618789087312,8.842166015682018,8.74858290540603
86,0.43,7.999174181037723,8.254374712372487,8.145216251091384
87,0.435,7.216865078706659,7.543139665481382,7.426265184695212
88,0.44,6.311817133029423,6.706375341826538,6.592060124589517
89,0.445,5.30270694041146,5.7508815652824845,5.652675210839405
90,0.45,4.24167189935226,4.704317600182492,4.636755100547035
91,0.455,3.2417333887457223,3.6380090918023664,3.61357812415814
92,0.46,2.493427011166346,2.69965235955307,2.7248788107350856
93,0.465,2.208140143050243,2.1234315224254594,2.1926250215693397
94,0.47,2.465718283684752,2.1309622179389103,2.226739706504181
95,0.475,3.1372460123189456,2.724228618124438,2.829360757883478
96,0.48,4.003408182021262,3.6521168288920656,3.758805350847254
97,0.485,4.890742084419626,4.639816253474335,4.748327821592805
98,0.49,5.702799992753279,5.5351089257361,5.649280925801471
99,0.495,6.39649888620228,6.28277857569914,6.407973276536451
100,0.5,6.9564632910576645,6.870919754040954,7.0136328297397
101,0.505,7.379602255582824,7.303186433723677,7.470012678109339
102,0.51,7.667390935080869,7.590557708074762,7.784127812073351
103,0.515,7.822297079674292,7.749539779045854,7.962353638533202
104,0.52,7.8462192529364145,7.794798766852196,8.009225953552283
105,0.525,7.739897623901576,7.730071669712428,7.9272785685969405
106,0.53,7.502870312007683,7.550088005744737,7.7173064574576
107,0.535,7.133910609269455,7.24769214365317,7.378854492468182
108,0.54,6.63219366191946,6.817408452625996,6.911101887528943
109,0.545,5.99987930104615,6.256761996793923,6.314609207414826
110,0.55,5.247539512086645,5.568849882687464,5.594785774356824
111,0.555,4.404920490502898,4.768824630631471,4.768747101179127
112,0.56,3.539698724516454,3.897381974104886,3.8785298783259536
113,0.5650000000000001,2.780363219546509,3.0438701953137874,3.013663393587845
114,0.5700000000000001,2.3147056700121875,2.3712856250405108,2.3358571403359734
115,0.5750000000000001,2.3112599139544288,2.100434912944243,2.063432601815014
116,0.58,2.7902631443299626,2.3869633057176687,2.3505089416391773
117,0.585,3.605568523801826,3.1637407512964733,3.1324466890194715
118,0.59,4.565000473100472,4.186620930225725,4.169725569837629
119,0.595,5.527226602596676,5.233164148128537,5.241470731223371
120,0.6,6.415234769070785,6.18694636563573,6.228296302855169
121,0.605,7.195024889495308,7.006109376631407,7.082940373755644
122,0.61,7.855287088376616,7.68258966708401,7.793158909320668
123,0.615,8.395251822168095,8.221998010178481,8.362915336987538
124,0.62,8.818527817173567,8.63762442005215,8.801791685627222
125,0.625,9.13024242109432,8.94729032375276,9.119226099764134
126,0.63,9.335852769277285,9.165478471450225,9.323379672372635
127,0.635,9.440803300403651,9.297739553380916,9.421744499383195
128,0.64,9.450654355708409,9.344328058912282,9.421658275838457
129,0.645,9.371539093392316,9.305832779265323,9.330460902001377
130,0.65,9.210926438345858,9.185546457573427,9.15599961463152
131,0.655,8.978723680180314,8.990048291122545,8.907968429069857
132,0.66,8.688743871451907,8.729844643520574,8.599378076444923
133,0.665,8.360444098733788,8.420596413842281,8.247842728850973
134,0.67,8.020523172835784,8.084759258466963,7.877500362219312
135,0.675,7.703391251992423,7.752957900671649,7.521444093072592
136,0.68,7.448895192655791,7.463719220567107,7.221822634385422
137,0.685,7.295829399459288,7.259561575586202,7.024221775574957
138,0.6900000000000001,7.271872010609343,7.178051120940605,6.966444619035425
139,0.6950000000000001,7.384266448365098,7.23968521582491,7.065747712831607
140,0.7000000000000001,7.617099807524696,7.439042263127354,7.3109557776207215
141,0.705,7.937129890706637,7.745930087365771,7.665467435506713
142,0.71,8.304106057957089,8.116261424041253,8.079699064658652
143,0.715,8.67975845736044,8.505174450688338,8.504551619839475
144,0.72,9.03256896820351,8.875518611079832,8.90094401633648
145,0.725,9.338774185741062,9.200401024800094,9.242880651409443
146,0.73,9.581300944829277,9.462066342686052,9.514235478139172
147,0.735,9.748039209326643,9.649469635138562,9.704667773476201
148,0.74,9.830192325627564,9.75574378953392,9.807442458166612
149,0.745,9.820968333146697,9.77601309535191,9.81817322513169
150,0.75,9.714650522656903,9.705825973760707,9.733676472477557
151,0.755,9.506025071965723,9.540368654343279,9.550924137547526
152,0.76,9.190177365646182,9.274367217879332,9.266631476151385
153,0.765,8.762775065869533,8.902463769342374,8.87756339612238
154,0.77,8.221163583579582,8.420049751884283,8.381088458278674
155,0.775,7.566986709257845,7.824954294667103,7.776492712075223
156,0.78,6.811710462912394,7.120961064166072,7.068693090615914
157,0.785,5.987241668762967,6.32495939856722,6.275808052037225
158,0.79,5.163318365918101,5.48040824821479,5.442058043193336
159,0.795,4.465897385986237,4.678484482480547,4.657466905108153
160,0.8,4.068413747145734,4.076832315144772,4.075694736690166
161,0.805,4.11462852635077,3.8749691482978337,3.890178380212494
162,0.81,4.610177465763401,4.197744514092637,4.221214918350085
163,0.8150000000000001,5.417712462364768,4.9692721992744096,4.9944739408656424
164,0.8200000000000001,6.362730672290953,5.967560335308338,5.994115572537943
165,0.8250000000000001,7.315474811413676,6.993071975149859,7.025388272962953
166,0.8300000000000001,8.203086073511765,7.9379586897217,7.981923573859385
167,0.835,8.991783181204646,8.760618697121567,8.822001766233067
168,0.84,9.669025926268052,9.451091890259894,9.535052242044141
169,0.845,10.232407030584492,10.013092020334362,10.122672426995386
170,0.85,10.683766995888249,10.45790842219122,10.590256541645875
171,0.855,11.026285833398765,10.800478774062569,10.9436651531526
172,0.86,11.263095982834235,11.051989159930727,11.188016191349405
173,0.865,11.396634699126842,11.21527182904575,11.327341779137884
174,0.87,11.428342462288768,11.287780800049216,11.364546565459802
175,0.875,11.358513885177752,11.265902802934166,11.301447684702541
176,0.88,11.186207560540264,11.146407571054976,11.138847718516892
177,0.885,10.909173125867293,10.926142535114748,10.876609878352614
178,0.89,10.523786246974083,10.601424882959957,10.513692468586461
179,0.895,10.025014552955216,10.167597139737154,10.048109808476905
180,0.9,9.406491257051364,9.618798736658338,9.476898294855587
181,0.905,8.660886675578885,8.947994923900843,8.796339547697752
182,0.91,7.781024226113196,8.147468089833334,8.002390604919908
183,0.915,6.76276883558304,7.21033600795518,7.0910761954811665
184,0.92,5.611971777953969,6.134441109559335,6.0604682601094115
185,0.925,4.360023795453026,4.9316008244286795,4.919025085843963
186,0.93,3.094147490326935,3.648050152801238,3.706627696526519
187,0.935,1.9970082157898557,2.4030677068474766,2.5333654575320734
188,0.94,1.3362288450557769,1.4336447529567247,1.6233932216698337
189,0.945,1.3030894688767256,1.054752508336784,1.2779014139160547
190,0.95,1.8212692000827413,1.4113655738639013,1.637692542580396
191,0.955,2.6272648055198102,2.2711664983724953,2.4819789156636105
192,0.96,3.485159362021528,3.2603741090692404,3.4522154245802232
193,0.965,4.262298472712462,4.153031959370421,4.330604234622616
194,0.97,4.901119949915128,4.870517845932512,5.04168644550233
195,0.975,5.381497976318696,5.3977302827555,5.572578134296954
196,0.98,5.698490788101899,5.738313904263283,5.9289217488143375
197,0.985,5.851679294092524,5.9012773476886675,6.118512328889608
198,0.99,5.840326284564119,5.901096473558922,6.14625089381913
199,0.995,5.661066852616587,5.753532698958148,6.012844569641226
200,1.0,5.306583842909831,5.460940909804389,5.714257427164876
201,1.005,4.764627606605111,5.008468718154472,5.241243269445819
202,1.01,4.017334085049521,4.373018583062555,4.579222749630872
203,1.015,3.041726126763202,3.52835718439421,3.708510955102406
204,1.02,1.8150214911291345,2.44628002253767,2.6054890636950883
205,1.025,0.3374946075435075,1.1034709424538307,1.24995897048872
206,1.03,-1.2875854678837864,-0.4863888390318891,-0.34316642673621267
207,1.035,-2.651397578383833,-2.160420721241066,-2.0150853794722003
208,1.04,-2.9515432123738305,-3.334349369635552,-3.199267613403906
209,1.045,-1.869275969830406,-2.982689915580055,-2.898570563086361
210,1.05,-0.1045740254012167,-1.0711688565024806,-1.0665011069692545
211,1.055,1.6864060959102738,1.1180237209097612,1.0675389579976633
212,1.06,3.2682135079617143,2.9512998885514445,2.8866839331642233
213,1.065,4.603315209352438,4.41157156466771,4.365122779485202
214,1.07,5.709898497334164,5.570454346833101,5.565611057484633
215,1.075,6.615510124911861,6.484156212477345,6.539991708105918
216,1.08,7.344935902895675,7.185262293881044,7.320577078805785
217,1.085,7.91795260470522,7.698066168488623,7.927401737845099
218,1.09,8.349637854188,8.07843680849171,8.377118662500143
219,1.095,8.651176939919946,8.385080342654742,8.684826541282137
220,1.1,8.830624810366825,8.61218483354466,8.861692110539247
221,1.105,8.893517024411917,8.737317805930385,8.915229057645393
222,1.11,8.8433460224276,8.752084472023283,8.850837396517097
223,1.115,8.68195492993578,8.655473559227088,8.672848913133429
224,1.12,8.40992124029362,8.447960040332028,8.384806347817722
225,1.125,8.027035731305778,8.129714183199674,7.9894808420261665
226,1.13,7.533049830555044,7.700517572923102,7.489916296945027
227,1.135,6.928996931820063,7.160507906374118,6.889797046300249
228,1.14,6.219629555243208,6.511799373073218,6.1938745144898295
229,1.145,5.417870567189674,5.7615573268265265,5.4153105463836955
230,1.15,4.552468730195826,4.9275975689614295,4.583953032485891
231,1.155,3.6793089722471817,4.047851426404881,3.7451683697909006
232,1.16,2.8922646115444275,3.1937051777793615,2.9621487603350074
233,1.165,2.3181185679179426,2.480463924274506,2.3345096312367684
234,1.17,2.0731197806182355,2.0529571059533906,1.9959038774376676
235,1.175,2.1928411618350703,2.019971141169558,2.0445918816731714
236,1.18,2.605451157130524,2.3689143221520808,2.449930940099324
237,1.185,3.182448610374957,2.9641280336564533,3.0662198524610624
238,1.19,3.80512904189936,3.6418487325159874,3.7461751703592063
239,1.195,4.392868369517487,4.286122393200082,4.389013885031303
240,1.2,4.900003041686326,4.83665940673894,4.937850168829966
241,1.205,5.303838115004624,5.268568635179473,5.368836708324832
242,1.21,5.594621082538653,5.575367531887534,5.676221061558624
243,1.215,5.769324119562609,5.760422742061577,5.863294697883101
244,1.22,5.8283287542713484,5.8323649140385365,5.9348366342317265
245,1.225,5.773964754121471,5.800116549849797,5.893539457571799
246,1.23,5.610270791783989,5.669061867974607,5.743689481035608
247,1.235,5.343737177973377,5.442048344209241,5.492603762037798
248,1.24,4.9850768709096895,5.1235761021313575,5.147702304284416
249,1.245,4.552224143441349,4.724011684353091,4.718630722739016
250,1.25,4.074614118221675,4.2636397014248,4.227544571859585
251,1.255,3.597888517617913,3.777396043338907,3.7153414023576854
252,1.26,3.1858644842796124,3.319459525043705,3.238875976204589
253,1.265,2.9134987418700464,2.9633619894785728,2.8713306297063803
254,1.27,2.845641845918847,2.7895784985375824,2.695505834313364
255,1.275,3.008603310340475,2.8560156446426346,2.7667556725417546
256,1.28,3.376365694313748,3.1654517753958076,3.0808142546467954
257,1.285,3.884829827444297,3.660217126346039,3.583862352251634
258,1.29,4.460323064730746,4.252611866365829,4.194367581125408
259,1.295,5.0406529452017255,4.861906777253936,4.831413415425354
260,1.3,5.581974489979581,5.431723283368273,5.435706287731973
261,1.305,6.056774067918948,5.929292377089581,5.97043323204654
262,1.31,6.449194559733384,6.338556922463887,6.414418844124133
263,1.315,6.75080495242165,6.65391251289156,6.756963920737582
264,1.32,6.957623449892183,6.875643421286287,6.994514474253265
265,1.325,7.06829046150164,7.006276453846051,7.127578737175085
266,1.33,7.083102769820082,7.047986863689859,7.158408788393585
267,1.335,7.003684418961001,7.0018856017712245,7.090200081928668
268,1.34,6.833185686687349,6.868960898276097,6.927281748280063
269,1.345,6.577010035663821,6.651601120955966,6.675680282804404
270,1.35,6.244150190386284,6.355156356640639,6.344007338878088
271,1.355,5.84922941120394,5.98972666037323,5.945021804662956
272,1.36,5.415183572379327,5.572518519834868,5.498069900711075
273,1.365,4.975965962091119,5.130760676678708,5.032033539292047
274,1.37,4.577489719701874,4.704295022122723,4.5878308602017785
275,1.375,4.273612894151476,4.345396319723145,4.218313888208563
276,1.38,4.11435229788773,4.111820017305073,3.981569624340776
277,1.385,4.128626465758866,4.050498904358411,3.9246915865220933
278,1.39,4.311563709105072,4.1771452154822155,4.063265363764934
279,1.395,4.626401141417095,4.466232603745825,4.371259367760725
280,1.4,5.019330637467053,4.861368828931057,4.791116709871819
281,1.405,5.436033199741698,5.297773707063103,5.255840432205507
282,1.41,5.831448115616469,5.720141090413161,5.7072424122862655
283,1.415,6.172156424818203,6.08891869651026,6.103322243156798
284,1.42,6.43460770884559,6.378685730366364,6.417079387794523
285,1.425,6.602078854922404,6.573985324006393,6.631807976708858
286,1.43,6.661782810017249,6.665218809354963,6.736520833337531
287,1.435,6.602509657857984,6.645073595039897,6.722685228212237
288,1.44,6.412715190391028,6.505528923555256,6.582023495680937
289,1.445,6.078818094341377,6.235713506018402,6.304839293789556
290,1.45,5.583424521438047,5.820578772030732,5.878445304911081
291,1.455,4.903176277249682,5.239720736749817,5.285401342336316
292,1.46,4.005926376616429,4.465552409025598,4.501272759375817
293,1.465,2.847232453019904,3.4603687341943115,3.4915810862792496
294,1.47,1.368049771541175,2.172534756821357,2.208068911568262
295,1.475,-0.4941427714925702,0.5348818317757793,0.5871874311140859
296,1.48,-2.715217140869405,-1.5164375877826348,-1.4316296412007574
297,1.485,-4.757052558650754,-3.906431052214373,-3.775000692100372
298,1.49,-4.987763580896122,-5.800573185753013,-5.635325330628524
299,1.495,-3.0231174754628283,-4.942535279686238,-4.826847675440593
300,1.5,-0.55162825756032,-1.682162537688506,-1.670588402483256
301,1.505,1.619244035762282,1.1214727000918545,1.0764421534078648
302,1.51,3.3974291663482403,3.1643140225342643,3.10398704957764
303,1.515,4.838273746313514,4.710397531302929,4.657333794748561
304,1.52,6.0036984731499015,5.909910242400091,5.879233882234722
305,1.525,6.941276715498933,6.842119072530425,6.850363584061158
306,1.53,7.684986702217445,7.538285699267215,7.616744556886779
307,1.535,8.258547646396671,8.004456486353128,8.207213141673499
308,1.54,8.678136922972522,8.34249464312007,8.640409201130806
309,1.545,8.954215603455214,8.649851799062612,8.92737710709073
310,1.55,9.092642286546532,8.867769626431418,9.074560961165892
311,1.555,9.095246359965682,8.956274171260517,9.085194699089158
312,1.56,8.95995150427286,8.90671381579334,8.959021099814645
313,1.565,8.680451974477451,8.714932395821036,8.692385691648187
314,1.57,8.245338829784204,8.373492063596782,8.278105738842235
315,1.575,7.636410867196459,7.869235811692352,7.704585367916021
316,1.58,6.825595215761875,7.181025382954845,6.954981358520978
317,1.585,5.769217867947561,6.275947175772393,6.000709486699208
318,1.59,4.396648281588,5.10216535936373,4.7910656594227605
319,1.595,2.5853848561996613,3.5744472942936465,3.252309468807857
320,1.6,0.0973496527238735,1.5416063914017468,1.2614461310092144
321,1.605,-3.6290305314722566,-1.2992474433932566,-1.4634537198397224
322,1.61,-10.554600097076792,-5.693020959851845,-5.663637400145749
323,1.615,-19.24081605335317,-14.400481122616243,-14.033480598476233
324,1.62,-6.698905614032364,-23.994041738146592,-23.28706897880337
325,1.625,-1.6484785299313045,0.8867708706390136,0.7439346943856471
326,1.63,1.446944859226051,1.3640398804894347,1.381787826716876
327,1.635,3.62494116228309,3.896322852968146,3.893749614411516
328,1.64,5.254847040243423,5.400217579900712,5.388245024048034
329,1.645,6.509878181886255,6.622624050504713,6.599592298940909
330,1.65,7.484428706070845,7.573231166420522,7.534288423761451
331,1.655,8.23482434592077,8.320125386433704,8.25269253384085
332,1.66,8.796528202705465,8.771406502839337,8.782495355492248
333,1.665,9.192382979301398,8.20110917243761,9.161695506381157
334,1.67,9.436895833068364,8.970316123276767,9.398628536538958
335,1.675,9.538557941473242,9.260093275785923,9.490901965553808
336,1.68,9.501072728918327,9.345032596847116,9.447952724434227
337,1.685,9.32389214733577,9.268949313925916,9.272654892643613
338,1.69,9.002228275290232,9.04213921566662,8.957142254696034
339,1.695,8.526568572474003,8.662978312592827,8.485262703070102
340,1.7,7.88161272648063,8.122095003138636,7.847275852325561
341,1.705,7.044438849033304,7.402559371791918,7.031273074952116
342,1.71,5.98162012798044,6.478239677345634,6.054218048853867
343,1.715,4.645200105341914,5.310619022779211,4.849240932521392
344,1.72,2.969346265604276,3.8442923532577646,3.2942742338085784
345,1.725,0.8812820064832492,2.0041434583169275,1.4367140684612543
346,1.73,-1.593632157771542,-0.2853926619667124,-0.6895450157044385
347,1.735,-3.799555345844072,-2.941041188123725,-3.059221083943177
348,1.74,-3.851702075831601,-4.94321875666123,-4.932750115845801
349,1.745,-1.7098201919854097,-3.706300538348211,-3.615295697772977
350,1.75,0.732518136123267,-0.26961184719635156,-0.16594992955747756
351,1.755,2.792957018982138,2.3933481442040523,2.8017734394542506
352,1.76,4.440625914161959,4.280740663670388,4.448884567372715
353,1.765,5.748291073967204,5.67987782003598,5.7768616675419855
354,1.77,6.782672987941153,6.741399016208697,6.878967682099418
355,1.775,7.592788221427675,7.5411133445532865,7.657309566746314
356,1.78,8.213291773747436,8.105430863889342,8.2649234806163
357,1.785,8.668644945330938,8.43815354898485,8.665570591510688
358,1.79,8.976211709544092,8.66840713564594,8.919513152358583
359,1.795,9.148398314063073,8.882704526153795,9.095068880701856
360,1.8,9.194176682857275,9.00819037338669,9.12967529114421
361,1.805,9.120288975348348,9.013331155033335,9.012676341150879
362,1.81,8.932392343033035,8.898158708915183,8.811337825665442
363,1.815,8.636416665188701,8.668608629506643,8.546014862677268
364,1.82,8.240479809132683,8.332186632956326,8.158104856185625
365,1.825,7.757814205490962,7.899357429588421,7.5884906939186
366,1.83,7.211192804888043,7.387028806716932,7.001283280981263
367,1.835,6.63891947391282,6.823901981759008,6.43158534358691
368,1.84,6.100678272563441,6.257388013479575,5.814110699049788
369,1.845,5.677496097745896,5.759351961513222,5.256899641308529
370,1.85,5.456203371748652,5.4226294245780435,5.1501220603201725
371,1.855,5.495574840510884,5.33652052555765,5.068822604175513
372,1.86,5.794564305308824,5.542421053486231,5.306944132573118
373,1.865,6.293233409288375,6.003350912725027,5.880122269187309
374,1.87,6.905395485729883,6.623708643795785,6.582036309752727
375,1.875,7.551914136570986,7.300253196611056,7.350258064804066
376,1.88,8.175391686263767,7.956358587571476,8.065084986563622
377,1.885,8.73979203656585,8.546815262727655,8.665277895888295
378,1.89,9.224566502528296,9.049239397436729,9.169005429125828
379,1.895,9.618808925922584,9.4551562735363,9.575532609323723
380,1.9,9.917028153756776,9.763970454536178,9.875946703567895
381,1.905,10.11644831480428,9.97850091082219,10.069523954220712
382,1.91,10.215368756360364,10.101114913187814,10.158342072550763
383,1.915,10.212172335858922,10.131511656747955,10.150011489399787
384,1.92,10.104702489838155,10.066794010220455,10.045745399383694
385,1.925,9.889836917391806,9.902507067581904,9.839377359132634
386,1.93,9.563159352724544,9.633269328115908,9.530252250612953
387,1.935,9.118685064765398,9.252771691611018,9.119986781901122
388,1.94,8.548653135652216,8.75346856859187,8.599627532965469
389,1.945,7.843498123931496,8.126267331002126,7.952348368658521
390,1.95,6.99234106380099,7.36048529926368,7.173166397132264
391,1.955,5.984905812478072,6.444561042865039,6.26476187911202
392,1.96,4.8171862531902665,5.368740582029063,5.218012805678526
393,1.965,3.506512624119688,4.132861694514316,4.030470939733347
394,1.97,2.1274027700487106,2.7667670146049828,2.7422439722680743
395,1.975,0.8766910681914257,1.377973703089149,1.4404923415957365
396,1.98,0.1077738523102029,0.2333035303240223,0.35952323424039356
397,1.985,0.1328871122676088,-0.22531037423668465,-0.061538100005970264
398,1.99,0.8762908870557661,0.28772768720668385,0.46075082355532526
399,1.995,1.9696387584008224,1.4713046824713523,1.6339933865839162
400,2.0,3.106521361293711,2.787190357213848,2.937750192738668
401,2.005,4.139659823025086,3.956967892352197,4.101359355520645
402,2.01,5.01991527388717,4.916671244381265,5.062379758814911
403,2.015,5.740252567195641,5.672642231867717,5.828505247804024
404,2.02,6.308609033904222,6.244284009026627,6.421640364629876
405,2.025,6.737101322946791,6.652016972944052,6.8628528733972844
406,2.03,7.038241220458222,6.923775780759639,7.169714531823624
407,2.035,7.223950129684596,7.09612831518127,7.3565634702618325
408,2.04,7.305698852587471,7.191722395849666,7.43553227490753
409,2.045,7.295141362621608,7.21287189714328,7.4178776492222545
410,2.05,7.205009221859076,7.159440154535956,7.315221934164744
411,2.055,7.050153523594455,7.037976542476883,7.14077959709325
412,2.06,6.8485905577195885,6.861642356392282,6.910770503778229
413,2.065,6.62225997855548,6.649157160343707,6.6457500941703405
414,2.07,6.396975859899242,6.424264185381449,6.371264573808414
415,2.075,6.200878687612768,6.214731378555567,6.117051491161538
416,2.08,6.0608876592842496,6.049742970510644,5.91425565111718
417,2.085,5.997529492253789,5.955126585132439,5.79157258344121
418,2.09,6.019879365403601,5.947234365103104,5.770514427170065
419,2.095,6.123075451235962,6.027974355859898,5.858321288694393
420,2.1,6.2898267994699335,6.183864604541269,6.042068278701234
421,2.105,6.495061962256186,6.389931859959703,6.291705839077164
422,2.11,6.711350922174971,6.616296267465689,6.570957770711478
423,2.115,6.913053238425537,6.834185060912278,6.844970521664371
424,2.12,7.078477909053999,7.019466201953973,7.081325642531247
425,2.125,7.190409389393608,7.153699146961015,7.252031972532343
426,2.13,7.235715552317513,7.223632852572097,7.341076107064523
427,2.135,7.204654523949898,7.220066224731273,7.343411971980508
428,2.14,7.090282492722167,7.13667751740433,7.256180944234194
429,2.145,6.888214655685232,6.969212938845191,7.076680478642563
430,2.15,6.596951788502299,6.715318935586798,6.804311934592105
431,2.155,6.219045628025737,6.375240465376027,6.4420766926534405
432,2.16,5.763500066360361,5.953622205824244,5.997719807075576
433,2.165,5.2498708918675625,5.46277757581625,5.48557252175114
434,2.17,4.71414540337714,4.927859779590086,4.931764220368101
435,2.1750000000000003,4.214729086623705,4.393779126436178,4.3819075626170125
436,2.18,3.8326985577445383,3.9311950665085127,3.906271657884354
437,2.185,3.65621773035224,3.633371570071987,3.5958442570330877
438,2.19,3.745616573943926,3.5913959959936355,3.539707479343166
439,2.195,4.09996720520521,3.848133521508659,3.7821914199425013
440,2.2,4.657535721203892,4.365735347661176,4.289803873136917
441,2.205,5.329588111141035,5.045575471672115,4.968094420974097
442,2.21,6.034928588931691,5.781311196947984,5.713418837772607
443,2.215,6.714939018987591,6.494422864669221,6.447073197164867
444,2.22,7.332985008439422,7.138880289782478,7.118451297021599
445,2.225,7.868246253617298,7.692018515293044,7.699970680609339
446,2.23,8.309677089050783,8.145284152400365,8.180441219631922
447,2.235,8.65168443966359,8.498088802693013,8.555959858667952
448,2.24,8.891396864676382,8.75329818472298,8.824966693502159
449,2.245,9.02703218526906,8.913291334891898,8.986998082676736
450,2.25,9.056945884877685,8.977705657350969,9.04188271358753
451,2.255,8.979090564675005,8.943590795981915,8.98915174666249
452,2.26,8.790743497724941,8.806614250622307,8.827775962686516
453,2.265,8.488464264627243,8.561917171625266,8.55610805604582
454,2.27,8.06835725359271,8.20447370791574,8.172014168194424
455,2.275,7.526885266417503,7.7294517715514175,7.673315567415214
456,2.28,6.862797221176457,7.1331895302037545,7.058866986925613
457,2.285,6.081332251274669,6.415631276480453,6.331000845943949
458,2.29,5.202845874845925,5.5857400428219695,5.500776070411885
459,2.295,4.278786809015837,4.67257740976562,4.598517710955829
460,2.3000000000000003,3.414743349164066,3.745395238476453,3.6927860243965083
461,2.305,2.7824274287993997,2.9405682629794,2.915945324590581
462,2.31,2.570508479745872,2.466947848928789,2.4693931293312725
463,2.315,2.857743910394705,2.521323941941719,2.542442005493575
464,2.32,3.541748536085195,3.1171539995009176,3.1470239415227774
465,2.325,4.428974529272027,4.0457273337910635,4.079468373332869
466,2.33,5.35517711072986,5.057836870881596,5.095873665991611
467,2.335,6.222728538931954,6.001573943632428,6.046715790145399
468,2.34,6.98469776495961,6.814741963844271,6.870855226848562
469,2.345,7.62228210188165,7.479870025014569,7.551780445637808
470,2.35,8.12991303716621,7.997270782186741,8.089854955108631
471,2.355,8.507297587200341,8.375468504815577,8.490175258107183
472,2.36,8.755468191061924,8.628209547167447,8.757960613882299
473,2.365,8.874825500197574,8.767845808390216,8.896825105823016
474,2.37,8.864079722122149,8.797174712628603,8.90810185833292
475,2.375,8.719523861591547,8.709778708373353,8.790545550733404
476,2.38,8.434323325662772,8.495198041484642,8.540044219404637
477,2.385,7.997601252349304,8.141140736813675,8.149114690162218
478,2.39,7.393101870974639,7.632520350133383,7.60608671205355
479,2.395,6.597154881690206,6.949231414415086,6.89382278854706
480,2.4,5.575584537699918,6.063215095135238,5.987518024776836
481,2.405,4.279339070153655,4.934499855059145,4.851005521006919
482,2.41,2.640302167946209,3.505992021767508,3.431672218102931
483,2.415,0.5797633336219643,1.6993849785283577,1.6565409354906677
484,2.42,-1.8931152082224687,-0.5690389088742869,-0.5531298234912807
485,2.4250000000000003,-4.145300643424784,-3.2381400411275667,-3.138379660205132
486,2.43,-4.211527584143529,-5.314819770320822,-5.142339436940132
487,2.435,-1.9820591153536704,-4.073273945440613,-3.929998104255624
488,2.44,0.5501926477566509,-0.49133764979204475,-0.4302423500291441
489,2.445,2.680600713587923,2.2624904043812086,2.2948569299835593
490,2.45,4.385414647697977,4.210468095010464,4.244212814955026
491,2.455,5.742560793175048,5.659434756252558,5.704149443814881
492,2.46,6.821130980633954,6.765343033461579,6.826070326467045
493,2.465,7.670963049497635,7.605710590568426,7.694161380028289
494,2.47,8.326603722090566,8.206857182086413,8.356732654614916
495,2.475,8.811682708864163,8.5679178146514,8.843906631832388
496,2.48,9.141982800480848,8.818916921360612,9.174896055515443
497,2.485,9.327378603528077,9.05194576023821,9.36089391821847
498,2.49,9.372966164659656,9.186266877659815,9.40824688722898
499,2.495,9.27960007951625,9.184173630484823,9.319445166456397
500,2.5,9.043938208183487,9.038893779324864,9.092919639204315
501,2.505,8.657987225678637,8.745845820808139,8.723344702360208
502,2.51,8.108020573594263,8.295999746131889,8.201166396585444
503,2.515,7.372556740032793,7.673653562233918,7.511578846274819
504,2.52,6.418748161613648,6.853909507989833,6.634406226272337
505,2.525,5.1958391355527365,5.798282506775561,5.535871707088333
506,2.53,3.622868282020965,4.446601205724281,4.156447044600795
507,2.535,1.5648937985731934,2.7015331230309028,2.4126448128883777
508,2.54,-1.2081596578416922,0.3983829205878191,0.17125908885771146
509,2.545,-4.987924526531592,-2.745767179185761,-2.8332305760387237
510,2.5500000000000003,-8.458318851721561,-7.054869617931635,-6.942951589829182
511,2.555,-6.094712566636742,-10.281721386610956,-10.011997171254725
512,2.56,-2.067485805478682,-4.497522267128748,-4.368751172850045
513,2.565,0.9579571788119984,0.4801519374441865,0.5589089777279792
514,2.57,3.1912959214050485,3.056088305751724,3.1516925547018513
515,2.575,4.894394109988776,4.876595603433758,4.956998919035002
516,2.58,6.223645375119159,6.226139865114131,6.293203949852854
517,2.585,7.27258092147832,7.267368545701834,7.330647835789921
518,2.59,8.100054454764527,8.063575928993139,8.135678046602424
519,2.595,8.744935784736764,8.601758394714494,8.751108520395459
520,2.6,9.233936382297111,8.792871076316656,9.208339697208775
521,2.605,9.586011482498208,9.124619508072318,9.533183637573686
522,2.61,9.814989901763136,9.47269663882625,9.738326936325347
523,2.615,9.931252419533042,9.687488501070305,9.828416119780503
524,2.62,9.942894979481911,9.777655443898732,9.812563863289643
525,2.625,9.856631030034748,9.757719369922171,9.701900758666257
526,2.63,9.678601905480566,9.638116302573863,9.498195725684862
527,2.635,9.41522694599161,9.427161288758011,9.197230666961996
528,2.64,9.074209569254927,9.132876091589281,8.810273982912163
529,2.645,8.665797366744934,8.764565259409908,8.369215703171829
530,2.65,8.204334874038716,8.334457809698023,7.882518205972524
531,2.655,7.709979035905361,7.859542748393454,7.348068965030589
532,2.66,7.210078347719825,7.363428507992536,6.835650639600071
533,2.665,6.739124414025184,6.8775423114559615,6.4161116430690415
534,2.67,6.335677577200332,6.440253626075531,6.098906899672128
535,2.6750000000000003,6.035163358937288,6.0920462264523385,5.864628139872948
536,2.68,5.859901198947597,5.865937015628151,5.75723394911181
537,2.685,5.811108916657327,5.775935396230574,5.792915632729204
538,2.69,5.868040832439712,5.810237283697081,5.983540926336674
539,2.695,5.994848640806213,5.9345548647375965,6.133388258752187
540,2.7,6.150550643936276,6.103567624742367,6.2750217177008984
541,2.705,6.29691086627163,6.272905322026012,6.441753310153573
542,2.71,6.40217970410633,6.406075725762444,6.5656951970258355
543,2.715,6.441476929773967,6.47599333054823,6.620168196298867
544,2.72,6.395426342336544,6.463432497353506,6.5819417840351395
545,2.725,6.248246947795356,6.354437199662256,6.443173942770182
546,2.73,5.985888505740609,6.137646193855934,6.210318808168228
547,2.735,5.594388972105518,5.801900012495891,5.861861931050682
548,2.74,5.0584581127407935,5.3343584100009105,5.373890179155835
549,2.745,4.360310834981549,4.7192268968486,4.745333628537817
550,2.75,3.479049229140404,3.9370370481252785,3.9686089256129
551,2.755,2.391815354310483,2.9646991845760446,3.0049658522285645
552,2.76,1.080861122168464,1.7779197982558634,1.8087833030621199
553,2.765,-0.4403824004467324,0.3617807908413546,0.39473133422251827
554,2.77,-2.047500665389637,-1.252285673211409,-1.1869605314844227
555,2.775,-3.337892631891988,-2.8760039505947583,-2.776077220212658
556,2.78,-3.634769553510802,-3.9475492036028434,-3.826737166101438
557,2.785,-2.7315995130874207,-3.6358821190899366,-3.4775208230935473
558,2.79,-1.220839600627526,-2.0100157336310964,-1.8789861615271723
559,2.795,0.334296749461008,-0.11960569007838906,-0.03921650180603198
560,2.8000000000000003,1.707991901356192,1.4841755753970318,1.5500562270577465
561,2.805,2.850660675595633,2.7506650461015045,2.8232137046004446
562,2.81,3.769086888813142,3.727609461589596,3.820475003260395
563,2.815,4.482309043473088,4.458611322213317,4.588260665707231
564,2.82,5.008378246983003,4.9701339543768075,5.157298839567298
565,2.825,5.361002331961938,5.284514414252269,5.547343857612602
566,2.83,5.549051097598742,5.448618846912497,5.7704403500960755
567,2.835,5.57672647133468,5.504553543652856,5.832676044967656
568,2.84,5.443726498747362,5.441906395349015,5.73548718491363
569,2.845,5.145217322650754,5.234235873312001,5.476303770152627
570,2.85,4.671620028257778,4.862861924319884,5.048443004271953
571,2.855,4.008428511272442,4.312145483188144,4.4409067643231825
572,2.86,3.136837234231455,3.5642784577070836,3.6384517770267237
573,2.865,2.0377517587201077,2.5983991629953573,2.6228825312524537
574,2.87,0.7074671406117803,1.3959245976338082,1.3789830804272563
575,2.875,-0.7904276720877055,-0.03725783982412967,-0.08467142995526444
576,2.88,-2.1887717134746314,-1.5982000147530462,-1.6655861645069505
577,2.885,-2.8696280445615723,-2.9025254869753994,-2.984850616734348
578,2.89,-2.2994960788063725,-3.132349244849083,-3.2382034295669317
579,2.895,-0.817440539501038,-1.8078750686827911,-1.949309963928977
580,2.9,0.8983709313529948,0.22885188658183342,0.0686289456890039
581,2.905,2.493752092661717,2.1068468113620935,1.9617094858590605
582,2.91,3.869783759097034,3.6415613658173838,3.5392993224752125
583,2.915,5.021311825336127,4.868888761428462,4.825987985036695
584,2.92,5.967506638282916,5.841077561600603,5.858238255801692
585,2.9250000000000003,6.730004528285669,6.593703654311488,6.665325925561716
586,2.93,7.327081410027479,7.149714586462253,7.2830123179154995
587,2.935,7.772619548670139,7.5467071488755835,7.738497289854546
588,2.94,8.076342070396112,7.842137236063579,8.045340635179919
589,2.945,8.244242971683471,8.050472425635522,8.211330335374543
590,2.95,8.27889361131911,8.150414435322991,8.241911128033196
591,2.955,8.179527291142355,8.125844519188746,8.140953907036646
592,2.96,7.94185101436795,7.968247715924392,7.9082045773188305
593,2.965,7.5575159415043744,7.6699569104877074,7.538050702646824
594,2.97,7.013122167210715,7.220350333492281,7.022138707940872
595,2.975,6.288535648691381,6.603575500282733,6.348765978433436
596,2.98,5.354142575020012,5.796183667909241,5.497203094660688
597,2.985,4.166489873885816,4.763718846130526,4.433608251337611
598,2.99,2.661947862492914,3.455455615854905,3.1134325755984693
599,2.995,0.7513083288808757,1.796988294110498,1.4782041615938297
600,3.0,-1.6571177769204697,-0.31453498846934735,-0.5609852184820605
601,3.005,-4.418177224035031,-2.9707916932311846,-3.0958473287044814
602,3.01,-6.071427567909204,-5.888527570911355,-5.864278272441608
603,3.015,-4.585477381716919,-6.850327078165213,-6.736395926846381
604,3.02,-1.813561974400336,-3.5141143707759532,-3.4491296510003497
605,3.025,0.6467654760020096,0.027365554236785883,0.054628497481492566
606,3.03,2.6081184206694443,2.376764561361166,2.397866262673431
607,3.035,4.159544693596339,4.0733971132640745,4.090234763055228
608,3.04,5.393059038198469,5.352506425640193,5.3690456295893725
609,3.045,6.375386215174935,6.336577208084124,6.3610422473285615
610,3.0500000000000003,7.152977633562544,7.079538393090514,7.132000896733757
611,3.055,7.758609467955653,7.581437333895841,7.722741553625773
612,3.06,8.216080244900635,7.883681904041939,8.16274511850759
613,3.065,8.54333211611509,8.190860245051045,8.472631166732647
614,3.0700000000000003,8.754587301757873,8.47148933697467,8.665244094164635
615,3.075,8.861929177213199,8.653055815426827,8.751191347452059
616,3.08,8.87661097885013,8.73121829350286,8.741713202861538
617,3.085,8.810276856125315,8.717356275234678,8.647087619462765
618,3.09,8.676201563938728,8.625298762469646,8.476303579280543
619,3.095,8.490557095136475,8.470706234640701,8.242446136809995
620,3.1,8.27355256003191,8.27232059349446,7.968888109132994
621,3.105,8.050037416039276,8.053174490326064,7.686390787881748
622,3.11,7.848858188792802,7.840988720887209,7.421093441457099
623,3.115,7.700158716810926,7.6668698647540925,7.204239193234905
624,3.12,7.630360773459955,7.561460886043703,7.0888361424923385
625,3.125,7.65598606936424,7.548616090651735,7.117782043225271
626,3.13,7.779000240146524,7.638595924479416,7.289133355756967
627,3.135,7.98628220532828,7.824345655910848,7.56562687612562
628,3.14,8.253544960773754,8.083424566901972,7.921178102295306
629,3.145,8.551454027610271,8.384611654369877,8.327869380900468
630,3.15,8.85108551838377,8.6954481678219,8.738379176456574
631,3.155,9.127178681799778,8.987475269300042,9.06244233342533
632,3.16,9.359198876734483,9.238314734897166,9.309559403724439
633,3.165,9.53097401418165,9.43145097887342,9.499514316737795
634,3.17,9.62967107468094,9.554876772987953,9.612745363572028
635,3.1750000000000003,9.644595624688222,9.599385551864426,9.637757075395344
636,3.18,9.5660243937888,9.556923305357508,9.566232446767259
637,3.185,9.384102878439656,9.419205069263889,9.396296172422094
638,3.19,9.087736782663889,9.176625985248531,9.127439053054733
639,3.1950000000000003,8.663333120324756,8.817303835052623,8.745109793430055
640,3.2,8.093157620899657,8.325950195709801,8.23212492232154
641,3.205,7.352911198967837,7.682188782933648,7.576698276493232
642,3.21,6.407779508056062,6.857798410816796,6.755671221401794
643,3.215,5.205409200686639,5.811950224290529,5.7200409473405305
644,3.22,3.662273399449621,4.4824650469412735,4.402640460339541
645,3.225,1.6344486034298105,2.768443421967535,2.719915766971864
646,3.23,-1.1521441034790842,0.4922061671621254,0.5077983372953536
647,3.235,-5.269020669563234,-2.693501474736051,-2.5790714089541256
648,3.24,-11.045106845822518,-7.52821057842808,-7.2528641439661765
649,3.245,-8.940439845883281,-14.193569341713905,-13.686613488550885
650,3.25,-3.514235665289461,-7.455980837049431,-7.207374187176411
651,3.255,0.071354230665566,-0.17538135700565238,-0.14328979908614503
652,3.26,2.5814631091913247,2.506870223244473,2.519265224729788
653,3.265,4.453856369391245,4.493285504089074,4.500378768492581
654,3.27,5.903202739403973,5.938764285505298,5.951170832119285
655,3.275,7.046538698778537,7.067480845291419,7.089695409733582
656,3.28,7.953694287558516,7.946465869552085,7.990753403552095
657,3.285,8.669202262398906,8.610133272129682,8.699798828439635
658,3.29,9.222864184104186,8.736607533158121,9.249047005590386
659,3.295,9.63531463321142,9.057065458435314,9.658367041157739
660,3.3000000000000003,9.921170544762042,9.516921783487348,9.937421059012946
661,3.305,10.090927988750671,9.804705494235966,10.096026562006587
662,3.31,10.15217601900703,9.95308720776335,10.141743219284354
663,3.315,10.11043219295778,9.983261744786201,10.078754065201565
664,3.3200000000000003,9.969781609593772,9.906385328580688,9.910546300935739
665,3.325,9.73344769776103,9.729095964962635,9.641512061966251
666,3.33,9.404408873151285,9.455964917699873,9.27306580614028
667,3.335,8.986188982956051,9.090918737686895,8.823331679125433
668,3.34,8.483985357610447,8.638477330271336,8.30112642607149
669,3.345,7.906343478328393,8.105242149946038,7.679833797467543
670,3.35,7.267596022953889,7.501964904394923,6.998847139097315
671,3.355,6.591124047283512,6.846458263770389,6.358659451588929
672,3.36,5.912880195322543,6.167329933371341,5.808345775647904
673,3.365,5.283166146004835,5.507630895412789,5.275551735602446
674,3.37,4.762650883220733,4.925583105241435,4.818922438267418
675,3.375,4.408622113593655,4.4872343146436835,4.503171387528804
676,3.38,4.253887598834454,4.247065118980534,4.474221125248192
677,3.385,4.291349253676134,4.2226870992420675,4.494893012215997
678,3.39,4.477340798131434,4.382740177476559,4.592084500635648
679,3.395,4.750734579716979,4.661099160164597,4.8592195602185155
680,3.4,5.052706519874535,4.985246643126571,5.168630063341588
681,3.405,5.337248395434008,5.296840881364621,5.457719565028487
682,3.41,5.572920149295505,5.557387097681613,5.687251140071246
683,3.415,5.74037742822438,5.745227854428879,5.835545253824173
684,3.42,5.829111310905439,5.8506462719986265,5.923551162433057
685,3.4250000000000003,5.834890944439978,5.871785405047244,5.938223418705649
686,3.43,5.758261846849048,5.811573273900444,5.855861688763539
687,3.435,5.604035987757635,5.675662692917604,5.696582738276221
688,3.44,5.381617976350411,5.47192259420682,5.490104626493107
689,3.4450000000000003,5.105971079698188,5.211617213875417,5.2318965709185985
690,3.45,4.798869374071377,4.911518278268856,4.894612626848239
691,3.455,4.489699468239124,4.595895421325718,4.536063322969748
692,3.46,4.214508966681553,4.297274541249094,4.230070769851842
693,3.465,4.01171732086954,4.0544658137991005,3.984544891222475
694,3.47,3.9139272069686273,3.906265639673943,3.8119517327035406
695,3.475,3.9381779588758863,3.8809466293031973,3.8556753655419818
696,3.48,4.079819054015517,3.9855821773038382,3.998871863470355
697,3.485,4.314096010277765,4.202020151831872,4.193132307143509
698,3.49,4.604320781974031,4.492978174260776,4.489092043898415
699,3.495,4.911475752553477,4.814151919205289,4.8282818936311545
700,3.5,5.200913819350835,5.124869052570624,5.157681437507562
701,3.505,5.445116041929379,5.393342838784923,5.4498726794679815
702,3.51,5.62368892057349,5.597278591195144,5.679815913627316
703,3.515,5.722163336861716,5.722219216105881,5.829543081763192
704,3.52,5.730674612339296,5.759363847568944,5.886821765210881
705,3.525,5.643100241596417,5.703679528419998,5.844075590356359
706,3.53,5.456986565432278,5.552777281476269,5.697803216577756
707,3.535,5.174596849302507,5.307022252040035,5.448673867268623
708,3.54,4.805574580314141,4.971320986098516,5.102873816979692
709,3.545,4.371860147423396,4.559016045692452,4.675426513819311
710,3.5500000000000003,3.9150856292954015,4.098377436883871,4.1961343939422715
711,3.555,3.504317775398085,3.641554711851642,3.718044120334855
712,3.56,3.236022492761548,3.2725012879764632,3.325052074985142
713,3.565,3.212131608377564,3.1023517265830955,3.127477947175419
714,3.5700000000000003,3.493564078285959,3.2347859226603357,3.228596412422533
715,3.575,4.062629070915872,3.7054463020447246,3.6658440397192584
716,3.58,4.835007899611836,4.449530358006968,4.3789283234811345
717,3.585,5.707396743923852,5.34220317528257,5.24831025141598
718,3.59,6.594909815767515,6.266819223621489,6.161015379410581
719,3.595,7.441653464480352,7.1472732256264075,7.042163519669774
720,3.6,8.2157082714117,7.944137714556746,7.851418441143535
721,3.605,8.900784536594958,8.641057475891222,8.569621329881969
722,3.61,9.489557247024797,9.234619455630138,9.188464907275517
723,3.615,9.97936453980681,9.728454267136701,9.704781985075815
724,3.62,10.369668582762817,10.12861730129271,10.117844921562318
725,3.625,10.660607265186664,10.439317489762448,10.428082999916505
726,3.63,10.85216501384502,10.661035376787698,10.636311318915872
727,3.635,10.943674042624004,10.791481008835099,10.743183833780176
728,3.64,10.933477134002828,10.827143630999963,10.748823131192012
729,3.645,10.818652979312214,10.763939842882259,10.652560015730687
730,3.65,10.594744602978889,10.597074871986768,10.452690775219333
731,3.655,10.255456187156687,10.320594883315998,10.146186415409698
732,3.66,9.792308669026813,9.926877152598857,9.728329543362399
733,3.665,9.194293706151596,9.406131567736866,9.1923056193972
734,3.67,8.447695692720416,8.745977358705904,8.52878377622341
735,3.675,7.536617985558944,7.931321881914426,7.7255151514252525
736,3.68,6.445795577138652,6.945273014275395,6.767514726941722
737,3.685,5.17022868302319,5.773255914693707,5.640307496325066
738,3.69,3.7437823666930634,4.4165486194634,4.342903437173113
739,3.695,2.3113749324020385,2.931717561718419,2.926506314370372
740,3.7,1.2415770072044232,1.5276365346112395,1.5891575037778014
741,3.705,1.0480848875635391,0.7006312047834147,0.8076704086805195
742,3.71,1.8458942337837527,1.044826976594134,1.1566343597953663
743,3.715,3.1857115634729194,2.442266317725709,2.5264538918247395
744,3.72,4.6153126692971815,4.1195599697760485,4.172719643444858
745,3.725,5.9235696440454,5.617080459589741,5.649560891226303
746,3.73,7.048624789220524,6.848775982150817,6.871981609543269
747,3.735,7.985878122434745,7.835074487150592,7.8606373791566675
748,3.74,8.747569399987224,8.607140956674073,8.649448309537128
749,3.745,9.348510805994351,9.188569646158374,9.266166343074879
750,3.75,9.80161014237432,9.60375385331659,9.730799096343361
751,3.755,10.116725881465609,9.89376687918443,10.056961083344984
752,3.76,10.300559683882865,10.092149469347813,10.253216872909313
753,3.765,10.356788228607035,10.195926672205065,10.324285919905623
754,3.77,10.286154208469728,10.189318159829353,10.271869816783239
755,3.775,10.086409427762622,10.061477666232783,10.095088561116969
756,3.78,9.752052005583414,9.8048180610556,9.790667131547924
757,3.785,9.273802443504955,9.411025708431511,9.352680871231042
758,3.79,8.637752910308482,8.868662150722558,8.771875577624998
759,3.795,7.824138267376255,8.161495287337692,8.03456535497178
760,3.8,6.805834112358816,7.266850240175108,7.120596929672924
761,3.805,5.547444775769702,6.153902724022465,6.002117104323492
762,3.81,4.0090616119172005,4.78311601834955,4.6460053168338975
763,3.815,2.172016613850199,3.1127140577775663,3.019790990689067
764,3.82,0.1526461817722686,1.137095880248748,1.1213713508894245
765,3.825,-1.4579060473318983,-0.9489209509309253,-0.8668230636074554
766,3.83,-1.5182063021684888,-2.281261222529193,-2.1179027940148165
767,3.835,0.0247475191191397,-1.407261414883095,-1.2291439492541851
768,3.84,2.034201207494412,1.0914831244155656,1.2425039047422017
769,3.845,3.878908449635976,3.4069708930661067,3.5410868299755163
770,3.85,5.427567955718514,5.187162347221109,5.31061386630647
771,3.855,6.696130071268559,6.555941549265641,6.67197956399996
772,3.86,7.724937918092736,7.6185109361232755,7.7344200286351175
773,3.865,8.55049526226167,8.437019113903418,8.566262107157343
774,3.87,9.201164114728876,9.040058230227395,9.209738746022548
775,3.875,9.698005698712588,9.450812127664062,9.693489891176357
776,3.88,10.05632470487032,9.753754105821521,10.037877916323524
777,3.885,10.286969405882187,10.007514224554733,10.255829922758139
778,3.89,10.397264851646693,10.179418328198715,10.354777437049492
779,3.895,10.391628435121472,10.24327383599858,10.339911177050624
780,3.9,10.271931233419702,10.19308207373465,10.21450453167647
781,3.905,10.037647781997473,10.028063537406897,9.978240419598052
782,3.91,9.685810148832289,9.746808507704419,9.628169927287622
783,3.915,9.21075306518047,9.345661509524781,9.162489698108164
784,3.92,8.603601365446398,8.818050169695455,8.580635211784852
785,3.925,7.851400474204561,8.153800400845395,7.876607334041035
786,3.93,6.935710782636498,7.338094794426073,7.037658414589254
787,3.935,5.830355502141621,6.349800329466914,6.052841305443824
788,3.94,4.497808809327719,5.158771883192792,4.9061527947628205
789,3.945,2.8835123042511346,3.7215051157161163,3.5556067459035425
790,3.95,0.9080293006649954,1.9743201248489313,1.92477255294793
791,3.955,-1.5356489012143988,-0.17564573267754735,-0.08912268789000333
792,3.96,-4.515668052824321,-2.8500488742254033,-2.6088595646555683
793,3.965,-7.520090020174567,-6.092988514859984,-5.685837209766056
794,3.97,-8.165054973041753,-9.056800771276784,-8.528256021651876
795,3.975,-5.982896329787967,-8.284812250265176,-7.80223860567745
796,3.98,-3.541997667909842,-4.440686748965048,-4.1018615805681335
797,3.985,-1.6279396674298918,-1.7977300617017686,-1.5370126618139457
798,3.99,-0.2134273229185024,-0.11845675209888551,0.0990616580806396
799,3.995,0.8085040646354404,1.0052570346614846,1.194399825650061
800,4.0,1.5206699860658903,1.7546359902271442,1.92759191987891
801,4.005,1.9807433008426143,2.2167142002985396,2.3949853116666815
802,4.01,2.2302453341761823,2.422389503646743,2.649809475990596
803,4.015,2.3025013220301647,2.3561482784100827,2.7250989902025298
804,4.0200000000000005,2.22963672375386,2.1704024442323546,2.6506802574083523
805,4.025,2.049806561058828,2.018617202640544,2.458044011114268
806,4.03,1.815117726009933,1.825319825472714,2.183332721338917
807,4.035,1.5982725744451711,1.603645968989964,1.8783091006818315
808,4.04,1.491171786313605,1.4341448879112937,1.625757678859503
809,4.045,1.585413528622465,1.421182157789025,1.5316235376077323
810,4.05,1.935211812345509,1.657058220710851,1.6850943054449217
811,4.055,2.5290345031300565,2.174392077415761,2.118139035298834
812,4.0600000000000005,3.2990554429459253,2.923025550008751,2.791622598231669
813,4.065,4.158410314266238,3.801384721108879,3.60206714399006
814,4.07,5.032554845044683,4.709991983513418,4.436681627398327
815,4.075,5.870268140299032,5.580196723901438,5.243659880678785
816,4.08,6.641166661453537,6.374318822671842,6.023487876917285
817,4.085,7.329302263637357,7.075796793205338,6.7746870651774405
818,4.09,7.927495262396757,7.68063400528943,7.462684470780259
819,4.095,8.433446680105103,8.191842889933556,8.061451380998998
820,4.1,8.847348750815563,8.615134909366036,8.573949706868737
821,4.105,9.170494629244152,8.955262611569545,9.005882692159672
822,4.11,9.40449347087246,9.21435888459554,9.31092552307078
823,4.115,9.550835646766394,9.392537229075659,9.458587986326187
824,4.12,9.610655488238134,9.489135685902088,9.508573629065218
825,4.125,9.584604017810785,9.50340186447368,9.475052082225343
826,4.13,9.472783298744645,9.43459231740208,9.350676321019746
827,4.135,9.274717915847631,9.281832766838912,9.137826814876547
828,4.14,8.989355193867002,9.04395983609989,8.839010524328986
829,4.1450000000000005,8.615099513547776,8.71942091189294,8.465017633576334
830,4.15,8.14990241355342,8.30625237892792,8.019837359157474
831,4.155,7.591455153050476,7.802156313240197,7.49646464660766
832,4.16,6.937573437211036,7.204725238129578,6.895317720842499
833,4.165,6.186940406538199,6.511921045192211,6.222173030439155
834,4.17,5.340506592362921,5.723012313031875,5.471320370833396
835,4.175,4.404056151152509,4.840340362885926,4.6282429104043885
836,4.18,3.3927051814543665,3.872539617851607,3.699895935410704
837,4.1850000000000005,2.3381172244315325,2.840118967021737,2.719209972721587
838,4.19,1.2979676314508315,1.7841906216524666,1.7218188937770438
839,4.195,0.3624367656717608,0.7771451382414973,0.7692587388230239
840,4.2,-0.3562249148036879,-0.0726851739482246,-0.015835555686115832
841,4.205,-0.7650302918950312,-0.6413225145841279,-0.5258310308235146
842,4.21,-0.8441431193467517,-0.8482733630301924,-0.7138537999567047
843,4.215,-0.6593163330706997,-0.7175114977179851,-0.5816689962270836
844,4.22,-0.3176051464181676,-0.366064934686519,-0.23026516262164876
845,4.225,0.0846080928752318,0.0727474684051348,0.2075523746405894
846,4.23,0.4842455821014743,0.5062451521121893,0.6431810655500731
847,4.235,0.8502449862446262,0.8893552374212712,1.0339536038238712
848,4.24,1.1746779362805122,1.2102502871980723,1.3682931755447023
849,4.245,1.4645342672714114,1.4772464149451414,1.652710181834617
850,4.25,1.7356587407715245,1.7110907154453883,1.9035814562017648
851,4.255,2.00799472904557,1.9391953021745154,2.14221857799449
852,4.26,2.3012258841839643,2.1887451788608216,2.3909959222137243
853,4.265,2.6306434346297087,2.480187721776641,2.669334722649845
854,4.2700000000000005,3.003880348407049,2.8239309039579266,2.9897669630713946
855,4.275,3.4194646236301365,3.219852603722876,3.3552537897737524
856,4.28,3.8676437455992314,3.658398697613716,3.758889020310477
857,4.285,4.332969769314275,4.123117473975927,4.18624802247978
858,4.29,4.797481600447157,4.594181549945674,4.61935338110893
859,4.295,5.243398706240317,5.051765572986083,5.040411787508455
860,4.3,5.654798481150056,5.478342302871326,5.434103411889745
861,4.305,6.01829557092294,5.859667942651057,5.788444475535103
862,4.3100000000000005,6.32301600527101,6.184750332188418,6.094594778762602
863,4.315,6.560188127445131,6.445236701106715,6.345752237587221
864,4.32,6.722586162641061,6.634583213180828,6.535561098440362
865,4.325,6.8039604631110215,6.7472460820100375,6.656967030224284
866,4.33,6.798512816390544,6.778021155174319,6.7020239801972075
867,4.335,6.700431414294643,6.721560138959849,6.662137681831119
868,4.34,6.503481457916572,6.572022129576061,6.528207596247927
869,4.345,6.200648045638507,6.322797783035998,6.290962973820871
870,4.3500000000000005,5.783849462156363,5.966267623880679,5.941689084293117
871,4.355,5.243797097054856,5.493611822811524,5.47245124668453
872,4.36,4.57021931106738,4.8947837999542525,4.875329882054394
873,4.365,3.753008480613769,4.1589542871384,4.141887760216706
874,4.37,2.785676637748175,3.2761882270747575,3.2643854219222423
875,4.375,1.674413776130223,2.2422159542802538,2.240324066096299
876,4.38,0.4597158622933339,1.0706813672094064,1.0842009659736562
877,4.385,-0.7400227870556452,-0.17808232114696576,-0.1447694886394526
878,4.39,-1.6764698871825734,-1.3410282024393432,-1.2883419105988931
879,4.3950000000000005,-2.020558553440786,-2.095934817818729,-2.0340700677640937
880,4.4,-1.629823909702376,-2.0694031874845082,-2.0188542060686325
881,4.405,-0.7150512973858418,-1.2290723198957032,-1.2080458312307725
882,4.41,0.3935725043734194,0.009446614463231029,-0.0011232763938355816
883,4.415,1.474568987095899,1.2435385618836805,1.2120169104689356
884,4.42,2.4277537532752635,2.3061688274876677,2.2681479580707267
885,4.425,3.219169002387427,3.1623243727554113,3.1327932380944894
886,4.43,3.8424415185328686,3.816986829091082,3.811513263550882
887,4.4350000000000005,4.300428034843359,4.282430198939752,4.316733017852349
888,4.44,4.597529179807066,4.573931088018739,4.6584471424230305
889,4.445,4.7366053576286,4.714301799985309,4.842579916417602
890,4.45,4.717733187589732,4.724029170728272,4.871283003384401
891,4.455,4.537678957441118,4.603235878275109,4.743246346069606
892,4.46,4.189732442707833,4.336849035222166,4.453728391401809
893,4.465,3.6640580506614895,3.9074927390806415,3.9946618185835194
894,4.47,2.9494860697774468,3.299153555543204,3.3554255611565784
895,4.4750000000000005,2.039523019187419,2.4982532113488376,2.5255672198572103
896,4.48,0.9501574422753672,1.5006296261400256,1.5031246045662283
897,4.485,-0.2330191228135807,0.3353536260809413,0.31845364185756697
898,4.49,-1.2603615806479398,-0.8717456827936871,-0.9041123007509873
899,4.495,-1.6692598150034823,-1.776963404765592,-1.828545160799715
900,4.5,-1.1083656909483657,-1.7970307270484822,-1.8840539414453454
901,4.505,0.209091677092174,-0.6482967408803608,-0.7854839559323405
902,4.51,1.7991658068660463,1.1297904184450407,0.9542153712986949
903,4.515,3.350831439727466,2.896455247548177,2.7131746543161506
904,4.5200000000000005,4.746373310972644,4.428910256414248,4.266585817505637
905,4.525,5.9598054344918205,5.71179651829862,5.591459452474217
906,4.53,6.997190648316929,6.77288413336991,6.70886051717579
907,4.535,7.873002556343764,7.63903241195491,7.639440887445089
908,4.54,8.602007868199296,8.33305523840047,8.399820654287375
909,4.545,9.196823405335708,8.888282984215575,9.007976545482633
910,4.55,9.66741195727544,9.347045645038243,9.48024216163791
911,4.555,10.021178097233182,9.725015240360472,9.827602195250396
912,4.5600000000000005,10.26319191586606,10.012586439164647,10.057265797240623
913,4.565,10.396376240746942,10.200075659857248,10.174579899982541
914,4.57,10.421598702983545,10.28314224147023,10.183598173417398
915,4.575,10.33764068823513,10.259450738123356,10.086529722864856
916,4.58,10.14101473774991,10.126125574768139,9.883286859290518
917,4.585,9.825583304674554,9.878459384879843,9.57212904732809
918,4.59,9.381893472105082,9.509050408657359,9.149265247242987
919,4.595,8.796070658885986,9.006854594311257,8.606730700699313
920,4.6000000000000005,8.04797523535784,8.355797338200173,7.932566917769157
921,4.605,7.108036857282959,7.532513491468471,7.1118753076351435
922,4.61,5.931529508945017,6.5024470705243935,6.119238132817486
923,4.615,4.447427878761411,5.212697779238647,4.903175350761688
924,4.62,2.5344084985001194,3.5778318190970424,3.3726819224711884
925,4.625,-0.0386738080665278,1.4486138576983048,1.3743787676657568
926,4.63,-3.793733404281122,-1.467707245853192,-1.3853051728792192
927,4.635,-10.23944329929635,-5.857658156260889,-5.586475230538326
928,4.64,-15.09198392720826,-13.792402442007193,-13.24858149359199
929,4.6450000000000005,-6.5829975196093145,-17.6253939085032,-17.000413832991995
930,4.65,-1.942464169552083,-1.3734699614053252,-1.3516190115755986
931,4.655,0.9897475357755668,0.9527336767076688,0.969993082297187
932,4.66,3.0633186319757733,3.2500636371342777,3.231010323412387
933,4.665,4.613036728299912,4.753441567537131,4.714081328862352
934,4.67,5.801889281735601,5.919818192741246,5.86398347909854
935,4.675,6.720527520845337,6.815191326597093,6.751473253855815
936,4.68,7.42389868800055,7.506805554822813,7.434419752343917
937,4.6850000000000005,7.947201012404337,7.813459927036083,7.9441582206249866
938,4.69,8.31369514638898,7.579893182059421,8.309023770668066
939,4.695,8.538856299412796,8.115969365455461,8.537804341304057
940,4.7,8.632702629124578,8.37718422616211,8.63388083844481
941,4.705,8.601128932252779,8.457275446251902,8.604290777101873
942,4.71,8.446645818455686,8.393395324732099,8.45195093857161
943,4.715,8.168722397371372,8.197829693182205,8.17736634508881
944,4.72,7.7638245919079,7.873430413577526,7.778701475930255
945,4.7250000000000005,7.2251783416255,7.41757479998925,7.250603767758699
946,4.73,6.542245805457841,6.823166734699765,6.585659769599022
947,4.735,5.699883155155156,6.078517604471512,5.792948608941883
948,4.74,4.677189692466922,5.16658905648201,4.827737334899684
949,4.745,3.446326495246354,4.063808809905945,3.632048244518784
950,4.75,1.972725565160328,2.7389616920741546,2.277298124603604
951,4.755,0.2226593902398731,1.1542631254234466,0.8182909222830794
952,4.76,-1.7983436018373842,-0.7227930409494032,-0.8467468520620463
953,4.765,-3.8980071493950064,-2.8632865452886573,-2.8370707493438356
954,4.7700000000000005,-5.360298828266848,-4.96689139981275,-4.7672803264459525
955,4.775,-5.202092359451989,-6.017268044155987,-5.649490068922885
956,4.78,-3.729524504044911,-4.8842959367354375,-4.334098955383629
957,4.785,-1.9695980968218836,-2.6204075660436503,-2.270021186936022
958,4.79,-0.3956368412752881,-0.6552375482185981,-0.40089797287954276
959,4.795,0.904650870526908,0.8355447658861799,1.0755638806410164
960,4.8,1.953523578968804,1.963048398708148,2.1601665176431166
961,4.805,2.7922846875961267,2.8197818420515177,2.9966422579739933
962,4.8100000000000005,3.4600588191101216,3.4627056495097674,3.613181152791803
963,4.815,3.990719068645599,3.9230513408946956,4.085805118862715
964,4.82,4.413859775099097,4.243214557963695,4.479267078822873
965,4.825,4.756234130493662,4.521212061095767,4.774069105695969
966,4.83,5.042731706452472,4.803843103805634,4.986429466881931
967,4.835,5.29662847477003,5.073976655933333,5.181692343976384
968,4.84,5.539050032198345,5.329502272227548,5.387932319349779
969,4.845,5.787772370771974,5.583493741172777,5.570435917054022
970,4.8500000000000005,6.0557239811114005,5.850565221285825,5.711752364000207
971,4.855,6.349752141272548,6.140870721542465,5.91653412255458
972,4.86,6.670204142909397,6.457936473301986,6.188644741573041
973,4.865,7.011575860251089,6.798509355403554,6.453239918522361
974,4.87,7.364038986064804,7.153841429938483,6.758248321965319
975,4.875,7.715343987523187,7.511794715505879,7.2078260399227885
976,4.88,8.052568819807718,7.859030118129056,7.499921742861185
977,4.885,8.363382980591938,8.182711076772224,7.803001310362619
978,4.89,8.63674707064704,8.471491365124017,8.15221873042658
979,4.8950000000000005,8.86313908406067,8.71584568197752,8.457657515376637
980,4.9,9.03446117414342,8.907940190547624,8.720142466523239
981,4.905,9.143768890085418,9.041254792478504,8.928093400685464
982,4.91,9.18492323080826,9.110123159450737,9.064896620590803
983,4.915,9.152223100380404,9.109293100541658,9.099939204975437
984,4.92,9.040043505764206,9.033549016073735,9.027274809505073
985,4.925,8.842484712449298,8.877392446768363,8.861962883023871
986,4.93,8.553027816133786,8.634753516739666,8.604756154985042
987,4.9350000000000005,8.164192019395175,8.298704376717605,8.249323996495058
988,4.94,7.667202030013601,7.861159655550896,7.789705768375841
989,4.945,7.051714654515776,7.312577895873476,7.22067626386278
990,4.95,6.305761857108284,6.641739035751558,6.536811818559034
991,4.955,5.41634998477851,5.835821109274656,5.726991911386474
992,4.96,4.371891781278434,4.88138063082381,4.777161447828974
993,4.965,3.1695365242101308,3.7678360098208863,3.6790238984602546
994,4.97,1.8348677602790036,2.49759716084222,2.4365418189366075
995,4.9750000000000005,0.4681800618574549,1.112817707310537,1.0866017328782527
996,4.98,-0.6797582868623676,-0.2432115750535946,-0.23687484795325542
997,4.985,-1.2092374540621829,-1.2337824080675608,-1.2045150443426058
998,4.99,-0.8752096294874921,-1.3755562877368739,-1.3416588951514248
999,4.995,0.1105206134859303,-0.5157174854800459,-0.49722849307843386
1000,5.0,1.3442923729322496,0.8696526521869492,0.8725205577977713
1001,5.005,2.559218451032648,2.2639019388506787,2.2699317171469797
1002,5.01,3.644852429013188,3.4690719485585193,3.4890147885775633
1003,5.015,4.571139524465187,4.458022466717105,4.4943208817341675
1004,5.0200000000000005,5.339186541418507,5.247681056053153,5.309536155022777
1005,5.025,5.959958113571622,5.859443484564064,5.960792959985027
1006,5.03,6.446310858586592,6.315213692567141,6.4672969335031265
1007,5.035,6.810365684249053,6.647178010383419,6.844989695279781
1008,5.04,7.062906353679192,6.891630688228389,7.1065173036596025
1009,5.045,7.213537241284417,7.062867721925977,7.261988523166908
1010,5.05,7.271135657412639,7.157213293348869,7.320164240288153
1011,5.055,7.244441850418406,7.171986327629812,7.289378741990925
1012,5.0600000000000005,7.142743388628388,7.110395787512219,7.178374890176704
1013,5.065,6.976639309504239,6.979942732980943,6.997235441884251
1014,5.07,6.758845431748939,6.791282880849801,6.758371729792957
1015,5.075,6.504926712688935,6.558150510777054,6.477442959127075
1016,5.08,6.233712567475839,6.2976827091737055,6.173787079631182
1017,5.085,5.9669947447354135,6.0305062072953515,5.870477819806942
1018,5.09,5.728032325486332,5.779961603150471,5.5949144646912945
1019,5.095,5.538596632347835,5.569896572558937,5.377301023737639
1020,5.1000000000000005,5.414941139180708,5.420865540098105,5.242870805050725
1021,5.105,5.363974793402312,5.345494379615196,5.202328990961609
1022,5.11,5.381333247963704,5.344804531224747,5.249801363681005
1023,5.115,5.4523297632375645,5.407432924400164,5.367295140667948
1024,5.12,5.555271847739841,5.512322011956487,5.527500401326256
1025,5.125,5.665550589199187,5.633503933142251,5.695541753493798
1026,5.13,5.758981036640315,5.744748887265572,5.837078554441059
1027,5.135,5.813699718843908,5.822562754535766,5.929592359107185
1028,5.14,5.810707154933933,5.84727585856409,5.959137326543738
1029,5.1450000000000005,5.733489893490718,5.802731970912202,5.912585515602192
1030,5.15,5.567145154899898,5.6752093192143445,5.777303742255472
1031,5.155,5.297274600964586,5.452029022385008,5.541971111946681
1032,5.16,4.908753267348148,5.120108173395895,5.19586533977969
1033,5.165,4.384364652012306,4.664554383758541,4.726677353061251
1034,5.17,3.7032338809944503,4.067254920829324,4.118072564569799
1035,5.175,2.8390277361524263,3.305318099462803,3.348962883182666
1036,5.18,1.7582330354742894,2.34928963554173,2.3924175583602607
1037,5.1850000000000005,0.4203640994722974,1.1616049210822972,1.2128756648051526
1038,5.19,-1.2116316571998151,-0.30200244715051117,-0.23308040364366178
1039,5.195,-3.1168456239619307,-2.076178870730553,-1.9789043994815216
1040,5.2,-5.0074398411002985,-4.106077669032988,-3.96955787304549
1041,5.205,-5.9445380677624176,-5.949952237797465,-5.775873796166685
1042,5.21,-5.06235019679946,-6.296492913281611,-6.127448095717721
1043,5.215,-3.118613935558786,-4.331031392039259,-4.227177823390285
1044,5.22,-1.1091033964951322,-1.744726761569373,-1.7005125457457826
1045,5.2250000000000005,0.6348545837651101,0.3408362086126555,0.358819994396371
1046,5.23,2.07993459832854,1.9435848429456253,1.9570191405936455
1047,5.235,3.260243077567176,3.1877470397399765,3.2122051811467247
1048,5.24,4.2150752743633495,4.156774441558524,4.207916053441225
1049,5.245,4.97649082207969,4.894496412090375,4.995039598408882
1050,5.25,5.568499052931093,5.419392322319436,5.605489452957142
1051,5.255,6.0084410565565705,5.7789058939740805,6.060152490217232
1052,5.26,6.308420911404465,6.06669555849779,6.372288948078101
1053,5.265,6.476383232295001,6.286480307065997,6.5500433087823025
1054,5.2700000000000005,6.516832181410943,6.399360841190147,6.598430221471947
1055,5.275,6.431256497979514,6.389647015469857,6.519830856850485
1056,5.28,6.218319835967319,6.253300865001428,6.314226591072782
1057,5.285,5.873862126113001,5.987352796070702,5.979598044062127
1058,5.29,5.390759629722009,5.586729526386503,5.512098794905105
1059,5.295,4.758736944222363,5.043339073818036,4.906383608881628
1060,5.3,3.96438613957803,4.345740771210144,4.154939852358745
1061,5.305,2.992136675837883,3.4792985692814087,3.2453890382032617
1062,5.3100000000000005,1.8283450247665325,2.4277333557661316,2.1663558868552015
1063,5.315,0.4747023998149927,1.179033587016931,0.9211247528814259
1064,5.32,-1.0129216415311946,-0.2557808573393743,-0.46510558075342345
1065,5.325,-2.43292165828608,-1.7892710562806107,-1.9124185802674
1066,5.33,-3.335123699060245,-3.136027733844452,-3.162359735571213
1067,5.335,-3.2429972428815352,-3.7042688292668373,-3.6501383668587994
1068,5.34,-2.2445173512793475,-3.0060290333638884,-2.903690324858995
1069,5.345,-0.8642418366018346,-1.4565778946516144,-1.3343239687338242
1070,5.3500000000000005,0.5113946522043551,0.16909167705383155,0.28343387375694284
1071,5.355,1.7296622932318215,1.554173485756479,1.6497705677095063
1072,5.36,2.7545402926633686,2.668179927702742,2.7522122211057742
1073,5.365,3.5905212473047188,3.5419089917237727,3.6232468873819497
1074,5.37,4.25259207700433,4.205958522671657,4.295557272274816
1075,5.375,4.756221593124887,4.6831162490508005,4.795797819802172
1076,5.38,5.114475776887054,5.002840680988718,5.146260669284659
1077,5.385,5.337502028209827,5.210829368959938,5.363876069409419
1078,5.39,5.432747020147319,5.331735231024782,5.456298081398
1079,5.3950000000000005,5.405374866277191,5.356569306658279,5.428064634335271
1080,5.4,5.258747317224354,5.27285619454966,5.285622332906519
1081,5.405,4.99499061465503,5.075288930958281,5.032128741467297
1082,5.41,4.615779099887897,4.762744003896905,4.664364722666072
1083,5.415,4.123592551817022,4.336056804319987,4.181821916061436
1084,5.42,3.523903791622111,3.7982329273957505,3.5953589758602638
1085,5.425,2.829046405447336,3.1566969811067302,2.919176298685813
1086,5.43,2.0647701744074265,2.4279539144590307,2.1699936681750134
1087,5.4350000000000005,1.2800153100105292,1.6456061843401604,1.386536010457153
1088,5.44,0.5571523218292501,0.8718997439451073,0.6368429674746681
1089,5.445,0.0111164270031572,0.20811993308185528,0.011902723929797077
1090,5.45,-0.2422946261574618,-0.21280123251493688,-0.36092259263863014
1091,5.455,-0.1480159165639619,-0.2758050976389086,-0.36906661742273705
1092,5.46,0.2500929996623678,0.03760738971907429,-0.0004454622375815731
1093,5.465,0.840424778323008,0.6247668621000715,0.639685803242072
1094,5.47,1.5061429965802815,1.3327007830864432,1.394895911409317
1095,5.4750000000000005,2.161362699140952,2.0388307118831053,2.13379063780515
1096,5.48,2.754652812550993,2.673246152977698,2.7855671585315296
1097,5.485,3.259360648240724,3.204493979582084,3.3273715397863883
1098,5.49,3.6636565851925615,3.6225508477193324,3.7536330075025237
1099,5.495,3.963783208430019,3.9289253219378093,4.064191129276688
1100,5.5,4.1601818889980775,4.131504261221279,4.262635315819064
1101,5.505,4.255518104550181,4.239849899130037,4.3551134630630095
1102,5.51,4.253868056649967,4.260888337118934,4.348983145108507
1103,5.515,4.160648634072626,4.198297964552706,4.250768343496126
1104,5.5200000000000005,3.9830995631587793,4.055219108808543,4.067097474252546
1105,5.525,3.7312562534611615,3.8371132024263885,3.807576050878396
1106,5.53,3.419385545997717,3.5536728083135594,3.4850957397875284
1107,5.535,3.067753031323934,3.2203981437919063,3.1156372933166847
1108,5.54,2.7042608403667683,2.8602592759126577,2.722104064673366
1109,5.545,2.3648787026249067,2.505012781235734,2.339182866669672
1110,5.55,2.09112550273776,2.194768578870108,2.01117145845093
1111,5.555,1.923069872327395,1.9736648238432801,1.7844161433049086
1112,5.5600000000000005,1.8886909343720268,1.880230386269873,1.6991719231234463
1113,5.565,1.9943991357545363,1.934639457304812,1.7760581959361197
1114,5.57,2.22286690234776,2.1299314460918586,2.0024035208356774
1115,5.575,2.5397802223924923,2.434118530736591,2.340225147788061
1116,5.58,2.904817138695632,2.802202836161879,2.743532095541533
1117,5.585,3.280779112998755,3.1898112096579054,3.166641184192977
1118,5.59,3.6382028212387874,3.561535749863295,3.570749383184033
1119,5.595,3.9561942900940608,3.8931467882953283,3.928543812545091
1120,5.6000000000000005,4.221328935108728,4.170286670406915,4.22401302130961
1121,5.605,4.426039975945085,4.386060953122375,4.449646876917256
1122,5.61,4.567208453456927,4.538672676822486,4.603351677197266
1123,5.615,4.645188063524566,4.6295143387186855,4.686556106206464
1124,5.62,4.6632691809141065,4.661984311847935,4.703470069649162
1125,5.625,4.627498997082134,4.641155117490204,4.660846079404527
1126,5.63,4.546736433306545,4.574095633724561,4.5679021219762515
1127,5.635,4.432778981185901,4.47043622057803,4.436408831296574
1128,5.64,4.300334458292562,4.342796104419648,4.280905119551654
1129,5.6450000000000005,4.166539906380682,4.20677585481213,4.11864139681758
1130,5.65,4.049716839506842,4.0802273616463935,3.9688064246516443
1131,5.655,3.967203808436275,3.9815402154256287,3.850920973148142
1132,5.66,3.9324979679238536,3.9269095970954346,3.7823942588697106
1133,5.665,3.952457467626729,3.927060699450908,3.7753221191527246
1134,5.67,4.025604455151052,3.9844885252956384,3.8333404033455842
1135,5.675,4.1422613204945655,4.092420868613797,3.9500755946400865
1136,5.68,4.286431901378159,4.236059860561543,4.110055357558012
1137,5.6850000000000005,4.438579122816964,4.3955371167021084,4.2915462166511045
1138,5.69,4.578263111242784,4.549284001356079,4.470296269822189
1139,5.695,4.685964209229148,4.676650309519824,4.622999520693701
1140,5.7,4.743925762213362,4.759275656550058,4.72922227308528
1141,5.705,4.736188347863395,4.7813213270791275,4.7716667293007635
1142,5.71,4.648084021412534,4.728924916703753,4.735588990199126
1143,5.715,4.465403734264863,4.5892251553492,4.607858794583479
1144,5.72,4.173341883924583,4.349186871375517,4.375783851516748
1145,5.7250000000000005,3.755210155471469,3.994321675510185,4.025785927807537
1146,5.73,3.190807250958672,3.507260946733795,3.5419064081424474
1147,5.735,2.4542218955546584,2.8659950182128373,2.903959155960562
1148,5.74,1.510741564821744,2.0414559657652145,2.0850328438629027
1149,5.745,0.3125935916503828,0.9940217948284218,1.0479629381047628
1150,5.75,-1.2055714122377597,-0.3313151428745016,-0.2594635225563806
1151,5.755,-3.122665764189012,-2.009521765605607,-1.9090411973775163
1152,5.76,-5.463412696822632,-4.1265122731983634,-3.983544802210524
1153,5.765,-7.795075473612894,-6.674669413644917,-6.4758072291742295
1154,5.7700000000000005,-8.357669449376571,-8.956904159062978,-8.712347923269812
1155,5.775,-6.366936394540208,-8.453089944858162,-8.2540501799785
1156,5.78,-3.753387976650356,-4.960056907789273,-4.886093905896919
1157,5.785,-1.4801953690445355,-1.9498080473433799,-1.9522656023838874
1158,5.79,0.362580842501882,0.18102031032132082,0.14742774526428093
1159,5.795,1.845779712415212,1.7748094945973416,1.7341937540999273
1160,5.8,3.040974546016839,3.0046986830567404,2.973930178794622
1161,5.805,4.001111244581848,3.9602920731757596,3.9577425581239067
1162,5.8100000000000005,4.763242383754546,4.677215286995197,4.735887350840098
1163,5.815,5.352961227896278,5.153242930608358,5.338999579078322
1164,5.82,5.787690609434182,5.484645278768364,5.786545056565476
1165,5.825,6.0788218845676845,5.8014240331792735,6.0896929948541505
1166,5.83,6.233022508790256,6.0375777561744695,6.254749936496271
1167,5.835,6.252957097157532,6.14488365410139,6.28500661229874
1168,5.84,6.137561865309893,6.114979954920893,6.180429898353479
1169,5.845,5.881924954044822,5.94527574843147,5.937891092206857
1170,5.8500000000000005,5.476747645163099,5.630245624983068,5.551342130848913
1171,5.855,4.907277021358738,5.159405195444409,5.011236108347108
1172,5.86,4.151492451367115,4.51589773092782,4.304689279760847
1173,5.865,3.177197902065489,3.6743676317815774,3.411044537474642
1174,5.87,1.937648354286514,2.5975363232972164,2.2928485829420526
1175,5.875,0.3663042510026294,1.231084724436915,0.9043641971794276
1176,5.88,-1.6213776472278916,-0.5019948912863796,-0.8034515546187908
1177,5.885,-4.065010138217264,-2.695449942930769,-2.9052103480112885
1178,5.89,-6.545531847272745,-5.361561547415743,-5.432341503705302
1179,5.8950000000000005,-7.193978332037334,-7.815842395875363,-7.748955875389191
1180,5.9,-5.151725067922714,-7.3582365037131865,-7.245366995310748
1181,5.905,-2.509459896231902,-3.732961381522392,-3.655181677752971
1182,5.91,-0.2473272133507408,-0.7051809163955625,-0.6371836430729978
1183,5.915,1.5654964699575324,1.3965494059183041,1.4392278953883375
1184,5.92,3.010467839415885,2.950679124771393,2.9704949302745436
1185,5.925,4.163780049368698,4.137679912132555,4.149088332946959
1186,5.93,5.080567876746408,5.0495895275671785,5.0639421081639036
1187,5.9350000000000005,5.799071823569327,5.722458964331312,5.767328651389365
1188,5.94,6.345650582929029,6.1501444125112705,6.292404529474099
1189,5.945,6.738336007645575,6.432973844976315,6.666971715614063
1190,5.95,6.989125769342658,6.711466747915669,6.907066571618935
1191,5.955,7.105416275818155,6.911700836094352,7.014898483685464
1192,5.96,7.09086999752356,6.98444028756656,6.994380267565637
1193,5.965,6.945906524203174,6.923210641568874,6.852383814332768
1194,5.97,6.66794613071665,6.727577531840106,6.585883969725317
1195,5.9750000000000005,6.2515242671988975,6.394984624506643,6.180759348980258
1196,5.98,5.688461127833823,5.919688531144347,5.63090940018211
1197,5.985,4.968500860539422,5.292967850297208,4.943941075187452
1198,5.99,4.081479771440942,4.504157070226497,4.115059779972122
1199,5.995,3.02379122850202,3.5437904033097976,3.1274284030996213
1200,6.0,1.816083280489431,2.4125898189865143,1.9985844415568241
1201,6.005,0.5465111206861061,1.1456165394876412,0.7835278804262495
1202,6.01,-0.5511224233867849,-0.12989960884081153,-0.40509941256214166
1203,6.015000000000001,-1.0716032879773931,-1.0967387688428412,-1.2702048842602496
1204,6.0200000000000005,-0.7138201958320062,-1.2528551097111302,-1.3392834219844145
1205,6.025,0.353791335721826,-0.36029818330179,-0.3824146740893344
1206,6.03,1.7121609719430446,1.1406954974445305,1.179982987450273
1207,6.035,3.0674343411116696,2.6850971338462397,2.768264254599665
1208,6.04,4.295667129125134,4.0415572013561105,4.119001398709086
1209,6.045,5.3625904450817625,5.175976069545084,5.241454858855351
1210,6.05,6.268635173359899,6.105957298231298,6.1723821815256565
1211,6.055,7.025020770138956,6.854243704153026,6.929648020495726
1212,6.0600000000000005,7.644831919884546,7.442543466558401,7.534460881564549
1213,6.065,8.140025169503334,7.90174341530679,8.00409732107853
1214,6.07,8.52062726312203,8.269547552853409,8.358495702192217
1215,6.075,8.79470038865135,8.562317724545977,8.611141504765762
1216,6.08,8.968545243436926,8.774579186906573,8.763664662924581
1217,6.085,9.046951756323825,8.899486304988468,8.821227424460233
1218,6.09,9.033436051736707,8.934926783275284,8.794529756162945
1219,6.095,8.93045210368438,8.881410868515902,8.685725817002199
1220,6.1000000000000005,8.739587510436404,8.740106266018339,8.486670981851542
1221,6.105,8.461764910114953,8.512019304922799,8.199678823495496
1222,6.11,8.097482938829929,8.197805315775732,7.841862374983056
1223,6.115,7.647149162373852,7.797886796048266,7.418129585309094
1224,6.12,7.1115876541164935,7.312787717090815,6.92692376261266
1225,6.125,6.492851707754493,6.743723904543804,6.387737113624867
1226,6.13,5.795540353144174,6.0935840329198,5.803224927876816
1227,6.135,5.028891412784907,5.368529107931132,5.1475019828567525
1228,6.140000000000001,4.209930392245216,4.580520195400421,4.435898674651224
1229,6.1450000000000005,3.367668792115065,3.7510527325317256,3.6933707554307067
1230,6.15,2.54728433795081,2.9159217401074073,2.9445186304152724
1231,6.155,1.810878097079934,2.129336485262588,2.232469187550885
1232,6.16,1.2288362067876282,1.4626388835386668,1.6179924162938524
1233,6.165,0.8581813024333551,0.9901990203699631,1.1738278671421356
1234,6.17,0.7167534202665338,0.7602698575332951,0.9539439547005384
1235,6.175,0.7736434500219287,0.7668191000730351,0.9575564530339671
1236,6.18,0.9650861385643732,0.9493681681951305,1.1287028850929919
1237,6.1850000000000005,1.2210482072266309,1.2236136076679482,1.387917143150783
1238,6.19,1.483682552858289,1.5144977852534884,1.664918055492378
1239,6.195,1.71298327696809,1.7705776324516487,1.9118094973411983
1240,6.2,1.884825025288004,1.9628025691844702,2.1005685635149436
1241,6.205,1.9868788411316751,2.0783529711115305,2.217527022034504
1242,6.21,2.0150903678758354,2.115218169288803,2.258899128193357
1243,6.215,1.971422352285268,2.0783202873182374,2.2263035280148618
1244,6.22,1.862759605873208,1.9766106586020107,2.1243254115153607
1245,6.2250000000000005,1.700660510481371,1.8214036785459933,1.962097294749317
1246,6.23,1.501578608825055,1.626533183229839,1.7553914831556692
1247,6.235,1.287074775985093,1.4097216882701686,1.5251669030006103
1248,6.24,1.0833627224598557,1.1936856345444449,1.2960453605692832
1249,6.245,0.9194138246742464,1.005739604192355,1.0966633271370654
1250,6.25,0.8231162997751479,0.8751457177128472,0.9558487016270094
1251,6.255,0.8159493990185902,0.8280777418934937,0.896301486238849
1252,6.26,0.9080185526731404,0.8813537356749803,0.9338169888904395
1253,6.265000000000001,1.0959119875052423,1.0376325688190673,1.0743300489312366
1254,6.2700000000000005,1.364623364467824,1.2848996992812518,1.3093819757408016
1255,6.275,1.6924696999141915,1.6007879920497636,1.6189982818422242
1256,6.28,2.0565569024161734,1.9593264341592196,1.9785249481580705
1257,6.285,2.436817621119369,2.336851754641656,2.3641073122221457
1258,6.29,2.818009629137196,2.715327733669155,2.7559070931447063
1259,6.295,3.190071604816385,3.0831881394279472,3.1393137597352156
1260,6.3,3.547526816273997,3.434641908397542,3.504815127904716
1261,6.305,3.888486515218292,3.768294651313524,3.847354773981145
1262,6.3100000000000005,4.213568515493166,4.085611363996185,4.165655684234139
1263,6.315,4.524871959837602,4.389517273011181,4.461408392576584
1264,6.32,4.825061923188004,4.683293752784566,4.738129932391039
1265,6.325,5.116590710250344,4.969796615865628,4.99992994460644
1266,6.33,5.401082946587895,5.250931832752288,5.250546592934998
1267,6.335,5.6789132950680905,5.527316326258293,5.492726124676154
1268,6.34,5.948995106231182,5.798096794541609,5.727845355844661
1269,6.345,6.2087740795370845,6.060931127782526,5.955722741240875
1270,6.3500000000000005,6.454391322680674,6.312128693050733,6.174628208523193
1271,6.355,6.680956925660526,6.546914974264908,6.381460949729725
1272,6.36,6.882866805025332,6.759760158560652,6.571990607093584
1273,6.365,7.054103261157617,6.944705296721045,6.741092097943799
1274,6.37,7.188478125342629,7.095633176801392,6.882986002857933
1275,6.375,7.2797988724534815,7.206454758540618,6.991469334840136
1276,6.38,7.321956555017777,7.271205763003918,7.060056033724489
1277,6.385,7.308947246597737,7.284065525344333,7.082011195545377
1278,6.390000000000001,7.234846488044264,7.239320057402759,7.050368450477913
1279,6.3950000000000005,7.093761823642217,7.131295578645119,6.958000146963224
1280,6.4,6.879796190882491,6.954291783589469,6.797772000629946
1281,6.405,6.587070820940165,6.702551455301862,6.5628159974768625
1282,6.41,6.20989027298689,6.370322414991573,6.246850286614221
1283,6.415,5.743201780206064,5.952111473908087,5.844453462435312
1284,6.42,5.183637591275094,5.443319837624672,5.351500313067826
1285,6.425,4.5316821999277765,4.841624215119764,4.766293385645771
1286,6.43,3.7959222329004207,4.149787419862462,4.09214439629184
1287,6.4350000000000005,3.000802390107649,3.3810895343181757,3.342549882577763
1288,6.44,2.1989478510701725,2.5690606115119805,2.55057789367582
1289,6.445,1.4848756437484556,1.7823500400900896,1.7832870672331032
1290,6.45,0.994100616307652,1.1390996197585985,1.1557505097770613
1291,6.455,0.8592985877732491,0.7974690209394577,0.8220947169365713
1292,6.46,1.1286509645136782,0.887007143129777,0.9092746388743267
1293,6.465,1.7276533268428245,1.4054256856808145,1.4169838912752897
1294,6.47,2.5147442326246323,2.2055344665915175,2.204210361446652
1295,6.4750000000000005,3.359402181801588,3.104374706814518,3.094173349599111
1296,6.48,4.174783813087977,3.974494661891309,3.962917421390335
1297,6.485,4.913143872388487,4.752209582678926,4.747965272604536
1298,6.49,5.55158277558591,5.412712141573013,5.424350627446853
1299,6.495,6.080595439307786,5.950283601228868,5.984640557400141
1300,6.5,6.497093984235796,6.3689064611309005,6.4283041252087685
1301,6.505,6.800587127477308,6.677632613826858,6.7568936844864425
1302,6.51,6.991172338373891,6.884991601579937,6.972000564784379
1303,6.515000000000001,7.068486183515596,6.993762809567265,7.074436648006614
1304,6.5200000000000005,7.031144227181607,7.000887154770464,7.063928632239401
1305,6.525,6.876438058362138,6.900598431433816,6.939005227087655
1306,6.53,6.600204801634772,6.686451122453582,6.696977476252342
1307,6.535,6.196910179476901,6.351671043661622,6.334021404032356
1308,6.54,5.660164874386106,5.889046452301033,5.8454574353308555
1309,6.545,4.984250219379628,5.29134060059393,5.226509639450104
1310,6.55,4.1680113307926,4.553160770089535,4.47430903119322
1311,6.555,3.2241157312601283,3.6760698394801308,3.5929816159608956
1312,6.5600000000000005,2.199322576471752,2.6808293620916674,2.605547547138105
1313,6.565,1.2112526253891116,1.633884571960459,1.5790507022960414
1314,6.57,0.4841766686682607,0.6934164908673575,0.6680089753326488
1315,6.575,0.2952491932925057,0.1441810341411056,0.14757694981271285
1316,6.58,0.7616648146644822,0.2918255078171734,0.3123173086652882
1317,6.585,1.7149141089526103,1.1590539731611638,1.1833172274869073
1318,6.59,2.875746260873553,2.4111184606416893,2.434695028749504
1319,6.595,4.04215962064059,3.7013902463680295,3.72655242448893
1320,6.6000000000000005,5.114640596686753,4.865597456278121,4.895546100171869
1321,6.605,6.055871053497772,5.8591689886917795,5.89737642540384
1322,6.61,6.857250057290435,6.681115802251371,6.732819058925435
1323,6.615,7.521403715926964,7.342263377996195,7.414213716132162
1324,6.62,8.05433980015919,7.8588221622998855,7.954482333793926
1325,6.625,8.462152410289086,8.253903281033612,8.364398401793991
1326,6.63,8.74969025797014,8.549001437301573,8.652080108853154
1327,6.635,8.920020320107568,8.750347874887636,8.82297083831623
1328,6.640000000000001,8.97416982047424,8.852177256897818,8.879996109632351
1329,6.6450000000000005,8.910906631450109,8.846694776877802,8.82379409297328
1330,6.65,8.726425590559229,8.727043714309538,8.652754106333502
1331,6.655,8.41383346356877,8.48603397585048,8.362759818262733
1332,6.66,7.962297714160435,8.114331062830558,7.946865750589092
1333,6.665,7.355638656474889,7.598744604371934,7.394723249212092
1334,6.67,6.569958506952202,6.9201985339125915,6.6908599030941245
1335,6.675,5.569498321642557,6.050689265000526,5.8115386490444365
1336,6.68,4.298987774686302,4.948097057091625,4.720061846390521
1337,6.6850000000000005,2.668432438653169,3.5465462524326696,3.3568051671545005
1338,6.69,0.5198968272108249,1.7369220335324784,1.6171787410953455
1339,6.695,-2.452535613408205,-0.6765418437102104,-0.692660912521105
1340,6.7,-6.877248497810561,-4.082903079029883,-3.9569771493603927
1341,6.705,-12.312673876831076,-9.292503322539513,-8.96861112792966
1342,6.71,-8.606276317096697,-15.238392355597425,-14.710692495043949
1343,6.715,-3.578847295526901,-6.180077692132771,-5.98129636551614
1344,6.72,-0.2474876593423418,-0.46206581358898013,-0.40321132975148544
1345,6.7250000000000005,2.1158710047403364,2.0961486201974533,2.1297889363052622
1346,6.73,3.8924630756876266,3.948430939419403,3.9648139290466675
1347,6.735,5.273493360060886,5.3232471465389155,5.328416545540252
1348,6.74,6.36533255392104,6.39786727631582,6.395250734909524
1349,6.745,7.232437266033012,7.2340600820840555,7.236637679862213
1350,6.75,7.916433546314141,7.836099142068203,7.895879635035587
1351,6.755,8.44549905424806,7.899675958666917,8.405499106900443
1352,6.76,8.839384379723251,8.307458541776388,8.78350086417408
1353,6.765000000000001,9.112298557220246,8.741346925719075,9.039363323086906
1354,6.7700000000000005,9.27467659520165,9.012126884364292,9.18362990645748
1355,6.775,9.33433608988354,9.152809227582603,9.223043117372073
1356,6.78,9.297298610712614,9.18276855976968,9.161146262859326
1357,6.785,9.16844303008646,9.112947127142476,9.002089865274714
1358,6.79,8.952109008225381,8.950564831568077,8.752107273142574
1359,6.795,8.65275198979332,8.701305679429925,8.415259704836606
1360,6.8,8.275752372443653,8.370670376526022,8.013736906224281
1361,6.805,7.828488507380747,7.965176926331722,7.551608204700903
1362,6.8100000000000005,7.32177297141239,7.493730948112246,7.002260145458097
1363,6.815,6.771673528247021,6.969340610546737,6.42055596469975
1364,6.82,6.201497827988291,6.411186847238827,5.905023262947164
1365,6.825,5.643190589766217,5.846703720250694,5.483704407491545
1366,6.83,5.136590782252027,5.312620964412915,5.071256921839827
1367,6.835,4.724508269297389,4.852963758249524,4.7406329793172395
1368,6.84,4.442828961206561,4.511701719064288,4.526634437649332
1369,6.845,4.308737802477352,4.319992516091079,4.552584672526155
1370,6.8500000000000005,4.313879094624561,4.2833533417600975,4.519881454647372
1371,6.855,4.42739406075741,4.377724802568784,4.561178334001426
1372,6.86,4.606560179780802,4.558296716565343,4.739760964418077
1373,6.865,4.808090097666403,4.77471190985649,4.938175199134281
1374,6.87,4.995145381685799,4.983026227173946,5.124878664240042
1375,6.875,5.13955141087502,5.150528812141255,5.2575139360454
1376,6.88,5.221056407002137,5.255331346559155,5.321859142405541
1377,6.885,5.225501988839969,5.283849684354063,5.3349227558075345
1378,6.890000000000001,5.142989545610216,5.22799952512585,5.269377829313326
1379,6.8950000000000005,4.966484526623175,5.082753259689429,5.09955335904652
1380,6.9,4.6909921651042055,4.844376483304037,4.843037967930274
1381,6.905,4.313377169822278,4.509664739601376,4.514167154317005
1382,6.91,3.832995880396586,4.076323716472493,4.0875162350754355
1383,6.915,3.253527086101103,3.54447899176395,3.522508053132119
1384,6.92,2.5867059439497253,2.919543093935231,2.8725571064027693
1385,6.925,1.8589149013654729,2.2172138808569017,2.1832221808105903
1386,6.93,1.120982625319976,1.4717240813267352,1.4491993545535031
1387,6.9350000000000005,0.457889425717535,0.7473990037454366,0.7228146439236465
1388,6.94,-0.0141010380556481,0.14815574363935546,0.22366725859819603
1389,6.945,-0.1822759905565265,-0.1927759580996824,-0.08767071767461587
1390,6.95,0.0006496661588641,-0.16617579089227785,-0.08335060198772126
1391,6.955,0.4837011919169405,0.23582877160242965,0.31926789734497163
1392,6.96,1.1537051694105944,0.9037191588970388,0.9869139731334213
1393,6.965,1.8967857258689649,1.6860392223851188,1.7697966881685097
1394,6.97,2.631193751551637,2.4657555173860293,2.557048695108781
1395,6.9750000000000005,3.309001480158047,3.1778793114707895,3.283534021541459
1396,6.98,3.906163566936153,3.79424856396263,3.9195504419317633
1397,6.985,4.412817567608364,4.307089296102234,4.454640938933087
1398,6.99,4.82678299422904,4.719679180809021,4.8876311259909775
1399,6.995,5.149800067877442,5.041302543413931,5.2215814701158125
1400,7.0,5.385518282119395,5.282394766206865,5.4613761270308725
1401,7.005,5.53849058149647,5.450252962929635,5.612643312376747
1402,7.01,5.613722256318465,5.548467709880828,5.68135939926999
1403,7.015000000000001,5.616521546430024,5.579212560870277,5.673781471963517
1404,7.0200000000000005,5.552512112877464,5.545206204393294,5.5965304176652495
1405,7.025,5.427726375028122,5.45038424378898,5.456749158272904
1406,7.03,5.248725546709263,5.2998983558260235,5.262284870121386
1407,7.035,5.022700669135579,5.099977357100285,5.021834485510462
1408,7.04,4.75750800062417,4.857804723483237,4.745013406761163
1409,7.045,4.46158982111747,4.581383870165917,4.442351969835718
1410,7.05,4.143737477091358,4.279317424583354,4.125088236927044
1411,7.055,3.8126779702365576,3.960438372132711,3.8043502568280907
1412,7.0600000000000005,3.476516265596234,3.633274471711734,3.4896200111623688
1413,7.065,3.142139518222922,3.30539982994326,3.187278895713635
1414,7.07,2.8147654826016195,2.982818610197649,2.900158628022899
1415,7.075,2.497859848328659,2.6696048154430487,2.6279912315398013
1416,7.08,2.193624555518659,2.36804557942393,2.368233037753303
1417,7.085,1.904165741612382,2.079474581517964,2.1175689616016427
1418,7.09,1.6333060695534,1.8058467894618748,1.8746034551847175
1419,7.095,1.388822886174249,1.5519311424433102,1.6428540291639195
1420,7.1000000000000005,1.1846325000029752,1.327790628309315,1.432661488227125
1421,7.105,1.0420382484035973,1.1509137301891004,1.2621556182034595
1422,7.11,0.9886989606662128,1.0468807364516857,1.1573922310188527
1423,7.115,1.053978638570841,1.0469610434909344,1.1500450399945676
1424,7.12,1.2607331189315485,1.181319157490091,1.2708553651955419
1425,7.125,1.6164862820456307,1.468708734310212,1.539506523065382
1426,7.13,2.1089785599643984,1.9072917167106582,1.9555600233222705
1427,7.135,2.709053434227375,2.4727433215283914,2.4965550684407716
1428,7.140000000000001,3.3788536015728656,3.125462902046726,3.1249201076069357
1429,7.1450000000000005,4.080424106418325,3.822009825544935,3.7989282903622774
1430,7.15,4.781244125504949,4.5241879987215405,4.481537489301178
1431,7.155,5.456191590673325,5.20303290071344,5.144463581324501
1432,7.16,6.087149566993478,5.838822197083532,5.768206524854216
1433,7.165,6.661605587962496,6.419234658579238,6.339992582650014
1434,7.17,7.171095012258482,6.937055740595434,6.85142427438639
1435,7.175,7.609858178680558,7.388043105981163,7.296628490242243
1436,7.18,7.9737998256986575,7.769251056493665,7.670972580073544
1437,7.1850000000000005,8.25971793471277,8.077985891793208,7.970547603165574
1438,7.19,8.464733662157672,8.311340722704252,8.192239792366749
1439,7.195,8.585853925720762,8.466052341760989,8.333552370240863
1440,7.2,8.61960810866411,8.53841724323722,8.392016724668924
1441,7.205,8.56170961248462,8.5241317795852,8.364680023230017
1442,7.21,8.406697802327162,8.418027089043877,8.247762571205635
1443,7.215,8.147514979288836,8.21370167255203,8.036288463980103
1444,7.22,7.774965898868695,7.903041430632598,7.723577645642255
1445,7.225,7.276994490417616,7.4755900110462274,7.300538395428555
1446,7.23,6.637698643765858,6.917704802219221,6.754691788308322
1447,7.235,5.836012434828731,6.211414026166603,6.068880598022908
1448,7.24,4.844111399514012,5.332909754585667,5.2196776271487915
1449,7.245,3.626220875652512,4.250805275386182,4.175687379881758
1450,7.25,2.1411720874962468,2.9251957683487664,2.8967534626153335
1451,7.255,0.3630645534812404,1.3123958439687509,1.338743429175428
1452,7.26,-1.623849089090982,-0.6039739697568072,-0.5161329170621594
1453,7.265000000000001,-3.3178504245461697,-2.6755218784368973,-2.5260568197289155
1454,7.27,-3.592139427514163,-4.160366256495466,-3.974249519601745
1455,7.275,-2.15467705262268,-3.576480959888279,-3.4239173934185168
1456,7.28,-0.1059690919429437,-1.1214722257784144,-1.0532943410998934
1457,7.285,1.826335099012957,1.313702012210543,1.3166751599982756
1458,7.29,3.4708119028551057,3.2113106385193966,3.1779587413768855
1459,7.295,4.834721414862439,4.684733389066268,4.634865057520234
1460,7.3,5.957966813712582,5.844890085583149,5.795036350276546
1461,7.305,6.878322765261801,6.759502070698081,6.729408831617705
1462,7.31,7.625648215612885,7.461168697257108,7.481988053874003
1463,7.315,8.222478978574602,7.970430341153305,8.081376703629623
1464,7.32,8.685615204757307,8.36408155279081,8.54671982349188
1465,7.325,9.027535377996504,8.714773776544897,8.890603767429955
1466,7.33,9.257471657198542,8.997284696234189,9.12173835645963
1467,7.335,9.382201073860564,9.183547627646856,9.246564937827268
1468,7.34,9.40663884261496,9.268204047842854,9.269715236573838
1469,7.345,9.334313580200297,9.253383262522902,9.1946502597422
1470,7.35,9.167797892159864,9.142173854123417,9.024411114928203
1471,7.355,8.909172219860029,8.937254544597636,8.762350490503092
1472,7.36,8.560619913370957,8.640999370895761,8.413251902339354
1473,7.365,8.12529151929844,8.256098013592764,7.982285723267932
1474,7.37,7.608637800625285,7.786590916148453,7.474650557383642
1475,7.375,7.020479541839309,7.239491541423698,6.905194978682024
1476,7.38,6.378087947760477,6.627288342465486,6.303332217241077
1477,7.385,5.710280498027084,5.971599057551486,5.698962387276509
1478,7.390000000000001,5.061537264481759,5.307824352426837,5.114353057388375
1479,7.395,4.492925023578366,4.689228601369354,4.585562290925658
1480,7.4,4.074103610967484,4.185964003329929,4.175451922759233
1481,7.405,3.8626707560226574,3.871888675627408,3.950071049881341
1482,7.41,3.878759827539213,3.7966148305615643,3.9342745621541932
1483,7.415,4.094498835207919,3.9574241909323957,4.1104255931806986
1484,7.42,4.448335477280513,4.297334879227168,4.4444157740799985
1485,7.425,4.870910832393841,4.73381242933539,4.869134714844349
1486,7.43,5.303799908853046,5.1915982503603315,5.311126907423711
1487,7.435,5.705689122435213,5.6179223801500715,5.719364573773323
1488,7.44,6.050687252349265,5.98194455707735,6.065345476297642
1489,7.445,6.324219483667688,6.268732933747637,6.338184462407664
1490,7.45,6.519288485016562,6.473667919570194,6.5335553748435595
1491,7.455,6.633882577711479,6.598281662121816,6.647992328730703
1492,7.46,6.669481301137141,6.647010589989824,6.683666796688111
1493,7.465,6.630416204513427,6.625092716969048,6.647597597243916
1494,7.47,6.523869226132788,6.5382761705929155,6.544511317905881
1495,7.475,6.360338541126801,6.39401465957477,6.377710105674344
1496,7.48,6.154391281363145,6.203104341736463,6.1604038426840875
1497,7.485,5.925410658224165,5.981069337209842,5.916820640379488
1498,7.49,5.697819131981498,5.748995302479743,5.670743666751799
1499,7.495,5.500002521486609,5.5333703940002215,5.448215866378968
1500,7.5,5.361156524422885,5.364146953524743,5.284451264162919
1501,7.505,5.305971876331881,5.270299714735716,5.202686388168384
1502,7.51,5.348573487747527,5.273213770120166,5.2112258313749935
1503,7.515000000000001,5.488465253978703,5.380183102590543,5.322592533862456
1504,7.52,5.710775475476821,5.581538423400532,5.534023389007519
1505,7.525,5.9906545266900935,5.853437095048076,5.821364223437738
1506,7.53,6.299369178911736,6.164765623394571,6.152468996295202
1507,7.535,6.609418635461937,6.484362273094074,6.4947445337556475
1508,7.54,6.897426799783714,6.785715452070732,6.819349836712701
1509,7.545,7.145000844959006,7.048651443176656,7.10338869102147
1510,7.55,7.33834567969282,7.258975210195125,7.330211667613581
1511,7.555,7.46736517936956,7.407173933363127,7.488630770016263
1512,7.56,7.524703498923996,7.486905303476808,7.571555212699614
1513,7.565,7.504940240065691,7.493669035075563,7.574581813866764
1514,7.57,7.404016315923997,7.423885841483759,7.494979863285874
1515,7.575,7.218915165717862,7.274460603037392,7.33113537756304
1516,7.58,6.9476270335747445,7.042772396126628,7.082323755578539
1517,7.585,6.589464700322786,6.727002677995942,6.748764367283027
1518,7.59,6.145872181823128,6.326805856945565,6.332066807263745
1519,7.595,5.621970588416671,5.844480784081477,5.8362659091545135
1520,7.6,5.029188781082113,5.2869598065136865,5.269703792881028
1521,7.605,4.3893010760821145,4.6690435127801,4.648136216446467
1522,7.61,3.739652994078864,4.0182023037581525,3.9993908750980705
1523,7.615,3.1375305783179352,3.3804187414796245,3.3690438578335176
1524,7.62,2.658081691117313,2.823977474561622,2.8240398065914656
1525,7.625,2.3779418022148517,2.433582672824529,2.446882794320274
1526,7.63,2.344635584823584,2.2856966105604988,2.3116766282060954
1527,7.635,2.551231921273786,2.4097743013924964,2.4465438425807173
1528,7.640000000000001,2.940161997499098,2.766005187759178,2.81200528201531
1529,7.645,3.432293592367865,3.2659324656552333,3.3209808118857183
1530,7.65,3.955288819909992,3.816203106785629,3.8814445976819085
1531,7.655,4.456226802621895,4.347069612345363,4.424377575627974
1532,7.66,4.901572562671838,4.816660602834281,4.9079684172132705
1533,7.665,5.272350853685676,5.204050672321951,5.310556193338808
1534,7.67,5.559229557763993,5.501751501818674,5.622775753265866
1535,7.675,5.759002550553229,5.710438809572857,5.842198636516833
1536,7.68,5.872514444026095,5.835065697569162,5.970368166800865
1537,7.685,5.903706555239126,5.881848369271865,6.011464546219021
1538,7.69,5.859488244822744,5.857063798089461,5.972008990015569
1539,7.695,5.750225112533652,5.768049374918945,5.861262793410997
1540,7.7,5.590660498051415,5.625267929022749,5.692126232115002
1541,7.705,5.400984801912163,5.44426642332773,5.482354176466936
1542,7.71,5.207496348001293,5.247053035511993,5.255741051378013
1543,7.715,5.041908056452712,5.062451420156509,5.042566868585634
1544,7.72,4.93816073592876,4.92448147803461,4.878154456761972
1545,7.725,4.926258700133371,4.86761114834878,4.7983226334173485
1546,7.73,5.02456950106019,4.918800068272729,4.831605292051606
1547,7.735,5.23416179538283,5.088889110047457,4.990607631292303
1548,7.74,5.538592549106803,5.368132112135814,5.26710946766967
1549,7.745,5.90928432119651,5.72918615802922,5.634393261558584
1550,7.75,6.313222156484417,6.135829793675075,6.0555357521800985
1551,7.755,6.719301770205917,6.552175053248434,6.492659538147645
1552,7.76,7.101716057143268,6.948427481835105,6.9130016190845875
1553,7.765000000000001,7.440762809527493,7.302682262048825,7.291133136127952
1554,7.77,7.722190840516042,7.6002200684358465,7.608887758058951
1555,7.775,7.9360342073469,7.83180342515228,7.854390486624595
1556,7.78,8.07547785284044,7.991838048537897,8.020621862134934
1557,7.785,8.13598805393573,8.076828176548773,8.103830666375172
1558,7.79,8.114784440772565,8.084383885603318,8.102349642113172
1559,7.795,8.01068547585894,8.012889725385048,8.016066597802503
1560,7.8,7.824380721934663,7.861775290644324,7.846427752631075
1561,7.805000000000001,7.55924261254163,7.632288924151427,7.596876836509882
1562,7.81,7.2228640048686525,7.328803476349901,7.273861144236765
1563,7.815,6.829541402535886,6.96085500380001,6.888681531474635
1564,7.82,6.40376356032543,6.546176549033789,6.460400618512783
1565,7.825,5.984064430315266,6.114724318838478,6.0197227871132375
1566,7.83,5.624897512722688,5.712671597023659,5.612861535134914
1567,7.835,5.391819547662077,5.403061039320377,5.302215247525581
1568,7.84,5.345455816617706,5.257059004470973,5.1578914117611285
1569,7.845,5.517772963713216,5.331423676046374,5.235718857106992
1570,7.85,5.896454181613045,5.640371880437188,5.549718242282761
1571,7.855,6.431293159525758,6.144668412170991,6.061262655818331
1572,7.86,7.056641520106172,6.7707503478922355,6.697488630641402
1573,7.865,7.712146856062616,7.442624590231368,7.3824452060693
1574,7.87,8.352316200930778,8.102105847970712,8.057279332282134
1575,7.875,8.946940976747966,8.71246738032428,8.684194691371262
1576,7.88,9.477661898184254,9.253877171521303,9.241902658473045
1577,7.885,9.934099110959195,9.717729823281385,9.71968942709247
1578,7.890000000000001,10.310806222544704,10.102099038473657,10.112910064020515
1579,7.895,10.605195830093407,10.40810163786793,10.420163988268122
1580,7.9,10.816230683843086,10.6371086195843,10.641674512352651
1581,7.905,10.943642624294336,10.789381256301732,10.778410009319128
1582,7.91,10.987501172212276,10.864144402920875,10.831641529740372
1583,7.915,10.948021792202224,10.860249974558801,10.80276565033422
1584,7.92,10.825560727687357,10.776718934011413,10.693306432874424
1585,7.925,10.620790694860268,10.61304895676231,10.505061264236506
1586,7.930000000000001,10.335096775242896,10.36947969005068,10.240397473943847
1587,7.935,9.971281259994578,10.047430885046708,9.902750832227952
1588,7.94,9.53472111331248,9.650299567184138,9.497420188875292
1589,7.945,9.035165147875832,9.184809475094017,9.032780629098436
1590,7.95,8.489323622499525,8.663122308179918,8.522055534336367
1591,7.955,7.924117436889803,8.10583554171205,7.985807902359149
1592,7.96,7.379600250105424,7.545561437836867,7.4550912408842755
1593,7.965,6.908924116298467,7.029603929150371,6.974088668030135
1594,7.97,6.571196025879949,6.618160911967211,6.5987793237703425
1595,7.975,6.41500701587691,6.373038976627422,6.386541762956423
1596,7.98,6.458711001171611,6.335803015532055,6.375487021008725
1597,7.985,6.681428010792578,6.506222297186467,6.563987463344117
1598,7.99,7.03259347336804,6.8395047950705985,6.908154811637587
1599,7.995,7.451739397255318,7.266617409931179,7.341293614234285
1600,8.0,7.8846283772778305,7.7202223554732665,7.798599635388717
1601,8.005,8.290022453503779,8.149168026134532,8.230863533463182
1602,8.01,8.639474379158885,8.520278319345422,8.605964901444015
1603,8.015,8.914266021908672,8.81430329405805,8.904668177449286
1604,8.02,9.102046905540313,9.021107943438924,9.11572996977512
1605,8.025,9.19410225916892,9.135598611703108,9.232153132747952
1606,8.03,9.183344997996151,9.154329287106421,9.248727882931817
1607,8.035,9.062842724238973,9.072934217218323,9.160471384078724
1608,8.040000000000001,8.824643005995158,8.8847619463712,8.961559337290582
1609,8.045,8.458674356334,8.58044549955565,8.644474962005395
1610,8.05,7.951503886337868,8.147581772167866,8.199144618116629
1611,8.055,7.284694277804927,7.569868609653874,7.611756832747317
1612,8.06,6.432400023119083,6.8253947752556865,6.862920884455072
1613,8.065,5.357659955015591,5.883804191012652,5.9248032670439805
1614,8.07,4.006663842161981,4.701802946823238,4.756700336214403
1615,8.075,2.300940170364067,3.2162425476203724,3.2982904174387224
1616,8.08,0.1350417243638104,1.3351365997989513,1.460892650937177
1617,8.085,-2.5548000482000965,-1.0614115683451644,-0.8717794866119313
1618,8.09,-5.240803769395665,-4.011607798161728,-3.7379925081442718
1619,8.095,-5.534070490342375,-6.645447131365152,-6.299085856991741
1620,8.1,-3.0182645060600253,-5.507696229077462,-5.213600998374394
1621,8.105,-0.2418875884520644,-1.3456678894948748,-1.1805247754481893
1622,8.11,2.027352166418148,1.6289190878903637,1.7368301804980337
1623,8.115,3.819731415255112,3.66818154840597,3.757878433860065
1624,8.120000000000001,5.243387616285824,5.176112003559373,5.264294276716368
1625,8.125,6.382051074695351,6.334201904713488,6.431448417678156
1626,8.13,7.29351387143097,7.22982990875953,7.350754130870993
1627,8.135,8.017504654131729,7.893156964052273,8.073465129631984
1628,8.14,8.581787493386841,8.306389358999086,8.63226588267668
1629,8.145,9.00610211718017,8.616270620372143,9.04903099528569
1630,8.15,9.3046525273345,8.956292764393098,9.337445799809224
1631,8.155,9.487701315184434,9.220904450191554,9.507279068885914
1632,8.16,9.56261910712999,9.37219860764787,9.566133424129482
1633,8.165000000000001,9.534602249047907,9.412410300201973,9.519189420261132
1634,8.17,9.40719419109474,9.347642533143626,9.370200076420588
1635,8.175,9.182706537595385,9.182474445738261,9.122480452146554
1636,8.18,8.862622513365245,8.919873163591962,8.77936879526321
1637,8.185,8.448074886879649,8.561755493385608,8.347129016964711
1638,8.19,7.940524868509465,8.109672791185421,7.83114361234173
1639,8.195,7.342835577345983,7.5657108598307685,7.229734715137508
1640,8.2,6.661039222008927,6.933851201922099,6.556536524844047
1641,8.205,5.907220787813476,6.2221675199984645,5.85177723751184
1642,8.21,5.103957659573211,5.446358289962032,5.146264729299628
1643,8.215,4.2902486895741365,4.635065220664813,4.438732655481946
1644,8.22,3.5269236286275647,3.836616858790472,3.750605116470076
1645,8.225,2.895390677240515,3.124068409752297,3.1539686307111072
1646,8.23,2.4803376029355766,2.590029200972182,2.742057963970844
1647,8.235,2.335428449892452,2.3200720423742407,2.54917940008604
1648,8.24,2.454262511562291,2.3486737304132292,2.5784647829575116
1649,8.245000000000001,2.775062201979724,2.6332790332299614,2.847193609596196
1650,8.25,3.214177871304658,3.0783994718580376,3.275488214695832
1651,8.255,3.697578387306143,3.585820903143397,3.759694797086225
1652,8.26,4.173786586441224,4.085549809682334,4.232818609551605
1653,8.265,4.612898676552071,4.53885954849219,4.658280168907137
1654,8.27,5.000846824014664,4.929706927606868,5.029374605461941
1655,8.275,5.333895871734712,5.256351118173783,5.345529308009172
1656,8.28,5.614705805273156,5.525712254017167,5.603020934683621
1657,8.285,5.849786478885251,5.749061001593796,5.8104460277438355
1658,8.290000000000001,6.047848623848273,5.938260638481298,5.984755887272217
1659,8.295,6.218627568908045,6.103637128474172,6.132688740258565
1660,8.3,6.371907417937885,6.253881724491235,6.250839252530337
1661,8.305,6.516619030673469,6.396599643493932,6.351496295615939
1662,8.31,6.660008458667331,6.538315812465087,6.459845185584822
1663,8.315,6.806961000291527,6.683916243087433,6.5811651471132935
1664,8.32,6.959600564158296,6.835996231427056,6.712878221884426
1665,8.325,7.117253364417603,6.994494001130458,6.874290372246019
1666,8.33,7.276783714552314,7.156767990874053,7.050243167214618
1667,8.335,7.433218332757068,7.318089808947315,7.205459805258114
1668,8.34,7.580518129058245,7.472404381679209,7.3547697289799
1669,8.345,7.71235387994331,7.613167987451921,7.502580168529187
1670,8.35,7.822784346455394,7.73410698440213,7.6373802253977665
1671,8.355,7.906794579783667,7.829812712615247,7.752613729382515
1672,8.36,7.960702852569403,7.896162413332261,7.84215329874292
1673,8.365,7.98247398028257,7.930606921353824,7.900333195823329
1674,8.370000000000001,7.971983385831201,7.932386506857467,7.923130772384865
1675,8.375,7.931263699034849,7.902730576911416,7.909138828677333
1676,8.38,7.864736981254935,7.845071114450253,7.860455079555952
1677,8.385,7.779391735830839,7.765257573814981,7.782974916683963
1678,8.39,7.684806830782351,7.671704294737024,7.686002329349903
1679,8.395,7.592865904842969,7.575334946537765,7.581652568562772
1680,8.4,7.516977477261642,7.489129584684759,7.48417038144372
1681,8.405,7.470672070498851,7.42707116608457,7.408812782829223
1682,8.41,7.465637940113565,7.402395761132169,7.370030269759743
1683,8.415000000000001,7.509559679735212,7.425320291675449,7.379121406974251
1684,8.42,7.604385947900756,7.500789800284942,7.441967718068772
1685,8.425,7.745647208811063,7.627024370774139,7.557593467907068
1686,8.43,7.923077931494978,7.7954852043364244,7.718095552090665
1687,8.435,8.122264185393625,7.992302494090566,7.910037707479438
1688,8.44,8.326682586032527,8.200573330706224,8.116796229457373
1689,8.445,8.519503774441686,8.402678967820542,8.32091755216174
1690,8.45,8.684800265388745,8.581981299660699,8.505719718508914
1691,8.455,8.808097539236638,8.72367520157479,8.655990873185415
1692,8.46,8.876390402456405,8.814899857230946,8.758042440454727
1693,8.465,8.877795873703722,8.844344150277712,8.799391411156263
1694,8.47,8.80097930645536,8.801571101728152,8.768349964183301
1695,8.475,8.634423883239897,8.676214321596099,8.653671004456148
1696,8.48,8.365541524300808,8.45710848905691,8.444006467509912
1697,8.485,7.979547159230739,8.131318966850245,8.12691434030749
1698,8.49,7.4579196419561,7.682934195356641,7.687459342513242
1699,8.495000000000001,6.776108045465991,7.091362821024709,7.106376615908265
1700,8.5,5.899815998118693,6.328680254592605,6.3573778266257825
1701,8.505,4.778475436884096,5.355163051928034,5.402723552868146
1702,8.51,3.332771180391732,4.111213677444212,4.185303254993855
1703,8.515,1.4284233438653728,2.501548312825012,2.6132149014152737
1704,8.52,-1.1847216031625742,0.36121238158771796,0.5267231924517422
1705,8.525,-5.014385388274604,-2.625017748716586,-2.3799676560658654
1706,8.53,-10.508961801642451,-7.110193339052726,-6.74065421934541
1707,8.535,-9.605878442813513,-13.501994443793885,-12.955361352648426
1708,8.540000000000001,-4.079757609620235,-8.824618409079873,-8.494947820831289
1709,8.545,-0.3031049880897169,-0.672458687612207,-0.6147696354041523
1710,8.55,2.353188278249191,2.2073776530438467,2.224338655794831
1711,8.555,4.346303459994403,4.342087005519346,4.337078115748745
1712,8.56,5.9023694980828605,5.899062443748651,5.888167554413213
1713,8.565,7.144002435586048,7.1270544442827735,7.118297431528263
1714,8.57,8.143815701931032,8.099211744509821,8.106639630014541
1715,8.575000000000001,8.947709633737102,8.856370299753271,8.900839522125525
1716,8.58,9.586041436107692,9.125266169672571,9.532698276964224
1717,8.585,10.079453346399792,9.453006966414797,10.022713637495897
1718,8.59,10.44212052595794,9.986661941127219,10.380133674744027
1719,8.595,10.683649824286492,10.350916159990305,10.613146160909412
1720,8.6,10.810222230111457,10.568836792945223,10.728187670130591
1721,8.605,10.825282994063535,10.660542473050166,10.727684724870496
1722,8.61,10.729943672605827,10.635166367677241,10.612511704762849
1723,8.615,10.523190039416583,10.496080827649347,10.383434299360099
1724,8.620000000000001,10.201956573901112,10.24303418753812,10.037415422890879
1725,8.625,9.761122155810018,9.87298530391842,9.582868419390534
1726,8.63,9.193510026815696,9.380432038307159,9.021845678526542
1727,8.635,8.490071948811474,8.757601303210839,8.318116656791734
1728,8.64,7.640695454296422,7.994840089080183,7.47978729987484
1729,8.645,6.636733283354753,7.081838255173096,6.576303280956795
1730,8.65,5.477979676833026,6.011178649673183,5.631993120691643
1731,8.655,4.190407146740158,4.78787475653658,4.553609230196022
1732,8.66,2.8659703707337063,3.4532545776444983,3.3597378639889453
1733,8.665000000000001,1.725862016013422,2.137311422252851,2.187280323085577
1734,8.67,1.1239594413040992,1.135074200838503,1.395234219569164
1735,8.675,1.307136258012163,0.8749929530658997,1.2079317063930204
1736,8.68,2.1314841128845647,1.5394570006444321,1.7856783693701463
1737,8.685,3.235969653434032,2.757945883346873,2.9537883439536667
1738,8.69,4.350194648021798,4.042161830247988,4.199494705377384
1739,8.695,5.348378537283256,5.165654664913111,5.282877772177973
1740,8.700000000000001,6.188376166539131,6.079097129150435,6.1602892327519365
1741,8.705,6.863173333279269,6.788416574784582,6.83445506350556
1742,8.71,7.377741132949085,7.309190110003225,7.351942928388857
1743,8.715,7.739615667078495,7.658321694992058,7.726361459981069
1744,8.72,7.955324293789397,7.860385651171214,7.943874374725623
1745,8.725,8.029097414161468,7.943699722125386,8.022206685593224
1746,8.73,7.962412110817199,7.917972919052934,7.987713411984261
1747,8.735,7.753793924395178,7.773290067367271,7.8287832234688715
1748,8.74,7.39867106168595,7.4959469375987675,7.499189150116386
1749,8.745000000000001,6.889270880078659,7.073959121534397,7.0126017728281305
1750,8.75,6.21476558554606,6.495497145457122,6.4049903763428775
1751,8.755,5.362350249224358,5.747363469473213,5.642112248872079
1752,8.76,4.32121431534871,4.815674845508077,4.680589149014841
1753,8.765,3.094821005242564,3.691101671323051,3.60898153604031
1754,8.77,1.7350566058172854,2.385746928874219,2.360527745067755
1755,8.775,0.4206526908727004,0.979722986338293,0.9492225967012629
1756,8.78,-0.4503185187541392,-0.275277885755032,-0.2885783396733004
1757,8.785,-0.4216973950494825,-0.8561805018284527,-0.8436562449929363
1758,8.790000000000001,0.4997046094847909,-0.2766724260316238,-0.26032164276556724
1759,8.795,1.8540114684111964,1.187270027455988,1.2013320832284968
1760,8.8,3.248584955505857,2.8153472179295598,2.840595451724247
1761,8.805,4.509307783046384,4.245822485287603,4.29855825881317
1762,8.81,5.586632930676841,5.418440632562911,5.5060482746569805
1763,8.815,6.4783339990706885,6.353627755496894,6.474941977732886
1764,8.82,7.196115472043551,7.079034124224177,7.234336498454443
1765,8.825000000000001,7.753661131673697,7.616520032337338,7.81321724513707
1766,8.83,8.162807349745805,7.992371142954477,8.23248318129268
1767,8.835,8.432547476747533,8.247382362413006,8.505658600584862
1768,8.84,8.568950392320211,8.407518630559144,8.641819025207234
1769,8.845,8.57531973296761,8.46634994665623,8.647313067631845
1770,8.85,8.452371281474045,8.409825961400182,8.525820485855496
1771,8.855,8.198381499994987,8.228915229046496,8.277727653275578
1772,8.86,7.809357615658321,7.917500772804828,7.901018936561668
1773,8.865,7.279399264543468,7.469514879424373,7.3924529069279235
1774,8.870000000000001,6.601671519698067,6.877989495513869,6.747403781466876
1775,8.875,5.770999170695411,6.135848123601524,5.96055746496489
1776,8.88,4.790467528596385,5.239243505849817,5.0303844320194315
1777,8.885,3.687257322877318,4.1963856169910025,3.9697459483388546
1778,8.89,2.546411606921424,3.0486188481955896,2.8269881409323796
1779,8.895,1.5624674848113684,1.9143620189518633,1.7251692008615116
1780,8.9,1.044960277717796,1.0506934369689995,0.9154150850280751
1781,8.905,1.2340307775649848,0.8317819721159578,0.7532289050272016
1782,8.91,2.047701461466908,1.455231810366675,1.4205931378499015
1783,8.915000000000001,3.177319053353604,2.6517154961828107,2.6515874169716396
1784,8.92,4.358883294012014,3.979909650305666,4.012449659299163
1785,8.925,5.455605019738982,5.194726360614973,5.253591711694786
1786,8.93,6.415684941797563,6.226046833675122,6.301924003735736
1787,8.935,7.226859399171653,7.070146759760311,7.160931660790787
1788,8.94,7.892114391136387,7.739697056953235,7.849965958421138
1789,8.945,8.419066127118532,8.251213732320831,8.38585677951766
1790,8.950000000000001,8.81570123672348,8.628105452540733,8.782330628530392
1791,8.955,9.08878527280424,8.89829814561545,9.050766273555281
1792,8.96,9.24333473667028,9.07632418500031,9.20023447159442
1793,8.965,9.282484076825464,9.159193767553159,9.236253675969778
1794,8.97,9.207472591938377,9.139224201678982,9.161211386645675
1795,8.975,9.017640860957224,9.010638946713886,8.976370723582162
1796,8.98,8.710399993158612,8.769039379969213,8.681521270943042
1797,8.985,8.281182100481262,8.409768009683685,8.273325975945605
1798,8.99,7.7234362226687905,7.926900537092928,7.74666215730633
1799,8.995000000000001,7.028850462771769,7.312836950390828,7.097671199603132
1800,9.0,6.1882637578979125,6.558475526183807,6.322904688889782
1801,9.005,5.194433170162856,5.654450557646563,5.417994692595428
1802,9.01,4.049525476250885,4.594936099367163,4.382718491563238
1803,9.015,2.783860044044138,3.387827101397437,3.228741926683325
1804,9.02,1.4969875312887613,2.079892061571962,1.996349932757735
1805,9.025,0.4193207881098037,0.8105350903480222,0.8105337288773331
1806,9.03,-0.0967509186210046,-0.1151466647994841,-0.03888916773164386
1807,9.035,0.172201021843436,-0.2764573765533367,-0.1476162110813215
1808,9.04,1.0636766688089818,0.47292428713754653,0.6224674148294493
1809,9.045,2.2242623961947934,1.746748146901962,1.8941624919022222
1810,9.05,3.398679262394178,3.079052951976598,3.215922565605638
1811,9.055,4.471288927964648,4.262702127592961,4.38970470527488
1812,9.06,5.406069002809199,5.256141520538627,5.377973986906828
1813,9.065,6.20079447527109,6.069322159683768,6.1931578538748315
1814,9.07,6.865364450759198,6.721850589346071,6.857658661567639
1815,9.075,7.41307047139022,7.236036050765962,7.393330068984988
1816,9.08,7.857407745323567,7.643233747662964,7.819031019032504
1817,9.085,8.211084772636978,7.978541085892046,8.149972802638725
1818,9.09,8.485856579511664,8.259452653059434,8.398745857269736
1819,9.095,8.692625779328552,8.487019544521779,8.576792048718827
1820,9.1,8.841582555423104,8.661370935912958,8.694415196998653
1821,9.105,8.942284958272236,8.78673983959088,8.76057998040198
1822,9.11,9.003635894984793,8.869962032299188,8.784331992817934
1823,9.115,9.033742565713895,8.918667172347844,8.776192343603082
1824,9.12,9.0396680931932,8.940188963578027,8.747016341454216
1825,9.125,9.027109803685232,8.940884169177805,8.70611186780158
1826,9.13,9.000061489525779,8.92562612923687,8.661059110700805
1827,9.135,8.960530233048408,8.897409717036215,8.617763896556518
1828,9.14,8.90837385216475,8.857090377860576,8.579786788730315
1829,9.145,8.841300152286207,8.803297871261734,8.54788705028046
1830,9.15,8.75503054699179,8.732541546953373,8.517567874052371
1831,9.155,8.643592111418931,8.639482232564962,8.478159848011915
1832,9.16,8.499677992832652,8.517309130733256,8.416452951020515
1833,9.165,8.31501396361176,8.358145089666152,8.318098318982324
1834,9.17,8.080687852348374,8.153415028246316,8.166097862043006
1835,9.175,7.787433181161757,7.894144680611323,7.943993317259375
1836,9.18,7.425905670729036,7.571202023642309,7.6429284936788555
1837,9.185,6.987058162831778,7.175549888814924,7.25903350664004
1838,9.19,6.462829640787119,6.698657123185848,6.787428765677763
1839,9.195,5.847566932107799,6.133350096367864,6.222961330109078
1840,9.2,5.140974634078576,5.475640462165133,5.563633063276918
1841,9.205,4.354009133705069,4.728538348461353,4.814803354702028
1842,9.21,3.519748266039048,3.909614807070809,3.995803445428901
1843,9.215,2.710119189479884,3.064682282126474,3.1523212117435078
1844,9.22,2.050809083834688,2.2877885762558177,2.3764548354339508
1845,9.225,1.7055107702919088,1.7349043053273094,1.8207778502566119
1846,9.23,1.7966992918470948,1.5903312412707038,1.665216304096965
1847,9.235,2.3116559857525862,1.9509998241329103,2.0047617517235983
1848,9.24,3.1121154843509515,2.7243670468485326,2.7517374021727297
1849,9.245,4.033697416443738,3.6974633469083082,3.7026410228694986
1850,9.25,4.955675753492074,4.687265032631528,4.681687341121916
1851,9.255,5.809433672941763,5.594708025604049,5.592601290038205
1852,9.26,6.561951264194088,6.380064521708883,6.396064788210493
1853,9.265,7.199659388569078,7.032384551683117,7.078691567853845
1854,9.27,7.718272788082404,7.553607950218014,7.635579140646541
1855,9.275,8.11727585581953,7.952771830228308,8.06688857416977
1856,9.28,8.397084047090491,8.241541670239176,8.375776142466282
1857,9.285,8.557572193514826,8.427032909716338,8.564403708587436
1858,9.29,8.59724484508278,8.508101615344819,8.632818482877827
1859,9.295,8.512663433852582,8.478157780875929,8.57926236608277
1860,9.3,8.297917991675464,8.328591177634957,8.399993269810098
1861,9.305,7.944014428110089,8.049514908558814,8.088880933879578
1862,9.31,7.438096166660776,7.6288655489244785,7.636880741221638
1863,9.315,6.762490625942183,7.051050407309616,7.031263358563066
1864,9.32,5.893806353458438,6.295558833612323,6.254583222707255
1865,9.325,4.803168495849582,5.335909255487156,5.283804388479458
1866,9.33,3.461834604930546,4.140457775446039,4.091244405966142
1867,9.335,1.867764881131622,2.681074034953768,2.6528352958260113
1868,9.34,0.1435976166510219,0.971721093509029,0.9843473867741985
1869,9.345,-1.2143340923358157,-0.7926885765818046,-0.725790211340331
1870,9.35,-1.302162122283371,-1.901282408644846,-1.7922053434420606
1871,9.355,0.0419359434388717,-1.2200323410864815,-1.1183554319528959
1872,9.36,1.951579139432893,0.9794067729263065,1.0385966772688677
1873,9.365,3.804635005397369,3.2462124877349794,3.2755962505776566
1874,9.37,5.418827469890033,5.091628921271348,5.109426578553987
1875,9.375,6.780825893120218,6.560359996249552,6.576485940331452
1876,9.38,7.917731744687555,7.735734790304214,7.758132348122931
1877,9.385,8.860201512028581,8.674517606534168,8.715679843750717
1878,9.39,9.634041549300598,9.407057958475761,9.489756102491292
1879,9.395,10.25930589855714,9.95875257769169,10.107795961414471
1880,9.4,10.75109218466461,10.396540667544908,10.588830327698519
1881,9.405,11.120514336955008,10.775849522837904,10.94587130467124
1882,9.41,11.375497892974597,11.079799913183031,11.187825236573824
1883,9.415,11.521352514949024,11.285598859814408,11.32077881092231
1884,9.42,11.561147070162324,11.386614094764187,11.348596873658492
1885,9.425,11.495917815497386,11.382313582701126,11.273326836229831
1886,9.43,11.324728220947634,11.272530729821376,11.095559093659727
1887,9.435,11.0445821766953,11.055659444225295,10.815082310656559
1888,9.44,10.65017202932513,10.728024994643388,10.431472256175631
1889,9.445,10.133415905067617,10.283443035051855,9.942095594366322
1890,9.45,9.482698337953211,9.712636702050226,9.340608344587341
1891,9.455,8.681662247116812,9.002330137467503,8.621948590016748
1892,9.46,7.707287977943124,8.13381064374971,7.781191329440228
1893,9.465,6.526805554731264,7.080628339776438,6.797156709745313
1894,9.47,5.092708385708098,5.804873435339777,5.621112407882238
1895,9.475,3.335036450424291,4.251145608408921,4.185410693624451
1896,9.48,1.1525664715595243,2.3373356670082615,2.4040636441924748
1897,9.485,-1.5721625900433391,-0.05470791303985845,0.15455537281562926
1898,9.49,-4.73310576278302,-3.050286888273539,-2.705731048608719
1899,9.495,-6.724384692504932,-6.412687811254411,-5.960698475181083
1900,9.5,-5.225316987003565,-7.672260429753653,-7.208616154341826
1901,9.505,-2.495763302989581,-4.117615888205156,-3.803378864011826
1902,9.51,-0.1950373714161908,-0.6495782728006674,-0.4526706728812515
1903,9.515,1.5556606647757325,1.4839153256846838,1.6207049910617797
1904,9.52,2.87128593387267,2.9434886427851477,3.0428225229706527
1905,9.525,3.8519530738001935,3.9727064686127203,4.0520935951434325
1906,9.53,4.566578722957743,4.695796989206657,4.774799438431607
1907,9.535,5.061800374728144,5.16504224330465,5.273556567581014
1908,9.54,5.370074902363476,5.372449420733511,5.587058215173063
1909,9.545,5.515263221123417,5.356731910375858,5.743071127047432
1910,9.55,5.516668207526324,5.35385695892752,5.757318986832244
1911,9.555,5.392477564971097,5.3135581827954415,5.639444545720682
1912,9.56,5.163345649835778,5.162720248630821,5.406205599246896
1913,9.565,4.856605157411778,4.9109216899744395,5.083415302308631
1914,9.57,4.511040034660842,4.591025017710713,4.701537949322267
1915,9.575,4.180729536875333,4.250594213402259,4.30368310483817
1916,9.58,3.9339201056307767,3.953802486451593,3.9539132251566445
1917,9.585,3.841159015296088,3.7775175409283186,3.7225954387705347
1918,9.59,3.951840169676093,3.79341947054921,3.6749139620094207
1919,9.595,4.271871682199705,4.038029133417909,3.8481590586452734
1920,9.6,4.761484638814403,4.491164763447792,4.227372711018612
1921,9.605,5.355359443809177,5.08544381232079,4.7750089759794205
1922,9.61,5.987389499046618,5.739411563663052,5.44338495800004
1923,9.615,6.605035170582178,6.385406561466172,6.156631203819536
1924,9.62,7.172199348965637,6.978523979687385,6.832513395687593
1925,9.625,7.666237024457882,7.4932900665813875,7.4411883682402475
1926,9.63,8.073678984368417,7.917403459195831,7.972757269705961
1927,9.635,8.386624293357173,8.246488616770005,8.404280737201894
1928,9.64,8.600183678230724,8.48001021905004,8.659210477714511
1929,9.645,8.7107887583014,8.617927016860786,8.776360695431322
1930,9.65,8.715085875469214,8.658565936522951,8.792842424119433
1931,9.655,8.60918448977628,8.598108566553833,8.69599252800962
1932,9.66,8.38810361059523,8.430990274710714,8.481406663703384
1933,9.665,8.045325239209829,8.150247377209219,8.144359410331544
1934,9.67,7.572430000696098,7.747472977451077,7.685919222406616
1935,9.675,6.958893064897724,7.212539000868372,7.107619728761545
1936,9.68,6.192347169845397,6.533411190000985,6.394688249069755
1937,9.685,5.260204707555413,5.696595579966721,5.532085975024474
1938,9.69,4.155073694552273,4.689474824945622,4.517440949288396
1939,9.695,2.890288290928015,3.5078519597474545,3.351598894781715
1940,9.7,1.5395799120744755,2.177230927931272,2.048038713735599
1941,9.705,0.3154246661710932,0.8062283587554004,0.7030637584375423
1942,9.71,-0.3800303888509674,-0.313205641315502,-0.38563780260528535
1943,9.715,-0.1918041490097405,-0.6714447162926316,-0.7173610196351614
1944,9.72,0.7655504883512159,0.05602200423258541,0.012683337479325374
1945,9.725,2.0606647948424857,1.4824459735652926,1.439837089495247
1946,9.73,3.3681187933024863,2.993162918363671,2.9806622230411968
1947,9.735,4.546699669761446,4.314673508960961,4.321695699694143
1948,9.74,5.555994562442381,5.402517169928498,5.419906588875271
1949,9.745,6.394774548742019,6.273905692034692,6.3140975930027246
1950,9.75,7.074018699552196,6.952534270252518,7.027105995020367
1951,9.755,7.606944173944539,7.459811786080345,7.579577395744579
1952,9.76,8.005737789214434,7.8251010340589815,7.990181290614184
1953,9.765,8.280761058214349,8.087734628126567,8.272473829145188
1954,9.77,8.440649681694698,8.268155546851336,8.436550642924335
1955,9.775,8.492750365416907,8.36216276977753,8.49039029474516
1956,9.78,8.443730142421352,8.363114775574825,8.440836953501341
1957,9.785,8.300354388242956,8.270505822254064,8.294471904227107
1958,9.79,8.070505608747764,8.088580987114048,8.058704025561271
1959,9.795,7.764549867932278,7.825069865513887,7.743192656412219
1960,9.8,7.397138557775356,7.491604650355517,7.361605813984445
1961,9.805,6.989389336446156,7.105313607245408,6.933431530408839
1962,9.81,6.570986519265835,6.691035819170569,6.48576908068898
1963,9.815,6.180958505466416,6.28328813845058,6.056191177225554
1964,9.82,5.864969467105211,5.926226066804378,5.694198900491852
1965,9.825,5.667097023569603,5.668889070134483,5.453631600547112
1966,9.83,5.617070518582893,5.55378592109942,5.375624840929437
1967,9.835,5.719132268752981,5.601535469398738,5.473528749622559
1968,9.84,5.950244770210028,5.800711165991698,5.728959863634652
1969,9.845,6.269033817316698,6.1115073117103655,6.09698295955339
1970,9.85,6.628913672148316,6.481008608685329,6.517325243183461
1971,9.855,6.988024298482377,6.858986086254246,6.930692255930638
1972,9.86,7.313471350360232,7.206322902751797,7.297026821896582
1973,9.865,7.581341448612661,7.496208768131343,7.595675710716538
1974,9.87,7.774811409612497,7.711761288235897,7.81325912127593
1975,9.875,7.88189050149337,7.842813948139241,7.939753182975305
1976,9.88,7.893450600759185,7.8829050957522995,7.968494156364399
1977,9.885,7.80168388546299,7.826747177992678,7.895241360954719
1978,9.89,7.598918164927644,7.668422254011097,7.716289411316474
1979,9.895,7.276668569954305,7.400417793538004,7.4260972281412165
1980,9.9,6.824819267136185,7.013224863755475,7.0170640876966806
1981,9.905,6.230880821819755,6.495051469783751,6.480144380883653
1982,9.91,5.479387410958307,5.831414532351568,5.803291255896401
1983,9.915,4.5518165017579735,5.004733718271259,4.969806627287761
1984,9.92,3.4283508201389017,3.9945654224511697,3.9603100162197085
1985,9.925,2.095629203892323,2.780397215014716,2.75767470431272
1986,9.93,0.5727847550670345,1.3527990206679568,1.3560321131278705
1987,9.935,-1.014131548506929,-0.25010308343339815,-0.2063397011379351
1988,9.94,-2.2880974497600737,-1.8406022907664896,-1.7473292085122454
1989,9.945,-2.640019026215888,-2.8980201601054993,-2.7639534115580844
1990,9.95,-1.8701146599593843,-2.6829040574597194,-2.543410443799771
1991,9.955,-0.4930192316313387,-1.2353963316148882,-1.1223310165470641
1992,9.96,0.9616004129113362,0.5203271758696681,0.6092207170549448
1993,9.965,2.2615478823542343,2.041422311201949,2.122916927774957
1994,9.97,3.34681803617614,3.250128446770889,3.338441443192888
1995,9.975,4.217491342863216,4.180958529291688,4.287590077143015
1996,9.98,4.888758903061895,4.872240194710827,5.0099542071487475
1997,9.985,5.376345785884007,5.348876045620386,5.535091030467118
1998,9.99,5.692327870778055,5.632545222626861,5.882753425408769
1999,9.995,5.844134540439841,5.765207437460928,6.064955031976209
2000,10.0,5.834328477612757,5.784459777426568,6.08731220168771
2001,10.005,5.6603214166202775,5.681417754473214,5.950026220639307
2002,10.01,5.313638064430176,5.429224650822395,5.648117129894912
2003,10.015,4.778370396956229,5.00489520127954,5.170583770807888
2004,10.02,4.028224056398179,4.384655719432105,4.498625588284425
2005,10.025,3.020907728066878,3.5356283228564696,3.602280570538411
2006,10.03,1.6869539502915103,2.406748863684292,2.4338030670525006
2007,10.035,-0.0946728279496809,0.9137790068297886,0.9139495414073027
2008,10.04,-2.557776413618332,-1.092771726271371,-1.0996167460786088
2009,10.045,-6.238600410230202,-3.9098316196283776,-3.892110541144577
2010,10.05,-12.755412884161558,-8.24480640864913,-8.14331983964975
2011,10.055,-17.676938668835277,-16.333115665601845,-16.009096757597483
2012,10.06,-8.685891339315464,-20.230650660174433,-19.827970858000583
2013,10.065,-3.9599214140429337,-3.1789345877118222,-3.373583075591837
2014,10.07,-0.9723616772171226,-1.0025849696107008,-1.1355361564641075
2015,10.075,1.1436127649820382,1.3499229989756438,1.2498720820915445
2016,10.08,2.724503205324402,2.880569851352373,2.8337966305853466
2017,10.085,3.9331792424069434,4.0709130288079685,4.067576964151034
2018,10.09,4.859744446338037,4.979733498112524,5.002733412183643
2019,10.095,5.55840588396789,5.675859077302608,5.702445156705072
2020,10.1,6.063499576056001,5.966673506389675,6.204920229176009
2021,10.105,6.397369803285061,5.684135740565545,6.539163289584298
2022,10.11,6.574648153606503,6.20257738679854,6.71365876468678
2023,10.115,6.604837448840831,6.409654518917882,6.734656527824518
2024,10.12,6.494152537354797,6.4187676150914506,6.613381738389905
2025,10.125,6.247252843136543,6.2687926190512995,6.35385489236444
2026,10.13,5.869513740821834,5.975336773476457,5.957707861651645
2027,10.135,5.370760269426679,5.549339538103752,5.431342806542867
2028,10.14,4.771887172322487,5.005794011993814,4.787760012452842
2029,10.145,4.116077066076553,4.3733962747422215,4.055330418320093
2030,10.15,3.4843437235070835,3.7089081698684137,3.3141625327343
2031,10.155,3.0056274896265256,3.115328371180627,2.637795272137379
2032,10.16,2.8334887023421573,2.7488027914192505,2.142634929499674
2033,10.165,3.068468483228501,2.776006074151136,2.0976902484885085
2034,10.17,3.68355548636605,3.2653594257002863,2.6652659543548842
2035,10.175,4.546954607784625,4.114588802254783,3.6749198163767822
2036,10.18,5.51099312817306,5.129190128133531,4.782519603045635
2037,10.185,6.468671475977249,6.148995280808121,5.9271906401453425
2038,10.19,7.359114986815511,7.0875397241544675,7.027582642892844
2039,10.195,8.153089265770424,7.909901921421328,8.106850531290966
2040,10.2,8.838990347383593,8.606980432223988,8.689383210567927
2041,10.205,9.41389570593685,9.18195650445978,9.239596161303684
2042,10.21,9.87863143756142,9.64483501521115,9.734058127817072
2043,10.215,10.235212211999546,10.007637252357547,10.068820266422174
2044,10.22,10.485534128987624,10.277981641932987,10.303951802882075
2045,10.225,10.63068716291298,10.456604185090008,10.40532774624134
2046,10.23,10.67054760677276,10.540172503815889,10.408785294158363
2047,10.235,10.603464519487888,10.52423016592667,10.347296816232372
2048,10.24,10.425925640652787,10.403920528049035,10.17038682129358
2049,10.245,10.13211134595432,10.173425779894608,9.867691240371304
2050,10.25,9.713233365037668,9.825044488937056,9.479226070681115
2051,10.255,9.156504867463296,9.348111852343575,9.004140944584567
2052,10.26,8.44347585827229,8.727593589774612,8.374594618837438
2053,10.265,7.547226542401203,7.9419787312857615,7.538634736476223
2054,10.27,6.427368490967344,6.959791375632865,6.567435243322529
2055,10.275,5.020469013589304,5.733342825300886,5.4141381162081235
2056,10.28,3.2198091767831705,4.186571116301601,3.925713775487713
2057,10.285,0.8262365743567722,2.1887641073555097,2.0297269255344363
2058,10.29,-2.598826400046948,-0.5110109535113683,-0.40276180998374755
2059,10.295,-8.356885302959343,-4.486738336790079,-4.249996197394591
2060,10.3,-19.873896832495404,-11.53203181625915,-11.077494878019941
2061,10.305,-8.559147739752756,-26.28120263450618,-25.336090244420312
2062,10.31,-2.8784240511351595,-1.6285566140397174,-1.6269974528902669
2063,10.315,0.4450564622205766,0.45681822250421966,0.49642779273273163
2064,10.32,2.731542264311509,3.002402871468057,3.01491862586465
2065,10.325,4.42447077970197,4.600391208790086,4.603048521058235
2066,10.33,5.7252251540274814,5.859902612061982,5.853554909284709
2067,10.335,6.742087504482282,6.8483374737011555,6.8299621544656315
2068,10.34,7.539939221911196,7.614385521218527,7.600110361895309
2069,10.345,8.160733048372963,8.284636023664554,8.195522803903858
2070,10.35,8.633209255922086,7.662591379453547,8.654003453580913
2071,10.355,8.978013333394308,8.423499395690376,8.988420851223456
2072,10.36,9.210624827465365,8.852156324797173,9.204615187786551
2073,10.365,9.34315854989229,9.09244268470611,9.317953691754298
2074,10.37,9.385549827265136,9.210214234106008,9.33566782034219
2075,10.375,9.346387896567624,9.230304109375055,9.263538299382668
2076,10.38,9.233539093782152,9.166947627696736,9.108529907177076
2077,10.385,9.054633747687802,9.030639449271616,8.881252190390992
2078,10.39,8.81744679956064,8.830481442415058,8.576619286062
2079,10.395,8.530167796986694,8.57523562578093,8.245544531153772
2080,10.4,8.201525529169556,8.273849959569743,7.888260054055515
2081,10.405,7.840707768223653,7.9356529608313116,7.414903467871477
2082,10.41,7.457006407384035,7.5702353218729055,6.940848664745574
2083,10.415,7.059137852337454,7.1869819167092,6.619466765793017
2084,10.42,6.654251279352269,6.794233960603904,6.45452938641291
2085,10.425,6.246739284432118,6.398140151564721,6.150214583062344
2086,10.43,5.83706938015351,6.001376020806409,5.913608221712535
2087,10.435,5.42089556512316,5.602013467183697,5.605458746669047
2088,10.44,4.988633070137391,5.192825039520646,5.633267320208267
2089,10.445,4.525495066690363,4.7611622817217745,5.042084808306951
2090,10.45,4.01177698038834,4.28929868685981,4.499373387272513
2091,10.455,3.423025101821882,3.75489563395538,4.017668231770528
2092,10.46,2.729677148118386,3.131135753176026,3.3666536668619678
2093,10.465,1.8957811450802051,2.3860766501249957,2.621945451754394
2094,10.47,0.8764688985114432,1.4808388776739578,1.6818768555941057
2095,10.475,-0.3857535622084432,0.36634803081639955,0.5246533945362115
2096,10.48,-1.9634359484627948,-1.021072701252006,-0.8399325830153916
2097,10.485,-3.9291111331221247,-2.761398612704432,-2.5528241279136656
2098,10.49,-6.232628044168868,-4.925741819627605,-4.715606273737842
2099,10.495,-8.136717107795485,-7.391823074210915,-7.152380571043606
2100,10.5,-7.816796564462739,-9.026283484784935,-8.739335108396688
2101,10.505,-5.482476691502684,-7.386350250330041,-7.158002802511479
2102,10.51,-2.922005005660697,-3.8681226443737593,-3.8366494425178583
2103,10.515,-0.7369297144994842,-1.1345591544644504,-1.2085136168664299
2104,10.52,1.0490980383637725,0.8708354083858518,0.7984771909848476
2105,10.525,2.504480726960724,2.4078844570596023,2.3276165612910558
2106,10.53,3.6919075513130233,3.6165968040753658,3.4704681071148507
2107,10.535,4.657545904903389,4.566806248908476,4.678381007221734
2108,10.54,5.43395960477694,5.281108267903392,5.438935623449272
2109,10.545,6.043863401394125,5.768186615719481,6.005805915977432
2110,10.55,6.502892003703438,6.161032693803028,6.507056464106158
2111,10.555,6.821435817906865,6.526327188603685,6.835875771496066
2112,10.56,7.005813050300826,6.7920123902984155,7.030777427028797
2113,10.565,7.058996159697014,6.927896343939056,7.094225328351795
2114,10.57,6.981046336742275,6.930246282030477,7.0259247610639335
2115,10.575,6.769378206404188,6.798335006560716,6.823935568402441
2116,10.58,6.418995576894558,6.529446635701581,6.484981782111648
2117,10.585,5.922947537328324,6.118329590044087,6.004994239117496
2118,10.59,5.273561126523619,5.5577704231883756,5.381014266412358
2119,10.595,4.465784048245255,4.840357900051428,4.608376208180429
2120,10.6,3.5058166400298068,3.9631050768108076,3.6836084685745307
2121,10.605,2.4319270302219627,2.939148913174974,2.6323925187476536
2122,10.61,1.3576245637100692,1.8255343829274113,1.535844976366998
2123,10.615,0.5277954494353098,0.7790824898592419,0.5532864404032667
2124,10.62,0.2826940749584596,0.11957073111374417,-0.028933675232978295
2125,10.625,0.7919540733142388,0.2401360081772168,0.15508918570993568
2126,10.63,1.857708594150732,1.2094784078297511,1.1749261537528581
2127,10.635,3.141147136165545,2.6167326819472083,2.631942521944793
2128,10.64,4.410857852337074,4.0386085995620595,4.073587684941846
2129,10.645,5.562979781426648,5.297238308545979,5.316234692183932
2130,10.65,6.564034227617172,6.357019995297597,6.363413147373955
2131,10.655,7.410040558861577,7.225627419800883,7.230574167753769
2132,10.66,8.10721300814721,7.918679519041097,7.930029716172571
2133,10.665,8.664034630735184,8.454807270494964,8.47716523198981
2134,10.67,9.088223827060574,8.861012181747821,8.886130818544448
2135,10.675,9.38564861073618,9.16416852791954,9.172421265823568
2136,10.68,9.559960464125124,9.37173867580728,9.342058447367577
2137,10.685,9.61243848809648,9.475950835456445,9.393136402820403
2138,10.69,9.54181863026172,9.467491421451015,9.328143446653355
2139,10.695,9.343983177300457,9.338855987360539,9.149641373812903
2140,10.7,9.011400094900944,9.082381669804185,8.848413979392891
2141,10.705,8.532158308384428,8.688009034300261,8.407417111312357
2142,10.71,7.888330061692904,8.141315456383552,7.819389551984674
2143,10.715,7.053140027634091,7.421172604326152,7.07722701872048
2144,10.72,5.985851316204832,6.496118433762528,6.151113300904701
2145,10.725,4.621866634490872,5.317914853740995,4.996513782161857
2146,10.73,2.8515695791178466,3.8089392131069344,3.5545740711536595
2147,10.735,0.4681056011743458,1.8346529051298788,1.6806967190566686
2148,10.74,-2.993754698846552,-0.8662704098888732,-0.8990447016644589
2149,10.745,-9.004975491263028,-4.905268101029483,-4.77072615099236
2150,10.75,-25.219640030120765,-12.32743668775152,-11.916720825802665
2151,10.755,-8.708345318261914,-34.334803095834445,-33.18506388700429
2152,10.76,-2.968534507952951,1.304193435751337,1.1142467935844644
2153,10.765,0.3427355026745899,0.2641091708907304,0.28330274365988206
2154,10.77,2.60435217751946,3.031048412443975,3.024791906037977
2155,10.775,4.261394418901446,4.492738476239912,4.486998413872257
2156,10.78,5.513014254362176,5.701323897995492,5.689205171154166
2157,10.785,6.464585400781834,6.631383083780918,6.6008795431351075
2158,10.79,7.177595010429495,7.317670365101696,7.2923906689488405
2159,10.795,7.689967678452417,8.04221523902007,7.7856879617036086
2160,10.8,8.02556635370356,6.840821273413095,8.120675151046752
2161,10.805,8.19905166395044,7.740382856642185,8.30209238850632
2162,10.81,8.218502215157486,7.9841453533924485,8.326858059543879
2163,10.815,8.086853662566092,7.990615679135743,8.20620879772419
2164,10.82,7.802689088051924,7.8188342575251735,7.936440782137799
2165,10.825,7.360734111892766,7.48139080135053,7.509205322299526
2166,10.83,6.752472458027794,6.977419656328195,6.915637840474081
2167,10.835,5.967726829060584,6.2998217235001315,6.152809373139711
2168,10.84,4.999338873361745,5.439364754655562,5.18931836659932
2169,10.845,3.8564901823692055,4.391880252978759,4.083520341865765
2170,10.85,2.5996038772154555,3.176847914701297,2.8480177677454863
2171,10.855,1.4146455320886049,1.8847625414331084,1.4214638916943345
2172,10.86,0.6853617847368763,0.7738695049441953,0.1933840009426353
2173,10.865,0.8170371691958358,0.34051480312794613,-0.17205285361920808
2174,10.87,1.7791175691944376,0.9992960105420439,0.7373388163383021
2175,10.875,3.1475616438562657,2.466424940799036,2.2164599856552356
2176,10.88,4.561229614249191,4.091091786488139,3.977086947574688
2177,10.885,5.854685299684493,5.540596896985107,5.43637110586727
2178,10.89,6.977899436434529,6.751606562428625,7.22383276950124
2179,10.895,7.926723694655028,7.739009767337829,7.924593243802427
2180,10.9,8.711466902919708,8.527484983043523,8.635087227997783
2181,10.905,9.345149663358928,9.138384336564789,9.352389027890776
2182,10.91,9.839545078080404,9.598518039920007,9.795187376527757
2183,10.915,10.20404437506987,9.946751669940525,10.156845234214067
2184,10.92,10.445477461217427,10.206961751668725,10.339966306971352
2185,10.925,10.568198739064858,10.374535230463062,10.386632283445964
2186,10.93,10.574181817273534,10.438106379699038,10.401815340266129
2187,10.935,10.46302061036106,10.390533622275985,10.292827282137221
2188,10.94,10.2317807391323,10.227087432255388,10.016489326612692
2189,10.945,9.87464447301995,9.942532151734671,9.65195898903217
2190,10.95,9.382261295116097,9.529338498824902,9.230752988693316
2191,10.955,8.740648616770171,8.97635634662671,8.683395190984992
2192,10.96,7.929354689518996,8.267280782351502,7.850989486041907
2193,10.965,6.918327508389794,7.378343370409725,6.9141504606360265
2194,10.97,5.662357320712737,6.274443049626073,5.881424608573474
2195,10.975,4.090640382515087,4.902229923502179,4.565835229170565
2196,10.98,2.085834249859147,3.1769314318458024,2.7983423102511504
2197,10.985,-0.5601696362125164,0.9554840843722339,1.0184395923741452
2198,10.99,-4.224451629825634,-2.020859222147812,-1.8751351094414597
2199,10.995,-9.086159336686588,-6.223794011023724,-5.970169960795857
2200,11.0,-9.64488570663668,-11.713364395168442,-11.203094019863402
2201,11.005,-5.065262518233,-9.71224020532858,-9.287586584364652
2202,11.01,-1.5661641284987973,-2.1697396467829293,-1.993195114092539
2203,11.015,0.8639417380983558,0.7746390296537262,0.9004211308137937
2204,11.02,2.6185158766246825,2.7225066383276006,2.821107002036059
2205,11.025,3.9158355309785913,4.057269685997396,4.1402492937801
2206,11.03,4.876875499254867,5.0255072103484295,5.098839309651224
2207,11.035,5.572684500243378,5.7118644977894,5.788432106696985
2208,11.04,6.046711704565815,6.151556274889809,6.260375830339908
2209,11.045,6.325740005636877,6.176331851914061,6.545137916646648
2210,11.05,6.425517816903711,6.090198619865512,6.66035783629546
2211,11.055,6.353717562383014,6.177378669748638,6.61158547424107
2212,11.06,6.111413455435013,6.087116651503264,6.399810611452887
2213,11.065,5.693662671151757,5.800548766523569,6.020904807061147
2214,11.07,5.089554789441242,5.322029551905315,5.463871014704365
2215,11.075,4.282206639703467,4.64428581405025,4.714811256994687
2216,11.08,3.249981160981737,3.750818348502916,3.7569016035639966
2217,11.085,1.9731413779322016,2.6195686658928476,2.567448365981422
2218,11.09,0.4599411853177158,1.2334956081595903,1.1370365846900454
2219,11.095,-1.1670092297030394,-0.3818155100534293,-0.5025619920127786
2220,11.1,-2.471054285070408,-2.037120872779373,-2.1919694955428524
2221,11.105,-2.6788143329122818,-3.115331889749947,-3.3302926705269584
2222,11.11,-1.5743610802288894,-2.652830200021276,-2.916036468029268
2223,11.115,0.1424165706188693,-0.7599334252659373,-1.0101335856431835
2224,11.12,1.8697760794291665,1.340804506727371,1.1432541020365776
2225,11.125,3.394871087416045,3.099096281696648,2.967478304227395
2226,11.13,4.68399714821737,4.503753174942983,4.4647006821245645
2227,11.135,5.754655579675201,5.621009418926809,5.7380299765261675
2228,11.14,6.633308434046187,6.5032015993599765,6.732860968572357
2229,11.145,7.344062339695085,7.181355789750308,7.409113112798485
2230,11.15,7.906477228055053,7.681695634229078,7.954183976275841
2231,11.155,8.335810336243519,8.061973741882543,8.37469277208482
2232,11.16,8.64376260098965,8.375292748834099,8.65629146035914
2233,11.165,8.839201381698272,8.614470236333439,8.81569903426405
2234,11.17,8.928744548201811,8.760277571529459,8.854874017548763
2235,11.175,8.917206067983228,8.806692367081798,8.801290126173086
2236,11.18,8.807930242567942,8.75439912723508,8.663913485427154
2237,11.185,8.603043793952136,8.605463305593949,8.42553349588394
2238,11.19,8.303651501968558,8.361570211787246,8.093996843670684
2239,11.195,7.909998004375502,8.023615615668872,7.693171078762262
2240,11.2,7.421617619491324,7.591699809408114,7.220356603654624
2241,11.205,6.837496606200424,7.065243716386455,6.643911832624271
2242,11.21,6.156279283365741,6.443163417200277,5.9758680553686645
2243,11.215,5.37656280247183,5.724112425250912,5.267662766258062
2244,11.22,4.497348339964335,4.906836835252298,4.513074882483465
2245,11.225,3.518754375443998,3.9907223634946285,3.6757183358705285
2246,11.23,2.4431591139875004,2.9766600420359923,2.8041939657938273
2247,11.235,1.277037284420348,1.8684320890611246,1.863981892324345
2248,11.24,0.0339094556080748,0.6749380219684173,0.7728629091741794
2249,11.245,-1.2609618725766083,-0.5862358562877024,-0.40227337888450965
2250,11.25,-2.5633058768110475,-1.883150054431768,-1.6307564837382138
2251,11.255,-3.799587765121824,-3.160824252337754,-2.8664860061877455
2252,11.26,-4.85641825407345,-4.329353963269952,-4.00691860076634
2253,11.265,-5.581958072353768,-5.253265365709909,-4.91787647203107
2254,11.27,-5.823926545906697,-5.75999127299154,-5.430083754756739
2255,11.275,-5.508681501056667,-5.6990373330657125,-5.393742288845374
2256,11.28,-4.695167538954799,-5.044527139396083,-4.777572168376688
2257,11.285,-3.535975435627165,-3.9344239863195103,-3.7107194326217847
2258,11.29,-2.193246015734527,-2.5783628922272905,-2.3956761425506903
2259,11.295,-0.7896003765075631,-1.1474694687714893,-0.9978615595684479
2260,11.3,0.5973180039702565,0.256201677040913,0.3847770922153213
2261,11.305,1.9231270358403327,1.5815035401085362,1.7003249949681276
2262,11.31,3.164392494330513,2.8067410529355588,2.9219082878035705
2263,11.315,4.309975425295405,3.927125133265307,4.040548123579895
2264,11.32,5.3556795636586045,4.948027697752715,5.058342018614779
2265,11.325,6.301085851863139,5.878481160372037,5.977801386237825
2266,11.33,7.147706349106663,6.724597607224082,6.800914499353514
2267,11.335,7.897910238966173,7.487662038581865,7.532385615550146
2268,11.34,8.55429788299647,8.16663838477316,8.17065095741403
2269,11.345,9.11933392589765,8.760566490408339,8.710034518419745
2270,11.35,9.59512875293147,9.26923260303289,9.155279007995567
2271,11.355,9.983302486767563,9.692926235907052,9.514136056286826
2272,11.36,10.28489134912066,10.032035227679726,9.790898181386947
2273,11.365,10.50027067453205,10.28672079918731,9.989309571510057
2274,11.37,10.629076636548003,10.45668556675139,10.113142756968902
2275,11.375,10.670112245154954,10.54099631305062,10.165537432406449
2276,11.38,10.621223564932416,10.537923965090545,10.148308322591916
2277,11.385,10.479129699536848,10.444770230551486,10.060595097705455
2278,11.39,10.239184457336869,10.25765312093916,9.897562254066004
2279,11.395,9.895037426123864,9.97122038920501,9.650270163828125
2280,11.4,9.438144734595928,9.578249657958281,9.306407865702806
2281,11.405,8.857049952689858,9.069073939231505,8.850658974240387
2282,11.41,8.136303872016326,8.430735336653443,8.264593989785766
2283,11.415,7.254800868375791,7.645706255820158,7.526790948855279
2284,11.42,6.183149214839105,6.689904674578081,6.612254004124263
2285,11.425,4.879425633611189,5.52953104822598,5.488937613399544
2286,11.43,3.282342009888705,4.115927878395373,4.111251349544484
2287,11.435,1.3013798784551418,2.3773120551103313,2.411211336835232
2288,11.44,-1.1876344270331771,0.20725188569096975,0.28716415927472116
2289,11.445,-4.256152435619273,-2.5364903743901888,-2.397465936570546
2290,11.45,-7.173524476832986,-5.893151401902692,-5.680377654512517
2291,11.455,-7.086773581566441,-8.668336320398687,-8.407477225859212
2292,11.46,-4.427610742395184,-6.795268403463851,-6.641818723587351
2293,11.465,-1.8608520863049047,-2.628742759125438,-2.627348051847525
2294,11.47,0.1074277634274757,-0.05112839120150792,-0.11433620212876772
2295,11.475,1.5687441334756582,1.6339450194519691,1.546751084021214
2296,11.48,2.6367530159657058,2.7867630660974276,2.6992207878048915
2297,11.485,3.3892727942634555,3.573796033621083,3.5058309532548826
2298,11.49,3.874799044940521,4.06612914345779,4.043831162357522
2299,11.495,4.121337804844886,4.274997552272228,4.351475885909654
2300,11.5,4.141798580940924,4.164177019140004,4.446645993159589
2301,11.505,3.936465136887557,3.920424170266352,4.33209941213595
2302,11.51,3.4931858560336733,3.6111014456750583,3.9969048436135903
2303,11.515,2.785447702383377,3.0841575910838612,3.419353954446245
2304,11.52,1.7682374298417658,2.2717725353437572,2.5644624127287643
2305,11.525,0.3727843769626253,1.1186677910024634,1.37746085156438
2306,11.53,-1.4883865079229863,-0.4540716685606139,-0.22158657879782329
2307,11.535,-3.826347794428005,-2.5415277171529578,-2.326734052686837
2308,11.54,-5.983549858337201,-5.107981694918047,-4.90404912428084
2309,11.545,-5.748028023328944,-7.1089402894213105,-6.939545894790751
2310,11.55,-3.098592438445922,-5.4438284795110405,-5.42850753499396
2311,11.555,-0.2486749655644669,-1.3752098411076483,-1.572044724455104
2312,11.56,2.1373503254574837,1.6402392481878874,1.3093998427479843
2313,11.565,4.073904874504723,3.810703752365788,3.434744275025795
2314,11.57,5.654596890187388,5.474037834280178,5.135425098792202
2315,11.575,6.955662883996295,6.7947956760830195,6.534834138787582
2316,11.58,8.031145201392807,7.853351509821518,7.6984054642801105
2317,11.585,8.918819044674622,8.676440976511106,8.677932350707778
2318,11.59,9.645352958422428,9.258487406728438,9.508349235501349
2319,11.595,10.229782981020117,9.749535183019463,10.142596665626105
2320,11.6,10.685745555068593,10.247861820541331,10.580701971282142
2321,11.605,11.022906272696387,10.662600880604343,10.894621204855413
2322,11.61,11.247873569212391,10.96175245169825,11.093058389011192
2323,11.615,11.364773229711142,11.146409508766634,11.172030959753172
2324,11.62,11.37558725064958,11.220928706557185,11.134914844104507
2325,11.625,11.280315167115624,11.187793211121566,10.98575843481293
2326,11.63,11.07698588782533,11.047117385551848,10.736950755902908
2327,11.635,10.761525898731977,10.7966734800989,10.391613437026889
2328,11.64,10.327470821016467,10.4318130378146,9.940684849013422
2329,11.645,9.765489628291128,9.945186078720514,9.378547696934842
2330,11.65,9.062676733563428,9.32622318789133,8.71508479768114
2331,11.655,8.201572945776787,8.5603400577384,7.960055134607256
2332,11.66,7.158967059975044,7.627838121607224,7.090681791587963
2333,11.665,5.904949149697759,6.502611482024067,6.061138822673326
2334,11.67,4.404355028536658,5.151376130155962,4.835079576368386
2335,11.675,2.629183011619997,3.5365203760788626,3.3703731748331185
2336,11.68,0.6141542541412641,1.6348501597720615,1.6383026843524768
2337,11.685,-1.3524270159536098,-0.4820925145928321,-0.31933782457031334
2338,11.69,-2.4246070121168763,-2.379764564786802,-2.129426170014331
2339,11.695,-1.846988381139188,-2.8934353607936094,-2.6413827506102336
2340,11.7,-0.2487092362431771,-1.3275703471599343,-1.1403703536700265
2341,11.705,1.4619627474043453,0.8924463959532423,1.0052796964640374
2342,11.71,2.941070621825523,2.7057355797785596,2.7624201406350117
2343,11.715,4.135048044228211,4.065316159265965,4.082069361976854
2344,11.72,5.0658405878668304,5.071155276077043,5.068788375426161
2345,11.725,5.765365531768259,5.7970291185917056,5.798992498944822
2346,11.73,6.260258964259178,6.282424398024872,6.313547087333146
2347,11.735,6.56956718415814,6.544675123520131,6.643085041496979
2348,11.74,6.705258627826841,6.625144775621447,6.8108072741353745
2349,11.745,6.672973072666,6.60102954865369,6.820399887803867
2350,11.75,6.472356364864594,6.473239133732726,6.661077787406297
2351,11.755,6.096770191764246,6.199177528513574,6.332484739380964
2352,11.76,5.53217587313196,5.750645637187887,5.838198394066279
2353,11.765,4.754808905153226,5.10510099873823,5.157849406531553
2354,11.77,3.726873968603335,4.2330422176954565,4.2588613692048
2355,11.775,2.388770531587117,3.089461520818161,3.11332661212784
2356,11.78,0.6453526661296666,1.603334028188125,1.6363761344026533
2357,11.785,-1.6542785346621194,-0.3396285789791893,-0.30524684882092146
2358,11.79,-4.699405300027615,-2.920754028041709,-2.8687458670634243
2359,11.795,-8.131062864975538,-6.349098962062634,-6.246096790513173
2360,11.8,-8.451487946625303,-9.946723883667584,-9.775129304869555
2361,11.805,-5.108568566245336,-8.411162227162244,-8.316451431359523
2362,11.81,-1.936367317512694,-2.9365203225799217,-2.9903109152781795
2363,11.815,0.4784999029790008,0.1945290369412369,0.1287243561863951
2364,11.82,2.31781374172431,2.261359376819768,2.233943031750348
2365,11.825,3.742406137071339,3.753742903206345,3.787895808349049
2366,11.83,4.855379465463684,4.880995643990217,4.979083300697431
2367,11.835,5.722403626496933,5.734092240791215,5.879663094420717
2368,11.84,6.386572179958269,6.3428032368540475,6.548656136905985
2369,11.845,6.877001664343729,6.641805015884473,7.035510503095946
2370,11.85,7.213784626173067,6.83598583318307,7.364233154603022
2371,11.855,7.410949049735613,7.1127271277624935,7.5465470754718345
2372,11.86,7.478323707885398,7.2861411988755265,7.592102128889616
2373,11.865,7.422810123449342,7.321966982374754,7.51132579845299
2374,11.87,7.249370117125681,7.228388761156481,7.31233482206712
2375,11.875,6.961962146222022,7.013608310830444,6.998038057722486
2376,11.88,6.5646593564921485,6.683777513868346,6.571637162383048
2377,11.885,6.063242785326233,6.244716458948719,6.040841737256855
2378,11.89,5.467668852189004,5.704233174177228,5.4194297939915534
2379,11.895,4.795888314256899,5.075344523897764,4.720775212195841
2380,11.9,4.079274664117062,4.380993134852609,3.955555102804018
2381,11.905,3.3686990685020106,3.6604409104460744,3.176685418042002
2382,11.91,2.737027286687722,2.9756971159866277,2.4934055014181604
2383,11.915,2.2693394466356698,2.4118974628054954,2.0100047345748804
2384,11.92,2.034283140296305,2.0603971558779537,1.7748932890437579
2385,11.925,2.048770412746366,1.9792669528355318,1.8135254493552413
2386,11.93,2.2668349838945616,2.154240054274563,2.1069988294952995
2387,11.935,2.604341977647715,2.50151580070941,2.5862451299840044
2388,11.94,2.9744907463381725,2.913123425905918,3.0822545030480466
2389,11.945,3.3082932963392637,3.299040259777608,3.4621804079201226
2390,11.95,3.5576517318874523,3.5998324636558854,3.7601360342996237
2391,11.955,3.690123233950352,3.780314037539159,3.947389811002592
2392,11.96,3.682274501833333,3.819727840205162,3.9866923035430277
2393,11.965,3.5141104559456746,3.704233220218052,3.8643719768183864
2394,11.97,3.164737076881308,3.4211664440348737,3.5639066804503856
2395,11.975,2.608755485244689,2.9535630565577646,3.0798331120617624
2396,11.98,1.8130682973524608,2.275364805572284,2.3898110717848993
2397,11.985,0.7350565064236572,1.3486225496455213,1.4466780375064405
2398,11.99,-0.6714322122790904,0.12384924213355664,0.2073685329529633
2399,11.995,-2.411820565890792,-1.4483131903959157,-1.3614326550187412
2400,12.0,-4.249408643251899,-3.350366336343452,-3.2455264414452785
2401,12.005,-5.212260404066832,-5.206446383705369,-5.1008389766438675
2402,12.01,-4.166539216448365,-5.623531036519513,-5.573572279191572
2403,12.015,-1.886832438338929,-3.384747341870323,-3.4509613517519746
2404,12.02,0.4542249807709844,-0.36489201467806964,-0.5336105427889732
2405,12.025,2.491634929949331,2.0528377822874657,1.825860282457934
2406,12.03,4.203601112907115,3.9312170341590065,3.711444222457655
2407,12.035,5.636263437642942,5.426781378782219,5.251389255446314
2408,12.04,6.837132989599837,6.638083973010447,6.49263061862445
2409,12.045,7.843995646363106,7.616308579060715,7.526441691328619
2410,12.05,8.685311405337995,8.38053885409612,8.397754182557655
2411,12.055,9.38234183285424,8.974504724159228,9.11824704314477
2412,12.06,9.951048702787684,9.511468763358124,9.703314399769855
2413,12.065,10.40350904935111,10.004456796947983,10.163238025182768
2414,12.07,10.74892865886505,10.409940361071401,10.506289604511164
2415,12.075,10.994371938364749,10.71474499926839,10.739792599512498
2416,12.08,11.145304926834497,10.920950154499124,10.870087439232211
2417,12.085,11.206024746811291,11.033312450200356,10.903035027966085
2418,12.09,11.18003349663872,11.05625644143926,10.84457977979309
2419,12.095,11.0704081340058,10.993539085526955,10.701610922177226
2420,12.1,10.88021935631656,10.84853100271733,10.482115290225503
2421,12.105,10.613060599143209,10.624690038956746,10.191819175596839
2422,12.11,10.27376027587433,10.326189723308532,9.838611163379532
2423,12.115,9.86935822409347,9.958762877661115,9.44417562216352
2424,12.12,9.41040989528519,9.530843919897961,9.034835680407944
2425,12.125,8.912592339321407,9.055064328917762,8.620050907538108
2426,12.13,8.398342836448476,8.55002458603231,8.197924893650914
2427,12.135,7.897780290410628,8.041934068658636,7.784346948122216
2428,12.14,7.447518365697569,7.565094116449288,7.4098567446385335
2429,12.145,7.08574858418631,7.15946956201277,7.098838009055696
2430,12.15,6.843286350951266,6.863604838638619,6.855733929297507
2431,12.155,6.733545875085215,6.703348166025408,6.714147212821517
2432,12.16,6.747105490149698,6.681242011738771,6.70006655969132
2433,12.165,6.854590450148996,6.773793249162793,6.792714659649409
2434,12.17,7.015780611366637,6.93924910185943,6.95066400041163
2435,12.175,7.189261676970983,7.130468946925703,7.129284807833175
2436,12.18,7.338526909685667,7.305139494275039,7.291545948182707
2437,12.185,7.433959009677059,7.430066214748429,7.410028831231646
2438,12.19,7.452097155004482,7.480890673560422,7.459431583887916
2439,12.195,7.37369937991742,7.439706547871804,7.419267054622681
2440,12.2,7.181476090038371,7.292100224680075,7.277059371993817
2441,12.205,6.857764830402062,7.024162778262875,7.019449513103179
2442,12.21,6.382007487465668,6.619616520715949,6.624176174409604
2443,12.215,5.727563921274824,6.05697439194408,6.06583336885628
2444,12.22,4.856923951894253,5.306154663348803,5.322352606799301
2445,12.225,3.713328397954096,4.323153479221392,4.357795022622479
2446,12.23,2.2039724110896253,3.039961927786144,3.1047188366641727
2447,12.235,0.1609468002419964,1.3431927936932633,1.4563595579423936
2448,12.24,-2.76997026896919,-0.9775523189883204,-0.7877358859966668
2449,12.245,-7.574212852685834,-4.382035849934988,-4.09068289833567
2450,12.25,-20.082040182530037,-10.215441470475882,-9.76007543082805
2451,12.255,-12.589889115280808,-27.09074180925468,-26.117238383793598
2452,12.26,-4.961305017854974,-7.863932679152482,-7.678022454504044
2453,12.265,-0.9908924439316156,-0.4873355977359717,-0.49015230571052637
2454,12.27,1.661296078841653,1.8301905402086285,1.8259168726105819
2455,12.275,3.609638502397332,3.779375118729832,3.768233475098714
2456,12.28,5.107627157105323,5.217282061347767,5.211630212129576
2457,12.285,6.284114907756831,6.367859275547833,6.365545803326121
2458,12.29,7.213043072264983,7.263910261463922,7.28612016889607
2459,12.295,7.940190548938045,8.129797140995544,8.007956609636384
2460,12.3,8.49523422142729,7.673317296456379,8.56588271910381
2461,12.305,8.897807796888607,8.207186501419438,8.975022479486356
2462,12.31,9.16077193477166,8.75875391077168,9.237823714743545
2463,12.315,9.29204638535637,9.031682783339626,9.364690367207828
2464,12.32,9.295623378688232,9.137392592760408,9.359938004380027
2465,12.325,9.17205753971263,9.101345616822242,9.222682462566771
2466,12.33,8.918564644113896,8.930718797338015,8.950299413060485
2467,12.335,8.528762973105946,8.624761234576773,8.542593891550899
2468,12.34,7.992011661347189,8.177153366541818,7.978011913402289
2469,12.345,7.292211906883075,7.5761167216355325,7.282471803705068
2470,12.35,6.405815082749619,6.803335140485481,6.449951206304606
2471,12.355,5.298614662163834,5.831721704795886,5.354003438808162
2472,12.36,3.920781544768409,4.621640454027557,4.019557567289888
2473,12.365,2.200341645011283,3.115030386232766,2.546382517290662
2474,12.37,0.0422578756257185,1.228086181914176,0.9043868360700036
2475,12.375,-2.6111746772809603,-1.1463175681819697,-1.306304791436113
2476,12.38,-5.328865874173227,-4.042833796767519,-3.9883376389159473
2477,12.385,-6.032616004975909,-6.747383693436193,-6.564167691147096
2478,12.39,-3.903419116213618,-6.237290344733571,-5.686134283133793
2479,12.395,-1.2842743794525922,-2.442878470200476,-2.088355762332103
2480,12.4,0.8872131928894502,0.502175851026835,0.6543107650520525
2481,12.405,2.5841169835063464,2.479970574070824,2.6211346245623406
2482,12.41,3.902064292239351,3.9029030729367693,4.003760172376059
2483,12.415,4.921706211437642,4.9558686580952935,5.03872313569392
2484,12.42,5.699484405639077,5.730461154896423,5.787047157813606
2485,12.425,6.2738093874859775,6.2606167452232215,6.302150395644063
2486,12.43,6.67074305705996,6.533040357632577,6.6927147859447205
2487,12.435,6.907806017039412,6.660742839920897,6.939041353354519
2488,12.44,6.9963893654118685,6.790409954081683,7.002918427210334
2489,12.445,6.943279578908941,6.8314835493607236,6.935247591520842
2490,12.45,6.751652840810336,6.7348726734512905,6.782492748643063
2491,12.455,6.421800131457866,6.4955264272047035,6.513786372804507
2492,12.46,5.951839062117431,6.1137269539157915,6.013609890531676
2493,12.465,5.338788049700257,5.58830567147928,5.380766960911764
2494,12.47,4.580722587460163,4.9171061140753825,4.6825840425787435
2495,12.475,3.681517996204161,4.099847896893685,3.8375588895746793
2496,12.48,2.661207975706013,3.144490035054624,2.7611968363657016
2497,12.485,1.576856206377962,2.080884985152673,1.8605908260457422
2498,12.49,0.5558274082271566,0.9876696858240184,0.7773930462483412
2499,12.495,-0.1835130442041273,0.03250707411337306,-0.22662702182250438
2500,12.5,-0.4046150707949905,-0.5147718844567519,-0.701359456851109
2501,12.505,-0.0397911949840343,-0.4090193727079843,-0.5181647526775919
2502,12.51,0.7404761800025182,0.3180797415320651,0.27170209151789226
2503,12.515,1.6903416793054749,1.357028852474746,1.3795021993007182
2504,12.52,2.634504163522376,2.4146786516677206,2.5229204392785185
2505,12.525,3.4846000208785632,3.350465736657547,3.5257512631786954
2506,12.53,4.206151063860901,4.1230551466718435,4.3086427714920985
2507,12.535,4.790791236087796,4.729836667591255,4.919771742099519
2508,12.54,5.241318088337707,5.180807909902462,5.385773640289808
2509,12.545,5.564899118737055,5.4930721521784776,5.709814558939447
2510,12.55,5.770396045415687,5.6906207251451315,5.903475773686916
2511,12.555,5.867686963126204,5.795642732241296,5.978187621227128
2512,12.56,5.868036482013482,5.819195673956337,5.953266912934531
2513,12.565,5.785122913799717,5.766336545624536,5.845206071816796
2514,12.57,5.63653303419526,5.645481411019866,5.6629991498978605
2515,12.575,5.445477084124351,5.472518375790591,5.426813619435145
2516,12.58,5.24214871639412,5.27190376907277,5.1706715829227825
2517,12.585,5.063581484605195,5.076826947583342,4.9274990904992215
2518,12.59,4.95039158482572,4.927597869631193,4.726477031486977
2519,12.595,4.939400158542192,4.86629219041044,4.611160226038902
2520,12.6,5.053706598786167,4.926865988740168,4.633461787526701
2521,12.605,5.295093722927931,5.123725164567426,4.812822466465055
2522,12.61,5.643749074650373,5.445498553182819,5.13581812166951
2523,12.615,6.065520370798402,5.859045558743814,5.586294789129493
2524,12.62,6.521923932841744,6.321191762238424,6.112156991078112
2525,12.625,6.977861664531151,6.7905471009055605,6.634150160704936
2526,12.63,7.405225851097637,7.234151246521225,7.12780696613833
2527,12.635,7.7832813921064306,7.628871289121887,7.574941205628743
2528,12.64,8.097437206878887,7.959917873967175,7.9485773335788
2529,12.645,8.33758486201549,8.218454357624877,8.234248458586496
2530,12.65,8.496577549106764,8.399219653662445,8.42693889616517
2531,12.655,8.569026283107814,8.498534761873643,8.525293495185107
2532,12.66,8.550406878475282,8.512930502881478,8.528097532049927
2533,12.665,8.436413384981243,8.438462326522464,8.433833329350156
2534,12.67,8.2224934267913,8.270509069970682,8.240975301968888
2535,12.675,7.903525052757035,8.003753046009336,7.94774886176288
2536,12.68,7.473635375319281,7.632165988525561,7.5513702123607676
2537,12.685,6.92623011329334,7.149008876632671,7.047697878574857
2538,12.69,6.254436642300529,6.546999955791668,6.431787236630842
2539,12.695,5.45244385307821,5.818975581840433,5.698566449727966
2540,12.7,4.518819118618919,4.959713944299819,4.8440661641136185
2541,12.705,3.4640676215033506,3.9703524654921702,3.869828694122987
2542,12.71,2.3264875847145965,2.8683386406743505,2.793438758395105
2543,12.715,1.2001924809395517,1.707973924795453,1.668398444186281
2544,12.72,0.2645650561599252,0.6152722011021483,0.6168449654380455
2545,12.725,-0.2428960568357456,-0.182058825152982,-0.14149928225418495
2546,12.73,-0.1770476179700258,-0.41467810848710496,-0.346760484977537
2547,12.735,0.3743999226324686,0.007170405078971598,0.08685078273759306
2548,12.74,1.177155082000216,0.8597692575743432,0.9414409673939947
2549,12.745,2.0240352426556547,1.821594564434636,1.9046457762089584
2550,12.75,2.7948738729110723,2.6956570224539496,2.7848945779043706
2551,12.755,3.43459132390758,3.4074980078004344,3.5097341060862948
2552,12.76,3.922125549990035,3.939109287421707,4.062266539802303
2553,12.765,4.251152440612096,4.2914320003535025,4.444082562532683
2554,12.77,4.420515669355002,4.472366546271913,4.660578280385172
2555,12.775,4.42994854223797,4.495663665300519,4.716040107625896
2556,12.78,4.278485429371404,4.375810301289852,4.612326815793466
2557,12.785,3.964548631599678,4.116820033535158,4.349073514172554
2558,12.79,3.48787495229991,3.71203871360066,3.9250454155841297
2559,12.795,2.854775859376128,3.1550707418303556,3.341287183361414
2560,12.8,2.090308865085754,2.4513929017137137,2.6082655785197453
2561,12.805,1.2633066878556516,1.6345176223464604,1.761681349826703
2562,12.81,0.5254711628894255,0.7973417353985495,0.8939895229302883
2563,12.815,0.1281035763984906,0.138387334920421,0.20009230198305517
2564,12.82,0.31456650735543,-0.03511125732392362,-0.018967600761676806
2565,12.825,1.1046696123627089,0.5133935776965384,0.47109687681474455
2566,12.83,2.2749003270958847,1.6728314698456996,1.5697797182331579
2567,12.835,3.568546635990313,3.077668116154797,2.929486172096423
2568,12.84,4.824319563234513,4.447250513588025,4.280907944708448
2569,12.845,5.968966016357959,5.668954791513702,5.512877457595218
2570,12.85,6.977692766348252,6.717942175235121,6.596567157032442
2571,12.855,7.847212234213398,7.598781432983076,7.531239777074741
2572,12.86,8.582366995318804,8.324435723770522,8.322619735831543
2573,12.865,9.190226732764398,8.91399499235048,8.975433810825418
2574,12.87,9.677640126286242,9.392146381993193,9.493484284244708
2575,12.875,10.05028022972003,9.777003782517419,9.882855556178892
2576,12.88,10.312303709880196,10.071379252129324,10.151170965441747
2577,12.885,10.466236733210415,10.270317521035764,10.304392699496352
2578,12.89,10.512913745655917,10.368980126163535,10.346172159441435
2579,12.895,10.451384414784524,10.363862840569883,10.278693776445238
2580,12.9,10.278736625417146,10.25154848093267,10.103070443795795
2581,12.905,9.989787542503205,10.0275000558673,9.818886406629186
2582,12.91,9.576579578356728,9.685158681636972,9.423334781950615
2583,12.915,9.02758228856394,9.21509423133443,8.910705180853391
2584,12.92,8.326434136913154,8.603942781748795,8.272045093921069
2585,12.925,7.449936445993424,7.832852351052091,7.493843869527986
2586,12.93,6.364794480132865,6.875047276974221,6.5542225271091805
2587,12.935,5.0222426051853,5.691869646555617,5.416684745154489
2588,12.94,3.3493430122162566,4.226228177280167,4.023007884675672
2589,12.945,1.2373962885694836,2.3920515595766076,2.2845412395279374
2590,12.95,-1.4512983872741718,0.06114891873207107,0.0706711177025765
2591,12.955,-4.657283689348346,-2.9192961711581376,-2.7749339074373047
2592,12.96,-6.703067724499764,-6.374113980254428,-6.09369336391269
2593,12.965,-4.9540004227582894,-7.693329024902351,-7.370173256628842
2594,12.97,-1.976126129338015,-3.713740219293303,-3.5311115682624923
2595,12.975,0.4906620424005687,-0.002461212521946976,0.07793624620140704
2596,12.98,2.3715033598608377,2.255218441440703,2.2936015076037966
2597,12.985,3.801411402227877,3.82383134663527,3.8409481441900954
2598,12.99,4.887109610401582,4.954891351399711,4.96381495079365
2599,12.995,5.69886920587572,5.775084390476875,5.7906732902465325
2600,13.0,6.281921547887922,6.335250174330614,6.3851311059980596
2601,13.005,6.665017473918963,6.619502922981057,6.782852292075416
2602,13.01,6.865550001707609,6.654400158733792,7.005218315536638
2603,13.015,6.892409761861945,6.696783007023189,7.061978047759185
2604,13.02,6.747380091470044,6.669304297172042,6.954291261288943
2605,13.025,6.425480899934076,6.472751643579549,6.678366222544431
2606,13.03,5.914395379229913,6.087780714241576,6.225213763752924
2607,13.035,5.192923723924027,5.5007345001846595,5.579230088281471
2608,13.04,4.228337642215131,4.688322364022273,4.7157140688846315
2609,13.045,2.972970869836689,3.6133917617739857,3.5975886069727823
2610,13.05,1.3636611529044935,2.22138533247792,2.172825463323905
2611,13.055,-0.6539936566844861,0.4417349889221036,0.37632053593856885
2612,13.06,-2.96167411651632,-1.7733898496537677,-1.8436574142926592
2613,13.065,-4.62754963148797,-4.204730988372731,-4.2786472923098415
2614,13.07,-3.935317379298389,-5.452146806072447,-5.545567337291287
2615,13.075,-1.5669300691539287,-3.357722095348395,-3.515857932769931
2616,13.08,0.8679959616542063,0.005885258299543672,-0.18384659193428998
2617,13.085,2.919651600293889,2.5301212711084062,2.3679849193765037
2618,13.09,4.590028664214644,4.3925561753440885,4.294964866362141
2619,13.095,5.94726016582099,5.820362991557684,5.81791781613219
2620,13.1,7.0513748612852565,6.9397370588994445,7.046939906699089
2621,13.105,7.94679673293285,7.812866422139255,7.96844910387646
2622,13.11,8.665359024606646,8.457607767142036,8.671491017189144
2623,13.115,9.229808486278037,8.896816834146128,9.224986532930288
2624,13.12,9.656389050660042,9.274357490974669,9.633229147948931
2625,13.125,9.956579797733752,9.62419040263103,9.90617994539707
2626,13.13,10.13822961201058,9.87996980516059,10.050643351705979
2627,13.135,10.206278481145157,10.020886478162506,10.0791099321623
2628,13.14,10.163188352072144,10.046883774278752,10.00457210478109
2629,13.145,10.009155718701608,9.959951813124476,9.822224819504747
2630,13.15,9.742141910953034,9.760255571941592,9.52758687857538
2631,13.155,9.357729458839176,9.445479471153806,9.128934219926535
2632,13.16,8.848789087344814,9.010592110701259,8.629483319977846
2633,13.165,8.204919528056045,8.447486967808382,8.009688874932694
2634,13.17,7.411605241709099,7.744363296963647,7.248420963231132
2635,13.175,6.449049950749421,6.884776067985053,6.363378164167084
2636,13.18,5.290787721704177,5.8463262573037875,5.36596154722233
2637,13.185,3.902842219480739,4.59918226113763,4.21633673723987
2638,13.19,2.246955319131565,3.105591870918472,2.8599776844983302
2639,13.195,0.3024037871715844,1.3254866095427924,1.2603867191022977
2640,13.2,-1.839192376974493,-0.7509986498575412,-0.6444801912690545
2641,13.205,-3.6821986523718953,-2.966853279246669,-2.7086807350637745
2642,13.21,-4.157668802051717,-4.59407812306207,-4.249406784365185
2643,13.215,-2.991430288097445,-4.238188424696123,-3.9157960931412887
2644,13.22,-1.2187445223957607,-2.0909278467537122,-1.8479013378573175
2645,13.225,0.4509154087515007,0.06872279425112282,0.24517814408798522
2646,13.23,1.8388468782083112,1.7138739580093674,1.844309050670243
2647,13.235,2.946039376163881,2.938278464547685,3.0354867066186
2648,13.24,3.809155015971946,3.84645639819582,3.9237679188760373
2649,13.245,4.464549216359738,4.504028160414476,4.585075575868254
2650,13.25,4.94178867093619,4.943721560131919,5.0625325040139035
2651,13.255,5.264040309331409,5.188060028683193,5.3815616651183875
2652,13.26,5.449754642975758,5.312312773162451,5.566032152201003
2653,13.265,5.514399210236096,5.387985003229476,5.634564190721611
2654,13.27,5.472072040816755,5.396670653314548,5.5936576939401235
2655,13.275,5.33707147977008,5.317560004377061,5.447631032644017
2656,13.28,5.125512234290932,5.154137551329802,5.216803878373108
2657,13.285,4.856978859348148,4.921536940046688,4.926771719656541
2658,13.29,4.55598239167961,4.6414286003872895,4.59537392327218
2659,13.295,4.252606701039306,4.341529013603474,4.251045129923905
2660,13.3,3.9813060843756687,4.055348713898549,3.9380812701522627
2661,13.305,3.776786169005828,3.819838712557679,3.6734164631921002
2662,13.31,3.6669820816123417,3.669590596396871,3.4811573858408353
2663,13.315,3.665432598926064,3.6281720365887926,3.4064914199986145
2664,13.32,3.767078797205107,3.700204266784582,3.4739124630115263
2665,13.325,3.950183065032573,3.8692068614991912,3.6741715913586352
2666,13.33,4.183141993773171,4.103149025422866,3.9655669143389938
2667,13.335,4.432267586514899,4.364241494752771,4.2967700790181835
2668,13.34,4.667318819335446,4.617480262710689,4.628002903381388
2669,13.345,4.863951594176244,4.8350674115541405,4.9253222527261284
2670,13.35,5.003908066237818,4.997167905612646,5.1455468499178485
2671,13.355,5.074117041622967,5.0907156741127295,5.2596555481604925
2672,13.36,5.065554638333195,5.107614123264935,5.277094245046452
2673,13.365,4.972318152461078,5.043035677091869,5.2039581304575835
2674,13.37,4.791121758894212,4.894207828295147,5.0366812133742265
2675,13.375,4.521336225579967,4.659957952635197,4.774713864127649
2676,13.38,4.165713961985467,4.341153270683317,4.421849562876031
2677,13.385,3.732008817183706,3.9420667540806775,3.988344251465656
2678,13.39,3.235729046932132,3.4727490779478547,3.487985296222619
2679,13.395,2.7040411455991813,2.952571254616946,2.9395639123949495
2680,13.4,2.1799198189931963,2.4148227432757263,2.3775564033551313
2681,13.405,1.723477590397037,1.9109595852198171,1.8562921310249303
2682,13.41,1.40472424941218,1.5102269127320334,1.4430269259186268
2683,13.415,1.283388655361196,1.2874012388022913,1.2065053622311401
2684,13.42,1.38270046483794,1.295128458988307,1.199883080096301
2685,13.425,1.6768885748202207,1.5342586831475704,1.4318459215057708
2686,13.43,2.1041903066224923,1.9492819807455728,1.8504761342744103
2687,13.435,2.593048103159839,2.456075762808106,2.372356686279472
2688,13.44,3.081877591409436,2.975971982187708,2.9234748520598615
2689,13.445,3.5258899351259565,3.452399185426434,3.4401970444350636
2690,13.45,3.895469098390248,3.8507723057981127,3.8729057531228364
2691,13.455,4.171790678295225,4.152227786342488,4.203690485279274
2692,13.46,4.342657790257017,4.3475845531829185,4.425723416077851
2693,13.465,4.399395318311244,4.432721206512041,4.530971224696109
2694,13.47,4.334743436859851,4.404781484450357,4.5136155357645675
2695,13.475,4.141487750413919,4.259337472930111,4.368769264225553
2696,13.48,3.811631680314303,3.989216896527897,4.09078512040052
2697,13.485,3.336102265436267,3.58480905034856,3.6728078509163162
2698,13.49,2.7053223951245413,3.0350301865283704,3.106873687513814
2699,13.495,1.9117181663312688,2.3289153637286546,2.3849932354015158
2700,13.5,0.9569367434653736,1.4593606672767416,1.5026786941665224
2701,13.505,-0.1298042078700961,0.43297576634757906,0.46854689097640545
2702,13.51,-1.2511410662042477,-0.7053188757192741,-0.6717687939549171
2703,13.515,-2.179658020901631,-1.8191757608443933,-1.7840773861206998
2704,13.52,-2.563215683223846,-2.6070929673517735,-2.574037700532733
2705,13.525,-2.1719998501512205,-2.647104097710516,-2.6298969350671797
2706,13.53,-1.1628317181667227,-1.782736634659722,-1.795692762015931
2707,13.535,0.1088276762043934,-0.39501828693502006,-0.43675297628466403
2708,13.54,1.3827721192168485,1.0436936055538837,0.9885191802264326
2709,13.545,2.539380553343608,2.3197316365698493,2.2686905453885626
2710,13.55,3.539524186146443,3.3879758230703363,3.3557141264387953
2711,13.555,4.3780042994368245,4.255724062796149,4.25423987925203
2712,13.56,5.06142386734096,4.939705826333132,4.979803634967702
2713,13.565,5.599227937930735,5.4586611135378815,5.547669896865747
2714,13.57,6.000399850276315,5.8396312009694205,5.970558024578768
2715,13.575,6.272427066837078,6.113085124982394,6.258346482285431
2716,13.58,6.421171236641535,6.2914060467619475,6.418460526747019
2717,13.585,6.451134479744695,6.369559596888615,6.456582463950598
2718,13.59,6.36598421944801,6.340992562405937,6.377324244698444
2719,13.595,6.169392574855649,6.203392652817352,6.184961437076707
2720,13.6,5.866399345263097,5.9581861038280906,5.884546040179009
2721,13.605,5.465678729983007,5.610445567437708,5.483686682224418
2722,13.61,4.983265605729735,5.17076532175426,4.9953558422729545
2723,13.615,4.448278856737389,4.659423212269385,4.44214566214511
2724,13.62,3.9102864726647257,4.113061262994371,3.8628385727016528
2725,13.625,3.444786683629521,3.5928712522945387,3.3214837109193316
2726,13.63,3.147338405185298,3.188875770557848,2.9120970701521145
2727,13.635,3.105191492956357,3.007419362246038,2.743224819922729
2728,13.64,3.353820759605964,3.1298119203881605,2.8934413978911153
2729,13.645,3.855119784760874,3.560253224890733,3.361543702171721
2730,13.65,4.521208913658988,4.216550766401266,4.061547026894772
2731,13.655,5.257874091999852,4.98011544196418,4.871593339526186
2732,13.66,5.991772432821048,5.750992313354541,5.685443317524382
2733,13.665,6.675470720087925,6.466638450613714,6.433807792603236
2734,13.67,7.281735030152614,7.094977759315773,7.084499817121853
2735,13.675,7.796239702490037,7.622760835497355,7.6279016195253
2736,13.68,8.211993208450796,8.047425396776902,8.061805629260117
2737,13.685,8.525755616206432,8.371939149701012,8.386294910649939
2738,13.69,8.735899852385886,8.600369181265082,8.602873648594507
2739,13.695,8.841169080173174,8.734349773000467,8.713749481810385
2740,13.7,8.839955284386102,8.77214519091578,8.720540150418282
2741,13.705,8.729879433003013,8.709796100616549,8.623081067404009
2742,13.71,8.507567602944599,8.542345326362614,8.419905361742515
2743,13.715,8.168612542122254,8.264316652937694,8.108915121436889
2744,13.72,7.707825515440724,7.8697932517240705,7.686661436994143
2745,13.725,7.120084154536633,7.352669321232747,7.148317548296866
2746,13.73,6.402492307216878,6.707679277523002,6.490462499936089
2747,13.735,5.559413649860257,5.933195571207539,5.715066151986717
2748,13.74,4.613471533247361,5.0378299886254725,4.834170263647042
2749,13.745,3.627117556019612,4.054781748748006,3.882079519649088
2750,13.75,2.7347005092373773,3.0693605874356322,2.941992032598735
2751,13.755,2.155259470174599,2.2568691945719896,2.1812364402816034
2752,13.76,2.1071997586586626,1.883954632181128,1.852482695006643
2753,13.765,2.629863147064321,2.1666536357668513,2.161521019667367
2754,13.77,3.543691582880132,3.0390593646358197,3.044696788543697
2755,13.775,4.61420189604345,4.19353299589874,4.203692415334742
2756,13.78,5.679045504587698,5.359780647682079,5.374611501939571
2757,13.785,6.656934504324333,6.4113956950052025,6.433504523933004
2758,13.79,7.515959417631214,7.311248329483062,7.344727163955495
2759,13.795,8.247995897176589,8.056951273558713,8.107413071050683
2760,13.8,8.85485188186941,8.657721007789421,8.730858265939684
2761,13.805,9.34175582607456,9.129526550541073,9.225824633625557
2762,13.81,9.714495781734453,9.493730537761559,9.601859022865508
2763,13.815,9.97823336386374,9.767404828881405,9.866585550191195
2764,13.82,10.137058379702571,9.954958605311667,10.025734720570258
2765,13.825,10.193861423565792,10.053036983596726,10.083441101660409
2766,13.83,10.150338755209834,10.057734873401937,10.042530152405762
2767,13.835,10.007054580960402,9.966556540579996,9.904769602359634
2768,13.84,9.763543012591514,9.777776780637938,9.671212294944926
2769,13.845,9.418471630337342,9.489683203442741,9.34261276801471
2770,13.85,8.96993323825043,9.100254432495701,8.91966919403538
2771,13.855,8.416004177667428,8.607270194715952,8.403097984526894
2772,13.86,7.755837818030335,8.008904746039546,7.794286768505009
2773,13.865,6.991796761527551,7.305072307867092,7.09686954151295
2774,13.87,6.133508463671726,6.500124888489972,6.318321173548457
2775,13.875,5.205156960756714,5.607984883032079,5.472502657736694
2776,13.88,4.257029737835376,4.661254371868436,4.587519421533437
2777,13.885,3.3786545139678608,3.725132408944699,3.721085787851967
2778,13.89,2.69946548213809,2.911337272297639,2.975894631242042
2779,13.895,2.3506827496661997,2.371428963547409,2.493110322080063
2780,13.9,2.3887428664568646,2.236278479325459,2.3942575979726515
2781,13.905,2.751931923187292,2.517531214488055,2.688973399652297
2782,13.91,3.3059878253478407,3.0834882042775784,3.252671046847449
2783,13.915,3.9201735609910022,3.7555030002379146,3.916037321129509
2784,13.92,4.503858738997796,4.401718628482438,4.553425933777258
2785,13.925,5.005025458526777,4.9525407508505195,5.098684553947343
2786,13.93,5.3969372606042985,5.378432845928844,5.5244473145614394
2787,13.935,5.666563343503243,5.669871152063864,5.821966754076274
2788,13.94,5.8072032236671935,5.827142578139125,5.9892185748262845
2789,13.945,5.814232063108391,5.855276843591024,6.0253073707935165
2790,13.95,5.682629568631848,5.75845199664519,5.928353052717112
2791,13.955,5.405371487430635,5.53433632805387,5.694195008546663
2792,13.96,4.972117804923951,5.172877926299075,5.315103280821646
2793,13.965,4.36784031035336,4.658312165288995,4.779227096896477
2794,13.97,3.5711674640554785,3.970056208682786,4.070366589223265
2795,13.975,2.552468419616833,3.081431381675319,3.1662773819280363
2796,13.98,1.2726584009911737,1.9573637817420924,2.035726486940599
2797,13.985,-0.3121166565056367,0.5532917710234662,0.6374269803734673
2798,13.99,-2.216738521954386,-1.1769732457137252,-1.072286643095362
2799,13.995,-4.27354034050637,-3.2309254300846977,-3.0912349123147216
2800,14.0,-5.703781738229498,-5.33513096308609,-5.155185895816173
2801,14.005,-5.3007076566963,-6.360001234149111,-6.169399606326888
2802,14.01,-3.437421735318636,-4.860117310734678,-4.727551224092762
2803,14.015,-1.333460025108424,-2.1239673570338278,-2.061240512315596
2804,14.02,0.5195602429549624,0.16008198391443607,0.19472536722082623
2805,14.025,2.0565441936832287,1.8941695673729289,1.931920828498134
2806,14.03,3.313437880031703,3.2308318418320403,3.289498144763991
2807,14.035,4.336340451509534,4.27460086941562,4.365728322520865
2808,14.04,5.163772651342117,5.083136211112517,5.220814973108408
2809,14.045,5.8254358238684745,5.680768326824035,5.893802930743442
2810,14.05,6.344000079396663,6.0995761973687985,6.412601341657925
2811,14.055,6.737012593083032,6.444399130727679,6.797358722490497
2812,14.06,7.018423717812995,6.754814798822692,7.0627628083045035
2813,14.065,7.199749624315244,6.991557376753775,7.220859454413496
2814,14.07,7.290974733994828,7.138505383039159,7.282300970786801
2815,14.075,7.301285539476057,7.198910547500093,7.256763509678552
2816,14.08,7.239698246668883,7.181130293829144,7.153760988206384
2817,14.085,7.11561059353746,7.094703210297598,6.983592837046626
2818,14.09,6.939272056641008,6.949864449567606,6.758348775056082
2819,14.095,6.722123209373638,6.75779797846671,6.4925783126467955
2820,14.1,6.476905852904848,6.530902406024459,6.200495574937826
2821,14.105,6.21740449771425,6.282797414554469,5.897729443794844
2822,14.11,5.957678853106684,6.0278781325708835,5.611591227754007
2823,14.115,5.7107306227447925,5.780274203427769,5.374731892905793
2824,14.12,5.486740473971191,5.552208748327709,5.2010526766415595
2825,14.125,5.291262021105543,5.352008589622892,5.08009025358233
2826,14.13,5.123920500495062,5.182301020894022,5.000845850258587
2827,14.135,4.978071617459595,5.039040010295171,4.954374264186817
2828,14.14,4.841517357518784,4.911764979589088,4.919182675506429
2829,14.145,4.69795060735286,4.784980284277659,4.848784171456116
2830,14.15,4.5285663652198265,4.640075830541855,4.723848140085168
2831,14.155,4.313326301811341,4.457079743082625,4.549422615370303
2832,14.16,4.031581811027113,4.215743053430302,4.311240820473083
2833,14.165,3.661971740705929,3.8957751621691106,3.98799696132968
2834,14.17,3.181609862350629,3.4762652077576135,3.5599144465258195
2835,14.175,2.564551033817396,2.93437315096254,3.007863890366696
2836,14.18,1.7794068153942069,2.243290622858984,2.3111396335824486
2837,14.185,0.7858309172990856,1.3693065688880788,1.4375599156179555
2838,14.19,-0.4703592010579114,0.2676361830313656,0.3417502743586942
2839,14.195,-2.062125328774109,-1.1231869652891957,-1.0334013991144042
2840,14.2,-4.074273765356852,-2.8861834027716124,-2.765675216561884
2841,14.205,-6.50810683577117,-5.112020249144923,-4.947008434107238
2842,14.21,-8.739328100562291,-7.7526967249868886,-7.53688354499312
2843,14.215,-8.749161349599978,-9.82295687144971,-9.578753998002751
2844,14.22,-6.407528495900946,-8.50775384583491,-8.339505209433918
2845,14.225,-3.76995287206044,-4.7848216332472475,-4.742980001445373
2846,14.23,-1.5465738962106004,-1.9318284514631117,-1.9502444204413862
2847,14.235,0.245471262849668,0.10120298776728287,0.07391281126425753
2848,14.24,1.6878486756162787,1.6321606565984568,1.6157350911708144
2849,14.245,2.851644294945148,2.820097354404411,2.8198795958247382
2850,14.25,3.788061971524531,3.743904794661602,3.777553676107839
2851,14.255,4.5329085316773625,4.430664784579847,4.538621394907813
2852,14.26,5.111248438826839,4.878373248420238,5.130904306604041
2853,14.265,5.540690432219697,5.220912639443727,5.573142997063533
2854,14.27,5.833566633813911,5.555837337934172,5.876681873874081
2855,14.275,5.998392115635004,5.801840920515717,6.048973784916573
2856,14.28,6.040900626825989,5.924570470006396,6.09533361602744
2857,14.285,5.964879513399778,5.923141110963073,6.0191131699939024
2858,14.29,5.773007398234235,5.801451415381813,5.822810205841639
2859,14.295,5.467940431712717,5.563133648095637,5.509339001184506
2860,14.3,5.054012997278736,5.212028458750977,5.0834259408341875
2861,14.305,4.540134632908054,4.754269370006602,4.555341690952685
2862,14.31,3.944734622505467,4.2019648407467045,3.940186029023963
2863,14.315,3.303596400986546,3.5793775227348377,3.259919661790036
2864,14.32,2.6799300459885167,2.932424793238843,2.5704463045306016
2865,14.325,2.170537817951832,2.3399860919415243,1.9767952532415105
2866,14.33,1.8923770858121,1.917716406186981,1.603217642347274
2867,14.335,1.9358820034174,1.7932239022277718,1.5495432912216538
2868,14.34,2.3096415210941554,2.040276715840832,1.8680924162804984
2869,14.345,2.934606943168656,2.6186608079599663,2.520948827348596
2870,14.35,3.694943066171534,3.3968554189370477,3.3804629688265817
2871,14.355,4.489460810288209,4.235312449554703,4.2673546863703935
2872,14.36,5.250292770420282,5.038900293086614,5.068799741598851
2873,14.365,5.938731450540532,5.758028497394452,5.781011767230008
2874,14.37,6.535189276500244,6.371962593977727,6.393062095874857
2875,14.375,7.030903571414864,6.875545879760628,6.891869336589369
2876,14.38,7.422614449300227,7.27205061316653,7.276791099767092
2877,14.385,7.709475783319898,7.56840731964639,7.550922388205923
2878,14.39,7.891322998281945,7.770225057085287,7.723972214992665
2879,14.395,7.967687593342433,7.8786218499832295,7.799064155866194
2880,14.4,7.937189717579322,7.890768479594234,7.770953540266527
2881,14.405,7.797091830914392,7.801872379893409,7.640283962417962
2882,14.41,7.542877623623391,7.606164693749275,7.410516297558075
2883,14.415,7.167755201502738,7.296720963773138,7.073731238695754
2884,14.42,6.661986714408198,6.864717930218578,6.612525348083835
2885,14.425,6.011923747520344,6.298427881058153,6.020747819483966
2886,14.43,5.198579799700659,5.581923819651307,5.2981564907940895
2887,14.435,4.195507280142621,4.693297288423928,4.4243376918256425
2888,14.44,2.965743133178331,3.6020982835797266,3.367845020273938
2889,14.445,1.4580771126199374,2.26574376921784,2.102036817271778
2890,14.45,-0.3938354040176884,0.6254230512647023,0.55463338576119
2891,14.455,-2.6477238381791453,-1.393102232235269,-1.3727512183891406
2892,14.46,-5.189450815397231,-3.8415191036134306,-3.7194921646048105
2893,14.465,-7.088891066174565,-6.505529921334878,-6.275834829584397
2894,14.47,-6.617815911069393,-7.985445432645614,-7.696316972315161
2895,14.475,-4.460599192596323,-6.103727790397688,-5.8709950490547325
2896,14.48,-2.238443826689692,-2.944005945978989,-2.794947657946259
2897,14.485,-0.4027340309320812,-0.6313528857083224,-0.5243066302225792
2898,14.49,1.048704022485735,1.0157758456420658,1.1038569606613282
2899,14.495,2.1839341903962124,2.225392088075267,2.3075573143682075
2900,14.5,3.062856156418881,3.1236568647681837,3.2123008805330446
2901,14.505,3.72997207471508,3.7726465707405232,3.8885409182720636
2902,14.51,4.217648018057303,4.190289930064244,4.378909506555188
2903,14.515,4.549918575342385,4.399756988210504,4.711855846361482
2904,14.52,4.7454946148091,4.54742528291615,4.906950983133665
2905,14.525,4.820126074354059,4.670693692582495,4.9784213035319285
2906,14.53,4.788653680139893,4.707913373506671,4.939049642548625
2907,14.535,4.667035756995047,4.646697278028739,4.802055903868449
2908,14.54,4.474525319740711,4.500261905127352,4.582929064087313
2909,14.545,4.2359510932511295,4.290581923799489,4.302336541020288
2910,14.55,3.983605722101157,4.046746588614411,3.988676599430593
2911,14.555,3.757508573760075,3.8060126160430605,3.67990772419524
2912,14.56,3.60213498363982,3.613102733605059,3.4236125878278845
2913,14.565,3.55823903170994,3.5149474640120095,3.2665366229467594
2914,14.57,3.6514266528893606,3.5497352048971553,3.245311230682847
2915,14.575,3.883310749514524,3.7336771059770646,3.3908561852355166
2916,14.58,4.231345700484251,4.053727255906996,3.714939382533373
2917,14.585,4.657497978204779,4.472516609946909,4.183286578722352
2918,14.59,5.119797409933104,4.942276601063726,4.724270725874541
2919,14.595,5.580819372285037,5.418309104593636,5.281408656669349
2920,14.6,6.0112783689736045,5.865990850056788,5.819788358728975
2921,14.605,6.390049877048187,6.261741532737126,6.30673727575925
2922,14.61,6.702562204873162,6.590987801794968,6.681473286670398
2923,14.615,6.938856291636872,6.845364602620515,6.937109044033662
2924,14.62,7.091883943669326,7.020057686072006,7.102650256802275
2925,14.625,7.15618031354694,7.111601477658014,7.176393844703075
2926,14.63,7.126860598612157,7.116370230344762,7.151725824019408
2927,14.635,6.998835771789768,7.029819154636477,7.025645426792318
2928,14.64,6.766136386790248,6.846196320373917,6.797782349464175
2929,14.645,6.421235836565106,6.558319729226421,6.470194322498905
2930,14.65,5.954254744526379,6.15714716261448,6.035553814443585
2931,14.655,5.35189148749026,5.6310120648907365,5.48068786964497
2932,14.66,4.595837263554406,4.964410949773072,4.795727667844995
2933,14.665,3.660248020821751,4.1361058901727965,3.9653656999062927
2934,14.67,2.507441094674461,3.116038945508378,2.9557801125533807
2935,14.675,1.08005640666049,1.860009487414095,1.717024872616569
2936,14.68,-0.7143704179150867,0.2998315108471914,0.19019185699907837
2937,14.685,-3.0365483279569627,-1.676383754927322,-1.7244955716742796
2938,14.69,-6.191660296305226,-4.267401447017225,-4.224811211659963
2939,14.695,-10.751753629447691,-7.859547136133726,-7.687217863666703
2940,14.7,-15.602035467696458,-13.174805197435317,-12.805819176058469
2941,14.705,-11.95560060214577,-18.117956160553213,-17.58740736535445
2942,14.71,-7.435419687054992,-9.50134903220521,-9.295040404641258
2943,14.715,-4.422089161950979,-4.527010335467743,-4.443009391036117
2944,14.72,-2.317045511916536,-2.185497460900084,-2.121201439144242
2945,14.725,-0.7800491822895138,-0.5686297383906442,-0.5097852199121045
2946,14.73,0.3655864899407312,0.5823507522482547,0.6443379998926719
2947,14.735,1.2200986545077366,1.4276520023841677,1.499394686263292
2948,14.74,1.845265598942388,2.0279184648421684,2.124362481907675
2949,14.745,2.2820007934446687,2.365427060018604,2.560720577937142
2950,14.75,2.559402520040184,2.223057328489026,2.840140831001517
2951,14.755,2.6999886040377663,2.4006740706422116,2.9818898528442626
2952,14.76,2.7231791119921307,2.571947960447727,2.999519261616366
2953,14.765,2.648011031378501,2.5951269906357877,2.909796086678238
2954,14.77,2.4955469665852315,2.5080686980864395,2.729909854577531
2955,14.775,2.291055281822453,2.344251951356856,2.479779065880426
2956,14.78,2.065578029239002,2.1365956485873348,2.185785007115189
2957,14.785,1.8559135332902053,1.9219798029501916,1.8820617612183614
2958,14.79,1.7016215949894196,1.741683216158803,1.607744562864105
2959,14.795,1.63823673782933,1.637252584895387,1.4187714990069407
2960,14.8,1.6881883700440543,1.6418072676099063,1.3432366502666078
2961,14.805,1.8538307625936004,1.7698011973851044,1.368076183029891
2962,14.81,2.1170704326559626,2.0113930937285365,1.5315358448301528
2963,14.815,2.4459006174946434,2.3359989417891796,1.8773991807791743
2964,14.82,2.8036586050159724,2.7029697205546426,2.35752837846966
2965,14.825,3.156401678181333,3.07264361897958,2.8244925539319565
2966,14.83,3.4765765618615334,3.412878308731032,3.275226275999339
2967,14.835,3.743661618784912,3.700741024674115,3.6831918623922713
2968,14.84,3.943236370664476,3.9213993601094588,4.097818165648979
2969,14.845,4.065613501440236,4.066065527156247,4.236500030774517
2970,14.85,4.104639107295374,4.129943629186272,4.251853698853402
2971,14.855,4.056909552497148,4.110614740770808,4.22445904373459
2972,14.86,3.9214988399556585,4.007160230560926,4.092126660134747
2973,14.865,3.700268276256335,3.8201908346518536,3.8679486580400217
2974,14.87,3.3988717307054186,3.5527535272195703,3.545948860548381
2975,14.875,3.028608824525054,3.2120401192053367,3.144892447473479
2976,14.88,2.6092002810432167,2.8119289660844693,2.7073953385360556
2977,14.885,2.172123652177397,2.3763641851955035,2.2403221193162306
2978,14.89,1.762986344222227,1.9429949044693933,1.7666177857685117
2979,14.895,1.4395007879203785,1.5649250734565912,1.3611075092699854
2980,14.9,1.260705593301232,1.3060733640123323,1.1012972043631293
2981,14.905,1.2673434903617464,1.2252926804360604,1.0208583588551208
2982,14.91,1.4635027195523675,1.3516477639286508,1.1144926561116981
2983,14.915,1.814075544412284,1.666820743398317,1.4106824212000113
2984,14.92,2.260262957022176,2.111725553917129,1.8743197985640574
2985,14.925,2.7400859482521605,2.6125315123032444,2.394897979180092
2986,14.93,3.201483763713942,3.1044086975980636,2.9065013334232335
2987,14.935,3.6058995042085327,3.5408476337336543,3.4575044016487624
2988,14.94,3.9262871296056,3.892116702008668,3.8581852928005524
2989,14.945,4.143381984711134,4.1401441041527525,4.1172206862771725
2990,14.95,4.24211724598401,4.27355312426348,4.28188806340313
2991,14.955,4.208653640238463,4.283415445948666,4.313785274284658
2992,14.96,4.0278523742432615,4.159495310345453,4.20034577393027
2993,14.965,3.6807863532737546,3.8871958434987044,3.930607042603724
2994,14.97,3.141744296073601,3.445240931107141,3.485507267808139
2995,14.975,2.37395414699089,2.803143981228703,2.837801948981357
2996,14.98,1.3228334498451664,1.916902899309537,1.9472988907754103
2997,14.985,-0.0947980492045534,0.7212129329007642,0.7529654968413055
2998,14.99,-2.0041363636364413,-0.8834936053864864,-0.8397339259097851
2999,14.995,-4.550150390508328,-3.045892705622057,-2.9732752813949723
3000,15.0,-7.476120583533597,-5.920862954739432,-5.7967627247713835
3001,15.005,-8.192845872418845,-9.018133259532439,-8.836517899431495
3002,15.01,-5.209829600683992,-8.407068295955249,-8.291481776464172
3003,15.015,-1.852484061459654,-3.265608803806062,-3.339664656807198
3004,15.02,0.8680932346334219,0.34345114566271207,0.18073314379184868
3005,15.025,3.0341087665452178,2.77829823864623,2.5858182507156093
3006,15.03,4.791321651623205,4.619631144076702,4.425120846876361
3007,15.035,6.242323597591113,6.085262331601101,5.9065595531033965
3008,15.04,7.454802541565508,7.279160057644692,7.133533427794452
3009,15.045,8.47419576360333,8.241120366923969,8.160219562678165
3010,15.05,9.331903503081008,8.935201559276441,9.020180432949319
3011,15.055,10.050207438897845,9.483717899044844,9.736506024472298
3012,15.06,10.645238336385068,10.11139143884941,10.323724583208184
3013,15.065,11.128812766265064,10.679117989979481,10.792420219144606
3014,15.07,11.509599618164293,11.13438521166215,11.151602339964157
3015,15.075,11.79387528969992,11.481913247838445,11.407805088105649
3016,15.08,11.986015708493824,11.730057191978304,11.565950551533437
3017,15.085,12.088811390091823,11.884698649254965,11.630368257873684
3018,15.09,12.103655650092309,11.949364925951524,11.604746299785075
3019,15.095,12.03063371508277,11.925695844928802,11.49507945596913
3020,15.1,11.868525110478846,11.813720672992332,11.307386499723378
3021,15.105,11.614719260664486,11.611955251870928,11.034983826557088
3022,15.11,11.265031657112754,11.317352781800084,10.679726003499251
3023,15.115,10.813392061370823,10.925114858989245,10.274415866172955
3024,15.12,10.25135249035518,10.428340048298072,9.83904168110962
3025,15.125,9.567323274138186,9.817452593665644,9.335826734952212
3026,15.13,8.74537481320804,9.079302068025868,8.715599683557434
3027,15.135,7.763308249728156,8.195734681109293,7.96408133798751
3028,15.14,6.58942730455715,7.141265611764842,7.064121405806759
3029,15.145,5.176863495374918,5.879133072579614,5.936229532292521
3030,15.15,3.4529900595643355,4.3542594522351665,4.46251998983837
3031,15.155,1.2983667414916031,2.47990970105964,2.6328263238559093
3032,15.16,-1.496664123157574,0.11073480811223124,0.32629741974836435
3033,15.165,-5.298745464809812,-3.0132598235454804,-2.724718200880126
3034,15.17,-10.131381294926902,-7.346431751489378,-6.959707563681958
3035,15.175,-10.377293662404613,-12.709586239110001,-12.21038718019952
3036,15.18,-6.051129059823069,-10.233393636285951,-9.898384356874875
3037,15.185,-2.761046074652059,-3.273127541042026,-3.200919298173053
3038,15.19,-0.482836618660876,-0.5000801624014626,-0.4978022465039409
3039,15.195,1.1475450309882649,1.3155003629137125,1.2800449508284957
3040,15.2,2.3371262896100258,2.541506749433701,2.497700032108198
3041,15.205,3.202703025240429,3.4123868456348623,3.3819849957885797
3042,15.21,3.814191837449579,4.010658577313645,4.003283795444906
3043,15.215,4.215688551373117,4.367997030654577,4.407992224308698
3044,15.22,4.436125646607808,4.321691517239558,4.648400087491078
3045,15.225,4.495124423920382,4.215976869301148,4.745204775490379
3046,15.23,4.406585540348059,4.269488275768708,4.694931817211421
3047,15.235,4.181311184839815,4.1730486497727695,4.525270235366071
3048,15.24,3.829482488242753,3.9213408256002222,4.240763086861737
3049,15.245,3.363713093691448,3.5356194572584645,3.79826583494094
3050,15.25,2.803458417056856,3.036308351311294,3.2323629196264902
3051,15.255,2.181477647514732,2.4501251500995265,2.582583277437903
3052,15.26,1.552006502137611,1.8192349316332939,1.8803725809872747
3053,15.265,0.9966599023031208,1.2110652031294444,1.1997013400172185
3054,15.27,0.6173450551781666,0.72314628679114,0.6433998553732572
3055,15.275,0.5041688930622915,0.4686173224304051,0.30350198834327635
3056,15.28,0.688665326776636,0.529805320780997,0.27284657992239314
3057,15.285,1.1242863044022264,0.9031497795233809,0.6134960157845226
3058,15.29,1.716324054182233,1.4954598988064296,1.2663404778419602
3059,15.295,2.3683481861146145,2.182209366973118,2.0422328353577246
3060,15.3,3.008185857609412,2.8638458928595045,2.8121539389272185
3061,15.305,3.590848356532508,3.4810195208568695,3.532004018058444
3062,15.31,4.091632077556694,4.005009865492715,4.212862279264332
3063,15.315,4.49849101536032,4.425396959230989,4.721800411727292
3064,15.32,4.806526408271664,4.742090382255221,5.003394559734208
3065,15.325,5.014602556304832,4.960369907623026,5.20520750806788
3066,15.33,5.123449887067824,5.086471690416088,5.314141723057873
3067,15.335,5.134700601092511,5.124247084191377,5.310739538581491
3068,15.34,5.050509367986775,5.074776216238017,5.203334307113175
3069,15.345,4.873583055902287,4.938115759446935,4.992016684213375
3070,15.35,4.607566787071183,4.715044291964418,4.702647933392657
3071,15.355,4.257825193587661,4.408161433496622,4.343076251200963
3072,15.36,3.832725830825971,4.022841425571388,3.901690011670479
3073,15.365,3.345555131950962,3.5686027944522882,3.395996284407933
3074,15.37,2.817093147853036,3.0612050103937953,2.8624154039439405
3075,15.375,2.278456113414771,2.5254663544744935,2.3201140119561194
3076,15.38,1.772838542306561,1.9981580753000592,1.774662950233901
3077,15.385,1.353349404313483,1.5290284938970315,1.2858766310084042
3078,15.39,1.0736935095674045,1.1763209115579611,0.9482569586232859
3079,15.395,0.9719928834208856,0.9932936057185127,0.7997273861160057
3080,15.4,1.0557078331637513,1.0080942130636172,0.8415383035571278
3081,15.405,1.2989237192553025,1.209356469580483,1.1206618133176045
3082,15.41,1.6543538319007736,1.5506707481062145,1.5462752227384753
3083,15.415,2.070562824369913,1.971195523310603,1.9869346632397957
3084,15.42,2.5041884043236484,2.4161903940892904,2.450520438191709
3085,15.425,2.9244353781850485,2.8467675247016193,2.9051088793286883
3086,15.43,3.31245444357333,3.2402390022608407,3.312355406174926
3087,15.435,3.658802198100173,3.586621695142204,3.666772772909698
3088,15.44,3.960810954243077,3.8847653741644983,3.9669100719322037
3089,15.445,4.220494074626807,4.139025119827723,4.215901063515632
3090,15.45,4.443012593747864,4.356528531259085,4.420145626193089
3091,15.455,4.635530183701509,4.545283220740013,4.588019252831948
3092,15.46,4.806267482576993,4.713295785274389,4.728933130727629
3093,15.465,4.9636204300778894,4.86830695988703,4.8526090192127
3094,15.47,5.115286627784293,5.017530265831593,4.968345914065338
3095,15.475,5.267428373811272,5.167115931049113,5.084224565684864
3096,15.48,5.423969183491125,5.32144110862625,5.206445885140972
3097,15.485,5.586146621770779,5.482475887084725,5.338909981770156
3098,15.49,5.752412385228929,5.649445401949874,5.48291179318444
3099,15.495,5.918691159898788,5.818896830285682,5.636930864643185
3100,15.5,6.078919568618235,5.985145289496998,5.796669401379701
3101,15.505,6.22572755999429,6.140964163960383,5.955321916976676
3102,15.51,6.35111837711487,6.27834071557409,6.104025411563626
3103,15.515,6.447041666891272,6.3891422941761205,6.232687812353591
3104,15.52,6.505811683876383,6.465605157621913,6.3310663633115745
3105,15.525,6.5203746528638415,6.500630191989582,6.389523863651669
3106,15.53,6.48446439330815,6.487923201353471,6.399377036917315
3107,15.535,6.3927038966277605,6.422045858775333,6.353214184600647
3108,15.54,6.240720088429757,6.298453263347708,6.245275076802763
3109,15.545,6.025348344023808,6.113596166107244,6.071703505352546
3110,15.55,5.745019711405951,5.865170937008934,5.830641774822566
3111,15.555,5.400450784752885,5.552616504260809,5.522425965768636
3112,15.56,4.99578869186657,5.177987880870417,5.1501971054158755
3113,15.565,4.540373950634007,4.747370921931406,4.72112400866358
3114,15.57,4.051189987418919,4.27300117292654,4.248347646860042
3115,15.575,3.555688090938585,3.7760969527838126,3.7536363033395848
3116,15.58,3.093746806450985,3.289873814748004,3.270254349169638
3117,15.585,2.7160534345392096,2.8609647168325885,2.844334819549919
3118,15.59,2.4754581149562487,2.5456947215330574,2.5313014453055303
3119,15.595,2.4108870187907163,2.397356104880761,2.3835900184567005
3120,15.6,2.531109304960266,2.4458420892204686,2.43094853639848
3121,15.605,2.810169323325851,2.681373133093036,2.664604138461487
3122,15.61,3.198323090339973,3.0567081806388257,3.0392080489984474
3123,15.615,3.6395462257781706,3.507131182362071,3.49198435306334
3124,15.62,4.084600100524165,3.9720322594520745,3.9635427456746624
3125,15.625,4.496094571976709,4.405833926481718,4.408471656426491
3126,15.63,4.847975005275963,4.7787762522607435,4.796112546685548
3127,15.635,5.122810640813964,5.073296591175642,5.107055773236578
3128,15.64,5.308911076856361,5.2798651168802335,5.329215750584494
3129,15.645,5.398019180915711,5.393398501815048,5.454784430933793
3130,15.65,5.383682980607194,5.4103330646795955,5.47816259285352
3131,15.655,5.260205591483514,5.326634346041393,5.394676770529864
3132,15.66,5.022080264224194,5.137048371257542,5.199875011557683
3133,15.665,4.663927703044846,4.835368714485949,4.889280712181713
3134,15.67,4.18116029293365,4.415274669108915,4.458652431572367
3135,15.675,3.571983932360621,3.8717724328551144,3.9050653476228065
3136,15.68,2.8420762984423065,3.2040740525399514,3.2296071130539463
3137,15.685,2.014476281480166,2.4217810291655,2.44337771179253
3138,15.69,1.1481031412621128,1.557671132601706,1.5799025642080604
3139,15.695,0.3638316728620858,0.6910302934046735,0.7177421842138791
3140,15.7,-0.1463671040283458,-0.02215724489974047,0.009731494123506046
3141,15.705,-0.187707844090722,-0.35012951285915594,-0.31785140159132386
3142,15.71,0.2916875236394699,-0.09834829661369593,-0.07456747386402807
3143,15.715,1.15147734719645,0.7006781694376292,0.7100463773691752
3144,15.72,2.182631994501612,1.7938294954901552,1.7913116097072757
3145,15.725,3.2261573101929644,2.928859374980006,2.9230145232678852
3146,15.73,4.194860798331596,3.9706906681762613,3.9712190715549696
3147,15.735,5.050134714504968,4.870911300462299,4.886404566750657
3148,15.74,5.7786060357207445,5.619670118809131,5.657431003782673
3149,15.745,6.378193375844594,6.221537067122,6.286921292651158
3150,15.75,6.851072643937906,6.688448751824611,6.7812163824763045
3151,15.755,7.200361381120775,7.03731708119423,7.1466077073534535
3152,15.76,7.42860018302782,7.282084174401538,7.388023701932102
3153,15.765,7.537060606292517,7.425969695187913,7.508703352596992
3154,15.77,7.52542150744611,7.464138939227721,7.510183291832969
3155,15.775,7.3916140360432445,7.389781968703302,7.392320100466401
3156,15.78,7.131780176844783,7.196345852996665,7.153348558687872
3157,15.785,6.740412277713908,6.87722741631989,6.79003943933487
3158,15.79,6.210928458077058,6.42527312258848,6.298049874039567
3159,15.795,5.53733464371396,5.8331051561188,5.672757971200057
3160,15.8,4.718523174579273,5.095142680499861,4.91145038121737
3161,15.805,3.768690597623872,4.213278838107371,4.019103222761482
3162,15.81,2.740513062782695,3.2107250426382734,3.0220629280779465
3163,15.815,1.7671807428962758,2.1624070753804623,1.9966406841076227
3164,15.82,1.0994783702619102,1.2476181994739015,1.1179545642580537
3165,15.825,1.028790727869021,0.7838157984373568,0.6916631648442264
3166,15.83,1.6402134136560391,1.083601638687984,1.0174893994365122
3167,15.835,2.7172591651178317,2.110892266369105,2.058300502012393
3168,15.84,3.966343996685608,3.473947168872878,3.4313274774833697
3169,15.845,5.195533742010575,4.830509250203146,4.798798503811234
3170,15.85,6.317786146635715,6.039846699631239,6.019369210409775
3171,15.855,7.304103336112621,7.071773599969541,7.063812552325017
3172,15.86,8.15072918233071,7.931749931779125,7.940632207288608
3173,15.865,8.863185819883068,8.633696476909549,8.665725181249366
3174,15.87,9.44944822634163,9.196667272176516,9.253924976874174
3175,15.875,9.917222842738092,9.647115965794427,9.717547810870492
3176,15.88,10.272945378030316,10.00772629901622,10.066293583062977
3177,15.885,10.521463785519671,10.28393956955303,10.30724400416597
3178,15.89,10.665967254398934,10.47055796467794,10.445127283430747
3179,15.895,10.707972384816388,10.56217106139454,10.482901841708237
3180,15.9,10.647279848437638,10.555325187857004,10.422001966426649
3181,15.905,10.481852386564288,10.447148491723372,10.26217521600067
3182,15.91,10.207571518795204,10.233972737281,10.00172503042451
3183,15.915,9.817816998233337,9.910391567983321,9.638016022192314
3184,15.92,9.302778716804983,9.468461834050895,9.166842582640834
3185,15.925,8.648342595415404,8.896750865405314,8.580972263889096
3186,15.93,7.834256914945161,8.17894019543301,7.869192763754127
3187,15.935,6.831003299886966,7.291575633290709,7.0132318763753485
3188,15.94,5.594160096595678,6.200211577855834,5.980078560819641
3189,15.945,4.053464468959803,4.852370093252503,4.713554235829941
3190,15.95,2.0893297977683027,3.1636206230625104,3.1245341935450117
3191,15.955,-0.5251873382098439,0.9870025560258613,1.0640476222487072
3192,15.96,-4.30014969673628,-1.9646442792854577,-1.7533910056646382
3193,15.965,-10.712673763870743,-6.361642358513993,-5.985937251567833
3194,15.97,-16.241980989346835,-14.232386456573453,-13.603868362427312
3195,15.975,-7.611070128387518,-19.15228781706221,-18.41542890422849
3196,15.98,-2.9444693615511275,-2.3042230198400455,-2.2043770956155866
3197,15.985,-0.0366656075019378,-0.030243117471875358,0.062263923193087045
3198,15.99,1.9963404130405584,2.2334538813474407,2.2870314512913943
3199,15.995,3.498832498664191,3.687882856362885,3.720549119240217
3200,16.0,4.637502601893198,4.803631273735651,4.820343906243858
3201,16.005,5.504920874554249,5.648109620399483,5.656807334376448
3202,16.01,6.157360346171823,6.2871950309362665,6.288969784067028
3203,16.015,6.631233856691063,6.571001459694122,6.748896514423171
3204,16.02,6.951182763907458,6.2475963720584335,7.065985135056188
3205,16.025,7.134466594741518,6.746264935055804,7.249919287708686
3206,16.03,7.1935685812116335,6.972337185720879,7.306467680936465
3207,16.035,7.1379098559107,7.023596050319709,7.246721517523721
3208,16.04,6.975148683089255,6.942845670009879,7.076985853440716
3209,16.045,6.7123701535895455,6.748784500209498,6.802333301958628
3210,16.05,6.357413380916189,6.453356406428639,6.429322799818359
3211,16.055,5.920575419872668,6.0674198847751555,5.9652731706386835
3212,16.06,5.416914866724625,5.6040954845704,5.420247892933638
3213,16.065,4.869238740601497,5.081974363084176,4.836698676011029
3214,16.07,4.311361473324947,4.528734183009466,4.2174028967622155
3215,16.075,3.7900647892893295,3.9846467593665906,3.5601316023313867
3216,16.080000000000002,3.3624829754142893,3.5038098559837483,3.0183850125232023
3217,16.085,3.0852129799212804,3.148886734193844,2.7495473939575774
3218,16.09,2.9959558378418034,2.97544535955881,2.7451795430058215
3219,16.095,3.0975797826839986,3.0093289329696646,2.8706523398037764
3220,16.1,3.357207298015588,3.2321732325436656,3.213363433526739
3221,16.105,3.721167465741011,3.589214837271301,3.7116603294357784
3222,16.11,4.133814515721727,4.0135326103196665,4.385022485719778
3223,16.115000000000002,4.54948876788999,4.447445256007692,4.690085153275685
3224,16.12,4.935984487729426,4.8509775464439455,5.044125599723521
3225,16.125,5.273055168279178,5.200746891952916,5.40970911901832
3226,16.13,5.549403163530843,5.485666568250636,5.662525194252169
3227,16.135,5.759905967300244,5.7027923188802205,5.8543814940234595
3228,16.14,5.90359707630688,5.8539367664531525,5.948139073018224
3229,16.145,5.9823761194647895,5.943029234775318,5.977837632339406
3230,16.15,6.000270784890272,5.974569692435321,5.98307386189791
3231,16.155,5.963069401750954,5.953369191385583,5.922019288753605
3232,16.16,5.878172281949099,5.885068578571474,5.792161689336934
3233,16.165,5.754531361537435,5.776722118286566,5.6465424743266075
3234,16.17,5.602554051974548,5.637088138577879,5.504752443830843
3235,16.175,5.433847170827645,5.476573699107504,5.326119698104204
3236,16.18,5.260689766473531,5.306840952451497,5.084789740569735
3237,16.185,5.09517500672215,5.140055538960004,4.89169259346535
3238,16.19,4.948068598010246,4.987781456490898,4.761804755964294
3239,16.195,4.827579716733163,4.859640734007858,4.628996441821187
3240,16.2,4.738366332547716,4.762019096605037,4.544531020680622
3241,16.205000000000002,4.6811102228848025,4.697209191221367,4.647804086928876
3242,16.21,4.652851986850602,4.663330986858536,4.613968747216046
3243,16.215,4.648030495306289,4.655131934875101,4.605397319488011
3244,16.22,4.659957870686647,4.665463699072531,4.6641209626850895
3245,16.225,4.6823853740423775,4.687035072150356,4.71134501946284
3246,16.23,4.71087830235488,4.714042325270683,4.76039677385031
3247,16.235,4.743837416630355,4.743421506532812,4.806423624505362
3248,16.240000000000002,4.783093510433049,4.775624095885593,4.848981980947395
3249,16.245,4.834023035238923,4.814897443573691,4.89219036429381
3250,16.25,4.905106653060127,4.86904325429219,4.9441217008280685
3251,16.255,5.006841280741613,4.948580654610475,5.015813319571331
3252,16.26,5.149996469405876,5.065237105636651,5.119720720879652
3253,16.265,5.343419962000777,5.229815352391323,5.267568572654386
3254,16.27,5.591882221585349,5.449764267670051,5.467891178408588
3255,16.275,5.894615652723102,5.727098826792208,5.723914571273327
3256,16.28,6.245054758116405,6.057409442571261,6.032511730843732
3257,16.285,6.631828402138417,6.430371808606329,6.384623549946722
3258,16.29,7.0405669005691145,6.831539429963594,6.766948798331553
3259,16.295,7.455869660643898,7.244691903543053,7.164213622195517
3260,16.3,7.86290315595954,7.653946935391675,7.561215014312739
3261,16.305,8.248394580628108,8.045161811597266,7.944126367106579
3262,16.31,8.601047178299398,8.406547821915725,8.301013959832144
3263,16.315,8.91153486896443,8.728672529925994,8.621813867753536
3264,16.32,9.172252254010427,9.004098286679952,8.898064359668625
3265,16.325,9.376956954521686,9.226874144209805,9.122621058890598
3266,16.330000000000002,9.520389547248598,9.392030696724794,9.289460601035374
3267,16.335,9.597913928802736,9.495155708896782,9.393512118315538
3268,16.34,9.605192996070706,9.532067570230172,9.430413302221226
3269,16.345,9.537898910755192,9.498564927176783,9.396200600644082
3270,16.35,9.391450160152418,9.39021790172023,9.287000565141312
3271,16.355,9.160766381688031,9.202171813292274,9.098741710652035
3272,16.36,8.840035787807274,8.928947243800561,8.826870294788986
3273,16.365000000000002,8.42250141639773,8.564234758420953,8.46606198935926
3274,16.37,7.900299441222566,8.100701448684982,8.009945411888403
3275,16.375,7.264445983245686,7.529862500168671,7.450892519168397
3276,16.38,6.505218289078173,6.8421536693461285,6.780015515469325
3277,16.385,5.613531835136866,6.027537761424048,5.987704958907959
3278,16.39,4.584752916365367,5.077450239280652,5.065500898291661
3279,16.395,3.4282442883460664,3.990000687834523,4.01116038081923
3280,16.4,2.1892172174889843,2.7827835011044213,2.8411385542936
3281,16.405,0.9903090569353404,1.5217241880868637,1.6186482704859264
3282,16.41,0.0748982006341531,0.37379880263815224,0.5049283908044728
3283,16.415,-0.2528886386815737,-0.349072965801577,-0.19779213850980426
3284,16.42,0.123557147527399,-0.3099145663802707,-0.1615017146339035
3285,16.425,1.0008582267914796,0.49738970119679404,0.6233253785541049
3286,16.43,2.0729103518080243,1.6836482741270848,1.782994923782077
3287,16.435,3.132747137994933,2.879713975257079,2.960255291980083
3288,16.44,4.084946769800184,3.928138880420584,4.001341862933909
3289,16.445,4.896842209228324,4.793569661768816,4.8715374522971615
3290,16.45,5.563088390557328,5.480271181710864,5.575834575698993
3291,16.455000000000002,6.088371504603133,6.00153055784942,6.127836454303975
3292,16.46,6.480067105101389,6.375279012284192,6.540562051045065
3293,16.465,6.745361462995199,6.6272651118227,6.824359021457261
3294,16.47,6.890250671508972,6.781169369558638,6.986800001226498
3295,16.475,6.919319624336761,6.843359849022123,7.0331917067000305
3296,16.48,6.835864917132951,6.808393327647494,6.967197332021438
3297,16.485,6.642221797216737,6.6706780043909015,6.791381329301473
3298,16.490000000000002,6.340310300994595,6.427671077720281,6.50781520486848
3299,16.495,5.932535050041724,6.079228838958252,6.118916735903973
3300,16.5,5.423312587889535,5.627396595394482,5.628684731308532
3301,16.505,4.821684944618816,5.077602215848097,5.044582003850586
3302,16.51,4.145659474817476,4.4415752991290915,4.38050277943677
3303,16.515,3.4287927788034125,3.742525810634694,3.6620489567603807
3304,16.52,2.72816963305628,3.0229199793983197,2.9349838585580192
3305,16.525,2.128625123218094,2.3531646511511326,2.27321297256887
3306,16.53,1.7313215398668622,1.8335542741842938,1.777260188683354
3307,16.535,1.616859007301699,1.573743843740659,1.551672946476502
3308,16.54,1.8003302142527549,1.6411982463558052,1.6570002694489347
3309,16.545,2.221622991374842,2.0117159782318055,2.0648501575438574
3310,16.55,2.78211106916603,2.5800249981805665,2.667488711595148
3311,16.555,3.388767095394932,3.223105307757664,3.3379441506875818
3312,16.56,3.974871994978562,3.8490858476932748,3.981458735055741
3313,16.565,4.500051728219052,4.405524847730944,4.547966737044118
3314,16.57,4.942882007515348,4.868183831897631,5.017136344069702
3315,16.575,5.293726731446727,5.229527834395017,5.3823269646801455
3316,16.580000000000002,5.549858135566539,5.491711382473808,5.643550877035715
3317,16.585,5.7126572225945,5.662052297452768,5.804780335109817
3318,16.59,5.78627475095078,5.748965724596682,5.872482145412617
3319,16.595,5.777265885584601,5.759505269988486,5.854450386588695
3320,16.6,5.694900066124284,5.700081108723122,5.759654245755395
3321,16.605,5.551955693852147,5.57900744502431,5.599697091043581
3322,16.61,5.365795749013854,5.408850230022095,5.390193948100091
3323,16.615000000000002,5.159351943690979,5.208007958938998,5.151293224998728
3324,16.62,4.961316199973856,5.001522370177439,4.90875252801645
3325,16.625,4.804494641156173,4.820596106294437,4.695208156932536
3326,16.63,4.721381992973345,4.699710743926123,4.547894824162572
3327,16.635,4.737201120847429,4.670487766556519,4.5011817584640434
3328,16.64,4.862821507224186,4.753216317486222,4.577558572577463
3329,16.645,5.0913156277650975,4.949701124909104,4.780365563394358
3330,16.65,5.400314357274746,5.241956472974107,5.090508729099144
3331,16.655,5.758654288794839,5.597991187610213,5.472280345611409
3332,16.66,6.13360442812766,5.981076076507101,5.885891853001197
3333,16.665,6.49583950350018,6.357493090034629,6.295356097665853
3334,16.67,6.821525475476637,6.7003735226330905,6.670643389619377
3335,16.675,7.09231302222748,6.990178452865166,6.988556571603256
3336,16.68,7.294296234157516,7.213386474038,7.23273340500441
3337,16.685,7.416673805020585,7.360575453614572,7.392369778038828
3338,16.69,7.450469971776769,7.424504179987904,7.46010103071627
3339,16.695,7.387420093689814,7.398495892793468,7.430010481593562
3340,16.7,7.218998182082209,7.275266559794904,7.2963272409501485
3341,16.705000000000002,6.93551044771361,7.04614314117568,7.052549015285054
3342,16.71,6.525160019534029,6.70044432855975,6.69057183296045
3343,16.715,5.9729862951860735,6.224767957601059,6.199665693592081
3344,16.72,5.259612166226556,5.602014176994457,5.56532246616813
3345,16.725,4.359883598114578,4.8100974323264065,4.767955504280303
3346,16.73,3.242109302069087,3.8205511893420807,3.781500813946842
3347,16.735,1.871045885922216,2.598120865461819,2.5729537745792603
3348,16.740000000000002,0.2271624324311159,1.1059060362495452,1.1073616877713675
3349,16.745,-1.612174386193703,-0.6660271453689193,-0.6244600920264514
3350,16.75,-3.2225417808826755,-2.583971514630387,-2.493174336887809
3351,16.755,-3.625673626594386,-4.02391026704816,-3.8954580786385495
3352,16.76,-2.397586284284417,-3.6925175767732377,-3.578512376087092
3353,16.765,-0.4369761158720792,-1.4930227186430658,-1.4399478663259488
3354,16.77,1.4987914050274846,0.9211480399222465,0.926891710146521
3355,16.775,3.1856275885247163,2.873455168713669,2.8594766425729854
3356,16.78,4.608201960198692,4.4154770945433075,4.399878149216231
3357,16.785,5.798813196198682,5.647997298741851,5.643896965050349
3358,16.79,6.793292133746781,6.639036906848487,6.661120805794436
3359,16.795,7.621753307277235,7.4248626150363695,7.496830696935167
3360,16.8,8.307973143678872,8.028432014094356,8.181617427854732
3361,16.805,8.870554499152714,8.51527739204807,8.737107016899024
3362,16.81,9.324206474866925,8.960548085582953,9.178784286732974
3363,16.815,9.680796078713056,9.354226752805218,9.51844878478122
3364,16.82,9.950156417734114,9.671484748360509,9.765897220102264
3365,16.825,10.140702893693556,9.908130576074548,9.929521377632437
3366,16.830000000000002,10.25990946677198,10.069010132028223,10.01694883465126
3367,16.835,10.314683374220008,10.160983760834686,10.035788000513172
3368,16.84,10.311661747566616,10.191079060580428,9.994250734520858
3369,16.845,10.257439844609824,10.166217336005253,9.901897344806994
3370,16.85,10.158728190667802,10.093301019040428,9.76859665023462
3371,16.855,10.022425085733095,9.979329732861775,9.603097836616028
3372,16.86,9.855583166451137,9.831443078827393,9.419184143692446
3373,16.865000000000002,9.665247057660665,9.656844836121035,9.239061683427892
3374,16.87,9.45814767880687,9.462581474562043,9.079058947674834
3375,16.875,9.24026063748754,9.25516636310669,8.936277576088159
3376,16.88,9.01627019938388,9.04007139341476,8.800538664736486
3377,16.885,8.789017894998963,8.821148697738455,8.668664613778104
3378,16.89,8.559039983797858,8.600084315455195,8.536165850233385
3379,16.895,8.324294225782827,8.376003073717092,8.382092936152311
3380,16.9,8.08013775202875,8.145322742558575,8.185396307208366
3381,16.905,7.819556546476684,7.901895845332586,7.955098112628747
3382,16.91,7.533589805918496,7.637402203221856,7.696493313980611
3383,16.915,7.211866264345116,7.3418995309947785,7.400560395308786
3384,16.92,6.843189220636171,7.004430785724006,7.05699613076125
3385,16.925,6.41617492494424,6.613633565249729,6.656633510943676
3386,16.93,5.920068841148166,6.158394083744176,6.19311064260207
3387,16.935,5.346061138661376,5.628740125377577,5.659702054611711
3388,16.94,4.689759631736333,5.017410231460775,5.048182002398054
3389,16.945,3.956040954771298,4.322953718685043,4.357304850753627
3390,16.95,3.168213909684765,3.555905094165165,3.5999733750854723
3391,16.955000000000002,2.383224529310588,2.7503682066250743,2.8085722283460623
3392,16.96,1.7092362085360866,1.9826012982680346,2.0522969853203255
3393,16.965,1.3039853910144754,1.3898049378530541,1.4641658809523932
3394,16.97,1.315307672249337,1.1572126931449267,1.2307575523622436
3395,16.975,1.7779043119782088,1.4252812408183209,1.492206592433463
3396,16.98,2.582544120350593,2.1615984222191744,2.2181590152060076
3397,16.985,3.5613725987426648,3.171854938003637,3.225274285426111
3398,16.990000000000002,4.57682170318811,4.251151134635674,4.3110451165477945
3399,16.995,5.546034078155399,5.2755018388774575,5.341538113385678
3400,17.0,6.427884958854587,6.191531721364083,6.26580805895641
3401,17.005,7.205342359651864,6.982897415219178,7.073256630919687
3402,17.01,7.873452684831066,7.649790482969462,7.762510210801176
3403,17.015,8.432672288258686,8.201003485322097,8.336782780402267
3404,17.02,8.885465565343154,8.650023141355565,8.800926103985628
3405,17.025,9.234635369295404,9.008475570981222,9.159190874690335
3406,17.03,9.48251770040158,9.280586796269265,9.41479666396058
3407,17.035,9.630590600359326,9.464623424239264,9.569955407319076
3408,17.04,9.679270369949126,9.557094028671063,9.625952816822284
3409,17.045,9.627781104751746,9.554689032227705,9.583226513854573
3410,17.05,9.474040387599867,9.454220788567614,9.441418154811213
3411,17.055,9.214534873252523,9.252026534848394,9.199359460619865
3412,17.06,8.844182459866456,8.94343728090009,8.854950024387476
3413,17.065,8.356208729326056,8.52239752716213,8.404963324107028
3414,17.07,7.742129643818983,7.98122846516827,7.8449774683276745
3415,17.075,6.992086018987638,7.3106130016348585,7.169408012168454
3416,17.080000000000002,6.096154218868235,6.50010542072524,6.371225263877215
3417,17.085,5.04819125633114,5.539990065732465,5.442119007259602
3418,17.09,3.855965104731032,4.426570870955312,4.376664493048353
3419,17.095,2.565558135828952,3.1758859255544474,3.1863750858861257
3420,17.1,1.3103777163716266,1.8562354812368849,1.9324820143243255
3421,17.105,0.365290623912535,0.6511247855666138,0.7874748798921622
3422,17.11,0.0728726975723009,-0.08414373392355134,0.09097456580340335
3423,17.115000000000002,0.5388505448497907,0.02964855146299694,0.20942969591279503
3424,17.12,1.503813503018954,0.9592239644853549,1.1150340630714721
3425,17.125,2.629113048747036,2.233719006184842,2.3570170306659506
3426,17.13,3.707297953344945,3.464441134034251,3.560522225941223
3427,17.135,4.65132832994401,4.510773329809304,4.589200926832053
3428,17.14,5.435140418005117,5.351025638145908,5.4230347132746495
3429,17.145,6.0568271098465605,5.995544488946313,6.074658628650701
3430,17.150000000000002,6.522079498715843,6.45922640127255,6.560789005391692
3431,17.155,6.837518009412264,6.760277895854408,6.89485591131915
3432,17.16,7.008127138148489,6.925373840189314,7.085898023729026
3433,17.165,7.036262547198829,6.976586680035588,7.138696830073963
3434,17.17,6.921184833642377,6.91378118801264,7.0540594191967845
3435,17.175,6.658684366958632,6.723357630508936,6.829312321086921
3436,17.18,6.240612375330425,6.390638941256838,6.458733167587893
3437,17.185,5.654269348293813,5.9011908720435375,5.933240636994928
3438,17.19,4.881794686462172,5.238259209903621,5.239375255470887
3439,17.195,3.9002665028583072,4.38075096385706,4.358534993181269
3440,17.2,2.685129133035866,3.30308323190393,3.2673557025664226
3441,17.205000000000002,1.226061442985709,1.9802581502694854,1.9424803859453341
3442,17.21,-0.4154082842734196,0.4107691165821006,0.3836462498972928
3443,17.215,-1.9423096654892884,-1.3019149674285524,-1.3052058375001208
3444,17.22,-2.6369048022852764,-2.725290490473781,-2.6995314895590434
3445,17.225,-1.9296495332266952,-2.901723863957356,-2.8678643221619398
3446,17.23,-0.3032928903099184,-1.353051257403874,-1.3433538345655416
3447,17.235,1.493906685254499,0.8327040407449129,0.8238127768309154
3448,17.240000000000002,3.128979323617913,2.757745837852749,2.7573565086116556
3449,17.245,4.528339827902101,4.306883880717875,4.3332625011941115
3450,17.25,5.700978816132789,5.544260778459365,5.602798703389787
3451,17.255,6.673573769600727,6.531732763288051,6.622547223009651
3452,17.26,7.472369407301333,7.307970945001058,7.439025529490882
3453,17.265,8.119219023559532,7.897170118698577,8.087084048066417
3454,17.27,8.631483663827158,8.344307840172412,8.590360636156683
3455,17.275000000000002,9.022821843932087,8.717381091527518,8.965213786068588
3456,17.28,9.304061475671997,9.029235272125648,9.22422068889081
3457,17.285,9.48397255758535,9.25893493083288,9.378092068779882
3458,17.29,9.56993887136788,9.39741414595034,9.435596798887087
3459,17.295,9.568576030417928,9.446173964369112,9.403795232142876
3460,17.3,9.486355510315692,9.410394078110144,9.289807339076688
3461,17.305,9.330296214498384,9.296576217974973,9.101866490174343
3462,17.31,9.108779683329391,9.112379714879117,8.849360235214556
3463,17.315,8.832522169160008,8.867264286777914,8.543489149215366
3464,17.32,8.515673244515122,8.573493125219729,8.19880605501461
3465,17.325,8.176870759884418,8.24729180111131,7.837684372692143
3466,17.330000000000002,7.839836847009542,7.909872546390821,7.493518609726253
3467,17.335,7.532793127543692,7.587757329267552,7.202694887561975
3468,17.34,7.28584041516188,7.3115017217699325,6.991358453577
3469,17.345,7.125948220294539,7.111894039599839,6.874014556621848
3470,17.35,7.070620876800174,7.013571606773965,6.862306415486812
3471,17.355,7.1229312801440265,7.0279474409494,6.960617539267956
3472,17.36,7.270690334272652,7.1490781874700104,7.150730459725396
3473,17.365000000000002,7.490268808720673,7.3552909970875255,7.394714106935416
3474,17.37,7.752854782659636,7.615800063522573,7.667957534718701
3475,17.375,8.030170116068449,7.89852290482847,7.952765573734061
3476,17.38,8.297970612100071,8.175647861459563,8.225435160449049
3477,17.385,8.537297675337038,8.425962477926852,8.465379707400132
3478,17.39,8.734266255148206,8.634797337713627,8.659070613370663
3479,17.395,8.879201841682479,8.792806577664644,8.79980298392715
3480,17.400000000000002,8.965655021159186,8.894423559319787,8.884492388308662
3481,17.405,8.98954734721402,8.93644622705819,8.909434017307369
3482,17.41,8.948532559573163,8.917003197021446,8.872333273454673
3483,17.415,8.841578188886443,8.834997014525225,8.774307684008448
3484,17.42,8.66874745289031,8.689957372925319,8.616080287227533
3485,17.425,8.43116188105085,8.48214977776719,8.395675213252208
3486,17.43,8.131134912233565,8.212816050400553,8.113730143757621
3487,17.435,7.772476407863139,7.8845050709491975,7.777843523781852
3488,17.44,7.360969886624973,7.5015104058561235,7.396620733781122
3489,17.445,6.90500779958837,7.070443033320007,6.976998791673031
3490,17.45,6.416319179824282,6.6009354346336755,6.5304221583654245
3491,17.455000000000002,5.91061907982388,6.106393646231874,6.069195220634662
3492,17.46,5.407844419581583,5.604571582971839,5.60062161679392
3493,17.465,4.93146683617477,5.117539887450786,5.143066855146759
3494,17.47,4.5063547015725245,4.670442149070734,4.724989078425076
3495,17.475,4.15505457572096,4.288503999526671,4.3715407323441955
3496,17.48,3.8932823761822144,3.992399985315753,4.101610821943976
3497,17.485,3.726389311369199,3.7933034826671648,3.9253254083164384
3498,17.490000000000002,3.64861962507721,3.689949612961353,3.8408818869917325
3499,17.495,3.6456573265677568,3.6695614494171664,3.835414848980342
3500,17.5,3.699214374810137,3.712380405843759,3.889459732996322
3501,17.505,3.791675026488134,3.7975443813390104,3.9826199059815934
3502,17.51,3.909381568433024,3.907878170432547,4.09811432432727
3503,17.515,4.044170689538516,4.032465730021902,4.2251706520140075
3504,17.52,4.193437322461254,4.167160291108291,4.359462267934423
3505,17.525000000000002,4.359168150180992,4.313670335255884,4.502244586987968
3506,17.53,4.546304287455963,4.477771104156633,4.658739512233478
3507,17.535,4.760717385082783,4.667018011206359,4.836096967931671
3508,17.54,5.007112841136316,4.888306186799849,5.0411785604588095
3509,17.545,5.287253582162286,5.145685820895248,5.278480422624724
3510,17.55,5.598897052166352,5.438870593894104,5.548611341138463
3511,17.555,5.935665823905901,5.762762088056717,5.847693772031967
3512,17.56,6.287774554976108,6.10803583834361,6.167788717739446
3513,17.565,6.643273500388549,6.462498365804285,6.498087413730813
3514,17.57,6.98938067291442,6.8127140920304585,6.8263876397953425
3515,17.575,7.3135699390808036,7.145426465849479,7.140395122477026
3516,17.580000000000002,7.604261972818654,7.448499481586079,7.4285890254743965
3517,17.585,7.851121911530466,7.711334066049297,7.6806117591045595
3518,17.59,8.045052232134166,7.92486196518173,7.88728262076799
3519,17.595,8.177987788671228,8.081270555790695,8.040378066771215
3520,17.6,8.242580711459171,8.17359844232824,8.13230847611128
3521,17.605,8.231831582047748,8.195299477516937,8.155785431642624
3522,17.61,8.138694307407949,8.139824221401195,8.103525521013097
3523,17.615000000000002,7.955660557084125,8.00022592906955,7.967988400169414
3524,17.62,7.674316293965743,7.768770873741356,7.741111950672755
3525,17.625,7.284858872293731,7.436522552002716,7.413988981330404
3526,17.63,6.7755750080338215,6.992875260586047,6.9764341826001655
3527,17.635,6.1323308202252775,6.425039838980224,6.4164336360317265
3528,17.64,5.338285535912107,5.717562365525776,5.719572592345499
3529,17.645,4.374520109095505,4.8521818461880635,4.868770041780871
3530,17.650000000000002,3.223695381336644,3.8089953981205773,3.8452845459894083
3531,17.655,1.8829962341150608,2.5718612950449793,2.6338449584048136
3532,17.66,0.4033220289196222,1.1466632271313761,1.2402698219725656
3533,17.665,-1.0140194333569683,-0.38449963103109397,-0.2560656881232086
3534,17.67,-1.8990355489146944,-1.7338805317374675,-1.5767411743652273
3535,17.675,-1.740313567965256,-2.2783683371821875,-2.117838563413412
3536,17.68,-0.6343751837538882,-1.4867032513711953,-1.361145010572283
3537,17.685,0.8574454502506623,0.19216457575161705,0.2657270051719838
3538,17.69,2.334893894230615,1.930783085495848,1.964050883474087
3539,17.695,3.646791334677249,3.411130414665662,3.422570009670092
3540,17.7,4.7607972140499815,4.612229601669265,4.618378855493272
3541,17.705000000000002,5.684008355610335,5.570071498413133,5.586802960059102
3542,17.71,6.432963592447631,6.317383290644302,6.3630220945226466
3543,17.715,7.024032776912624,6.877380639532164,6.973196884489852
3544,17.72,7.470816940642199,7.280048395599737,7.435718064045513
3545,17.725,7.783796970428492,7.573763025668518,7.763135263771804
3546,17.73,7.970642012931552,7.784254317675513,7.963747119016222
3547,17.735,8.036676462506257,7.9010830677919,8.043044669500304
3548,17.740000000000002,7.985384357820831,7.91102097310728,8.00463703393526
3549,17.745,7.818983050798,7.8087849192586045,7.850878978110597
3550,17.75,7.539196322783344,7.593418229512398,7.583673705137558
3551,17.755,7.148476779554578,7.265860192724068,7.205576547331981
3552,17.76,6.652117499279468,6.829092235669646,6.721454608612458
3553,17.765,6.061975307839095,6.2902980114644365,6.140927558781226
3554,17.77,5.402787266798241,5.665350703937738,5.482084175142925
3555,17.775000000000002,4.721656819976565,4.986543782748472,4.780068708257968
3556,17.78,4.098276343918467,4.31382623578616,4.1009306985767555
3557,17.785,3.645113162586541,3.745342183461461,3.5489511491739245
3558,17.79,3.4782658205094066,3.411707653717589,3.252451684888422
3559,17.795,3.657547437561522,3.429910045140927,3.3176507913133877
3560,17.8,4.14548282031126,3.8257814018855862,3.7621210443216198
3561,17.805,4.833871986574722,4.504005502861745,4.48839792192636
3562,17.81,5.60542571417481,5.313357329055997,5.3411397755707375
3563,17.815,6.371955869769757,6.128609117873778,6.185188746608237
3564,17.82,7.079507333562843,6.876412575169741,6.946131692452832
3565,17.825,7.699149915356935,7.52253937781474,7.599058814303991
3566,17.830000000000002,8.216877700219836,8.054690401526429,8.136347013279991
3567,17.835,8.626526987677563,8.472083678010607,8.555571436794587
3568,17.84,8.925515104690724,8.779934934144995,8.857775989180627
3569,17.845,9.11240673146524,8.98451771551843,9.045869670541196
3570,17.85,9.185502287110989,9.088349774247595,9.12275766359917
3571,17.855,9.141933617260587,9.088669325295786,9.088423859927465
3572,17.86,8.976949917729192,8.979054443336175,8.939984286392354
3573,17.865000000000002,8.683176867871758,8.750943159303539,8.673426878625285
3574,17.87,8.249655436403268,8.393625754791762,8.281864521202909
3575,17.875,7.660418414336323,7.8930895001404355,7.752413691626298
3576,17.88,6.892214789331014,7.230073777616379,7.066657076794275
3577,17.885,5.910655672923191,6.377102717321759,6.201677406034927
3578,17.89,4.663299004694182,5.293613347648348,5.123346136317737
3579,17.895,3.066417636940137,3.9172475734915486,3.7741393307174906
3580,17.900000000000002,0.9779680263671108,2.1470243559227424,2.0583156992552682
3581,17.905,-1.8583665075855704,-0.19150613547460082,-0.19295846943595052
3582,17.91,-5.8661641107433935,-3.418582395598891,-3.2975308277152973
3583,17.915,-10.173893917514237,-8.050839344046059,-7.76519616020882
3584,17.92,-7.685407345292869,-12.464233077293438,-12.034373021806987
3585,17.925,-3.2383323269695024,-5.98999980125379,-5.792770771701779
3586,17.93,-0.0610767360041034,-0.4423878192785109,-0.38405838786264557
3587,17.935,2.227234749622739,2.1501634218521013,2.1883168747706567
3588,17.94,3.94529009957333,3.981868606160142,4.0141022822886505
3589,17.945,5.268029831689861,5.319693911344101,5.353147668388915
3590,17.95,6.295703089324613,6.340993258243154,6.380484646915946
3591,17.955000000000002,7.089387753984514,7.109816502802611,7.169215287001212
3592,17.96,7.688033344188336,7.622018287715443,7.76205738455301
3593,17.965,8.117101954963424,7.706134082868124,8.188462869668758
3594,17.97,8.393211422493893,7.961183979905966,8.465022813266017
3595,17.975,8.52673196476624,8.242619049535708,8.599376521315424
3596,17.98,8.523249507919296,8.358398625471757,8.597623295580185
3597,17.985,8.384344136360907,8.319065340276515,8.461977926115917
3598,17.990000000000002,8.1079100946276,8.134167001755843,8.190406456638176
3599,17.995,7.6881347539214815,7.804872040630434,7.778318631651804
3600,18.0,7.115214190727502,7.326167706443478,7.21900938987908
3601,18.005,6.374928862643978,6.687710257898204,6.501921094987123
3602,18.01,5.448455877720974,5.873916994273502,5.624380541841013
3603,18.015,4.313682077028864,4.864209226553614,4.565571559492187
3604,18.02,2.9522180174145256,3.635346085240945,3.2808681756014773
3605,18.025,1.3756087620932984,2.1718004524255643,1.7892356822499043
3606,18.03,-0.2920550764876922,0.5030194896545819,0.18315671822896729
3607,18.035,-1.6341680954530022,-1.181691475068006,-1.3538503538090723
3608,18.04,-1.936167138777203,-2.297941817026719,-2.345511129961637
3609,18.045,-0.9878661524335894,-1.9631777688648375,-1.927154512125135
3610,18.05,0.5764469702191042,-0.2625443717028224,-0.17004868087452873
3611,18.055,2.1781410832889594,1.686995419554342,1.8983628507471506
3612,18.06,3.59677144509098,3.3339651677394366,3.5360044567646804
3613,18.065,4.7897174049205695,4.643831232798405,4.790558259366829
3614,18.07,5.76891594912767,5.672564586801984,5.813088135320146
3615,18.075,6.557492421066371,6.468260266252303,6.611117705234675
3616,18.08,7.177367826546018,7.06047089156745,7.220973553537842
3617,18.085,7.646488424125786,7.47476224071414,7.662896670902239
3618,18.09,7.97879043209644,7.764442905188124,7.959884273343512
3619,18.095,8.184827428984132,7.978802655840184,8.147190930983562
3620,18.1,8.272473382989434,8.112578402523955,8.222080619513989
3621,18.105,8.247573384883113,8.14732232713248,8.175369550380987
3622,18.11,8.114563338696199,8.076341654240661,8.027120485511182
3623,18.115,7.877142255491726,7.899927100611716,7.794974063428613
3624,18.12,7.539131312421883,7.620770697318142,7.4643548972239415
3625,18.125,7.105721504500044,7.242944218943402,7.009860564057274
3626,18.13,6.585403273345911,6.77275457233333,6.472063810230047
3627,18.135,5.9929518369671,6.2208847874507835,5.888857081663027
3628,18.14,5.353755009693023,5.605929017901736,5.253383024371299
3629,18.145,4.709080310975217,4.959458728609881,4.596690696312959
3630,18.15,4.119810850699996,4.331785750428343,4.054952207752252
3631,18.155,3.662606045252424,3.7947526280688733,3.5922367792940975
3632,18.16,3.411236076334368,3.4334629742336906,3.2823953337842258
3633,18.165,3.4058130230574,3.3190484803673947,3.241416304890397
3634,18.17,3.631366313535995,3.470975292132427,3.4676135148718084
3635,18.175,4.026414091963934,3.841063588577419,3.9024257003577087
3636,18.18,4.512870649483338,4.339347308369149,4.446802529601378
3637,18.185,5.021905579120192,4.876459754207843,5.004015216736598
3638,18.19,5.5041016773061004,5.387766400426484,5.5209548459630025
3639,18.195,5.928347880219435,5.835149507557588,5.969524852359984
3640,18.2,6.276866134260897,6.199742260513324,6.331999362768947
3641,18.205,6.540422153039472,6.4747658561331844,6.600436844526891
3642,18.21,6.714880955396279,6.660438469201756,6.773768442845778
3643,18.215,6.799043896749208,6.760008671119354,6.855309422579551
3644,18.22,6.793421292416594,6.7766379128235705,6.848514149080436
3645,18.225,6.699639946648711,6.712077096008827,6.755168456481252
3646,18.23,6.520294668352666,6.567243700285593,6.578605334969494
3647,18.235,6.259149029885505,6.343507032070685,6.3241977797670526
3648,18.24,5.921658916897588,6.0437848680602295,5.996190643741654
3649,18.245,5.515829102007222,5.673429533080217,5.598747078065248
3650,18.25,5.053402181531755,5.241203520807641,5.142646430261461
3651,18.255,4.551279477217708,4.76052799909892,4.646996729463671
3652,18.26,4.032818868592928,4.250918571092349,4.134375285915648
3653,18.265,3.528206326639556,3.7391193923067814,3.6323702948494914
3654,18.27,3.072615311773397,3.258870091485674,3.1766070966594473
3655,18.275,2.7009547899571453,2.8477388132924357,2.7998370755179396
3656,18.28,2.439545355240281,2.5398754667175507,2.526424212914573
3657,18.285,2.297902498158026,2.3559175071546625,2.375528569870933
3658,18.29,2.2653890447640554,2.2948651711708252,2.3474594746659285
3659,18.295,2.3150554128156955,2.333599956876272,2.4175428137203605
3660,18.3,2.412199817501351,2.4349719527377434,2.546876632298622
3661,18.305,2.5229203358936827,2.559253870196767,2.694779325920017
3662,18.31,2.6196486857389494,2.67291035762811,2.8273862729525057
3663,18.315,2.683484197830357,2.7525765361599577,2.9214229801468
3664,18.32,2.7046143662823625,2.785601953274077,2.964275562955738
3665,18.325,2.6821280715356206,2.769232101205565,2.952840850221872
3666,18.33,2.623948114368924,2.7097170575853236,2.892717584900738
3667,18.335,2.546949698527157,2.6218056583256333,2.798051268282298
3668,18.34,2.476682391955844,2.5285245607191764,2.6916271579260638
3669,18.345,2.4455189302973905,2.4605097176756914,2.604295778322817
3670,18.35,2.487909058874834,2.4533951471861486,2.572300325958969
3671,18.355,2.632511183653526,2.5416868030478055,2.6311048106613306
3672,18.36,2.893529841428216,2.7493566887022136,2.8060554244618294
3673,18.365,3.2657080950066564,3.080896342047022,3.1035780726666085
3674,18.37,3.726113059401051,3.5185210218545206,3.5084214711249953
3675,18.375,4.241430486385592,4.027960649900726,3.989177713215912
3676,18.38,4.776353844565555,4.569062095576397,4.508325517931679
3677,18.385,5.299451420579727,5.10499671805343,5.030841379653439
3678,18.39,5.785618252038358,5.606853430439434,5.5283498198118535
3679,18.395,6.216059067963871,6.054201713185205,5.979458527958628
3680,18.4,6.577088228825585,6.433564435590712,6.368359021051868
3681,18.405,6.858629420026333,6.736245949135789,6.683229090122575
3682,18.41,7.052829768170055,6.956200189438869,6.914880144810749
3683,18.415,7.152903194731489,7.088257626630961,7.055632972531324
3684,18.42,7.152173793709629,7.126885512660568,7.098463662009932
3685,18.425,7.043233762028731,7.065447816609825,7.036380262447344
3686,18.43,6.817108327732592,6.895712648093558,6.8618215930215305
3687,18.435,6.462300012044722,6.607299715595279,6.56586938299588
3688,18.44,5.963545656267826,6.186833588289445,6.137155625218927
3689,18.445,5.300042350437504,5.616616132017449,5.560354894215811
3690,18.45,4.442759027760816,4.872570424501923,4.814025711255124
3691,18.455,3.3502394948886094,3.9210306595338986,3.867348699673565
3692,18.46,1.9621890926554388,2.7136872929275504,2.6750509171563346
3693,18.465,0.1915815061746431,1.179930334458882,1.169767259669848
3694,18.47,-2.0705194630343904,-0.7818283777555086,-0.746612561042534
3695,18.475,-4.824515775420339,-3.2919064975672736,-3.1913374976122366
3696,18.48,-7.117728527307094,-6.286515892387614,-6.104814172611757
3697,18.485,-6.381908981806747,-8.263073861986864,-8.036996891615999
3698,18.49,-3.557028837877109,-5.734411924491361,-5.610916419435995
3699,18.495,-0.8637735120473953,-1.6830996777755702,-1.6817304901141528
3700,18.5,1.29866349638915,0.9969087398690699,0.948324944848693
3701,18.505,3.009875474401762,2.89746594386584,2.830743203824444
3702,18.51,4.373248382905476,4.322866228070245,4.255099830884609
3703,18.515,5.464061348631906,5.424748056749025,5.369773883833709
3704,18.52,6.333617053973449,6.271792158795931,6.250428584279259
3705,18.525,7.01691053261464,6.877000749150254,6.940460680976041
3706,18.53,7.538057033292635,7.235536328337982,7.467696190308668
3707,18.535,7.9137336638584435,7.549448973822429,7.849696742802796
3708,18.54,8.155338590574136,7.860089570391194,8.096757901418423
3709,18.545,8.270366995089391,8.063970066705965,8.215975551501895
3710,18.55,8.26331703654265,8.139489479760972,8.211942462298175
3711,18.555,8.1363313414559,8.089047165488063,8.086758729318099
3712,18.56,7.889736289270064,7.915757667750823,7.841180573155604
3713,18.565,7.522656961959992,7.620763136287405,7.475490028273152
3714,18.57,7.033977147451975,7.203774810284427,6.990516691684712
3715,18.575,6.4241306167195456,6.664417628352999,6.391159660058131
3716,18.58,5.698638771450177,6.004643958480902,5.68073061116899
3717,18.585,4.875012182201067,5.2333565953309575,4.864292084685989
3718,18.59,3.9952348470034105,4.375271336443643,3.983333946408244
3719,18.595,3.144199013930298,3.4865813465801536,3.1251007306598426
3720,18.6,2.46323766995677,2.6767088432000277,2.399720161385006
3721,18.605,2.123916213679902,2.1188252140771087,1.9397732393468168
3722,18.61,2.2341033652089632,2.0005930176334514,1.9135851416185359
3723,18.615,2.750917567538926,2.3913941686221745,2.392717919970371
3724,18.62,3.5173513431698566,3.159614081906308,3.249838773572281
3725,18.625,4.370037595496451,4.0799625716111905,4.201858072168474
3726,18.63,5.197603720577549,4.981577316631493,5.086970116030783
3727,18.635,5.939937822090416,5.779799404428957,5.875074569082749
3728,18.64,6.569384983948725,6.443478768379739,6.534786257695463
3729,18.645,7.075159759632901,6.965759633269194,7.053641902647181
3730,18.65,7.454082507740853,7.350611494354078,7.433104847218072
3731,18.655,7.705681754019123,7.608163252419143,7.679779922009136
3732,18.66,7.829682734601818,7.749674337749988,7.806125220168336
3733,18.665,7.824667915010456,7.779988029387388,7.811804445462258
3734,18.67,7.68725458064361,7.69510985510707,7.6891596368749155
3735,18.675,7.411443787507257,7.485865041583816,7.439165794631805
3736,18.68,6.987955799498162,7.14088789044162,7.061410990142075
3737,18.685,6.403472550672971,6.64675220600969,6.538353649022156
3738,18.69,5.639864762559742,5.98676473497407,5.843678570787256
3739,18.695,4.673934009113746,5.139699539473743,4.968324443724619
3740,18.7,3.479723887882526,4.079529384284585,3.9027081522898124
3741,18.705,2.040679688693583,2.779054881530259,2.6162131335366787
3742,18.71,0.3958115553977939,1.2276404191179688,1.0996973398856462
3743,18.715,-1.2194063141038922,-0.5031795853111838,-0.556248728528093
3744,18.72,-2.152932673622705,-2.0646960009058466,-2.0437278582487037
3745,18.725,-1.7069868657685583,-2.5668008864578935,-2.517866023366179
3746,18.73,-0.1906251711845882,-1.2911318671282688,-1.2584261796564293
3747,18.735,1.6004705498944671,0.8718044169333057,0.8810817774327178
3748,18.74,3.2581579401316785,2.851953724984933,2.8570990107132017
3749,18.745,4.67973752818464,4.4461983418326865,4.463085663816428
3750,18.75,5.866581398606298,5.71154067455138,5.74771460047591
3751,18.755,6.843965633454697,6.7134879268196865,6.774735896307832
3752,18.76,7.638052190645522,7.494261969001843,7.592401858810584
3753,18.765,8.270555766728862,8.077944004587236,8.234124635193313
3754,18.77,8.758260930879205,8.501382746791236,8.722853083212998
3755,18.775,9.113677031426214,8.833134557183646,9.074361212734773
3756,18.78,9.34580565649632,9.096463646357208,9.299574430384737
3757,18.785,9.460769470938606,9.268478017776735,9.406193259013595
3758,18.79,9.462269354377264,9.333892587707773,9.399254759753703
3759,18.795,9.351893066495832,9.288609933285386,9.281594614995285
3760,18.8,9.129310754961406,9.131680556825064,9.054505650284401
3761,18.805,8.792398625720937,8.861782449293793,8.718041075852014
3762,18.81,8.337349815683222,8.476191807497361,8.271412464627888
3763,18.815,7.758880903171352,7.970588892029895,7.713384261274985
3764,18.82,7.050763607799055,7.33925565023513,7.041343758772138
3765,18.825,6.207194131892902,6.575793106394558,6.253652311422141
3766,18.83,5.226152569257118,5.674982855092341,5.356055184465755
3767,18.835,4.11725389512449,4.637295078531054,4.360418753021218
3768,18.84,2.91884973024873,3.4793067404889495,3.2812053049249155
3769,18.845,1.7297766217029322,2.2560634531825516,2.1574341057773148
3770,18.85,0.7454905735539469,1.1010977961667496,1.1072247972310372
3771,18.855,0.2305136062351256,0.26476926192179295,0.36742595415058155
3772,18.86,0.3426890106171241,0.04967683738594886,0.22111660954960932
3773,18.865,0.9730776218766912,0.5499088061807109,0.7433325420386305
3774,18.87,1.8598213274063384,1.5010623044800009,1.681940266433625
3775,18.875,2.786122134363577,2.5503179713856308,2.710816037090876
3776,18.88,3.635105170363506,3.500719958158887,3.643624597249161
3777,18.885,4.358718969919378,4.288157542086918,4.418184699221225
3778,18.89,4.9431365883056895,4.903945658027859,5.027809485971005
3779,18.895,5.389065667621502,5.356423640347366,5.484189505685041
3780,18.9,5.702620191152132,5.6605421436023535,5.802737903652247
3781,18.905,5.891547198171381,5.838594800964634,5.995017642296281
3782,18.91,5.963945541220785,5.914941243862685,6.069879671993684
3783,18.915,5.928176856216776,5.9029050866816455,6.037332948220611
3784,18.92,5.793442871228058,5.804837581196053,5.906745951163847
3785,18.925,5.570853748747036,5.6226066379888575,5.684766633412338
3786,18.93,5.274939481899922,5.363453639546037,5.38090323306632
3787,18.935,4.925508405840285,5.041417249469452,5.014985341357271
3788,18.94,4.549479699620898,4.678215044607257,4.61435227922925
3789,18.945,4.181738181068885,4.304287133159896,4.210606678026505
3790,18.95,3.8633323457717887,3.9586877728697685,3.8448865568031767
3791,18.955,3.635261596297192,3.6855561350745623,3.5632302644509473
3792,18.96,3.5280511236367937,3.5252726020897867,3.399428235197125
3793,18.965,3.551311116715316,3.501585138224331,3.3765213642786978
3794,18.97,3.6897739027524334,3.6111861080882397,3.4994385779036543
3795,18.975,3.9086673759284154,3.8235437790152886,3.740247979767572
3796,18.98,4.164517582176235,4.09177059116043,4.0486649971325095
3797,18.985,4.414909073956876,4.3667638220796725,4.37127409717054
3798,18.99,4.623707533618214,4.606646156280527,4.661089415024895
3799,18.995,4.762042730807609,4.779609436204681,4.879380672940755
3800,19.0,4.806859601986222,4.862534235488017,4.9965785293080565
3801,19.005,4.738537850255012,4.837997115234848,4.993494162719626
3802,19.01,4.538294728910256,4.6909433280486486,4.856836004358385
3803,19.015,4.185462745754708,4.405360190883669,4.572369186689716
3804,19.02,3.6543097227967127,3.9609765453551367,4.121506638908434
3805,19.025,2.909647708718088,3.329714225755012,3.4789182316501623
3806,19.03,1.899743048694796,2.4708954613101906,2.608017711819247
3807,19.035,0.5433770204865778,1.3230427845428419,1.4522039693931243
3808,19.04,-1.2960873271439075,-0.21204703030139083,-0.08140336034363216
3809,19.045,-3.864503969342629,-2.3024250675069995,-2.15392176922291
3810,19.05,-7.580335215973023,-5.25551023172134,-5.06185008696983
3811,19.055,-11.86862355236708,-9.586384573244171,-9.304158594640102
3812,19.06,-9.682566225572408,-14.141888396771519,-13.77103738719653
3813,19.065,-4.955954044322112,-8.154905089097392,-8.054884016269707
3814,19.07,-1.4997758892888986,-1.9936815210998775,-2.0975865368170776
3815,19.075,1.0367316294145263,0.8628803132608738,0.7092764651855017
3816,19.08,2.9877151865342637,2.9370278331441053,2.7676022634868014
3817,19.085,4.53715628212059,4.4990644552159536,4.337870781639577
3818,19.09,5.790640763242959,5.741843626690714,5.604869703415455
3819,19.095,6.812995176180555,6.734244553860748,6.639726370286302
3820,19.1,7.646313941293855,7.485130020926379,7.483447665797296
3821,19.105,8.31910182502528,7.811480989900194,8.165563295728449
3822,19.11,8.851230368927755,8.279946744400549,8.704512157008097
3823,19.115,9.25678685464473,8.821832795961546,9.110246118436606
3824,19.12,9.54579316553607,9.217263816156343,9.392214638917984
3825,19.125,9.72528484938842,9.479223289005319,9.557631415161184
3826,19.13,9.800012235663113,9.623709460037905,9.61084623815233
3827,19.135,9.772913258877129,9.659734521909844,9.55531185939838
3828,19.14,9.645452114125714,9.592142421367523,9.394428916580434
3829,19.145,9.417893746549469,9.4232274116113,9.12988329212769
3830,19.15,9.08958224499294,9.153592841663219,8.774371190971955
3831,19.155,8.659311990265877,8.782728809327555,8.328973696746097
3832,19.16,8.125933231134105,8.30958763762612,7.771016255420948
3833,19.165,7.489438361326675,7.733404524668234,7.130232257561654
3834,19.17,6.752960634059333,7.05510261253464,6.474289468332934
3835,19.175,5.926398003338075,6.279834688914342,5.816965340727854
3836,19.18,5.03263444052937,5.421539463328546,5.084160155929973
3837,19.185,4.116933151913772,4.5106305290797275,4.305239596334778
3838,19.19,3.257095043822181,3.605153855783139,3.5401942948596288
3839,19.195,2.5636923060288117,2.8012817968641777,2.932761514277666
3840,19.2,2.151150514185686,2.2276999458359077,2.413338562431059
3841,19.205,2.0780137722814778,1.9998318578774708,2.1521490976726794
3842,19.21,2.305655054948866,2.1424650764996684,2.2857586783475083
3843,19.215,2.724280031376232,2.5592010023825282,2.683250063610239
3844,19.22,3.2143466170728234,3.0969795471766846,3.193407712025951
3845,19.225,3.684873922541601,3.6279615151669677,3.690250055506886
3846,19.23,4.078679378740802,4.0757139640121824,4.103330870976502
3847,19.235,4.363152590338945,4.402551701547133,4.419839908654461
3848,19.24,4.520072333436553,4.592262715356806,4.614770489730412
3849,19.245,4.538455356244247,4.639576039966679,4.663387641403471
3850,19.25,4.410331993687755,4.544588348301375,4.574266705745775
3851,19.255,4.128638033964834,4.30794335993883,4.357780902254854
3852,19.26,3.686845606256471,3.926514310881882,3.9919537567880083
3853,19.265,3.080840410779832,3.393309895517022,3.438693694969148
3854,19.27,2.315124294748979,2.702852231466207,2.7235549549673235
3855,19.275,1.4183318955839723,1.861973689731733,1.8845702879699093
3856,19.28,0.4764439320491085,0.9113879242431464,0.938442187500339
3857,19.285,-0.3166948542048487,-0.031129550846605625,-0.01039076197649269
3858,19.29,-0.6544434355528743,-0.7108592672480762,-0.6362149741571512
3859,19.295,-0.2980150580024651,-0.7581815340926115,-0.6779911283822786
3860,19.3,0.6751976369614392,0.023848908021105508,0.04388309363451537
3861,19.305,1.962431343169129,1.3737786116026904,1.3440614282540189
3862,19.31,3.3022547072594604,2.856850119178774,2.7948147828128627
3863,19.315,4.558370205842925,4.228708203287218,4.1521236556634635
3864,19.32,5.6791367955212895,5.418574952566088,5.349808654171476
3865,19.325,6.652667829003892,6.422638686137878,6.3823259965115895
3866,19.33,7.482590300597209,7.254048493044031,7.259964795367333
3867,19.335,8.17738160507912,7.930105241237449,7.994039409972654
3868,19.34,8.746081505869972,8.475036060404594,8.593506040846911
3869,19.345,9.19669882895204,8.917647411658685,9.065390241730949
3870,19.35,9.535702509373234,9.273839396397214,9.416104702572454
3871,19.355,9.767922619046974,9.542407347769252,9.651764017295061
3872,19.36,9.896581116792264,9.717601079258461,9.777549938573918
3873,19.365,9.923334319886148,9.795777065557008,9.797369933710042
3874,19.37,9.848274039788084,9.774994849497961,9.71403270109991
3875,19.375,9.669857298972229,9.65343295810781,9.529420780162429
3876,19.38,9.3847374761596,9.428333344385052,9.24436201830305
3877,19.385,8.987459944663991,9.09534271964488,8.858168516388035
3878,19.39,8.469962323469819,8.647950651074915,8.368132453879717
3879,19.395,7.820775973011919,8.076808946288494,7.769605512559634
3880,19.4,7.023742808047868,7.368740890394416,7.055515736002537
3881,19.405,6.055896861879865,6.505181297875193,6.212526033387249
3882,19.41,4.883808411137819,5.459593099698796,5.214840391660873
3883,19.415,3.456870322718515,4.192955270958548,4.01974108922156
3884,19.42,1.693884488897778,2.645336640750217,2.5627431628373554
3885,19.425,-0.5470435771512004,0.7187072755242472,0.7420405419926146
3886,19.43,-3.5485202218613514,-1.7626237759231973,-1.621423805422256
3887,19.435,-8.012778056339565,-5.160440594519658,-4.887570794846635
3888,19.44,-16.69107101672542,-10.415289200278524,-9.971394260227788
3889,19.445,-18.506077592014638,-21.45147956206565,-20.669407754226718
3890,19.45,-9.53238173022585,-19.172551629508405,-18.560249332262323
3891,19.455,-5.469294440848124,-4.038003214623119,-3.9759065287143684
3892,19.46,-3.01092391732496,-2.748326838830393,-2.659563344571799
3893,19.465,-1.3765419694092482,-0.9056215980542683,-0.8461027625662743
3894,19.47,-0.2661699127444628,0.15092312498674954,0.20125065427522504
3895,19.475,0.4638542750737703,0.8793036309366498,0.9244266483047254
3896,19.48,0.8902353781917978,1.3077913688578184,1.3614205881131736
3897,19.485,1.0553731942425315,1.5357876024721837,1.5552522698012319
3898,19.49,0.9815330889509524,1.05266357217966,1.5273303651460552
3899,19.495,0.6779574716643594,0.3576964018964164,1.289552607018547
3900,19.5,0.1456038668586991,0.24602411314619932,0.8338685704811564
3901,19.505,-0.6168985621245531,-0.2977228179638569,0.15369831416914437
3902,19.51,-1.5998868966195263,-1.1218529860138586,-0.7510546004651095
3903,19.515,-2.7476166910464994,-2.1788600384421466,-1.8672696284564845
3904,19.52,-3.8772189490635913,-3.375681085349486,-3.117692653735994
3905,19.525,-4.578735574681799,-4.451823534532574,-4.254914502662114
3906,19.53,-4.374844653148684,-4.865629904127806,-4.763510336947169
3907,19.535,-3.267585592280806,-4.1031470033034125,-4.133628197786075
3908,19.54,-1.731181505639336,-2.444382729833679,-2.6054732153104085
3909,19.545,-0.1656892491723873,-0.6342974089077726,-0.945458285493908
3910,19.55,1.2560565747428996,0.9620802549505041,0.4799696210914588
3911,19.555,2.488010595767915,2.290479568633174,1.7425438116641754
3912,19.56,3.5313429619132,3.3762643031040036,2.949817193917738
3913,19.565,4.400829721537963,4.250597293989642,3.9925346818903718
3914,19.57,5.113119041966874,4.938061684275222,4.817628833608032
3915,19.575,5.683151929533747,5.467752446294758,5.501702086532443
3916,19.58,6.123397711026066,5.884642840695564,6.172512807359828
3917,19.585,6.4440075551701685,6.21911216921287,6.657997133109583
3918,19.59,6.653237554446778,6.468525227236016,6.714045747038212
3919,19.595,6.757937822666885,6.623706614311075,6.785476078655798
3920,19.6,6.764066159236229,6.682260889527797,6.785158900463658
3921,19.605,6.67724805546883,6.646578934485747,6.650656699412039
3922,19.61,6.503433544447621,6.521245518991578,6.427386605805479
3923,19.615,6.24971547345226,6.312300362698197,6.093747311404051
3924,19.62,5.9253712153084335,6.02760982004631,5.709750854854119
3925,19.625,5.543149090587818,5.677845936423885,5.3021551542420715
3926,19.63,5.120696000242341,5.277843099671231,4.8363256715322755
3927,19.635,4.681750081003087,4.8480742566327155,4.348009274833571
3928,19.64,4.256279896354862,4.415684468493363,3.9194067910276615
3929,19.645,3.878331959102094,4.014000513801291,3.580052918280841
3930,19.65,3.58056437706602,3.679039034785993,3.2837210970566524
3931,19.655,3.386068567670812,3.442124290698901,3.0563978499205535
3932,19.66,3.3007364366432537,3.3201628415437376,3.005266751632073
3933,19.665,3.3105676045311605,3.308366552044375,3.0878573583383657
3934,19.67,3.3856605185680024,3.38047632009817,3.1799091554179304
3935,19.675,3.4882157811244,3.496719700363454,3.3896542234118856
3936,19.68,3.580105438783408,3.614306395441427,3.6513936929727016
3937,19.685,3.62733481535128,3.694966089222799,3.7017972057354074
3938,19.69,3.6012951107012814,3.7077930322341635,3.7089035560147696
3939,19.695,3.4779730292675897,3.628692846275875,3.6541102858272025
3940,19.7,3.2362958159820803,3.4382745765686664,3.464704137876392
3941,19.705,2.85638487186326,3.1193554267093497,3.1476634928169256
3942,19.71,2.3182526440008795,2.654697346364604,2.6850864135219195
3943,19.715,1.601743631234667,2.0255827395873967,2.058339613751871
3944,19.72,0.6898821608735521,1.2123780285362558,1.2493342792857813
3945,19.725,-0.4180557200352073,0.20002324491305945,0.2449986238070423
3946,19.73,-1.6669284468798176,-1.0030337619170426,-0.9465696202489688
3947,19.735,-2.850319415802395,-2.3098171148801026,-2.2416985260735505
3948,19.74,-3.50218842967487,-3.4275322909668873,-3.354542735221056
3949,19.745,-3.1343685887225616,-3.7426952828113826,-3.6861654979618255
3950,19.75,-1.8541612851168068,-2.758635278504739,-2.7493066709706833
3951,19.755,-0.2060804264559878,-0.9279557230701556,-0.9738168556960414
3952,19.76,1.422940939064223,0.9540842770535951,0.87334907087779
3953,19.765,2.8853604627421943,2.580664060140708,2.4878715717798157
3954,19.77,4.149037125131069,3.929452301312773,3.8409458038499045
3955,19.775,5.220723915323333,5.034667813595517,4.966502874447709
3956,19.78,6.116709281490679,5.928234492885906,5.899806989751375
3957,19.785,6.853224675917632,6.633457976474969,6.665781769901852
3958,19.79,7.443739989827041,7.180746857624813,7.281386691834548
3959,19.795,7.898480931643016,7.617333887991068,7.757927057870345
3960,19.8,8.224574994026648,7.967346394279682,8.10255461408668
3961,19.805,8.426289232714296,8.220084558856438,8.319631472556114
3962,19.81,8.5051777917385,8.36158755472238,8.41141428977543
3963,19.815,8.460068416629525,8.38434984628433,8.378195869430872
3964,19.82,8.28683876050932,8.283229618469873,8.218304778302377
3965,19.825,7.977913352876698,8.051932681822597,7.927921878241532
3966,19.83,7.52135824191693,7.681061790994862,7.500588151982024
3967,19.835,6.899345939979485,7.15654227346267,6.925936414928547
3968,19.84,6.085561088337573,6.457595559551639,6.187086706704235
3969,19.845,5.040708735943785,5.5535166784344385,5.258603817590726
3970,19.85,3.704432987061408,4.398118331992776,4.103793095588745
3971,19.855,1.9802139663393796,2.919643532829492,2.66178388539975
3972,19.86,-0.292494519438907,1.0017238773427066,0.8205757847627559
3973,19.865,-3.369684894227578,-1.5516458995609472,-1.6182992844339363
3974,19.87,-7.312844811423456,-5.04923432478485,-4.963831447570996
3975,19.875,-8.861614242283844,-9.436894496474288,-9.173545493014945
3976,19.88,-5.257348600585506,-9.538074588094577,-9.257763850846086
3977,19.885,-1.6751830166122608,-2.9359379704200608,-2.862187403706529
3978,19.89,0.974631902333052,0.6633004027691003,0.6655794024029804
3979,19.895,2.9578175916218634,2.898913341027665,2.871373963468514
3980,19.9,4.480333785219527,4.492726638140579,4.448985970921428
3981,19.905,5.665233818504443,5.691351347747482,5.6386746449651906
3982,19.91,6.5872855532678205,6.603026301280737,6.552016271762938
3983,19.915,7.293616076523523,7.270131151956839,7.247603580882831
3984,19.92,7.8146273260934915,7.615008502021485,7.761625692862591
3985,19.925,8.169867578264045,7.74981756093797,8.116870518030098
3986,19.93,8.371259839158302,8.034456042039192,8.323322572931556
3987,19.935,8.424844814119492,8.216106376840733,8.386391859184208
3988,19.94,8.331588404724185,8.234133955956914,8.308698840194397
3989,19.945,8.087483564001417,8.092490280868752,8.085574732090137
3990,19.95,7.682966177334249,7.790463733134965,7.707629143612262
3991,19.955,7.101457803384356,7.318932913070569,7.1643690708886005
3992,19.96,6.316532710625952,6.659494535569269,6.439432630861373
3993,19.965,5.286567220294961,5.78155502509424,5.507548434358657
3994,19.97,3.944194210724812,4.635926929800621,4.329381449745891
3995,19.975,2.173636557519637,3.141545820443272,2.8156251392053213
3996,19.98,-0.2448602789123714,1.1560493576835373,0.8211342982987162
3997,19.985,-3.799850364361979,-1.598428016748434,-1.8798540035066589
3998,19.99,-9.848281044669283,-5.762385334186071,-5.868313654543234
3999,19.995,-15.204544079856657,-13.187298321944711,-12.97420502226696
